SiteID,472003,Site Timezone,-9,Data Timezone,0,Longitude,-165.13208,Latitude,60.534363
Year,Month,Day,Hour,Minute,wind speed at 80m (m/s),wind direction at 80m (deg)
2018,1,1,0,30,18.990000000000002,160.91
2018,1,1,1,30,17.64,146.09
2018,1,1,2,30,17.240000000000002,128.86
2018,1,1,3,30,16.19,119.10000000000001
2018,1,1,4,30,16.84,123.03
2018,1,1,5,30,15.44,117.43
2018,1,1,6,30,14.61,115.07000000000001
2018,1,1,7,30,13.63,107.67
2018,1,1,8,30,12.68,100
2018,1,1,9,30,13.34,95.74000000000001
2018,1,1,10,30,14.030000000000001,100.37
2018,1,1,11,30,12.63,98.15
2018,1,1,12,30,13.09,104.75
2018,1,1,13,30,11.91,87.42
2018,1,1,14,30,11.82,84.01
2018,1,1,15,30,11.73,80.43
2018,1,1,16,30,11.39,78.9
2018,1,1,17,30,10.84,80.16
2018,1,1,18,30,11.09,76.34
2018,1,1,19,30,12.43,77.7
2018,1,1,20,30,10.9,78.96000000000001
2018,1,1,21,30,12.24,73.01
2018,1,1,22,30,12.290000000000001,69.83
2018,1,1,23,30,12.83,64.95
2018,1,2,0,30,14.620000000000001,61.9
2018,1,2,1,30,15.9,61.07
2018,1,2,2,30,15.38,54.7
2018,1,2,3,30,15.01,42.74
2018,1,2,4,30,14.26,33.37
2018,1,2,5,30,15.02,25.490000000000002
2018,1,2,6,30,16.740000000000002,22.61
2018,1,2,7,30,17.18,16.93
2018,1,2,8,30,17.82,14.56
2018,1,2,9,30,15.52,9.35
2018,1,2,10,30,13.86,7.5600000000000005
2018,1,2,11,30,12.23,357.97
2018,1,2,12,30,13.43,357.63
2018,1,2,13,30,14.31,4.2700000000000005
2018,1,2,14,30,12.33,4.8100000000000005
2018,1,2,15,30,13.46,3.11
2018,1,2,16,30,14.790000000000001,3.31
2018,1,2,17,30,13.26,351.89
2018,1,2,18,30,14.39,356.16
2018,1,2,19,30,16,348.67
2018,1,2,20,30,15.55,340.32
2018,1,2,21,30,15.280000000000001,342.43
2018,1,2,22,30,14.450000000000001,341.02
2018,1,2,23,30,13.63,341.33
2018,1,3,0,30,13.530000000000001,340.8
2018,1,3,1,30,9.16,346.94
2018,1,3,2,30,11.25,340.74
2018,1,3,3,30,11.27,337.7
2018,1,3,4,30,12.52,333.18
2018,1,3,5,30,12.17,335.09000000000003
2018,1,3,6,30,11.48,335.72
2018,1,3,7,30,11.96,330.08
2018,1,3,8,30,12.75,335.91
2018,1,3,9,30,13.1,336.19
2018,1,3,10,30,10.72,331.19
2018,1,3,11,30,10.33,338.3
2018,1,3,12,30,11.34,331.90000000000003
2018,1,3,13,30,11.16,338.33
2018,1,3,14,30,9.93,340.28000000000003
2018,1,3,15,30,8.73,341.84000000000003
2018,1,3,16,30,6.38,340.52
2018,1,3,17,30,5.5200000000000005,353.52
2018,1,3,18,30,3.49,0.64
2018,1,3,19,30,1.06,10.27
2018,1,3,20,30,1.17,129.15
2018,1,3,21,30,1.58,83.62
2018,1,3,22,30,2.84,85.22
2018,1,3,23,30,3.38,112.11
2018,1,4,0,30,4.24,95.58
2018,1,4,1,30,5.29,102.04
2018,1,4,2,30,6.640000000000001,101.33
2018,1,4,3,30,7.22,100.26
2018,1,4,4,30,7.23,98.87
2018,1,4,5,30,7.17,93.65
2018,1,4,6,30,7.28,94.56
2018,1,4,7,30,8.370000000000001,90.18
2018,1,4,8,30,8.31,84.8
2018,1,4,9,30,8.71,86.65
2018,1,4,10,30,7.72,87.88
2018,1,4,11,30,8.38,83.95
2018,1,4,12,30,9.46,80.83
2018,1,4,13,30,10.55,80.19
2018,1,4,14,30,11.33,80.27
2018,1,4,15,30,11.61,82.17
2018,1,4,16,30,12.74,83.29
2018,1,4,17,30,12.530000000000001,81.09
2018,1,4,18,30,11.58,79.3
2018,1,4,19,30,12.15,79.24
2018,1,4,20,30,13.19,77.75
2018,1,4,21,30,12.290000000000001,84.7
2018,1,4,22,30,13.14,82.28
2018,1,4,23,30,14.15,82.32000000000001
2018,1,5,0,30,14.83,84.77
2018,1,5,1,30,16.09,88.79
2018,1,5,2,30,16.46,98.3
2018,1,5,3,30,17.240000000000002,102.15
2018,1,5,4,30,17.94,105.32000000000001
2018,1,5,5,30,17.56,105.46000000000001
2018,1,5,6,30,18.400000000000002,106.22
2018,1,5,7,30,19.48,105.85000000000001
2018,1,5,8,30,19.92,106.84
2018,1,5,9,30,20.48,107.49000000000001
2018,1,5,10,30,20.28,105.69
2018,1,5,11,30,19.62,105.04
2018,1,5,12,30,21.45,103.7
2018,1,5,13,30,21.59,101.64
2018,1,5,14,30,20.76,98.54
2018,1,5,15,30,21.48,95.9
2018,1,5,16,30,22.3,96.67
2018,1,5,17,30,22.38,95.18
2018,1,5,18,30,22.68,86.23
2018,1,5,19,30,21.85,86.34
2018,1,5,20,30,21.27,85.19
2018,1,5,21,30,20.69,87.9
2018,1,5,22,30,21.02,91.4
2018,1,5,23,30,20.8,88.29
2018,1,6,0,30,19.22,89.94
2018,1,6,1,30,19.27,92.21000000000001
2018,1,6,2,30,18.77,90.11
2018,1,6,3,30,19.64,83.59
2018,1,6,4,30,20.59,85.15
2018,1,6,5,30,21,90.9
2018,1,6,6,30,18.63,88.96000000000001
2018,1,6,7,30,18.93,85.93
2018,1,6,8,30,18.13,81.33
2018,1,6,9,30,17.97,78.85000000000001
2018,1,6,10,30,17.85,73.74
2018,1,6,11,30,18.59,71.13
2018,1,6,12,30,18.13,68.1
2018,1,6,13,30,18.29,65.48
2018,1,6,14,30,18.42,60.45
2018,1,6,15,30,18.53,62.83
2018,1,6,16,30,10.1,68.05
2018,1,6,17,30,5.26,172.1
2018,1,6,18,30,12.530000000000001,211.42000000000002
2018,1,6,19,30,11.05,197.64000000000001
2018,1,6,20,30,14.96,188.98
2018,1,6,21,30,14.22,185.99
2018,1,6,22,30,11.32,184.24
2018,1,6,23,30,12.23,188.12
2018,1,7,0,30,10.51,199.8
2018,1,7,1,30,8.26,193
2018,1,7,2,30,9.67,185.62
2018,1,7,3,30,9.6,184.97
2018,1,7,4,30,10.59,186.73
2018,1,7,5,30,8.43,177.4
2018,1,7,6,30,5.86,183.31
2018,1,7,7,30,3.11,170.23
2018,1,7,8,30,2.48,169.14000000000001
2018,1,7,9,30,3.92,176.93
2018,1,7,10,30,2.38,164.44
2018,1,7,11,30,4.63,175.99
2018,1,7,12,30,7.34,177.97
2018,1,7,13,30,7.57,175.61
2018,1,7,14,30,8.17,172.16
2018,1,7,15,30,9.41,171.95000000000002
2018,1,7,16,30,10.72,169.28
2018,1,7,17,30,10.35,160.29
2018,1,7,18,30,9.68,150.99
2018,1,7,19,30,11.23,156.8
2018,1,7,20,30,12.290000000000001,162.4
2018,1,7,21,30,10.63,156.13
2018,1,7,22,30,9.71,156.08
2018,1,7,23,30,10.49,162.07
2018,1,8,0,30,9.540000000000001,160.07
2018,1,8,1,30,7.96,157.68
2018,1,8,2,30,6.59,157.15
2018,1,8,3,30,5.91,131.72
2018,1,8,4,30,6.12,142.63
2018,1,8,5,30,8.21,144.64000000000001
2018,1,8,6,30,7.44,138.56
2018,1,8,7,30,8.59,143.14000000000001
2018,1,8,8,30,7.97,121.29
2018,1,8,9,30,8.75,120.66
2018,1,8,10,30,9.38,114.82000000000001
2018,1,8,11,30,9.32,120.21000000000001
2018,1,8,12,30,8.96,113.03
2018,1,8,13,30,9.66,105.05
2018,1,8,14,30,10.15,92.89
2018,1,8,15,30,11.94,83.02
2018,1,8,16,30,13.1,76.54
2018,1,8,17,30,13.25,71.07000000000001
2018,1,8,18,30,12.4,78.55
2018,1,8,19,30,12.540000000000001,76.74
2018,1,8,20,30,13.290000000000001,74.73
2018,1,8,21,30,14.11,74.41
2018,1,8,22,30,14.370000000000001,74.79
2018,1,8,23,30,14.71,73.48
2018,1,9,0,30,15.620000000000001,73.96000000000001
2018,1,9,1,30,16.5,73.24
2018,1,9,2,30,16.64,69.99
2018,1,9,3,30,16.71,71.03
2018,1,9,4,30,16.79,70.02
2018,1,9,5,30,15.69,69.21000000000001
2018,1,9,6,30,16.02,65.95
2018,1,9,7,30,15.97,68.13
2018,1,9,8,30,15.69,70.43
2018,1,9,9,30,15.06,68.71000000000001
2018,1,9,10,30,15.09,67.56
2018,1,9,11,30,16.21,69.5
2018,1,9,12,30,16.490000000000002,69.72
2018,1,9,13,30,16.94,70.34
2018,1,9,14,30,17.47,69.93
2018,1,9,15,30,17.5,70.59
2018,1,9,16,30,17.79,71.73
2018,1,9,17,30,17.37,73.14
2018,1,9,18,30,17.56,74.3
2018,1,9,19,30,16.830000000000002,76.65
2018,1,9,20,30,16.4,78.64
2018,1,9,21,30,15.41,80.5
2018,1,9,22,30,14.02,81.97
2018,1,9,23,30,13.41,82.03
2018,1,10,0,30,12.58,83.25
2018,1,10,1,30,11.93,90.14
2018,1,10,2,30,11.86,90.19
2018,1,10,3,30,11.700000000000001,83.60000000000001
2018,1,10,4,30,12.52,79.25
2018,1,10,5,30,12.85,75.74
2018,1,10,6,30,13.58,75.8
2018,1,10,7,30,13.97,73.78
2018,1,10,8,30,14.32,74
2018,1,10,9,30,15.860000000000001,80.33
2018,1,10,10,30,15.82,89.48
2018,1,10,11,30,13.72,95.07000000000001
2018,1,10,12,30,11.57,106.31
2018,1,10,13,30,11.790000000000001,117.45
2018,1,10,14,30,12.05,121.46000000000001
2018,1,10,15,30,12.66,121.8
2018,1,10,16,30,11.71,114.34
2018,1,10,17,30,10.870000000000001,114.22
2018,1,10,18,30,12.3,101.42
2018,1,10,19,30,13.52,95.68
2018,1,10,20,30,14.13,95.11
2018,1,10,21,30,14.47,90.95
2018,1,10,22,30,14.75,88.71000000000001
2018,1,10,23,30,14.4,85.81
2018,1,11,0,30,15.18,82.67
2018,1,11,1,30,15.6,81.28
2018,1,11,2,30,15.9,81.86
2018,1,11,3,30,16.17,86.47
2018,1,11,4,30,15.6,90.39
2018,1,11,5,30,15.64,95.36
2018,1,11,6,30,16.17,92.74
2018,1,11,7,30,15.620000000000001,88.67
2018,1,11,8,30,15.040000000000001,86.44
2018,1,11,9,30,15.19,87.14
2018,1,11,10,30,15.89,78.72
2018,1,11,11,30,16.62,76.73
2018,1,11,12,30,17.38,73.3
2018,1,11,13,30,19.2,71.63
2018,1,11,14,30,19.98,70.5
2018,1,11,15,30,19.7,72
2018,1,11,16,30,20.1,73.61
2018,1,11,17,30,20.69,73.89
2018,1,11,18,30,20.8,68.73
2018,1,11,19,30,21.56,71.62
2018,1,11,20,30,22.23,71.11
2018,1,11,21,30,22.92,70
2018,1,11,22,30,22.34,68.67
2018,1,11,23,30,23.46,70.27
2018,1,12,0,30,23.66,70.14
2018,1,12,1,30,23.96,69.64
2018,1,12,2,30,23.57,67.22
2018,1,12,3,30,23.79,66.78
2018,1,12,4,30,23.55,65.97
2018,1,12,5,30,23.3,66.15
2018,1,12,6,30,22.51,66.39
2018,1,12,7,30,22.04,66.32000000000001
2018,1,12,8,30,21.67,66.75
2018,1,12,9,30,21.68,65.71000000000001
2018,1,12,10,30,22.16,65.29
2018,1,12,11,30,22.32,64.56
2018,1,12,12,30,21.72,62.67
2018,1,12,13,30,21.67,60.85
2018,1,12,14,30,22.41,59.54
2018,1,12,15,30,22.92,57.45
2018,1,12,16,30,23,57
2018,1,12,17,30,22.92,57.04
2018,1,12,18,30,22.830000000000002,58.38
2018,1,12,19,30,22.66,58.980000000000004
2018,1,12,20,30,21.900000000000002,60.050000000000004
2018,1,12,21,30,21.27,62.79
2018,1,12,22,30,21.23,64.29
2018,1,12,23,30,20.73,66.08
2018,1,13,0,30,19.72,65.61
2018,1,13,1,30,18.87,63.32
2018,1,13,2,30,18.87,64.53
2018,1,13,3,30,17.87,65.89
2018,1,13,4,30,17.1,64.31
2018,1,13,5,30,16.53,63.190000000000005
2018,1,13,6,30,16.8,61.65
2018,1,13,7,30,16.13,63.690000000000005
2018,1,13,8,30,18.330000000000002,63.11
2018,1,13,9,30,18.26,57.7
2018,1,13,10,30,19.12,58.9
2018,1,13,11,30,18.38,55.620000000000005
2018,1,13,12,30,18.07,50.85
2018,1,13,13,30,19.23,52.21
2018,1,13,14,30,19.35,56.81
2018,1,13,15,30,19.27,62.9
2018,1,13,16,30,18.490000000000002,67.1
2018,1,13,17,30,17.400000000000002,74.64
2018,1,13,18,30,17.080000000000002,72.41
2018,1,13,19,30,17.39,72.25
2018,1,13,20,30,19.06,66.34
2018,1,13,21,30,21.12,62.4
2018,1,13,22,30,21.12,59.34
2018,1,13,23,30,20.78,51.79
2018,1,14,0,30,18.52,48.04
2018,1,14,1,30,24.37,40.61
2018,1,14,2,30,24.28,23.3
2018,1,14,3,30,23.88,34.410000000000004
2018,1,14,4,30,23.82,43.74
2018,1,14,5,30,22.63,42.660000000000004
2018,1,14,6,30,21,42.1
2018,1,14,7,30,20.57,58.39
2018,1,14,8,30,17.34,60.870000000000005
2018,1,14,9,30,15.200000000000001,65.19
2018,1,14,10,30,15.89,64.44
2018,1,14,11,30,16.47,63.78
2018,1,14,12,30,16.62,63.71
2018,1,14,13,30,17.26,65.17
2018,1,14,14,30,17.54,64.61
2018,1,14,15,30,18.63,71.31
2018,1,14,16,30,17.150000000000002,75.06
2018,1,14,17,30,18.01,74.74
2018,1,14,18,30,17.51,71.83
2018,1,14,19,30,17.35,72.58
2018,1,14,20,30,17.91,73.24
2018,1,14,21,30,17.45,79.24
2018,1,14,22,30,16.69,88.60000000000001
2018,1,14,23,30,17.88,91.01
2018,1,15,0,30,18.25,88.32000000000001
2018,1,15,1,30,18.98,85.19
2018,1,15,2,30,18.05,94.88
2018,1,15,3,30,15.92,114.38
2018,1,15,4,30,16.77,115.06
2018,1,15,5,30,17.84,114.25
2018,1,15,6,30,18.29,115.17
2018,1,15,7,30,19.85,130.57
2018,1,15,8,30,21.57,136.56
2018,1,15,9,30,24.080000000000002,141.11
2018,1,15,10,30,22.51,149.44
2018,1,15,11,30,20.82,149.02
2018,1,15,12,30,20.45,150.26
2018,1,15,13,30,20.12,152.06
2018,1,15,14,30,19.88,153.09
2018,1,15,15,30,19.09,155.57
2018,1,15,16,30,18.93,156.43
2018,1,15,17,30,19.3,160.54
2018,1,15,18,30,19.55,163.94
2018,1,15,19,30,17.96,156.44
2018,1,15,20,30,17.67,157.32
2018,1,15,21,30,16.23,162.13
2018,1,15,22,30,16.63,161.93
2018,1,15,23,30,16.69,167.04
2018,1,16,0,30,14.15,158.59
2018,1,16,1,30,14.68,161.41
2018,1,16,2,30,13.69,156.15
2018,1,16,3,30,15.450000000000001,159.62
2018,1,16,4,30,14.41,166.08
2018,1,16,5,30,15.64,165.21
2018,1,16,6,30,13.200000000000001,174.08
2018,1,16,7,30,12.22,167.91
2018,1,16,8,30,11,177.17000000000002
2018,1,16,9,30,10.61,178.94
2018,1,16,10,30,10.01,187.64000000000001
2018,1,16,11,30,8.59,195.91
2018,1,16,12,30,8.45,201.1
2018,1,16,13,30,7.67,217.33
2018,1,16,14,30,5.96,218.87
2018,1,16,15,30,4.65,222.38
2018,1,16,16,30,4.0200000000000005,245.48000000000002
2018,1,16,17,30,3.46,269.67
2018,1,16,18,30,4.68,284.09000000000003
2018,1,16,19,30,6.22,297.16
2018,1,16,20,30,7.23,299.68
2018,1,16,21,30,8.620000000000001,306.53000000000003
2018,1,16,22,30,7.04,311.07
2018,1,16,23,30,7.25,308.96
2018,1,17,0,30,8.92,299.23
2018,1,17,1,30,7.54,303.68
2018,1,17,2,30,8.03,308.63
2018,1,17,3,30,7.930000000000001,308.8
2018,1,17,4,30,8.16,304.22
2018,1,17,5,30,7.37,312.33
2018,1,17,6,30,7.0200000000000005,304.64
2018,1,17,7,30,6.69,301.88
2018,1,17,8,30,8.69,313.36
2018,1,17,9,30,9.67,308.8
2018,1,17,10,30,11.13,304.45
2018,1,17,11,30,10.33,305.71
2018,1,17,12,30,9.42,297.63
2018,1,17,13,30,9.16,299.62
2018,1,17,14,30,9.35,304.74
2018,1,17,15,30,8.64,303.64
2018,1,17,16,30,10.17,301.52
2018,1,17,17,30,8.41,298.34000000000003
2018,1,17,18,30,9.42,294.54
2018,1,17,19,30,9.53,302.27
2018,1,17,20,30,8.21,300.59000000000003
2018,1,17,21,30,8.8,294.15000000000003
2018,1,17,22,30,8.21,301.1
2018,1,17,23,30,8.4,299.25
2018,1,18,0,30,9.8,302.59000000000003
2018,1,18,1,30,9.92,299.81
2018,1,18,2,30,9.17,294.26
2018,1,18,3,30,9.44,307.74
2018,1,18,4,30,7.57,297.85
2018,1,18,5,30,8.08,297.15000000000003
2018,1,18,6,30,7.15,306.93
2018,1,18,7,30,7.6000000000000005,298.68
2018,1,18,8,30,7.88,297.95
2018,1,18,9,30,6.84,309.36
2018,1,18,10,30,6.54,308.52
2018,1,18,11,30,7.37,300.91
2018,1,18,12,30,7.74,295.09000000000003
2018,1,18,13,30,8.35,299.42
2018,1,18,14,30,8.040000000000001,304
2018,1,18,15,30,7.890000000000001,312.02
2018,1,18,16,30,7.75,324.35
2018,1,18,17,30,7.7,325
2018,1,18,18,30,8.24,331.11
2018,1,18,19,30,9.11,340.87
2018,1,18,20,30,9.11,338.48
2018,1,18,21,30,9.99,335.1
2018,1,18,22,30,10.21,338.22
2018,1,18,23,30,8.55,7.7700000000000005
2018,1,19,0,30,9.540000000000001,359.39
2018,1,19,1,30,11.05,358.38
2018,1,19,2,30,9.9,359.40000000000003
2018,1,19,3,30,10.06,6.75
2018,1,19,4,30,11.01,6.99
2018,1,19,5,30,13.4,2.83
2018,1,19,6,30,13.01,357.98
2018,1,19,7,30,11.82,353.73
2018,1,19,8,30,14.22,349.12
2018,1,19,9,30,14.18,347.68
2018,1,19,10,30,15.46,346.93
2018,1,19,11,30,10.19,347.55
2018,1,19,12,30,10.620000000000001,351.66
2018,1,19,13,30,12.46,351.22
2018,1,19,14,30,12.450000000000001,350.38
2018,1,19,15,30,14.290000000000001,350.1
2018,1,19,16,30,13.94,351.35
2018,1,19,17,30,11.4,355.74
2018,1,19,18,30,4.88,9.200000000000001
2018,1,19,19,30,10.540000000000001,357.57
2018,1,19,20,30,9.450000000000001,354.32
2018,1,19,21,30,9.51,351.89
2018,1,19,22,30,8.55,352.84000000000003
2018,1,19,23,30,9.06,346.03000000000003
2018,1,20,0,30,9.56,349.92
2018,1,20,1,30,11.4,353.42
2018,1,20,2,30,12.68,352.29
2018,1,20,3,30,14.02,347.83
2018,1,20,4,30,14.96,349.77
2018,1,20,5,30,15.47,352.79
2018,1,20,6,30,7.73,355.61
2018,1,20,7,30,2.35,356.75
2018,1,20,8,30,1.07,2.7
2018,1,20,9,30,4.7700000000000005,359.02
2018,1,20,10,30,1.1400000000000001,29.78
2018,1,20,11,30,0.84,41.12
2018,1,20,12,30,1.6300000000000001,42.82
2018,1,20,13,30,1.81,14.89
2018,1,20,14,30,0.98,122.05
2018,1,20,15,30,2.3000000000000003,147.89000000000001
2018,1,20,16,30,2.68,174.25
2018,1,20,17,30,3.0300000000000002,169.67000000000002
2018,1,20,18,30,3.25,197.67000000000002
2018,1,20,19,30,5.66,244.41
2018,1,20,20,30,15.97,268.66
2018,1,20,21,30,14.74,319.66
2018,1,20,22,30,12.41,350.32
2018,1,20,23,30,5.44,50.870000000000005
2018,1,21,0,30,7.34,47.300000000000004
2018,1,21,1,30,7.54,30.580000000000002
2018,1,21,2,30,9.31,15.1
2018,1,21,3,30,10.34,10.24
2018,1,21,4,30,8.89,0.54
2018,1,21,5,30,10.16,352.88
2018,1,21,6,30,8.66,348.49
2018,1,21,7,30,8.85,347.05
2018,1,21,8,30,8.15,348.02
2018,1,21,9,30,8.73,336.57
2018,1,21,10,30,10.16,337.8
2018,1,21,11,30,9.73,337.84000000000003
2018,1,21,12,30,10.94,338.52
2018,1,21,13,30,9.02,334.81
2018,1,21,14,30,9.09,341.22
2018,1,21,15,30,8.07,341.16
2018,1,21,16,30,9.200000000000001,337.41
2018,1,21,17,30,5.8,336.35
2018,1,21,18,30,6.1000000000000005,333.17
2018,1,21,19,30,8,329.45
2018,1,21,20,30,9.450000000000001,329.26
2018,1,21,21,30,7.72,335.97
2018,1,21,22,30,7.28,333.63
2018,1,21,23,30,7.96,333.73
2018,1,22,0,30,7.8100000000000005,332.84000000000003
2018,1,22,1,30,7.6000000000000005,330.5
2018,1,22,2,30,5.8500000000000005,328.49
2018,1,22,3,30,5.57,333.76
2018,1,22,4,30,5.55,331.62
2018,1,22,5,30,6.26,330.19
2018,1,22,6,30,6.94,333.98
2018,1,22,7,30,5.97,334.08
2018,1,22,8,30,5.78,330.84000000000003
2018,1,22,9,30,5.87,331.87
2018,1,22,10,30,6.68,335
2018,1,22,11,30,6.6000000000000005,333.99
2018,1,22,12,30,6.8,335.74
2018,1,22,13,30,7.68,338.84000000000003
2018,1,22,14,30,8.38,338.32
2018,1,22,15,30,8.38,340.77
2018,1,22,16,30,9.33,345.04
2018,1,22,17,30,11.22,345.79
2018,1,22,18,30,12.51,345.12
2018,1,22,19,30,13.75,342.15000000000003
2018,1,22,20,30,13.65,342.49
2018,1,22,21,30,13.05,341.85
2018,1,22,22,30,12.59,341.63
2018,1,22,23,30,12.35,338.12
2018,1,23,0,30,13.040000000000001,335.94
2018,1,23,1,30,13.75,334.49
2018,1,23,2,30,14.26,333.52
2018,1,23,3,30,14.52,330.86
2018,1,23,4,30,14.55,330.47
2018,1,23,5,30,14.25,330.96
2018,1,23,6,30,13.73,331.53000000000003
2018,1,23,7,30,13.73,331.55
2018,1,23,8,30,13.120000000000001,332.23
2018,1,23,9,30,12.57,328.58
2018,1,23,10,30,11.96,327.92
2018,1,23,11,30,11.99,327.85
2018,1,23,12,30,12.15,329.84000000000003
2018,1,23,13,30,12.09,334.84000000000003
2018,1,23,14,30,12.030000000000001,339.06
2018,1,23,15,30,12.09,336.17
2018,1,23,16,30,12.42,338.67
2018,1,23,17,30,10.950000000000001,344.99
2018,1,23,18,30,6.2700000000000005,357.92
2018,1,23,19,30,3.3200000000000003,358.09000000000003
2018,1,23,20,30,6.41,350.56
2018,1,23,21,30,7.62,344
2018,1,23,22,30,6.74,345.11
2018,1,23,23,30,5.96,343.55
2018,1,24,0,30,5.67,345.96
2018,1,24,1,30,6.43,339.96
2018,1,24,2,30,5.65,346.74
2018,1,24,3,30,6.17,353.01
2018,1,24,4,30,5.22,356.97
2018,1,24,5,30,5.57,356.59000000000003
2018,1,24,6,30,5.88,350.82
2018,1,24,7,30,4.92,355.44
2018,1,24,8,30,6.0600000000000005,352.59000000000003
2018,1,24,9,30,7.390000000000001,347.26
2018,1,24,10,30,6.07,351.78000000000003
2018,1,24,11,30,5.65,351.84000000000003
2018,1,24,12,30,5.5600000000000005,345.7
2018,1,24,13,30,5.45,342.25
2018,1,24,14,30,5.07,344.04
2018,1,24,15,30,4.64,346.07
2018,1,24,16,30,4.12,354.11
2018,1,24,17,30,4.47,343.64
2018,1,24,18,30,4.5200000000000005,351.76
2018,1,24,19,30,3.7,353.63
2018,1,24,20,30,2.9,15.280000000000001
2018,1,24,21,30,1.69,9.09
2018,1,24,22,30,2.19,355.16
2018,1,24,23,30,1.77,30.32
2018,1,25,0,30,1.47,347.25
2018,1,25,1,30,4.73,343.34000000000003
2018,1,25,2,30,6.29,338.75
2018,1,25,3,30,5.26,348.56
2018,1,25,4,30,6.5600000000000005,343.18
2018,1,25,5,30,7.78,340.48
2018,1,25,6,30,7.32,345.96
2018,1,25,7,30,7.19,348.40000000000003
2018,1,25,8,30,7.03,347.77
2018,1,25,9,30,6.44,352.19
2018,1,25,10,30,6.82,355.05
2018,1,25,11,30,6.04,354.67
2018,1,25,12,30,4.9,354.8
2018,1,25,13,30,5.96,352.3
2018,1,25,14,30,7.57,346.2
2018,1,25,15,30,7.43,351.90000000000003
2018,1,25,16,30,7.09,353.67
2018,1,25,17,30,5.79,348.27
2018,1,25,18,30,7.32,340.84000000000003
2018,1,25,19,30,6.99,343.93
2018,1,25,20,30,6.5600000000000005,344.96
2018,1,25,21,30,7.28,341.96
2018,1,25,22,30,8.47,344.82
2018,1,25,23,30,9.38,347.68
2018,1,26,0,30,10.91,348.09000000000003
2018,1,26,1,30,9.88,341.45
2018,1,26,2,30,8.45,342.72
2018,1,26,3,30,7.640000000000001,345.28000000000003
2018,1,26,4,30,7.13,335.83
2018,1,26,5,30,7.03,331.6
2018,1,26,6,30,6.48,333.07
2018,1,26,7,30,7.17,332.57
2018,1,26,8,30,7.390000000000001,343.1
2018,1,26,9,30,7.71,347.07
2018,1,26,10,30,8.17,345.41
2018,1,26,11,30,8.8,342.90000000000003
2018,1,26,12,30,9.67,348.37
2018,1,26,13,30,9.56,358.47
2018,1,26,14,30,9.700000000000001,355.89
2018,1,26,15,30,10.73,354.42
2018,1,26,16,30,11.14,355.37
2018,1,26,17,30,11.290000000000001,354.59000000000003
2018,1,26,18,30,11.07,351.35
2018,1,26,19,30,10.950000000000001,351.87
2018,1,26,20,30,11.040000000000001,350.64
2018,1,26,21,30,10.34,346.45
2018,1,26,22,30,9.55,341.6
2018,1,26,23,30,9.35,337.53000000000003
2018,1,27,0,30,8.57,334.75
2018,1,27,1,30,7.86,327.5
2018,1,27,2,30,7.3500000000000005,323.18
2018,1,27,3,30,6.78,324.52
2018,1,27,4,30,6.0600000000000005,332.7
2018,1,27,5,30,5.34,351.46
2018,1,27,6,30,7.62,1.12
2018,1,27,7,30,12.07,355.40000000000003
2018,1,27,8,30,14.05,353.3
2018,1,27,9,30,13.17,354.29
2018,1,27,10,30,13.26,351.46
2018,1,27,11,30,13.790000000000001,352.76
2018,1,27,12,30,13.06,359.19
2018,1,27,13,30,13.14,1.8800000000000001
2018,1,27,14,30,13.64,4.84
2018,1,27,15,30,16.29,6.51
2018,1,27,16,30,18.66,14.96
2018,1,27,17,30,18.73,17.56
2018,1,27,18,30,13.57,14.13
2018,1,27,19,30,5.73,4.14
2018,1,27,20,30,5.53,349.94
2018,1,27,21,30,5.74,345.57
2018,1,27,22,30,8.44,353.66
2018,1,27,23,30,9.88,350.62
2018,1,28,0,30,9.75,347.64
2018,1,28,1,30,9.39,357.19
2018,1,28,2,30,8.950000000000001,354.8
2018,1,28,3,30,6.5200000000000005,359.54
2018,1,28,4,30,6.140000000000001,359.37
2018,1,28,5,30,7.95,358.49
2018,1,28,6,30,11.64,18.46
2018,1,28,7,30,13.09,23.69
2018,1,28,8,30,11.69,17.07
2018,1,28,9,30,12.56,15.73
2018,1,28,10,30,14.11,17.6
2018,1,28,11,30,14.77,19.69
2018,1,28,12,30,15.370000000000001,19.84
2018,1,28,13,30,15.610000000000001,18.53
2018,1,28,14,30,17.14,20.3
2018,1,28,15,30,17.22,19.77
2018,1,28,16,30,17.25,21.16
2018,1,28,17,30,16.53,21.61
2018,1,28,18,30,15.38,23.2
2018,1,28,19,30,14.33,24.38
2018,1,28,20,30,14.73,27.48
2018,1,28,21,30,15.21,27.88
2018,1,28,22,30,14.49,27.1
2018,1,28,23,30,15.9,23.87
2018,1,29,0,30,18.02,21.13
2018,1,29,1,30,17.97,17.79
2018,1,29,2,30,17.69,14.21
2018,1,29,3,30,14.9,10.09
2018,1,29,4,30,12.38,6.71
2018,1,29,5,30,12.15,1.46
2018,1,29,6,30,11.450000000000001,2.41
2018,1,29,7,30,12.35,5.1000000000000005
2018,1,29,8,30,11.26,0.79
2018,1,29,9,30,11.75,349.36
2018,1,29,10,30,11.71,342
2018,1,29,11,30,12.34,340.1
2018,1,29,12,30,13.32,340.97
2018,1,29,13,30,14.97,342.76
2018,1,29,14,30,15.34,343.86
2018,1,29,15,30,15.530000000000001,342.08
2018,1,29,16,30,16.16,342.26
2018,1,29,17,30,15.74,340.83
2018,1,29,18,30,15.49,347.76
2018,1,29,19,30,14.44,350.11
2018,1,29,20,30,12.88,345.51
2018,1,29,21,30,12.59,341.55
2018,1,29,22,30,12.16,336.73
2018,1,29,23,30,12.11,338.05
2018,1,30,0,30,11.290000000000001,339.62
2018,1,30,1,30,11.33,339.86
2018,1,30,2,30,12.38,338.15000000000003
2018,1,30,3,30,13.040000000000001,346.46
2018,1,30,4,30,11.73,343.83
2018,1,30,5,30,10.66,337.27
2018,1,30,6,30,11.14,338.42
2018,1,30,7,30,10.86,336.87
2018,1,30,8,30,11.61,341.03000000000003
2018,1,30,9,30,11.61,338.45
2018,1,30,10,30,11.77,340.89
2018,1,30,11,30,11.6,343.87
2018,1,30,12,30,10.26,344.31
2018,1,30,13,30,8.34,348.04
2018,1,30,14,30,5.92,354.74
2018,1,30,15,30,3.61,3.79
2018,1,30,16,30,6.44,354.5
2018,1,30,17,30,8.25,348.05
2018,1,30,18,30,10.540000000000001,346.40000000000003
2018,1,30,19,30,11.77,345.54
2018,1,30,20,30,12.540000000000001,343.5
2018,1,30,21,30,12.21,346.86
2018,1,30,22,30,12.1,354.69
2018,1,30,23,30,11.370000000000001,358.17
2018,1,31,0,30,11.08,2.62
2018,1,31,1,30,11.69,6.36
2018,1,31,2,30,12.74,4.95
2018,1,31,3,30,12.450000000000001,12.21
2018,1,31,4,30,12.58,15.280000000000001
2018,1,31,5,30,13.15,15.93
2018,1,31,6,30,13.61,20.78
2018,1,31,7,30,12.59,31.45
2018,1,31,8,30,11.66,35.550000000000004
2018,1,31,9,30,12.55,34.61
2018,1,31,10,30,12.63,32.87
2018,1,31,11,30,12.99,30.310000000000002
2018,1,31,12,30,13.93,24.740000000000002
2018,1,31,13,30,13.55,18.8
2018,1,31,14,30,15.07,19.6
2018,1,31,15,30,15.66,24.27
2018,1,31,16,30,17.26,25.34
2018,1,31,17,30,16.45,24.830000000000002
2018,1,31,18,30,15.860000000000001,24.36
2018,1,31,19,30,14.870000000000001,24.650000000000002
2018,1,31,20,30,16.11,21.73
2018,1,31,21,30,17.04,21.330000000000002
2018,1,31,22,30,17.400000000000002,24.29
2018,1,31,23,30,18.25,24.400000000000002
2018,2,1,0,30,18.45,24.13
2018,2,1,1,30,19.26,24.11
2018,2,1,2,30,19.98,24.2
2018,2,1,3,30,20.51,24.13
2018,2,1,4,30,21.150000000000002,25.03
2018,2,1,5,30,21.05,26.59
2018,2,1,6,30,20.81,27.88
2018,2,1,7,30,19.66,29.84
2018,2,1,8,30,17.490000000000002,30.84
2018,2,1,9,30,16.78,33.15
2018,2,1,10,30,15.540000000000001,32.35
2018,2,1,11,30,16.98,30.67
2018,2,1,12,30,16.68,30.71
2018,2,1,13,30,16.41,29.03
2018,2,1,14,30,18.330000000000002,26.93
2018,2,1,15,30,18.990000000000002,27.43
2018,2,1,16,30,17.91,28.43
2018,2,1,17,30,17.6,29.05
2018,2,1,18,30,17.13,28.88
2018,2,1,19,30,17.98,28.7
2018,2,1,20,30,18.64,29.21
2018,2,1,21,30,18.12,27.8
2018,2,1,22,30,18.88,26.650000000000002
2018,2,1,23,30,19.36,25.18
2018,2,2,0,30,14.200000000000001,30.05
2018,2,2,1,30,13.66,30.86
2018,2,2,2,30,14.25,29.28
2018,2,2,3,30,15.9,27.72
2018,2,2,4,30,14.85,32.15
2018,2,2,5,30,14.44,35.79
2018,2,2,6,30,13.22,39.56
2018,2,2,7,30,12.540000000000001,41.85
2018,2,2,8,30,11.42,45.2
2018,2,2,9,30,11.790000000000001,46.7
2018,2,2,10,30,12.38,47.04
2018,2,2,11,30,12.790000000000001,43.660000000000004
2018,2,2,12,30,12.96,42.82
2018,2,2,13,30,12.43,42.42
2018,2,2,14,30,12.52,38.63
2018,2,2,15,30,11.46,42.46
2018,2,2,16,30,12.08,47.69
2018,2,2,17,30,11.32,53.43
2018,2,2,18,30,12.27,51.76
2018,2,2,19,30,14.11,52.910000000000004
2018,2,2,20,30,13.13,53.13
2018,2,2,21,30,10.950000000000001,49.550000000000004
2018,2,2,22,30,10.23,46.25
2018,2,2,23,30,10.38,42.63
2018,2,3,0,30,9.97,44.160000000000004
2018,2,3,1,30,7.97,41.82
2018,2,3,2,30,7.75,51.4
2018,2,3,3,30,8.71,60.6
2018,2,3,4,30,14.96,68.27
2018,2,3,5,30,15.540000000000001,66.32000000000001
2018,2,3,6,30,14.040000000000001,71.37
2018,2,3,7,30,11.36,73.56
2018,2,3,8,30,16.47,70.82000000000001
2018,2,3,9,30,17.68,72.96000000000001
2018,2,3,10,30,17.04,73.82000000000001
2018,2,3,11,30,15.91,75.44
2018,2,3,12,30,15.55,72.36
2018,2,3,13,30,15.610000000000001,71.44
2018,2,3,14,30,14.82,73.58
2018,2,3,15,30,14.31,70.62
2018,2,3,16,30,14.86,73.84
2018,2,3,17,30,15.120000000000001,74.62
2018,2,3,18,30,15.700000000000001,73.03
2018,2,3,19,30,16.490000000000002,70.49
2018,2,3,20,30,16.66,71.31
2018,2,3,21,30,16.25,74.61
2018,2,3,22,30,15.55,72.03
2018,2,3,23,30,15.01,71.52
2018,2,4,0,30,14.030000000000001,75.01
2018,2,4,1,30,14.26,69.86
2018,2,4,2,30,13.59,68.14
2018,2,4,3,30,15.26,68.38
2018,2,4,4,30,14.38,74.02
2018,2,4,5,30,11.76,72.9
2018,2,4,6,30,10.72,75.59
2018,2,4,7,30,8.45,71.05
2018,2,4,8,30,9,61.85
2018,2,4,9,30,8.81,79.89
2018,2,4,10,30,10.09,76.58
2018,2,4,11,30,6.99,88.81
2018,2,4,12,30,7.44,76.83
2018,2,4,13,30,8.78,84.77
2018,2,4,14,30,9.34,83.41
2018,2,4,15,30,8.77,79.76
2018,2,4,16,30,10.02,80.95
2018,2,4,17,30,9.76,84.15
2018,2,4,18,30,10.27,79.19
2018,2,4,19,30,8.69,73.32000000000001
2018,2,4,20,30,5.8500000000000005,70.27
2018,2,4,21,30,5.54,67.5
2018,2,4,22,30,7.34,71.3
2018,2,4,23,30,8.08,76.27
2018,2,5,0,30,6.7700000000000005,71.43
2018,2,5,1,30,8.08,70.9
2018,2,5,2,30,7.12,84.11
2018,2,5,3,30,7.7700000000000005,76.09
2018,2,5,4,30,6.26,69.63
2018,2,5,5,30,2.63,70.82000000000001
2018,2,5,6,30,2.32,66.11
2018,2,5,7,30,2.29,80.3
2018,2,5,8,30,3.47,68.75
2018,2,5,9,30,3.58,73.42
2018,2,5,10,30,4.55,70.25
2018,2,5,11,30,4.33,71.9
2018,2,5,12,30,6.3100000000000005,65.67
2018,2,5,13,30,5.95,66.89
2018,2,5,14,30,6.47,71.59
2018,2,5,15,30,6.05,64.96000000000001
2018,2,5,16,30,8.99,70.42
2018,2,5,17,30,10.44,69.53
2018,2,5,18,30,11.64,68.60000000000001
2018,2,5,19,30,12.05,76.32000000000001
2018,2,5,20,30,12.09,67.54
2018,2,5,21,30,11.96,70.47
2018,2,5,22,30,13.14,71.4
2018,2,5,23,30,13.98,67.44
2018,2,6,0,30,13.74,59.27
2018,2,6,1,30,14.89,68.41
2018,2,6,2,30,15.73,70.43
2018,2,6,3,30,16.56,69.83
2018,2,6,4,30,18,70.66
2018,2,6,5,30,18.77,74.68
2018,2,6,6,30,18.92,79.77
2018,2,6,7,30,18.55,86.14
2018,2,6,8,30,18.73,92.12
2018,2,6,9,30,17.2,97.56
2018,2,6,10,30,15.73,107.57000000000001
2018,2,6,11,30,15.94,111.64
2018,2,6,12,30,13.870000000000001,122.51
2018,2,6,13,30,14.120000000000001,138.59
2018,2,6,14,30,14.040000000000001,150.81
2018,2,6,15,30,15.73,161.11
2018,2,6,16,30,15.55,154.86
2018,2,6,17,30,16.29,154.25
2018,2,6,18,30,15.38,153.07
2018,2,6,19,30,14.17,148.65
2018,2,6,20,30,14.780000000000001,149.07
2018,2,6,21,30,14.42,146.06
2018,2,6,22,30,14.77,148.36
2018,2,6,23,30,14.450000000000001,155.59
2018,2,7,0,30,13.32,154
2018,2,7,1,30,13.14,154.02
2018,2,7,2,30,13.02,156.07
2018,2,7,3,30,11.66,154.23
2018,2,7,4,30,11.48,151.5
2018,2,7,5,30,11.19,159.07
2018,2,7,6,30,10.51,159.81
2018,2,7,7,30,10.290000000000001,162.91
2018,2,7,8,30,8.51,155.53
2018,2,7,9,30,8.09,141.14000000000001
2018,2,7,10,30,8.290000000000001,135.05
2018,2,7,11,30,8.35,130.46
2018,2,7,12,30,9.17,123.82000000000001
2018,2,7,13,30,9.94,123.11
2018,2,7,14,30,10.57,125.79
2018,2,7,15,30,11.77,126.07000000000001
2018,2,7,16,30,12.43,129.07
2018,2,7,17,30,12.450000000000001,122.85000000000001
2018,2,7,18,30,13.72,121.42
2018,2,7,19,30,13.93,118.02
2018,2,7,20,30,14.34,120.83
2018,2,7,21,30,16.61,122.84
2018,2,7,22,30,15.950000000000001,123.15
2018,2,7,23,30,15.05,120.05
2018,2,8,0,30,16.11,121.86
2018,2,8,1,30,17.31,123.93
2018,2,8,2,30,18.48,128.29
2018,2,8,3,30,18.28,127.88000000000001
2018,2,8,4,30,18.26,127.86
2018,2,8,5,30,17.69,127.55
2018,2,8,6,30,16.11,128.03
2018,2,8,7,30,14.52,127.79
2018,2,8,8,30,12.97,125.87
2018,2,8,9,30,12.41,124.56
2018,2,8,10,30,12.63,123.08
2018,2,8,11,30,12.76,120.51
2018,2,8,12,30,13.33,119.67
2018,2,8,13,30,13.41,113.87
2018,2,8,14,30,13.01,110.16
2018,2,8,15,30,13.49,108.42
2018,2,8,16,30,14.14,104.41
2018,2,8,17,30,13.98,105
2018,2,8,18,30,14.97,103.74000000000001
2018,2,8,19,30,14.870000000000001,105.13
2018,2,8,20,30,15.290000000000001,107.93
2018,2,8,21,30,13.84,109.7
2018,2,8,22,30,12.55,112.42
2018,2,8,23,30,13.88,117.65
2018,2,9,0,30,13.13,113.73
2018,2,9,1,30,12.22,113.48
2018,2,9,2,30,12.43,119.67
2018,2,9,3,30,13.09,118.18
2018,2,9,4,30,13.97,118.07000000000001
2018,2,9,5,30,16.38,119.62
2018,2,9,6,30,16.64,120.55
2018,2,9,7,30,17.31,117.10000000000001
2018,2,9,8,30,16.07,115.98
2018,2,9,9,30,15.76,116.78
2018,2,9,10,30,16.16,113.11
2018,2,9,11,30,14.780000000000001,119.38
2018,2,9,12,30,15.1,115.96000000000001
2018,2,9,13,30,16.31,117.29
2018,2,9,14,30,16.91,122.7
2018,2,9,15,30,17.86,118.63
2018,2,9,16,30,18.91,116.8
2018,2,9,17,30,20.25,114
2018,2,9,18,30,19.77,107.74000000000001
2018,2,9,19,30,20.55,105.27
2018,2,9,20,30,20,105.98
2018,2,9,21,30,20.12,110.08
2018,2,9,22,30,21.86,112.15
2018,2,9,23,30,21.09,112.35000000000001
2018,2,10,0,30,21.42,111.75
2018,2,10,1,30,22.66,112.32000000000001
2018,2,10,2,30,22.080000000000002,112.09
2018,2,10,3,30,21.37,112.59
2018,2,10,4,30,20.94,111.79
2018,2,10,5,30,21.06,112.84
2018,2,10,6,30,20.67,112.32000000000001
2018,2,10,7,30,19.76,112.5
2018,2,10,8,30,18.38,113.15
2018,2,10,9,30,16.27,116.49000000000001
2018,2,10,10,30,15.370000000000001,123.01
2018,2,10,11,30,13.700000000000001,133.32
2018,2,10,12,30,14.81,148.29
2018,2,10,13,30,13.11,152.19
2018,2,10,14,30,10.76,158.84
2018,2,10,15,30,11.08,145.29
2018,2,10,16,30,10.35,137.95000000000002
2018,2,10,17,30,11.59,143.1
2018,2,10,18,30,11.81,144.41
2018,2,10,19,30,11.69,147.6
2018,2,10,20,30,11.77,135.19
2018,2,10,21,30,11.36,137.86
2018,2,10,22,30,10.38,130.44
2018,2,10,23,30,9.36,123.11
2018,2,11,0,30,8.97,118.23
2018,2,11,1,30,10.39,109.27
2018,2,11,2,30,11.620000000000001,111.39
2018,2,11,3,30,13.16,113
2018,2,11,4,30,13.6,115.05
2018,2,11,5,30,12.5,111.91
2018,2,11,6,30,12.83,108
2018,2,11,7,30,14.73,110.94
2018,2,11,8,30,16.98,109.35000000000001
2018,2,11,9,30,17.36,114.63
2018,2,11,10,30,15.88,140.33
2018,2,11,11,30,14.75,154.62
2018,2,11,12,30,16.51,181.48
2018,2,11,13,30,14.64,174.62
2018,2,11,14,30,15.65,182.41
2018,2,11,15,30,15.56,171.96
2018,2,11,16,30,16.62,172.8
2018,2,11,17,30,15.280000000000001,176.3
2018,2,11,18,30,15.49,178.93
2018,2,11,19,30,15.31,173.62
2018,2,11,20,30,15.02,174.02
2018,2,11,21,30,13.96,177.75
2018,2,11,22,30,12.83,176.13
2018,2,11,23,30,12.47,174.3
2018,2,12,0,30,10.71,177.06
2018,2,12,1,30,7.68,181.12
2018,2,12,2,30,5.11,176.99
2018,2,12,3,30,3.73,186.07
2018,2,12,4,30,2.13,179.13
2018,2,12,5,30,2.2800000000000002,202.13
2018,2,12,6,30,0.52,220.36
2018,2,12,7,30,2.25,237.99
2018,2,12,8,30,3.29,246.73000000000002
2018,2,12,9,30,3.77,234.38
2018,2,12,10,30,5.23,241.28
2018,2,12,11,30,6.3100000000000005,248.37
2018,2,12,12,30,10.27,276.94
2018,2,12,13,30,11.35,282.54
2018,2,12,14,30,12.07,286.24
2018,2,12,15,30,12.780000000000001,291.28000000000003
2018,2,12,16,30,13.25,289.41
2018,2,12,17,30,12.57,284.69
2018,2,12,18,30,14.69,285.89
2018,2,12,19,30,14.15,287.95
2018,2,12,20,30,15.610000000000001,287.56
2018,2,12,21,30,14.58,281.35
2018,2,12,22,30,15.05,271.47
2018,2,12,23,30,13.950000000000001,276.1
2018,2,13,0,30,12.68,269.69
2018,2,13,1,30,10.91,254.28
2018,2,13,2,30,10.27,246.54
2018,2,13,3,30,9.450000000000001,239.86
2018,2,13,4,30,10.67,230.1
2018,2,13,5,30,9.77,215.26
2018,2,13,6,30,9.58,206.58
2018,2,13,7,30,11.78,203.59
2018,2,13,8,30,11.950000000000001,198.41
2018,2,13,9,30,12.48,186.08
2018,2,13,10,30,14.15,183.54
2018,2,13,11,30,14.6,184.86
2018,2,13,12,30,15.51,174.57
2018,2,13,13,30,17.66,173.25
2018,2,13,14,30,19.16,174.44
2018,2,13,15,30,19.41,178.69
2018,2,13,16,30,19.21,181.59
2018,2,13,17,30,19.35,184.76
2018,2,13,18,30,18.89,188.11
2018,2,13,19,30,19.42,191.07
2018,2,13,20,30,21.3,191.20000000000002
2018,2,13,21,30,21.59,188.86
2018,2,13,22,30,20.98,186.8
2018,2,13,23,30,21.02,187.8
2018,2,14,0,30,20.02,188.68
2018,2,14,1,30,20.85,193.12
2018,2,14,2,30,20.26,194.71
2018,2,14,3,30,17.580000000000002,199.73000000000002
2018,2,14,4,30,9.93,248.5
2018,2,14,5,30,9.38,259.03000000000003
2018,2,14,6,30,7.53,241.26
2018,2,14,7,30,7.57,219.88
2018,2,14,8,30,8.65,221.66
2018,2,14,9,30,8.28,220.14000000000001
2018,2,14,10,30,7.03,219.06
2018,2,14,11,30,6.63,222.24
2018,2,14,12,30,5.96,229.86
2018,2,14,13,30,4.68,214.04
2018,2,14,14,30,4.59,211.55
2018,2,14,15,30,3.42,202.83
2018,2,14,16,30,3.79,202
2018,2,14,17,30,3.49,197.64000000000001
2018,2,14,18,30,4.3,192.64000000000001
2018,2,14,19,30,4.2,193.38
2018,2,14,20,30,6.93,218.06
2018,2,14,21,30,7.44,219.71
2018,2,14,22,30,7.22,213.31
2018,2,14,23,30,7.0200000000000005,225.94
2018,2,15,0,30,7.09,234.15
2018,2,15,1,30,1.54,260.87
2018,2,15,2,30,0.42,239.94
2018,2,15,3,30,2.12,130.05
2018,2,15,4,30,3.12,106.17
2018,2,15,5,30,3.11,94.01
2018,2,15,6,30,3.0700000000000003,96.91
2018,2,15,7,30,3.87,92.97
2018,2,15,8,30,4.76,92.42
2018,2,15,9,30,6.7,105.48
2018,2,15,10,30,6.2700000000000005,104.28
2018,2,15,11,30,8.55,115.32000000000001
2018,2,15,12,30,8.92,114.07000000000001
2018,2,15,13,30,9.86,118.88
2018,2,15,14,30,10.83,116.56
2018,2,15,15,30,11.75,108.67
2018,2,15,16,30,13.96,107.75
2018,2,15,17,30,14.71,102.99000000000001
2018,2,15,18,30,15.06,107.72
2018,2,15,19,30,15.950000000000001,114.37
2018,2,15,20,30,16.19,120.36
2018,2,15,21,30,16.990000000000002,124.7
2018,2,15,22,30,18.91,121.2
2018,2,15,23,30,18.77,125.91
2018,2,16,0,30,18.55,126.42
2018,2,16,1,30,19.79,133.56
2018,2,16,2,30,20.32,143.33
2018,2,16,3,30,19.44,151.96
2018,2,16,4,30,16.16,164.96
2018,2,16,5,30,10.17,189.86
2018,2,16,6,30,6.9,203.05
2018,2,16,7,30,6.6000000000000005,226.55
2018,2,16,8,30,4.29,217
2018,2,16,9,30,6.2700000000000005,230.52
2018,2,16,10,30,7.63,235.19
2018,2,16,11,30,9.77,231.58
2018,2,16,12,30,10.02,234.53
2018,2,16,13,30,10.76,233.62
2018,2,16,14,30,10.540000000000001,233.26
2018,2,16,15,30,10.88,229.70000000000002
2018,2,16,16,30,10.19,226.81
2018,2,16,17,30,10.51,224.27
2018,2,16,18,30,9.52,215.21
2018,2,16,19,30,8.78,202.37
2018,2,16,20,30,9.76,190.23
2018,2,16,21,30,10.700000000000001,180.88
2018,2,16,22,30,11.74,179.4
2018,2,16,23,30,12.08,175.14000000000001
2018,2,17,0,30,13.530000000000001,174.22
2018,2,17,1,30,13.14,172.35
2018,2,17,2,30,12.120000000000001,174.32
2018,2,17,3,30,12.33,170.38
2018,2,17,4,30,11.21,164.45000000000002
2018,2,17,5,30,13.56,168.70000000000002
2018,2,17,6,30,11.120000000000001,161.97
2018,2,17,7,30,10.22,157.6
2018,2,17,8,30,11.21,159.47
2018,2,17,9,30,11.13,165.5
2018,2,17,10,30,8.71,139.15
2018,2,17,11,30,10.61,150.22
2018,2,17,12,30,9.32,133.38
2018,2,17,13,30,9.85,124.31
2018,2,17,14,30,12.02,126.16
2018,2,17,15,30,12.84,122.45
2018,2,17,16,30,12.16,112.86
2018,2,17,17,30,11.52,104.32000000000001
2018,2,17,18,30,13.38,102.86
2018,2,17,19,30,13.86,100.10000000000001
2018,2,17,20,30,14.63,107.46000000000001
2018,2,17,21,30,16.87,113.27
2018,2,17,22,30,20.16,125.73
2018,2,17,23,30,20.87,127.09
2018,2,18,0,30,20.18,125.69
2018,2,18,1,30,22.45,130.51
2018,2,18,2,30,24.34,133.02
2018,2,18,3,30,26.22,138.99
2018,2,18,4,30,27.080000000000002,139.29
2018,2,18,5,30,27.42,138.9
2018,2,18,6,30,28.22,139.9
2018,2,18,7,30,27.41,136.68
2018,2,18,8,30,26.63,135.69
2018,2,18,9,30,25.41,137.96
2018,2,18,10,30,25.38,142.63
2018,2,18,11,30,24.02,147.56
2018,2,18,12,30,20.830000000000002,155.81
2018,2,18,13,30,14.58,196.4
2018,2,18,14,30,13.67,207.72
2018,2,18,15,30,14.69,209.8
2018,2,18,16,30,12.5,210.18
2018,2,18,17,30,12.63,215.99
2018,2,18,18,30,11.92,225.3
2018,2,18,19,30,10.66,230.48000000000002
2018,2,18,20,30,11.200000000000001,230.87
2018,2,18,21,30,9.78,242.77
2018,2,18,22,30,9.88,241.43
2018,2,18,23,30,8.72,228.21
2018,2,19,0,30,7.72,218.02
2018,2,19,1,30,7.1000000000000005,200.44
2018,2,19,2,30,6.15,177.91
2018,2,19,3,30,8.02,163.18
2018,2,19,4,30,11.94,162.65
2018,2,19,5,30,13.450000000000001,151.5
2018,2,19,6,30,15.13,147.97
2018,2,19,7,30,15.5,146.81
2018,2,19,8,30,15.42,144.12
2018,2,19,9,30,14.69,140.02
2018,2,19,10,30,16.67,140.68
2018,2,19,11,30,17.68,145.18
2018,2,19,12,30,19.32,145.67000000000002
2018,2,19,13,30,19.55,150
2018,2,19,14,30,20.580000000000002,154.35
2018,2,19,15,30,20.88,154.26
2018,2,19,16,30,21.47,154.91
2018,2,19,17,30,21.580000000000002,156.21
2018,2,19,18,30,21.43,160.87
2018,2,19,19,30,22.44,160.3
2018,2,19,20,30,22.17,163.17000000000002
2018,2,19,21,30,20.7,166.74
2018,2,19,22,30,19.12,170.77
2018,2,19,23,30,18.34,177.16
2018,2,20,0,30,17.26,193.03
2018,2,20,1,30,12.76,199.91
2018,2,20,2,30,11.25,205.66
2018,2,20,3,30,12.23,212.70000000000002
2018,2,20,4,30,11.84,221.08
2018,2,20,5,30,11.64,219.89000000000001
2018,2,20,6,30,11.27,227.85
2018,2,20,7,30,11.290000000000001,224.16
2018,2,20,8,30,11.91,233.81
2018,2,20,9,30,12.27,228.81
2018,2,20,10,30,12.33,225.96
2018,2,20,11,30,12.280000000000001,222.21
2018,2,20,12,30,12.07,218.99
2018,2,20,13,30,8.64,223.07
2018,2,20,14,30,6.32,207.46
2018,2,20,15,30,9.27,202.88
2018,2,20,16,30,10.84,197.73000000000002
2018,2,20,17,30,9.68,205.21
2018,2,20,18,30,9.11,208.5
2018,2,20,19,30,8.66,206.93
2018,2,20,20,30,8.45,202.02
2018,2,20,21,30,7.890000000000001,192.94
2018,2,20,22,30,7.25,185.91
2018,2,20,23,30,7.09,178.17000000000002
2018,2,21,0,30,8.57,176.96
2018,2,21,1,30,7,176.17000000000002
2018,2,21,2,30,6.3500000000000005,161.93
2018,2,21,3,30,6.49,156.38
2018,2,21,4,30,6.67,143.37
2018,2,21,5,30,6.8,138.45000000000002
2018,2,21,6,30,8.1,144.4
2018,2,21,7,30,7.7,143.45000000000002
2018,2,21,8,30,7.45,143.57
2018,2,21,9,30,6.92,138.06
2018,2,21,10,30,6.88,133.58
2018,2,21,11,30,6.95,128.79
2018,2,21,12,30,7.71,124.92
2018,2,21,13,30,8.64,122.66
2018,2,21,14,30,9.06,121.25
2018,2,21,15,30,9.28,123.67
2018,2,21,16,30,8.93,123.82000000000001
2018,2,21,17,30,9.01,128.64000000000001
2018,2,21,18,30,7.99,124.23
2018,2,21,19,30,6.8500000000000005,124.46000000000001
2018,2,21,20,30,4.46,131.2
2018,2,21,21,30,2.22,142.32
2018,2,21,22,30,2.13,196.5
2018,2,21,23,30,4.79,228.23000000000002
2018,2,22,0,30,7.07,239.08
2018,2,22,1,30,7.3100000000000005,230.20000000000002
2018,2,22,2,30,6.99,221.33
2018,2,22,3,30,6.45,212.83
2018,2,22,4,30,6.32,214.36
2018,2,22,5,30,5.94,215.1
2018,2,22,6,30,5.66,208.55
2018,2,22,7,30,5.1000000000000005,201.04
2018,2,22,8,30,5.3,200.4
2018,2,22,9,30,5.47,201.64000000000001
2018,2,22,10,30,5.88,199.99
2018,2,22,11,30,5.84,192.34
2018,2,22,12,30,5.59,188.77
2018,2,22,13,30,5.26,188.17000000000002
2018,2,22,14,30,5.21,184.55
2018,2,22,15,30,5.9,186.08
2018,2,22,16,30,6.18,192.22
2018,2,22,17,30,6.17,190.31
2018,2,22,18,30,5.66,187.15
2018,2,22,19,30,5.95,181.85
2018,2,22,20,30,6.59,184.74
2018,2,22,21,30,9.290000000000001,190.65
2018,2,22,22,30,8.61,188.72
2018,2,22,23,30,7.2700000000000005,185.33
2018,2,23,0,30,7.19,184.5
2018,2,23,1,30,7.55,185.08
2018,2,23,2,30,7.48,189.64000000000001
2018,2,23,3,30,8.81,184.76
2018,2,23,4,30,7.7700000000000005,183.54
2018,2,23,5,30,6.94,166.35
2018,2,23,6,30,7.83,180.21
2018,2,23,7,30,7.9,208.05
2018,2,23,8,30,9.5,223.87
2018,2,23,9,30,8.86,231.36
2018,2,23,10,30,7.390000000000001,232.22
2018,2,23,11,30,7.33,225.97
2018,2,23,12,30,6.43,242.44
2018,2,23,13,30,6.5,236.65
2018,2,23,14,30,8.14,249.45000000000002
2018,2,23,15,30,10.11,252.13
2018,2,23,16,30,11.06,256.52
2018,2,23,17,30,10.81,254.78
2018,2,23,18,30,10.81,258.1
2018,2,23,19,30,10.94,259.86
2018,2,23,20,30,11.1,263.23
2018,2,23,21,30,11.790000000000001,266.48
2018,2,23,22,30,10.86,272.54
2018,2,23,23,30,10.16,274.43
2018,2,24,0,30,10.35,273.57
2018,2,24,1,30,10.49,271.68
2018,2,24,2,30,10.370000000000001,272.98
2018,2,24,3,30,10.78,266.63
2018,2,24,4,30,8.76,253.22
2018,2,24,5,30,9.73,248.67000000000002
2018,2,24,6,30,10.43,254.47
2018,2,24,7,30,10.31,257.08
2018,2,24,8,30,10.82,255.78
2018,2,24,9,30,9.8,257.36
2018,2,24,10,30,10.16,253.79
2018,2,24,11,30,10.290000000000001,252.73000000000002
2018,2,24,12,30,8.620000000000001,249.76000000000002
2018,2,24,13,30,8.53,246.68
2018,2,24,14,30,8.120000000000001,247.56
2018,2,24,15,30,9.81,246.02
2018,2,24,16,30,10.370000000000001,239.53
2018,2,24,17,30,9.27,235.3
2018,2,24,18,30,10,232.77
2018,2,24,19,30,9.17,227.75
2018,2,24,20,30,8.6,223.95000000000002
2018,2,24,21,30,8.51,215.76
2018,2,24,22,30,7.72,205.65
2018,2,24,23,30,4.2,192
2018,2,25,0,30,3.0700000000000003,176.25
2018,2,25,1,30,4.21,198.59
2018,2,25,2,30,4.43,197.93
2018,2,25,3,30,3.92,187.02
2018,2,25,4,30,2.44,155.57
2018,2,25,5,30,3.0100000000000002,142.4
2018,2,25,6,30,3.56,151.01
2018,2,25,7,30,3.86,156.73
2018,2,25,8,30,5.2700000000000005,165.51
2018,2,25,9,30,5.66,163.36
2018,2,25,10,30,4.92,162.08
2018,2,25,11,30,4.54,169.43
2018,2,25,12,30,4.71,188.09
2018,2,25,13,30,4.33,186.11
2018,2,25,14,30,4.11,190.04
2018,2,25,15,30,3.87,205.79
2018,2,25,16,30,4.42,214.11
2018,2,25,17,30,5.93,221.17000000000002
2018,2,25,18,30,6.8500000000000005,227.73000000000002
2018,2,25,19,30,6.44,229.6
2018,2,25,20,30,5.74,227.75
2018,2,25,21,30,4.86,223.44
2018,2,25,22,30,7.8100000000000005,227.37
2018,2,25,23,30,8.84,239.19
2018,2,26,0,30,11.8,246.66
2018,2,26,1,30,13.32,252.69
2018,2,26,2,30,13.67,257.51
2018,2,26,3,30,14.36,262.33
2018,2,26,4,30,13.42,264.6
2018,2,26,5,30,12.16,265.94
2018,2,26,6,30,10.69,273.46
2018,2,26,7,30,9.56,270.8
2018,2,26,8,30,10.84,282.67
2018,2,26,9,30,12.71,300.29
2018,2,26,10,30,13.48,301.42
2018,2,26,11,30,13.57,306.86
2018,2,26,12,30,10.950000000000001,306.42
2018,2,26,13,30,7.390000000000001,298.79
2018,2,26,14,30,5.16,304.96
2018,2,26,15,30,3.5700000000000003,298.44
2018,2,26,16,30,4.42,249.99
2018,2,26,17,30,3.85,235.53
2018,2,26,18,30,3.47,211.17000000000002
2018,2,26,19,30,4.9,199.47
2018,2,26,20,30,3.5700000000000003,197.6
2018,2,26,21,30,4.53,204.93
2018,2,26,22,30,7.62,213.87
2018,2,26,23,30,7.41,211.84
2018,2,27,0,30,7.49,218.71
2018,2,27,1,30,9.14,234.6
2018,2,27,2,30,9.06,239.58
2018,2,27,3,30,6.58,238.62
2018,2,27,4,30,6.94,241.01
2018,2,27,5,30,7.04,236.76
2018,2,27,6,30,7.0600000000000005,223.4
2018,2,27,7,30,8.08,231.68
2018,2,27,8,30,7.13,230.14000000000001
2018,2,27,9,30,6.8,220.68
2018,2,27,10,30,7.59,216.24
2018,2,27,11,30,8.3,214.15
2018,2,27,12,30,7.61,218.82
2018,2,27,13,30,7.68,223.68
2018,2,27,14,30,6.46,236.62
2018,2,27,15,30,6.59,253.86
2018,2,27,16,30,6.28,260.49
2018,2,27,17,30,5.04,274.82
2018,2,27,18,30,4.57,255.73000000000002
2018,2,27,19,30,4.57,232.73000000000002
2018,2,27,20,30,4.7,227.55
2018,2,27,21,30,5.69,229.65
2018,2,27,22,30,6.04,228.23000000000002
2018,2,27,23,30,5.69,229.82
2018,2,28,0,30,5.19,226.56
2018,2,28,1,30,5.0600000000000005,220.70000000000002
2018,2,28,2,30,4.92,208.31
2018,2,28,3,30,1.75,195.42000000000002
2018,2,28,4,30,1.93,159.48
2018,2,28,5,30,2.08,165.87
2018,2,28,6,30,2.62,155.81
2018,2,28,7,30,2.81,125.31
2018,2,28,8,30,3.7600000000000002,144.5
2018,2,28,9,30,6.2700000000000005,154.69
2018,2,28,10,30,7.57,157.52
2018,2,28,11,30,9.34,153.94
2018,2,28,12,30,10.99,145.66
2018,2,28,13,30,12.780000000000001,144.34
2018,2,28,14,30,14.25,143.97
2018,2,28,15,30,14.83,148.84
2018,2,28,16,30,14.450000000000001,165.54
2018,2,28,17,30,15.27,168.94
2018,2,28,18,30,15.64,167.56
2018,2,28,19,30,15.96,172.08
2018,2,28,20,30,15.82,176.65
2018,2,28,21,30,15.530000000000001,181.35
2018,2,28,22,30,15.790000000000001,185.52
2018,2,28,23,30,15.09,188.44
2018,3,1,0,30,14.34,191.62
2018,3,1,1,30,14,192.85
2018,3,1,2,30,14.42,195.01
2018,3,1,3,30,14.780000000000001,197.11
2018,3,1,4,30,15.35,197.48000000000002
2018,3,1,5,30,14.67,196.75
2018,3,1,6,30,14.700000000000001,200.87
2018,3,1,7,30,14.15,204.58
2018,3,1,8,30,12.99,209.03
2018,3,1,9,30,11.32,208.09
2018,3,1,10,30,10.02,204.70000000000002
2018,3,1,11,30,9.39,205.22
2018,3,1,12,30,8.25,206.33
2018,3,1,13,30,7.6000000000000005,195.49
2018,3,1,14,30,7.6000000000000005,181.62
2018,3,1,15,30,7.53,178.37
2018,3,1,16,30,10.61,168.68
2018,3,1,17,30,13.07,172.69
2018,3,1,18,30,13.47,177.67000000000002
2018,3,1,19,30,11.81,162.21
2018,3,1,20,30,13.620000000000001,156.55
2018,3,1,21,30,14.200000000000001,156.27
2018,3,1,22,30,14.75,160.18
2018,3,1,23,30,16,164.38
2018,3,2,0,30,14.92,173.38
2018,3,2,1,30,13.49,183.38
2018,3,2,2,30,11.16,208.70000000000002
2018,3,2,3,30,11.98,263.76
2018,3,2,4,30,13.67,274.72
2018,3,2,5,30,13.370000000000001,270.28000000000003
2018,3,2,6,30,12.92,269.62
2018,3,2,7,30,11.96,254.92000000000002
2018,3,2,8,30,11.52,246.4
2018,3,2,9,30,10.14,236.82
2018,3,2,10,30,11.74,239.1
2018,3,2,11,30,12.18,241.75
2018,3,2,12,30,11.01,238.4
2018,3,2,13,30,9.450000000000001,238.37
2018,3,2,14,30,8.82,240.76
2018,3,2,15,30,6.640000000000001,228.63
2018,3,2,16,30,3.85,227.46
2018,3,2,17,30,6.03,225.69
2018,3,2,18,30,4.22,218.11
2018,3,2,19,30,2.73,202.09
2018,3,2,20,30,4.53,227.13
2018,3,2,21,30,5.42,233.07
2018,3,2,22,30,2.39,215.38
2018,3,2,23,30,1.43,202.22
2018,3,3,0,30,1.5,204.77
2018,3,3,1,30,1.82,189.51
2018,3,3,2,30,3.1,205.65
2018,3,3,3,30,2,216.15
2018,3,3,4,30,0.78,162.61
2018,3,3,5,30,1.25,205.64000000000001
2018,3,3,6,30,1.45,109.09
2018,3,3,7,30,0.85,110.67
2018,3,3,8,30,0.87,153.49
2018,3,3,9,30,1.2,236.93
2018,3,3,10,30,1.22,211.44
2018,3,3,11,30,0.92,137.36
2018,3,3,12,30,0.97,228.47
2018,3,3,13,30,1.9000000000000001,267.16
2018,3,3,14,30,0.55,165.83
2018,3,3,15,30,1.17,247.88
2018,3,3,16,30,2.19,282.69
2018,3,3,17,30,2.57,313.21
2018,3,3,18,30,4.22,305.04
2018,3,3,19,30,3.39,317.67
2018,3,3,20,30,1.84,279.06
2018,3,3,21,30,1.37,244.21
2018,3,3,22,30,2.93,202.46
2018,3,3,23,30,1.58,162.05
2018,3,4,0,30,2.25,147.31
2018,3,4,1,30,3.17,154.64000000000001
2018,3,4,2,30,4.36,148.13
2018,3,4,3,30,4.41,146.92000000000002
2018,3,4,4,30,4.86,144.71
2018,3,4,5,30,5.44,114.42
2018,3,4,6,30,6.94,124.01
2018,3,4,7,30,7.79,146.43
2018,3,4,8,30,9.82,146.4
2018,3,4,9,30,10.81,148.9
2018,3,4,10,30,12.46,148.96
2018,3,4,11,30,14.01,153.94
2018,3,4,12,30,13.82,148.42000000000002
2018,3,4,13,30,13.64,154.11
2018,3,4,14,30,14.34,161.39000000000001
2018,3,4,15,30,15.19,169.45000000000002
2018,3,4,16,30,14.66,166.15
2018,3,4,17,30,13.530000000000001,164.96
2018,3,4,18,30,13.15,171.46
2018,3,4,19,30,12.76,183.31
2018,3,4,20,30,11.35,199.38
2018,3,4,21,30,9.700000000000001,245.78
2018,3,4,22,30,8.65,246.98000000000002
2018,3,4,23,30,7.47,229.65
2018,3,5,0,30,8.790000000000001,222.55
2018,3,5,1,30,10.31,216.46
2018,3,5,2,30,10.93,220.16
2018,3,5,3,30,9.68,234.85
2018,3,5,4,30,9.73,241.89000000000001
2018,3,5,5,30,9.790000000000001,235.58
2018,3,5,6,30,10.07,236.11
2018,3,5,7,30,10.57,236.28
2018,3,5,8,30,10.44,238.36
2018,3,5,9,30,9.68,236.34
2018,3,5,10,30,10.85,243.88
2018,3,5,11,30,11.700000000000001,244.20000000000002
2018,3,5,12,30,11.3,240.59
2018,3,5,13,30,10.64,238.71
2018,3,5,14,30,10.8,237.16
2018,3,5,15,30,10.73,235.32
2018,3,5,16,30,11.17,244.1
2018,3,5,17,30,11.370000000000001,244.28
2018,3,5,18,30,10.93,243.04
2018,3,5,19,30,11.51,244.88
2018,3,5,20,30,10.41,241.73000000000002
2018,3,5,21,30,10.120000000000001,240.84
2018,3,5,22,30,9.81,233.27
2018,3,5,23,30,10.46,224.74
2018,3,6,0,30,10.72,217.56
2018,3,6,1,30,10.32,210.8
2018,3,6,2,30,10.78,203.57
2018,3,6,3,30,12.38,193.95000000000002
2018,3,6,4,30,13.120000000000001,187.43
2018,3,6,5,30,14.73,181.25
2018,3,6,6,30,14.98,173.53
2018,3,6,7,30,15.98,170.39000000000001
2018,3,6,8,30,16.98,166.82
2018,3,6,9,30,17.14,175.3
2018,3,6,10,30,16.54,180.88
2018,3,6,11,30,14.3,212.55
2018,3,6,12,30,11.94,230.64000000000001
2018,3,6,13,30,11.43,250.8
2018,3,6,14,30,12.75,245.91
2018,3,6,15,30,12.950000000000001,250.03
2018,3,6,16,30,11.6,243.88
2018,3,6,17,30,12.26,245.94
2018,3,6,18,30,12.57,242.8
2018,3,6,19,30,11.950000000000001,243.5
2018,3,6,20,30,12.49,244.25
2018,3,6,21,30,12.200000000000001,245.82
2018,3,6,22,30,10.36,245.58
2018,3,6,23,30,11.31,247.11
2018,3,7,0,30,12.16,249.13
2018,3,7,1,30,11.6,252.53
2018,3,7,2,30,10.27,253.98000000000002
2018,3,7,3,30,9.81,254.46
2018,3,7,4,30,10.24,258.56
2018,3,7,5,30,10.39,263.86
2018,3,7,6,30,10.31,266.66
2018,3,7,7,30,10.08,263.65
2018,3,7,8,30,9.39,263.32
2018,3,7,9,30,8.67,269.58
2018,3,7,10,30,7.03,261.49
2018,3,7,11,30,5.66,250.52
2018,3,7,12,30,3.87,241.56
2018,3,7,13,30,1.02,198.01
2018,3,7,14,30,2.87,160.52
2018,3,7,15,30,3.31,159.66
2018,3,7,16,30,9.05,160.53
2018,3,7,17,30,12.15,162.52
2018,3,7,18,30,14.4,152.43
2018,3,7,19,30,16.11,153.24
2018,3,7,20,30,16.5,169.85
2018,3,7,21,30,14.41,210.48000000000002
2018,3,7,22,30,14.75,265.66
2018,3,7,23,30,13.98,266.11
2018,3,8,0,30,15.32,262.13
2018,3,8,1,30,14.68,250.5
2018,3,8,2,30,14.72,246.74
2018,3,8,3,30,13.57,235.63
2018,3,8,4,30,12.9,242.4
2018,3,8,5,30,13.59,248.72
2018,3,8,6,30,11.81,242.83
2018,3,8,7,30,10.08,229.78
2018,3,8,8,30,10.28,227.09
2018,3,8,9,30,12.52,220.97
2018,3,8,10,30,9.540000000000001,200.37
2018,3,8,11,30,13.950000000000001,189.93
2018,3,8,12,30,14.38,201.70000000000002
2018,3,8,13,30,9.82,238.52
2018,3,8,14,30,8.25,217.09
2018,3,8,15,30,9.77,213.36
2018,3,8,16,30,11.08,206.64000000000001
2018,3,8,17,30,10.74,200.85
2018,3,8,18,30,13.52,204.57
2018,3,8,19,30,10.97,185.47
2018,3,8,20,30,12.34,203.12
2018,3,8,21,30,14.63,188.22
2018,3,8,22,30,13.67,171.42000000000002
2018,3,8,23,30,8.8,201.73000000000002
2018,3,9,0,30,11.28,189.28
2018,3,9,1,30,12.620000000000001,189.31
2018,3,9,2,30,10.96,189.25
2018,3,9,3,30,11.85,167.84
2018,3,9,4,30,10.120000000000001,138.54
2018,3,9,5,30,10.93,100.21000000000001
2018,3,9,6,30,10.9,72.46000000000001
2018,3,9,7,30,11.66,50.25
2018,3,9,8,30,12.030000000000001,28.96
2018,3,9,9,30,15.09,42.4
2018,3,9,10,30,12.98,33.71
2018,3,9,11,30,12.51,21.35
2018,3,9,12,30,13.93,355.21
2018,3,9,13,30,11.83,346.29
2018,3,9,14,30,15.700000000000001,344.35
2018,3,9,15,30,17.56,340.57
2018,3,9,16,30,17.740000000000002,339.84000000000003
2018,3,9,17,30,19.36,336.52
2018,3,9,18,30,18.89,334.90000000000003
2018,3,9,19,30,18.97,331.3
2018,3,9,20,30,19.03,332.53000000000003
2018,3,9,21,30,20.240000000000002,329.39
2018,3,9,22,30,21.2,328.62
2018,3,9,23,30,21.12,329.35
2018,3,10,0,30,20.77,326.01
2018,3,10,1,30,19.87,326.34000000000003
2018,3,10,2,30,18.150000000000002,327.76
2018,3,10,3,30,18.080000000000002,326.38
2018,3,10,4,30,18.09,327.19
2018,3,10,5,30,17.53,332.88
2018,3,10,6,30,18.11,334.75
2018,3,10,7,30,19.01,331.72
2018,3,10,8,30,18.740000000000002,333.1
2018,3,10,9,30,19.51,333.62
2018,3,10,10,30,19.900000000000002,331.57
2018,3,10,11,30,20.3,330.61
2018,3,10,12,30,19.93,327.06
2018,3,10,13,30,19.98,326.81
2018,3,10,14,30,18.81,326.56
2018,3,10,15,30,18.39,325.41
2018,3,10,16,30,17.580000000000002,324.52
2018,3,10,17,30,16.7,321.88
2018,3,10,18,30,16.12,322.73
2018,3,10,19,30,15.47,323.89
2018,3,10,20,30,14.85,323.94
2018,3,10,21,30,14.6,322.81
2018,3,10,22,30,14.32,320.43
2018,3,10,23,30,12.39,319.51
2018,3,11,0,30,11.42,319.77
2018,3,11,1,30,10.370000000000001,321.33
2018,3,11,2,30,9.99,322.57
2018,3,11,3,30,9.02,325.49
2018,3,11,4,30,7.29,343.71
2018,3,11,5,30,5.76,357.02
2018,3,11,6,30,4.8100000000000005,359.23
2018,3,11,7,30,4.43,356.84000000000003
2018,3,11,8,30,1.8900000000000001,13.780000000000001
2018,3,11,9,30,1.96,80.38
2018,3,11,10,30,2.6,142.94
2018,3,11,11,30,1.8,139.97
2018,3,11,12,30,1.95,105.09
2018,3,11,13,30,3.09,87.75
2018,3,11,14,30,4.46,92.52
2018,3,11,15,30,5.4,97.09
2018,3,11,16,30,6.12,97.56
2018,3,11,17,30,6.37,98.91
2018,3,11,18,30,6.86,104.83
2018,3,11,19,30,7.84,95.9
2018,3,11,20,30,8.55,98.97
2018,3,11,21,30,8.88,95.16
2018,3,11,22,30,8.94,95.03
2018,3,11,23,30,8.78,92.38
2018,3,12,0,30,9.32,88.68
2018,3,12,1,30,10.17,85.5
2018,3,12,2,30,10.67,85.91
2018,3,12,3,30,11.43,81.44
2018,3,12,4,30,12.52,79.32000000000001
2018,3,12,5,30,13.97,74.10000000000001
2018,3,12,6,30,14.780000000000001,71.51
2018,3,12,7,30,14.44,70.84
2018,3,12,8,30,14.25,68.62
2018,3,12,9,30,14.4,58.59
2018,3,12,10,30,13.86,40.21
2018,3,12,11,30,14.21,30.63
2018,3,12,12,30,14.4,21.14
2018,3,12,13,30,15.23,14.27
2018,3,12,14,30,15.74,9.52
2018,3,12,15,30,15.41,2.05
2018,3,12,16,30,14.700000000000001,359.34000000000003
2018,3,12,17,30,15.030000000000001,357.47
2018,3,12,18,30,13.46,351.22
2018,3,12,19,30,12,342.55
2018,3,12,20,30,10.75,340.75
2018,3,12,21,30,10.25,334.04
2018,3,12,22,30,9.88,330.3
2018,3,12,23,30,9.120000000000001,329.94
2018,3,13,0,30,8.44,331.16
2018,3,13,1,30,8.45,329.21
2018,3,13,2,30,8.790000000000001,332
2018,3,13,3,30,9.18,331.26
2018,3,13,4,30,9.27,340.03000000000003
2018,3,13,5,30,8.33,351.83
2018,3,13,6,30,8.11,359.32
2018,3,13,7,30,7.63,358.79
2018,3,13,8,30,6.8,355.34000000000003
2018,3,13,9,30,6.3100000000000005,349.53000000000003
2018,3,13,10,30,6.92,346.81
2018,3,13,11,30,6.67,339.1
2018,3,13,12,30,8.05,335.24
2018,3,13,13,30,8.57,337.77
2018,3,13,14,30,8.61,343.42
2018,3,13,15,30,8.58,343.21
2018,3,13,16,30,8.4,337.74
2018,3,13,17,30,8.92,331.93
2018,3,13,18,30,9.35,332.65000000000003
2018,3,13,19,30,9.23,333.95
2018,3,13,20,30,9.23,331.38
2018,3,13,21,30,9.15,325.95
2018,3,13,22,30,10.03,322.78000000000003
2018,3,13,23,30,10.5,322.26
2018,3,14,0,30,9.91,319.54
2018,3,14,1,30,10.16,315.48
2018,3,14,2,30,10.75,316.19
2018,3,14,3,30,11.16,318.54
2018,3,14,4,30,10.18,322.66
2018,3,14,5,30,10.16,327.24
2018,3,14,6,30,10.38,334.02
2018,3,14,7,30,9.85,341
2018,3,14,8,30,8.45,342.99
2018,3,14,9,30,7.4,347.05
2018,3,14,10,30,6.32,344.67
2018,3,14,11,30,6.21,340.11
2018,3,14,12,30,6.5600000000000005,342.39
2018,3,14,13,30,7.46,344.46
2018,3,14,14,30,8.18,349.13
2018,3,14,15,30,6.99,353.81
2018,3,14,16,30,6.72,359.24
2018,3,14,17,30,4.78,11.11
2018,3,14,18,30,2.08,33.07
2018,3,14,19,30,1.93,64.09
2018,3,14,20,30,2.38,62.09
2018,3,14,21,30,0.99,83.76
2018,3,14,22,30,0.4,41.82
2018,3,14,23,30,0.52,51.78
2018,3,15,0,30,2.69,47.64
2018,3,15,1,30,4.38,43.85
2018,3,15,2,30,5.62,25.91
2018,3,15,3,30,6.640000000000001,28.41
2018,3,15,4,30,6.49,42.22
2018,3,15,5,30,6.6000000000000005,37.5
2018,3,15,6,30,7.2,33.49
2018,3,15,7,30,7.75,38.7
2018,3,15,8,30,4.0600000000000005,47.52
2018,3,15,9,30,7.36,39.43
2018,3,15,10,30,8.08,34.49
2018,3,15,11,30,7.390000000000001,38.980000000000004
2018,3,15,12,30,10.07,37.730000000000004
2018,3,15,13,30,9.92,46.18
2018,3,15,14,30,11.11,50.63
2018,3,15,15,30,11.64,48.11
2018,3,15,16,30,10.35,50.04
2018,3,15,17,30,9.290000000000001,54.54
2018,3,15,18,30,10.34,47.15
2018,3,15,19,30,12.93,36.5
2018,3,15,20,30,12.030000000000001,40.46
2018,3,15,21,30,12.49,42.69
2018,3,15,22,30,11.16,45.14
2018,3,15,23,30,11.11,42.44
2018,3,16,0,30,14.18,33.94
2018,3,16,1,30,15.540000000000001,34.27
2018,3,16,2,30,16.12,32.33
2018,3,16,3,30,17.78,30.5
2018,3,16,4,30,20.55,27.59
2018,3,16,5,30,20.47,30.46
2018,3,16,6,30,21.51,28.86
2018,3,16,7,30,22.14,27.96
2018,3,16,8,30,21.67,27.490000000000002
2018,3,16,9,30,21.41,27.86
2018,3,16,10,30,21.94,27.45
2018,3,16,11,30,21.34,25.86
2018,3,16,12,30,21.56,24.26
2018,3,16,13,30,21.28,22.5
2018,3,16,14,30,19.72,19.98
2018,3,16,15,30,21.32,20.55
2018,3,16,16,30,21.54,20.14
2018,3,16,17,30,22.36,20.55
2018,3,16,18,30,22.86,21.11
2018,3,16,19,30,22.75,20
2018,3,16,20,30,21.830000000000002,19.81
2018,3,16,21,30,20.84,20.36
2018,3,16,22,30,19.75,20.21
2018,3,16,23,30,18.84,19.93
2018,3,17,0,30,17.76,22.23
2018,3,17,1,30,17.580000000000002,23.03
2018,3,17,2,30,18.19,22.55
2018,3,17,3,30,18.85,26.71
2018,3,17,4,30,18.79,30.38
2018,3,17,5,30,17.37,36.12
2018,3,17,6,30,15.34,41.95
2018,3,17,7,30,15.040000000000001,49.43
2018,3,17,8,30,12.82,54.92
2018,3,17,9,30,11.41,60.480000000000004
2018,3,17,10,30,13.280000000000001,66.32000000000001
2018,3,17,11,30,11.700000000000001,77.03
2018,3,17,12,30,10.53,87.9
2018,3,17,13,30,7.92,140.95000000000002
2018,3,17,14,30,7.78,151.58
2018,3,17,15,30,7.05,133.91
2018,3,17,16,30,7.43,122.92
2018,3,17,17,30,10.78,117.21000000000001
2018,3,17,18,30,10.85,124.62
2018,3,17,19,30,10.97,133.9
2018,3,17,20,30,11.02,141.11
2018,3,17,21,30,11.26,142.88
2018,3,17,22,30,12.33,142.41
2018,3,17,23,30,14.06,145.39000000000001
2018,3,18,0,30,14.41,150.58
2018,3,18,1,30,14.59,155.55
2018,3,18,2,30,13.46,159.49
2018,3,18,3,30,13.89,148.5
2018,3,18,4,30,15.23,160.95000000000002
2018,3,18,5,30,15.31,185.89000000000001
2018,3,18,6,30,13.41,264.84000000000003
2018,3,18,7,30,13.96,255.91
2018,3,18,8,30,13.42,258.48
2018,3,18,9,30,12.85,255.07
2018,3,18,10,30,12.99,246.65
2018,3,18,11,30,11,246.29
2018,3,18,12,30,8.4,233.96
2018,3,18,13,30,7.92,225.02
2018,3,18,14,30,4.5,217.33
2018,3,18,15,30,4.48,214.83
2018,3,18,16,30,3.48,188.71
2018,3,18,17,30,3.81,179.72
2018,3,18,18,30,4.43,180.3
2018,3,18,19,30,6.13,199.94
2018,3,18,20,30,7.47,203.84
2018,3,18,21,30,8.6,199.92000000000002
2018,3,18,22,30,8.3,194.04
2018,3,18,23,30,8.2,198.15
2018,3,19,0,30,5.88,191.16
2018,3,19,1,30,6.24,190.07
2018,3,19,2,30,7.7,198.25
2018,3,19,3,30,10.47,207.25
2018,3,19,4,30,13.370000000000001,266.14
2018,3,19,5,30,11.34,260.76
2018,3,19,6,30,13.5,249.92000000000002
2018,3,19,7,30,13.950000000000001,250.48000000000002
2018,3,19,8,30,12.67,245.99
2018,3,19,9,30,12.700000000000001,242.61
2018,3,19,10,30,14.11,239.11
2018,3,19,11,30,13.950000000000001,233.24
2018,3,19,12,30,14.17,214.54
2018,3,19,13,30,15.19,228.31
2018,3,19,14,30,15.69,234.42000000000002
2018,3,19,15,30,14.43,235.41
2018,3,19,16,30,15.22,231.49
2018,3,19,17,30,15.93,230.99
2018,3,19,18,30,16.66,232.22
2018,3,19,19,30,14.6,226.6
2018,3,19,20,30,17.41,234.82
2018,3,19,21,30,19.38,240.23000000000002
2018,3,19,22,30,18.6,235.12
2018,3,19,23,30,20.28,238.19
2018,3,20,0,30,22.18,238.75
2018,3,20,1,30,19.1,258.31
2018,3,20,2,30,15.83,261.66
2018,3,20,3,30,13.6,257.75
2018,3,20,4,30,12.18,263.16
2018,3,20,5,30,8.870000000000001,290.57
2018,3,20,6,30,8.33,268.7
2018,3,20,7,30,12.34,269.64
2018,3,20,8,30,10.07,264.25
2018,3,20,9,30,8.35,297.56
2018,3,20,10,30,9.05,345.85
2018,3,20,11,30,8.89,332.26
2018,3,20,12,30,7.46,316.82
2018,3,20,13,30,7.1000000000000005,287.64
2018,3,20,14,30,1.62,253.96
2018,3,20,15,30,2.52,225.24
2018,3,20,16,30,2.63,194.08
2018,3,20,17,30,2.58,192.43
2018,3,20,18,30,5.58,234.8
2018,3,20,19,30,7.48,260.87
2018,3,20,20,30,7.890000000000001,289.2
2018,3,20,21,30,7.69,296.39
2018,3,20,22,30,6.5,288.59000000000003
2018,3,20,23,30,4.71,267.03000000000003
2018,3,21,0,30,5.39,240.11
2018,3,21,1,30,5.46,232.75
2018,3,21,2,30,5.39,214.09
2018,3,21,3,30,7.2700000000000005,213.76
2018,3,21,4,30,7.7700000000000005,229.4
2018,3,21,5,30,6.83,224.39000000000001
2018,3,21,6,30,7.46,229.05
2018,3,21,7,30,3.74,227.98000000000002
2018,3,21,8,30,3.4,237.25
2018,3,21,9,30,3.34,222.55
2018,3,21,10,30,5.32,231.93
2018,3,21,11,30,4.97,220.08
2018,3,21,12,30,3.43,206.93
2018,3,21,13,30,3.92,192.56
2018,3,21,14,30,4.28,186.64000000000001
2018,3,21,15,30,6.84,179.36
2018,3,21,16,30,9.14,177.56
2018,3,21,17,30,8.32,171.25
2018,3,21,18,30,9.63,165.36
2018,3,21,19,30,8.76,158.01
2018,3,21,20,30,8.77,153.86
2018,3,21,21,30,10.32,152.81
2018,3,21,22,30,11.040000000000001,149.57
2018,3,21,23,30,11.81,153.53
2018,3,22,0,30,11.63,153.63
2018,3,22,1,30,11.78,153.31
2018,3,22,2,30,12.86,150.78
2018,3,22,3,30,13.06,147.06
2018,3,22,4,30,11.96,139.25
2018,3,22,5,30,13.71,136.05
2018,3,22,6,30,13.8,138.18
2018,3,22,7,30,14.22,135.39000000000001
2018,3,22,8,30,14.63,132.96
2018,3,22,9,30,14.42,131.27
2018,3,22,10,30,13.9,125.26
2018,3,22,11,30,14.13,123.38000000000001
2018,3,22,12,30,15.05,122.08
2018,3,22,13,30,15.68,126.95
2018,3,22,14,30,16.59,130.43
2018,3,22,15,30,17.27,129.38
2018,3,22,16,30,17.81,132.57
2018,3,22,17,30,18.240000000000002,131.74
2018,3,22,18,30,18.36,125.54
2018,3,22,19,30,18.46,126.45
2018,3,22,20,30,19.03,130.9
2018,3,22,21,30,19.75,137.37
2018,3,22,22,30,19.05,139.61
2018,3,22,23,30,17.37,143.18
2018,3,23,0,30,17.62,151.43
2018,3,23,1,30,18.12,165.87
2018,3,23,2,30,12.540000000000001,186.93
2018,3,23,3,30,10.96,206.04
2018,3,23,4,30,10.09,213.17000000000002
2018,3,23,5,30,10.61,215.43
2018,3,23,6,30,11.14,225.76
2018,3,23,7,30,10.93,229.06
2018,3,23,8,30,9.51,229.16
2018,3,23,9,30,8.67,222.53
2018,3,23,10,30,8.59,213.48000000000002
2018,3,23,11,30,6.16,205.13
2018,3,23,12,30,5.82,207.71
2018,3,23,13,30,5.91,191.35
2018,3,23,14,30,8.99,209.37
2018,3,23,15,30,9.73,203.51
2018,3,23,16,30,6.42,210.68
2018,3,23,17,30,5.83,205.74
2018,3,23,18,30,6.4,197.36
2018,3,23,19,30,8.39,193.20000000000002
2018,3,23,20,30,9.120000000000001,188.09
2018,3,23,21,30,10.27,187.26
2018,3,23,22,30,10.950000000000001,180.56
2018,3,23,23,30,10.34,173.84
2018,3,24,0,30,11.91,175.68
2018,3,24,1,30,12.88,182.52
2018,3,24,2,30,12.17,180.35
2018,3,24,3,30,12.42,185.3
2018,3,24,4,30,12.58,189.88
2018,3,24,5,30,9.73,197.24
2018,3,24,6,30,11.11,189.01
2018,3,24,7,30,10.15,188.33
2018,3,24,8,30,9.39,185.39000000000001
2018,3,24,9,30,8.56,178.42000000000002
2018,3,24,10,30,8.71,175.51
2018,3,24,11,30,8.53,172.87
2018,3,24,12,30,10.17,174.3
2018,3,24,13,30,9.99,178.47
2018,3,24,14,30,10.15,172.86
2018,3,24,15,30,10.200000000000001,164.05
2018,3,24,16,30,9.71,149.63
2018,3,24,17,30,10.77,119.03
2018,3,24,18,30,11.18,123.22
2018,3,24,19,30,11.72,130.91
2018,3,24,20,30,12.48,127.85000000000001
2018,3,24,21,30,12.81,132.91
2018,3,24,22,30,13.42,139.92000000000002
2018,3,24,23,30,13.71,135.02
2018,3,25,0,30,13.43,133.77
2018,3,25,1,30,13.870000000000001,130.08
2018,3,25,2,30,13.540000000000001,123.22
2018,3,25,3,30,13.85,116.66
2018,3,25,4,30,14.56,106.22
2018,3,25,5,30,13.290000000000001,103.48
2018,3,25,6,30,15.07,90.67
2018,3,25,7,30,15.48,84.67
2018,3,25,8,30,15.67,80.79
2018,3,25,9,30,15.42,78.29
2018,3,25,10,30,16.03,75.8
2018,3,25,11,30,15.25,73.11
2018,3,25,12,30,14.47,71.05
2018,3,25,13,30,14.89,71.5
2018,3,25,14,30,14.81,72.39
2018,3,25,15,30,14.07,72.02
2018,3,25,16,30,13.620000000000001,74.68
2018,3,25,17,30,14.09,77.62
2018,3,25,18,30,13.93,82.93
2018,3,25,19,30,12.620000000000001,82.95
2018,3,25,20,30,12.55,85.07000000000001
2018,3,25,21,30,12.55,86.17
2018,3,25,22,30,13.030000000000001,87.46000000000001
2018,3,25,23,30,13.200000000000001,84.37
2018,3,26,0,30,13.67,83.2
2018,3,26,1,30,12.790000000000001,75.4
2018,3,26,2,30,13.84,76.99
2018,3,26,3,30,14.26,78.42
2018,3,26,4,30,15.36,75.32000000000001
2018,3,26,5,30,16.830000000000002,74.24
2018,3,26,6,30,17.09,75.24
2018,3,26,7,30,17.400000000000002,75.25
2018,3,26,8,30,16.81,77.38
2018,3,26,9,30,16.26,76.76
2018,3,26,10,30,15.63,75.56
2018,3,26,11,30,14.8,75.7
2018,3,26,12,30,14.370000000000001,73.64
2018,3,26,13,30,14.43,72.67
2018,3,26,14,30,14.58,71.41
2018,3,26,15,30,14.450000000000001,70.41
2018,3,26,16,30,14.36,70.27
2018,3,26,17,30,14.52,70.93
2018,3,26,18,30,13.66,70.04
2018,3,26,19,30,12.08,67.93
2018,3,26,20,30,11.47,68.09
2018,3,26,21,30,10.89,69.60000000000001
2018,3,26,22,30,10.14,72.05
2018,3,26,23,30,9.97,69.01
2018,3,27,0,30,9.71,69.39
2018,3,27,1,30,9.02,63.97
2018,3,27,2,30,7.930000000000001,57.47
2018,3,27,3,30,9.17,53.99
2018,3,27,4,30,8.65,42.17
2018,3,27,5,30,8.15,35.910000000000004
2018,3,27,6,30,6.83,35.19
2018,3,27,7,30,6.82,32.2
2018,3,27,8,30,6.640000000000001,26.42
2018,3,27,9,30,3.18,357.83
2018,3,27,10,30,4.25,346.95
2018,3,27,11,30,7.73,338.8
2018,3,27,12,30,10.61,330.26
2018,3,27,13,30,12.09,324.28000000000003
2018,3,27,14,30,12.99,320
2018,3,27,15,30,13.02,325.13
2018,3,27,16,30,9.96,323.23
2018,3,27,17,30,10.61,312.8
2018,3,27,18,30,10.540000000000001,301.11
2018,3,27,19,30,11.07,297.8
2018,3,27,20,30,10.47,294.78000000000003
2018,3,27,21,30,10.700000000000001,292.13
2018,3,27,22,30,8.21,285.5
2018,3,27,23,30,8,278.05
2018,3,28,0,30,8.08,277.34000000000003
2018,3,28,1,30,8.11,270.77
2018,3,28,2,30,6.91,266.22
2018,3,28,3,30,6.32,266.21
2018,3,28,4,30,6.8100000000000005,269.12
2018,3,28,5,30,8.38,267.54
2018,3,28,6,30,8.56,255.98000000000002
2018,3,28,7,30,9.13,268.61
2018,3,28,8,30,8.41,274.11
2018,3,28,9,30,7.58,248.32
2018,3,28,10,30,6.23,242.11
2018,3,28,11,30,6.67,232.38
2018,3,28,12,30,6.33,212.41
2018,3,28,13,30,2.72,186.62
2018,3,28,14,30,2.85,166.42000000000002
2018,3,28,15,30,2.61,165.99
2018,3,28,16,30,1.54,144.85
2018,3,28,17,30,0.9400000000000001,175.99
2018,3,28,18,30,2.25,222.24
2018,3,28,19,30,2.5500000000000003,251.55
2018,3,28,20,30,1.97,255.87
2018,3,28,21,30,2.15,246.23000000000002
2018,3,28,22,30,1.79,170.9
2018,3,28,23,30,2.5100000000000002,168.51
2018,3,29,0,30,3.0500000000000003,173.96
2018,3,29,1,30,4.6000000000000005,194.1
2018,3,29,2,30,3.2,194.04
2018,3,29,3,30,1.27,152.56
2018,3,29,4,30,1.03,174.95000000000002
2018,3,29,5,30,1.53,172.75
2018,3,29,6,30,2.02,209.56
2018,3,29,7,30,2.05,233.05
2018,3,29,8,30,2.79,253.70000000000002
2018,3,29,9,30,1.95,241.83
2018,3,29,10,30,2.7800000000000002,290.51
2018,3,29,11,30,2.24,299.11
2018,3,29,12,30,3.89,303.64
2018,3,29,13,30,3.9,310.31
2018,3,29,14,30,3.56,318.22
2018,3,29,15,30,1.8900000000000001,315.62
2018,3,29,16,30,1.2,304.02
2018,3,29,17,30,1.03,354.45
2018,3,29,18,30,0.34,68.85000000000001
2018,3,29,19,30,0.31,120.9
2018,3,29,20,30,1.09,149.92000000000002
2018,3,29,21,30,1.29,153.79
2018,3,29,22,30,1.1300000000000001,126.51
2018,3,29,23,30,2.1,139.99
2018,3,30,0,30,2.34,140.95000000000002
2018,3,30,1,30,2.82,144.44
2018,3,30,2,30,2.77,144.94
2018,3,30,3,30,2.95,137.43
2018,3,30,4,30,3.0100000000000002,143.19
2018,3,30,5,30,3.11,143.18
2018,3,30,6,30,3.2600000000000002,143.13
2018,3,30,7,30,3.23,131.35
2018,3,30,8,30,3.44,129.19
2018,3,30,9,30,3.0100000000000002,136.56
2018,3,30,10,30,3.21,138.42000000000002
2018,3,30,11,30,3.48,138.26
2018,3,30,12,30,3.63,135.31
2018,3,30,13,30,3.88,131.96
2018,3,30,14,30,3.73,132.55
2018,3,30,15,30,3.45,132.53
2018,3,30,16,30,3.0700000000000003,136.63
2018,3,30,17,30,3.49,153.34
2018,3,30,18,30,3.48,148.88
2018,3,30,19,30,2.27,142.52
2018,3,30,20,30,2.42,180.6
2018,3,30,21,30,2.49,195.14000000000001
2018,3,30,22,30,2.87,183.28
2018,3,30,23,30,3.09,170.22
2018,3,31,0,30,2.77,180.20000000000002
2018,3,31,1,30,2.88,175.83
2018,3,31,2,30,2.94,168.45000000000002
2018,3,31,3,30,2.79,159.32
2018,3,31,4,30,2.73,166.14000000000001
2018,3,31,5,30,2.66,151.04
2018,3,31,6,30,2.32,140.66
2018,3,31,7,30,2.25,153.23
2018,3,31,8,30,2.64,117.5
2018,3,31,9,30,2.59,122.07000000000001
2018,3,31,10,30,2.38,129.6
2018,3,31,11,30,2.33,133.11
2018,3,31,12,30,1.79,137.98
2018,3,31,13,30,1.5,128.97
2018,3,31,14,30,1.74,124.86
2018,3,31,15,30,1.21,117.74000000000001
2018,3,31,16,30,0.92,71.8
2018,3,31,17,30,0.56,14.44
2018,3,31,18,30,1.24,29.21
2018,3,31,19,30,1.3,67.52
2018,3,31,20,30,1.75,64.44
2018,3,31,21,30,1.6500000000000001,55.75
2018,3,31,22,30,1.42,39.06
2018,3,31,23,30,1.28,28.52
2018,4,1,0,30,1.8,46.44
2018,4,1,1,30,2.22,60.53
2018,4,1,2,30,2.45,67.88
2018,4,1,3,30,2.36,57.02
2018,4,1,4,30,4.05,55.26
2018,4,1,5,30,5.55,54.76
2018,4,1,6,30,6.4,53.7
2018,4,1,7,30,5.82,51.27
2018,4,1,8,30,6.16,50.99
2018,4,1,9,30,6.55,53.29
2018,4,1,10,30,6.8100000000000005,53.08
2018,4,1,11,30,6.16,55.410000000000004
2018,4,1,12,30,6.12,55.4
2018,4,1,13,30,6.9,50.69
2018,4,1,14,30,8.4,50.36
2018,4,1,15,30,7.61,48.06
2018,4,1,16,30,6.46,44.25
2018,4,1,17,30,7.3500000000000005,44.19
2018,4,1,18,30,9.09,45.230000000000004
2018,4,1,19,30,10.39,46.2
2018,4,1,20,30,9.56,47.31
2018,4,1,21,30,7.67,49.74
2018,4,1,22,30,7.42,50.120000000000005
2018,4,1,23,30,7.2,46.11
2018,4,2,0,30,7.0600000000000005,37.83
2018,4,2,1,30,7.43,48.26
2018,4,2,2,30,7.9,50.870000000000005
2018,4,2,3,30,8.11,49.03
2018,4,2,4,30,9,48.15
2018,4,2,5,30,11.08,51.980000000000004
2018,4,2,6,30,11.85,56.480000000000004
2018,4,2,7,30,11.72,58.160000000000004
2018,4,2,8,30,12.88,62.82
2018,4,2,9,30,13.56,59.75
2018,4,2,10,30,13.620000000000001,60.89
2018,4,2,11,30,13.790000000000001,58.75
2018,4,2,12,30,14.540000000000001,56.59
2018,4,2,13,30,14.17,57.25
2018,4,2,14,30,13.63,57.52
2018,4,2,15,30,14.35,56.28
2018,4,2,16,30,14.75,57.65
2018,4,2,17,30,14.06,60.7
2018,4,2,18,30,14.44,58.84
2018,4,2,19,30,14.51,59.160000000000004
2018,4,2,20,30,13.41,59.27
2018,4,2,21,30,12.77,57.5
2018,4,2,22,30,12.47,56.63
2018,4,2,23,30,12,54.36
2018,4,3,0,30,12.120000000000001,50.6
2018,4,3,1,30,12.67,46.18
2018,4,3,2,30,13.19,42.02
2018,4,3,3,30,12.02,41.800000000000004
2018,4,3,4,30,11.63,42.25
2018,4,3,5,30,10.67,47.42
2018,4,3,6,30,9.76,50.47
2018,4,3,7,30,9.21,48.63
2018,4,3,8,30,8.43,46.78
2018,4,3,9,30,7.83,48.42
2018,4,3,10,30,7.84,48.46
2018,4,3,11,30,7.32,42.77
2018,4,3,12,30,7.21,39.26
2018,4,3,13,30,6.7700000000000005,26.52
2018,4,3,14,30,5.94,9.16
2018,4,3,15,30,5.72,2.98
2018,4,3,16,30,6.67,4.66
2018,4,3,17,30,8.47,6.88
2018,4,3,18,30,9.99,16.05
2018,4,3,19,30,9.35,15.06
2018,4,3,20,30,7.66,12.77
2018,4,3,21,30,7.09,7.75
2018,4,3,22,30,7.03,10.63
2018,4,3,23,30,6.97,20.25
2018,4,4,0,30,6.11,28.62
2018,4,4,1,30,6.0600000000000005,28.48
2018,4,4,2,30,8.370000000000001,22.35
2018,4,4,3,30,10.8,23.22
2018,4,4,4,30,11.53,25.22
2018,4,4,5,30,11.4,27.97
2018,4,4,6,30,10.78,34.06
2018,4,4,7,30,10.28,41.94
2018,4,4,8,30,11.15,53.11
2018,4,4,9,30,10.03,59.6
2018,4,4,10,30,9.57,52.84
2018,4,4,11,30,9.24,47.300000000000004
2018,4,4,12,30,9.08,35.43
2018,4,4,13,30,11.18,25.92
2018,4,4,14,30,11.64,24.26
2018,4,4,15,30,12.21,22.94
2018,4,4,16,30,12.44,17.14
2018,4,4,17,30,11.64,13.4
2018,4,4,18,30,10.63,7.73
2018,4,4,19,30,10.200000000000001,6.3
2018,4,4,20,30,9.22,7.49
2018,4,4,21,30,8.63,4.15
2018,4,4,22,30,9.68,358.13
2018,4,4,23,30,10.52,2.93
2018,4,5,0,30,10.21,7.11
2018,4,5,1,30,9.23,14.5
2018,4,5,2,30,7.5,15.65
2018,4,5,3,30,7.45,17.23
2018,4,5,4,30,7.23,20.02
2018,4,5,5,30,9.3,13.91
2018,4,5,6,30,11.91,38.37
2018,4,5,7,30,12.18,31.25
2018,4,5,8,30,11.59,27.46
2018,4,5,9,30,11.02,25.650000000000002
2018,4,5,10,30,10.74,22.48
2018,4,5,11,30,11.040000000000001,16.91
2018,4,5,12,30,11.3,14.620000000000001
2018,4,5,13,30,11.34,14.84
2018,4,5,14,30,10.540000000000001,11.81
2018,4,5,15,30,10.17,9.19
2018,4,5,16,30,9.67,8.870000000000001
2018,4,5,17,30,7.79,8.63
2018,4,5,18,30,5.95,3.18
2018,4,5,19,30,5.0200000000000005,345.37
2018,4,5,20,30,6.53,338.28000000000003
2018,4,5,21,30,6.890000000000001,342.36
2018,4,5,22,30,4.33,344.29
2018,4,5,23,30,2.68,356.73
2018,4,6,0,30,1.59,343.40000000000003
2018,4,6,1,30,1.36,316.32
2018,4,6,2,30,1.37,315.66
2018,4,6,3,30,1.03,303.86
2018,4,6,4,30,1.21,298.06
2018,4,6,5,30,0.92,267.1
2018,4,6,6,30,0.53,206.97
2018,4,6,7,30,0.48,82.74
2018,4,6,8,30,1.22,207.57
2018,4,6,9,30,3.42,273.07
2018,4,6,10,30,6.51,223.25
2018,4,6,11,30,5.78,221.85
2018,4,6,12,30,8.950000000000001,237.18
2018,4,6,13,30,8.55,231.41
2018,4,6,14,30,8.68,232.16
2018,4,6,15,30,9.450000000000001,233.43
2018,4,6,16,30,9.13,233.95000000000002
2018,4,6,17,30,10.200000000000001,235.18
2018,4,6,18,30,9.03,230.97
2018,4,6,19,30,7.94,229.41
2018,4,6,20,30,8.35,223.9
2018,4,6,21,30,7.18,216.88
2018,4,6,22,30,8.43,212.98000000000002
2018,4,6,23,30,7.41,211.39000000000001
2018,4,7,0,30,5.19,227.11
2018,4,7,1,30,5.92,231.53
2018,4,7,2,30,7.26,203.56
2018,4,7,3,30,7.63,198.42000000000002
2018,4,7,4,30,7.21,195.56
2018,4,7,5,30,5.67,202.54
2018,4,7,6,30,5.04,201.31
2018,4,7,7,30,4.8,197.93
2018,4,7,8,30,2.17,112.01
2018,4,7,9,30,2.25,102.47
2018,4,7,10,30,3.02,98.41
2018,4,7,11,30,2.3000000000000003,95.13
2018,4,7,12,30,1.8900000000000001,89.47
2018,4,7,13,30,2.72,80.55
2018,4,7,14,30,2.33,87.62
2018,4,7,15,30,2.5300000000000002,83.60000000000001
2018,4,7,16,30,2.8000000000000003,83.72
2018,4,7,17,30,2.98,76.02
2018,4,7,18,30,2.1,53.4
2018,4,7,19,30,3.74,34.51
2018,4,7,20,30,4.6000000000000005,37.230000000000004
2018,4,7,21,30,4.43,46.85
2018,4,7,22,30,4.46,47.870000000000005
2018,4,7,23,30,4.73,37
2018,4,8,0,30,5.29,31.55
2018,4,8,1,30,5.63,37.61
2018,4,8,2,30,6.61,35.85
2018,4,8,3,30,6.91,33.4
2018,4,8,4,30,7.47,32.76
2018,4,8,5,30,8.73,32.660000000000004
2018,4,8,6,30,8.870000000000001,34.65
2018,4,8,7,30,9.290000000000001,35.64
2018,4,8,8,30,9.8,36.37
2018,4,8,9,30,10.18,33.57
2018,4,8,10,30,9.93,35.050000000000004
2018,4,8,11,30,9.48,37.42
2018,4,8,12,30,8.84,41.95
2018,4,8,13,30,8.58,45.34
2018,4,8,14,30,8.08,47.36
2018,4,8,15,30,7.76,49.160000000000004
2018,4,8,16,30,5.93,49.800000000000004
2018,4,8,17,30,5.97,43.51
2018,4,8,18,30,5.57,44.45
2018,4,8,19,30,6.2,45.13
2018,4,8,20,30,9.56,59
2018,4,8,21,30,7.88,62.84
2018,4,8,22,30,6.45,69.63
2018,4,8,23,30,5.43,68.54
2018,4,9,0,30,5.19,71.19
2018,4,9,1,30,6.640000000000001,73.62
2018,4,9,2,30,7.9,84.22
2018,4,9,3,30,10.05,88.17
2018,4,9,4,30,10.870000000000001,88.11
2018,4,9,5,30,10.75,89.11
2018,4,9,6,30,10.120000000000001,93.55
2018,4,9,7,30,8.72,100.43
2018,4,9,8,30,7.54,104.43
2018,4,9,9,30,7.8500000000000005,111.16
2018,4,9,10,30,8.61,115.36
2018,4,9,11,30,8.45,111.22
2018,4,9,12,30,8.82,102.13
2018,4,9,13,30,8.540000000000001,97.54
2018,4,9,14,30,8.76,93.83
2018,4,9,15,30,9.82,93.67
2018,4,9,16,30,11.36,90.49
2018,4,9,17,30,11.94,87.75
2018,4,9,18,30,12.16,87.44
2018,4,9,19,30,11.52,89.46000000000001
2018,4,9,20,30,11.21,90.01
2018,4,9,21,30,11.96,92.95
2018,4,9,22,30,11.89,96.11
2018,4,9,23,30,11.88,95.59
2018,4,10,0,30,11.4,91.67
2018,4,10,1,30,11.47,91.45
2018,4,10,2,30,12.19,89.07000000000001
2018,4,10,3,30,12.55,86.55
2018,4,10,4,30,13.44,83.32000000000001
2018,4,10,5,30,14.26,80.48
2018,4,10,6,30,13.18,81.92
2018,4,10,7,30,14.57,88.53
2018,4,10,8,30,13.27,94.56
2018,4,10,9,30,12.76,90.54
2018,4,10,10,30,12.85,86.72
2018,4,10,11,30,12.5,81.94
2018,4,10,12,30,13.15,75.3
2018,4,10,13,30,13.14,74.53
2018,4,10,14,30,12.76,64.92
2018,4,10,15,30,13.59,58.07
2018,4,10,16,30,14.92,61.300000000000004
2018,4,10,17,30,14.51,61.9
2018,4,10,18,30,10.91,63.620000000000005
2018,4,10,19,30,8.47,46.79
2018,4,10,20,30,7.71,47.89
2018,4,10,21,30,1.03,349.55
2018,4,10,22,30,0.99,146.21
2018,4,10,23,30,0.79,29.59
2018,4,11,0,30,6.19,42.04
2018,4,11,1,30,4.65,38.18
2018,4,11,2,30,1.46,92.12
2018,4,11,3,30,2.6,204.19
2018,4,11,4,30,2.41,248.47
2018,4,11,5,30,1.6400000000000001,326.25
2018,4,11,6,30,1.1,51.86
2018,4,11,7,30,0.52,116.74000000000001
2018,4,11,8,30,2.58,128.12
2018,4,11,9,30,1.85,140.76
2018,4,11,10,30,1.74,103.12
2018,4,11,11,30,2.22,124.97
2018,4,11,12,30,1.42,133.61
2018,4,11,13,30,0.7000000000000001,162.31
2018,4,11,14,30,0.4,227.74
2018,4,11,15,30,0.93,274
2018,4,11,16,30,1.75,263.39
2018,4,11,17,30,2.54,294.81
2018,4,11,18,30,2.45,330.68
2018,4,11,19,30,2,347.78000000000003
2018,4,11,20,30,2.5500000000000003,333.38
2018,4,11,21,30,2.17,346.89
2018,4,11,22,30,1.08,7.08
2018,4,11,23,30,2.37,6.46
2018,4,12,0,30,3.87,22.14
2018,4,12,1,30,2.33,0.8300000000000001
2018,4,12,2,30,1.6400000000000001,350.76
2018,4,12,3,30,1.82,49.24
2018,4,12,4,30,1.84,0.19
2018,4,12,5,30,2.85,3.04
2018,4,12,6,30,5.87,9.72
2018,4,12,7,30,6.5200000000000005,10.75
2018,4,12,8,30,6.5600000000000005,13.94
2018,4,12,9,30,5.21,19.17
2018,4,12,10,30,2.48,16.490000000000002
2018,4,12,11,30,1.19,350.86
2018,4,12,12,30,4.3,356.76
2018,4,12,13,30,4.86,0.63
2018,4,12,14,30,5.62,5.43
2018,4,12,15,30,6.87,8.790000000000001
2018,4,12,16,30,6.38,2.94
2018,4,12,17,30,5.49,9.98
2018,4,12,18,30,4.98,18.72
2018,4,12,19,30,1.41,356.13
2018,4,12,20,30,1.3,52.46
2018,4,12,21,30,1.08,5.04
2018,4,12,22,30,2.18,326
2018,4,12,23,30,1.72,10.67
2018,4,13,0,30,2.46,12.76
2018,4,13,1,30,2.42,10.28
2018,4,13,2,30,2.86,24.66
2018,4,13,3,30,2.66,35.910000000000004
2018,4,13,4,30,1.59,53.39
2018,4,13,5,30,0.33,85.06
2018,4,13,6,30,0.81,316.56
2018,4,13,7,30,1.29,331.01
2018,4,13,8,30,0.41000000000000003,349.32
2018,4,13,9,30,0.43,80.41
2018,4,13,10,30,1.16,16.66
2018,4,13,11,30,0.78,294
2018,4,13,12,30,0.86,285.59000000000003
2018,4,13,13,30,1.62,306.43
2018,4,13,14,30,2.59,318.37
2018,4,13,15,30,1.9100000000000001,2.08
2018,4,13,16,30,1.44,358.16
2018,4,13,17,30,1.17,221.1
2018,4,13,18,30,0.37,332.02
2018,4,13,19,30,0.53,140.11
2018,4,13,20,30,0.42,164.70000000000002
2018,4,13,21,30,1.1400000000000001,166.45000000000002
2018,4,13,22,30,0.8200000000000001,142.25
2018,4,13,23,30,1.67,158.82
2018,4,14,0,30,0.75,61.6
2018,4,14,1,30,1.6,94.83
2018,4,14,2,30,1.99,98.84
2018,4,14,3,30,2.08,170.96
2018,4,14,4,30,1.86,187.97
2018,4,14,5,30,1.6500000000000001,141.71
2018,4,14,6,30,2.18,146.24
2018,4,14,7,30,2.91,169.03
2018,4,14,8,30,4.7700000000000005,190.44
2018,4,14,9,30,4.93,221.6
2018,4,14,10,30,3.61,208.18
2018,4,14,11,30,4.5600000000000005,230.26
2018,4,14,12,30,4.34,242.04
2018,4,14,13,30,5.0200000000000005,196.45000000000002
2018,4,14,14,30,5.5600000000000005,197.33
2018,4,14,15,30,6.38,164.18
2018,4,14,16,30,6.22,147.03
2018,4,14,17,30,6.8500000000000005,141.71
2018,4,14,18,30,8.02,136.92000000000002
2018,4,14,19,30,9.16,137.33
2018,4,14,20,30,10.07,138.41
2018,4,14,21,30,11.36,137.63
2018,4,14,22,30,11.96,134.55
2018,4,14,23,30,13.32,138.42000000000002
2018,4,15,0,30,13.64,140.1
2018,4,15,1,30,14.89,139.83
2018,4,15,2,30,16.29,138.36
2018,4,15,3,30,16.86,135.37
2018,4,15,4,30,17.31,134.86
2018,4,15,5,30,17.23,135.37
2018,4,15,6,30,17.47,133.89000000000001
2018,4,15,7,30,17.36,133.51
2018,4,15,8,30,17,132.1
2018,4,15,9,30,16.38,134.55
2018,4,15,10,30,16.17,139.92000000000002
2018,4,15,11,30,16.5,143.22
2018,4,15,12,30,17.1,147.35
2018,4,15,13,30,17.25,144.03
2018,4,15,14,30,19.38,143.78
2018,4,15,15,30,20.36,143.19
2018,4,15,16,30,20.94,145.23
2018,4,15,17,30,21.16,151.19
2018,4,15,18,30,19.7,157.96
2018,4,15,19,30,16.66,164.17000000000002
2018,4,15,20,30,14.620000000000001,176.13
2018,4,15,21,30,12.63,181.20000000000002
2018,4,15,22,30,9.98,172.8
2018,4,15,23,30,8.6,174.94
2018,4,16,0,30,8.46,161.06
2018,4,16,1,30,9.07,165.91
2018,4,16,2,30,7.22,170.33
2018,4,16,3,30,4.14,154.35
2018,4,16,4,30,4.46,120.07000000000001
2018,4,16,5,30,4.21,101.35000000000001
2018,4,16,6,30,4.24,100.46000000000001
2018,4,16,7,30,3.42,116.16
2018,4,16,8,30,2.57,115.83
2018,4,16,9,30,1.98,106.19
2018,4,16,10,30,1.46,149.01
2018,4,16,11,30,1.95,162.42000000000002
2018,4,16,12,30,2.41,180.62
2018,4,16,13,30,1.72,190.68
2018,4,16,14,30,1.81,189.15
2018,4,16,15,30,2.29,189.1
2018,4,16,16,30,2.72,180.75
2018,4,16,17,30,2.59,150.07
2018,4,16,18,30,2.89,122.7
2018,4,16,19,30,3.7800000000000002,123.89
2018,4,16,20,30,5.11,127.2
2018,4,16,21,30,5.92,130.03
2018,4,16,22,30,6.93,146.29
2018,4,16,23,30,6.8,145.81
2018,4,17,0,30,6.87,150.14000000000001
2018,4,17,1,30,6.96,142.42000000000002
2018,4,17,2,30,7.34,140
2018,4,17,3,30,8.35,129.17000000000002
2018,4,17,4,30,9.22,131.48
2018,4,17,5,30,9.57,126.60000000000001
2018,4,17,6,30,10.700000000000001,120.88
2018,4,17,7,30,11.200000000000001,120.13
2018,4,17,8,30,11.13,122.5
2018,4,17,9,30,11.76,120.72
2018,4,17,10,30,12.75,121.3
2018,4,17,11,30,13.72,120.49000000000001
2018,4,17,12,30,13.41,120.44
2018,4,17,13,30,13.38,113.22
2018,4,17,14,30,14.59,108.94
2018,4,17,15,30,14.99,105.42
2018,4,17,16,30,15.01,100.43
2018,4,17,17,30,14.700000000000001,96.75
2018,4,17,18,30,14.450000000000001,94.92
2018,4,17,19,30,14.36,93.77
2018,4,17,20,30,14.870000000000001,90.18
2018,4,17,21,30,15.49,91.38
2018,4,17,22,30,16.46,91.72
2018,4,17,23,30,16.64,91.74
2018,4,18,0,30,17.48,94.8
2018,4,18,1,30,17.84,94.73
2018,4,18,2,30,18.23,89.55
2018,4,18,3,30,18.81,89.26
2018,4,18,4,30,19.09,88.66
2018,4,18,5,30,18.6,85.06
2018,4,18,6,30,18.96,81.7
2018,4,18,7,30,19.3,79.21000000000001
2018,4,18,8,30,19.19,78.89
2018,4,18,9,30,18.91,78.82000000000001
2018,4,18,10,30,18.94,77.57000000000001
2018,4,18,11,30,19.46,77.39
2018,4,18,12,30,19.98,81.55
2018,4,18,13,30,17.54,86.73
2018,4,18,14,30,16.54,85.31
2018,4,18,15,30,14.98,84.15
2018,4,18,16,30,14.65,77.49
2018,4,18,17,30,15.09,76.93
2018,4,18,18,30,15.13,77.58
2018,4,18,19,30,14.280000000000001,78.47
2018,4,18,20,30,13.450000000000001,82.74
2018,4,18,21,30,13.57,82.78
2018,4,18,22,30,14.06,80.38
2018,4,18,23,30,13.5,79.35000000000001
2018,4,19,0,30,14.44,77.37
2018,4,19,1,30,14.4,76.16
2018,4,19,2,30,14.8,74.75
2018,4,19,3,30,14.09,77.69
2018,4,19,4,30,13.61,76.22
2018,4,19,5,30,14.120000000000001,78.2
2018,4,19,6,30,14.32,77.19
2018,4,19,7,30,13.99,74.04
2018,4,19,8,30,13.77,72.74
2018,4,19,9,30,12.780000000000001,72.78
2018,4,19,10,30,12.290000000000001,69.99
2018,4,19,11,30,11.46,65.88
2018,4,19,12,30,11.620000000000001,63.67
2018,4,19,13,30,11.450000000000001,61.120000000000005
2018,4,19,14,30,10.870000000000001,58.620000000000005
2018,4,19,15,30,11.03,61.21
2018,4,19,16,30,10.19,57.59
2018,4,19,17,30,9.78,61.370000000000005
2018,4,19,18,30,9.65,57.44
2018,4,19,19,30,8.81,54.08
2018,4,19,20,30,7.3100000000000005,55.71
2018,4,19,21,30,5.82,53.83
2018,4,19,22,30,4.3100000000000005,40.26
2018,4,19,23,30,5.65,29
2018,4,20,0,30,6.3,31.830000000000002
2018,4,20,1,30,4.92,29.97
2018,4,20,2,30,4.15,25.93
2018,4,20,3,30,4.66,24.77
2018,4,20,4,30,4.37,18.88
2018,4,20,5,30,4.45,20.28
2018,4,20,6,30,6.37,23.88
2018,4,20,7,30,5.96,18.93
2018,4,20,8,30,5.36,20.900000000000002
2018,4,20,9,30,5.88,19.43
2018,4,20,10,30,6.1000000000000005,20.56
2018,4,20,11,30,5.65,12.77
2018,4,20,12,30,6.61,3.5
2018,4,20,13,30,7.63,6.23
2018,4,20,14,30,8.02,7.6000000000000005
2018,4,20,15,30,7.69,7.34
2018,4,20,16,30,5.57,1.21
2018,4,20,17,30,7.11,3.14
2018,4,20,18,30,9.92,8.66
2018,4,20,19,30,10.07,4.82
2018,4,20,20,30,9.21,354.95
2018,4,20,21,30,8.02,352.81
2018,4,20,22,30,7.8100000000000005,348.79
2018,4,20,23,30,6.95,354.3
2018,4,21,0,30,7.0600000000000005,1.49
2018,4,21,1,30,7.62,8.31
2018,4,21,2,30,7.32,13.26
2018,4,21,3,30,6.59,19.95
2018,4,21,4,30,6.3500000000000005,23.87
2018,4,21,5,30,6.65,24.02
2018,4,21,6,30,7.65,26.62
2018,4,21,7,30,7.99,26.37
2018,4,21,8,30,8.58,28.91
2018,4,21,9,30,9.81,28.42
2018,4,21,10,30,9.24,26.05
2018,4,21,11,30,9.06,23.39
2018,4,21,12,30,9.42,17.41
2018,4,21,13,30,9.38,17.18
2018,4,21,14,30,9.89,9.97
2018,4,21,15,30,11.13,6.41
2018,4,21,16,30,11.71,2.19
2018,4,21,17,30,10.51,359.56
2018,4,21,18,30,9.98,358.47
2018,4,21,19,30,9.53,355.66
2018,4,21,20,30,10.13,359.28000000000003
2018,4,21,21,30,8.75,3.27
2018,4,21,22,30,8.76,5.07
2018,4,21,23,30,8.66,10.81
2018,4,22,0,30,9.23,18.78
2018,4,22,1,30,9.040000000000001,23.900000000000002
2018,4,22,2,30,6.9,35.9
2018,4,22,3,30,7.34,41.08
2018,4,22,4,30,8.06,33.94
2018,4,22,5,30,8.76,22.01
2018,4,22,6,30,9.64,21.400000000000002
2018,4,22,7,30,10.99,25
2018,4,22,8,30,10.46,33
2018,4,22,9,30,10.26,46.89
2018,4,22,10,30,9.36,38.81
2018,4,22,11,30,10.3,44.980000000000004
2018,4,22,12,30,9.13,44.09
2018,4,22,13,30,8.51,59.49
2018,4,22,14,30,8.68,66.87
2018,4,22,15,30,7.61,78.73
2018,4,22,16,30,5.04,135.4
2018,4,22,17,30,5.1000000000000005,125.5
2018,4,22,18,30,4.79,127.97
2018,4,22,19,30,4.63,120.05
2018,4,22,20,30,4.07,114.23
2018,4,22,21,30,3.7,103.53
2018,4,22,22,30,3.4,102.10000000000001
2018,4,22,23,30,2.8000000000000003,85.61
2018,4,23,0,30,2.13,54.29
2018,4,23,1,30,1.6300000000000001,12.040000000000001
2018,4,23,2,30,3.46,8.22
2018,4,23,3,30,4.08,13.42
2018,4,23,4,30,5.65,3.99
2018,4,23,5,30,6.0600000000000005,5.44
2018,4,23,6,30,6.65,13.32
2018,4,23,7,30,6.5,11.28
2018,4,23,8,30,5.05,8.6
2018,4,23,9,30,5.95,12.700000000000001
2018,4,23,10,30,6.33,17.42
2018,4,23,11,30,7,27.580000000000002
2018,4,23,12,30,7.5200000000000005,27.63
2018,4,23,13,30,6.87,31.45
2018,4,23,14,30,5.25,33.15
2018,4,23,15,30,5,32.65
2018,4,23,16,30,5,40.4
2018,4,23,17,30,4.05,45.83
2018,4,23,18,30,1.43,105.88
2018,4,23,19,30,2.4,78.07000000000001
2018,4,23,20,30,4.25,96.77
2018,4,23,21,30,3.92,99.12
2018,4,23,22,30,5.01,112.88
2018,4,23,23,30,3.94,105.35000000000001
2018,4,24,0,30,4.07,116.29
2018,4,24,1,30,3.5100000000000002,115.68
2018,4,24,2,30,2.72,114.65
2018,4,24,3,30,2.37,114.87
2018,4,24,4,30,2.7,107.10000000000001
2018,4,24,5,30,3.15,114.75
2018,4,24,6,30,3.33,132.28
2018,4,24,7,30,3.2,152.74
2018,4,24,8,30,2.98,161.73
2018,4,24,9,30,3.13,142.28
2018,4,24,10,30,3.75,126.47
2018,4,24,11,30,3.72,123.97
2018,4,24,12,30,2.74,104.13
2018,4,24,13,30,3.16,99.13
2018,4,24,14,30,3.2800000000000002,99.73
2018,4,24,15,30,3.6,103.03
2018,4,24,16,30,3.46,104.71000000000001
2018,4,24,17,30,2.52,95.04
2018,4,24,18,30,2.4,85.84
2018,4,24,19,30,1.71,112.35000000000001
2018,4,24,20,30,1.96,111.59
2018,4,24,21,30,1.3900000000000001,97.73
2018,4,24,22,30,0.5,74.08
2018,4,24,23,30,1.07,108.16
2018,4,25,0,30,1.24,97.94
2018,4,25,1,30,0.85,111.18
2018,4,25,2,30,0.7000000000000001,107.63
2018,4,25,3,30,0.35000000000000003,154.85
2018,4,25,4,30,0.45,172.37
2018,4,25,5,30,0.51,69.56
2018,4,25,6,30,0.51,194.52
2018,4,25,7,30,0.59,200.09
2018,4,25,8,30,0.27,327.83
2018,4,25,9,30,0.53,346.83
2018,4,25,10,30,0.81,341.66
2018,4,25,11,30,0.76,25.240000000000002
2018,4,25,12,30,0.92,58.11
2018,4,25,13,30,1.47,64.04
2018,4,25,14,30,1.36,82.13
2018,4,25,15,30,1.35,121.35000000000001
2018,4,25,16,30,1.8900000000000001,105.71000000000001
2018,4,25,17,30,2.63,96.38
2018,4,25,18,30,2.48,125.29
2018,4,25,19,30,2.33,147.23
2018,4,25,20,30,2.41,133.52
2018,4,25,21,30,3.0500000000000003,132.23
2018,4,25,22,30,3.38,135.27
2018,4,25,23,30,3.2,132.5
2018,4,26,0,30,3.31,119.63
2018,4,26,1,30,3.44,121.22
2018,4,26,2,30,3.38,123.98
2018,4,26,3,30,4.03,151.04
2018,4,26,4,30,6.45,178.66
2018,4,26,5,30,7.29,186.43
2018,4,26,6,30,6.8100000000000005,188.31
2018,4,26,7,30,7.07,180.48
2018,4,26,8,30,7.96,172.97
2018,4,26,9,30,8.67,174.19
2018,4,26,10,30,10.42,170.4
2018,4,26,11,30,10.68,165.6
2018,4,26,12,30,11.790000000000001,168.8
2018,4,26,13,30,12.32,172.02
2018,4,26,14,30,12.61,175.88
2018,4,26,15,30,12.4,173.91
2018,4,26,16,30,13.57,172.32
2018,4,26,17,30,13.69,180.75
2018,4,26,18,30,13.01,186.6
2018,4,26,19,30,13.47,190.3
2018,4,26,20,30,13.76,192.21
2018,4,26,21,30,14.02,194.43
2018,4,26,22,30,14.6,194.82
2018,4,26,23,30,14.48,193.17000000000002
2018,4,27,0,30,14.82,194.65
2018,4,27,1,30,14.57,193.76
2018,4,27,2,30,14.64,192.85
2018,4,27,3,30,14.15,191.49
2018,4,27,4,30,14.08,191.6
2018,4,27,5,30,13.96,191.25
2018,4,27,6,30,13.74,191.4
2018,4,27,7,30,13.68,190.12
2018,4,27,8,30,13.88,188.06
2018,4,27,9,30,14.49,189.09
2018,4,27,10,30,14.26,186.71
2018,4,27,11,30,13.92,183.36
2018,4,27,12,30,13.67,181.09
2018,4,27,13,30,13.33,180.77
2018,4,27,14,30,13.74,176.37
2018,4,27,15,30,11.47,173.03
2018,4,27,16,30,10.51,163.76
2018,4,27,17,30,10.43,156.52
2018,4,27,18,30,10.82,153.32
2018,4,27,19,30,11.24,153.27
2018,4,27,20,30,11.05,149.65
2018,4,27,21,30,11.56,144.59
2018,4,27,22,30,13.61,147.98
2018,4,27,23,30,11.36,145.58
2018,4,28,0,30,12.16,152.14000000000001
2018,4,28,1,30,11.92,153.49
2018,4,28,2,30,10.5,156.70000000000002
2018,4,28,3,30,9.31,153.79
2018,4,28,4,30,10.58,146.35
2018,4,28,5,30,11.040000000000001,147.38
2018,4,28,6,30,10.46,163.57
2018,4,28,7,30,9.75,161.92000000000002
2018,4,28,8,30,9.38,158.57
2018,4,28,9,30,9.450000000000001,158.17000000000002
2018,4,28,10,30,9.59,160.02
2018,4,28,11,30,9.64,159.67000000000002
2018,4,28,12,30,8.85,154.29
2018,4,28,13,30,9.06,153.29
2018,4,28,14,30,8.6,148.03
2018,4,28,15,30,9.74,156.20000000000002
2018,4,28,16,30,10.07,152.44
2018,4,28,17,30,10.78,154.21
2018,4,28,18,30,10.5,152.53
2018,4,28,19,30,11.73,157.14000000000001
2018,4,28,20,30,11.64,157.78
2018,4,28,21,30,11.82,160.15
2018,4,28,22,30,11.66,159.07
2018,4,28,23,30,11.51,158.32
2018,4,29,0,30,11.27,159.39000000000001
2018,4,29,1,30,11.27,157.01
2018,4,29,2,30,10.96,157.53
2018,4,29,3,30,10.66,155.05
2018,4,29,4,30,11.58,158.77
2018,4,29,5,30,11.38,167
2018,4,29,6,30,11.28,168.20000000000002
2018,4,29,7,30,9.57,156.88
2018,4,29,8,30,10.120000000000001,158.66
2018,4,29,9,30,9.6,157.66
2018,4,29,10,30,10,167.19
2018,4,29,11,30,9.65,171.16
2018,4,29,12,30,9.9,173.68
2018,4,29,13,30,8.78,161.09
2018,4,29,14,30,9.43,148.4
2018,4,29,15,30,9.3,153.32
2018,4,29,16,30,9.21,153.46
2018,4,29,17,30,9.32,156.03
2018,4,29,18,30,8.950000000000001,151.47
2018,4,29,19,30,9.01,146.97
2018,4,29,20,30,9.76,148.67000000000002
2018,4,29,21,30,10.64,154.84
2018,4,29,22,30,10.77,154.28
2018,4,29,23,30,10.65,161.21
2018,4,30,0,30,11.05,162.84
2018,4,30,1,30,11.57,159.75
2018,4,30,2,30,12.07,160.32
2018,4,30,3,30,12.06,161.07
2018,4,30,4,30,12.76,166.41
2018,4,30,5,30,13.09,164
2018,4,30,6,30,13.540000000000001,167.33
2018,4,30,7,30,13.450000000000001,173.17000000000002
2018,4,30,8,30,13.65,175.03
2018,4,30,9,30,14.530000000000001,180.53
2018,4,30,10,30,14.73,181.43
2018,4,30,11,30,14.76,180.84
2018,4,30,12,30,15.47,181.14000000000001
2018,4,30,13,30,16.02,181.51
2018,4,30,14,30,16.72,182.95000000000002
2018,4,30,15,30,17.3,183.53
2018,4,30,16,30,17.62,184.41
2018,4,30,17,30,17.330000000000002,185.97
2018,4,30,18,30,16.89,189.73
2018,4,30,19,30,15.1,194.85
2018,4,30,20,30,13.52,199.28
2018,4,30,21,30,10.14,206.65
2018,4,30,22,30,8.3,202.52
2018,4,30,23,30,7.86,195.57
2018,5,1,0,30,7.2,198.66
2018,5,1,1,30,6.390000000000001,199.12
2018,5,1,2,30,5.14,196.19
2018,5,1,3,30,4.16,200.66
2018,5,1,4,30,3.7800000000000002,216.66
2018,5,1,5,30,3.35,228.95000000000002
2018,5,1,6,30,3.39,239.92000000000002
2018,5,1,7,30,3.52,230.74
2018,5,1,8,30,4.47,222.93
2018,5,1,9,30,5.71,241.8
2018,5,1,10,30,6.1000000000000005,247.37
2018,5,1,11,30,7.8100000000000005,252.97
2018,5,1,12,30,7.99,239.53
2018,5,1,13,30,7.28,234.15
2018,5,1,14,30,8.34,227.94
2018,5,1,15,30,9.15,217.62
2018,5,1,16,30,8.76,214.6
2018,5,1,17,30,8.38,213.39000000000001
2018,5,1,18,30,8.69,213.78
2018,5,1,19,30,9.38,209.16
2018,5,1,20,30,9.53,203.81
2018,5,1,21,30,9.32,213.59
2018,5,1,22,30,6.53,216.01
2018,5,1,23,30,8.58,203.03
2018,5,2,0,30,11.92,299.53000000000003
2018,5,2,1,30,11.05,298.51
2018,5,2,2,30,11.01,295.61
2018,5,2,3,30,9.46,294.74
2018,5,2,4,30,8.97,297.74
2018,5,2,5,30,7.82,292.32
2018,5,2,6,30,7.24,305
2018,5,2,7,30,6.88,306.36
2018,5,2,8,30,6.09,297.63
2018,5,2,9,30,4.97,296.08
2018,5,2,10,30,5.79,334.44
2018,5,2,11,30,4.21,335.05
2018,5,2,12,30,3.39,333.39
2018,5,2,13,30,3.77,343.87
2018,5,2,14,30,2.58,325.15000000000003
2018,5,2,15,30,1.7,312.5
2018,5,2,16,30,1.29,5.65
2018,5,2,17,30,1.1500000000000001,42.19
2018,5,2,18,30,2.02,26.61
2018,5,2,19,30,2.54,56.97
2018,5,2,20,30,3.06,92.2
2018,5,2,21,30,3.31,101.52
2018,5,2,22,30,2.52,103.75
2018,5,2,23,30,2.77,84.02
2018,5,3,0,30,3.2,75.52
2018,5,3,1,30,3.77,50.86
2018,5,3,2,30,5.54,49.07
2018,5,3,3,30,5.95,53.82
2018,5,3,4,30,4.94,38.730000000000004
2018,5,3,5,30,6.73,36.01
2018,5,3,6,30,7.23,30.78
2018,5,3,7,30,9.24,22.23
2018,5,3,8,30,9.26,21.81
2018,5,3,9,30,10.53,19.78
2018,5,3,10,30,10.81,18.95
2018,5,3,11,30,11.06,19.77
2018,5,3,12,30,11.53,21.11
2018,5,3,13,30,12.71,18.490000000000002
2018,5,3,14,30,13.49,19.52
2018,5,3,15,30,14.370000000000001,18.52
2018,5,3,16,30,14.19,16.86
2018,5,3,17,30,14.01,14.27
2018,5,3,18,30,14.84,12.94
2018,5,3,19,30,14.450000000000001,14.72
2018,5,3,20,30,14.51,15.27
2018,5,3,21,30,14.15,18.84
2018,5,3,22,30,13.47,19.91
2018,5,3,23,30,12.94,18.41
2018,5,4,0,30,12.85,18.8
2018,5,4,1,30,13.16,20.97
2018,5,4,2,30,14.370000000000001,18.82
2018,5,4,3,30,14.540000000000001,14.73
2018,5,4,4,30,15.49,15.22
2018,5,4,5,30,16.09,15.9
2018,5,4,6,30,17.55,17.830000000000002
2018,5,4,7,30,18.41,20.25
2018,5,4,8,30,19.21,20.3
2018,5,4,9,30,18.92,17.84
2018,5,4,10,30,18.59,13.19
2018,5,4,11,30,17.38,10.88
2018,5,4,12,30,17.73,9.53
2018,5,4,13,30,17.19,5.84
2018,5,4,14,30,18.32,2.21
2018,5,4,15,30,17.05,1.53
2018,5,4,16,30,15.56,0.6
2018,5,4,17,30,16.22,0.65
2018,5,4,18,30,16.69,356.61
2018,5,4,19,30,16.1,355.98
2018,5,4,20,30,16.28,355.33
2018,5,4,21,30,17.14,351.73
2018,5,4,22,30,16.98,348.73
2018,5,4,23,30,17.41,343.25
2018,5,5,0,30,17.62,340.94
2018,5,5,1,30,17.8,338.86
2018,5,5,2,30,17.67,334.22
2018,5,5,3,30,18.35,330.87
2018,5,5,4,30,18.96,325.40000000000003
2018,5,5,5,30,19.36,322.62
2018,5,5,6,30,19.12,318.96
2018,5,5,7,30,18.93,314.97
2018,5,5,8,30,18.67,311.66
2018,5,5,9,30,17.68,307.7
2018,5,5,10,30,17.19,304.93
2018,5,5,11,30,16.91,303.65000000000003
2018,5,5,12,30,16.31,303.96
2018,5,5,13,30,16.07,305.01
2018,5,5,14,30,14.72,302.09000000000003
2018,5,5,15,30,13.77,298.54
2018,5,5,16,30,13.65,298.90000000000003
2018,5,5,17,30,12.92,295.65000000000003
2018,5,5,18,30,12.65,293.56
2018,5,5,19,30,12.69,291.56
2018,5,5,20,30,12.290000000000001,290.6
2018,5,5,21,30,11.81,290.49
2018,5,5,22,30,11.040000000000001,288.21
2018,5,5,23,30,10.790000000000001,289.04
2018,5,6,0,30,10.73,293.52
2018,5,6,1,30,10.66,293.99
2018,5,6,2,30,10.84,291.78000000000003
2018,5,6,3,30,10.11,288.78000000000003
2018,5,6,4,30,8.61,288.04
2018,5,6,5,30,9.76,284.64
2018,5,6,6,30,9.63,288.96
2018,5,6,7,30,9.18,282.1
2018,5,6,8,30,8.27,277.62
2018,5,6,9,30,9.67,254.41
2018,5,6,10,30,9.27,261.35
2018,5,6,11,30,8.4,264.15
2018,5,6,12,30,9.8,253.37
2018,5,6,13,30,8.16,240.75
2018,5,6,14,30,6.68,239.03
2018,5,6,15,30,6.99,227
2018,5,6,16,30,7.26,229.53
2018,5,6,17,30,6.4,212.38
2018,5,6,18,30,6.74,215.18
2018,5,6,19,30,6.05,233.49
2018,5,6,20,30,6.5600000000000005,227.63
2018,5,6,21,30,6.03,227.45000000000002
2018,5,6,22,30,6.24,236.36
2018,5,6,23,30,5.5200000000000005,221.38
2018,5,7,0,30,3.43,208.47
2018,5,7,1,30,2.48,163.55
2018,5,7,2,30,4.29,159.97
2018,5,7,3,30,4.8100000000000005,135.71
2018,5,7,4,30,5.42,129.59
2018,5,7,5,30,7.13,138.82
2018,5,7,6,30,7.73,141.37
2018,5,7,7,30,7.57,122.94
2018,5,7,8,30,8.81,115.85000000000001
2018,5,7,9,30,10.19,114.16
2018,5,7,10,30,11,104.10000000000001
2018,5,7,11,30,11.94,105.22
2018,5,7,12,30,12.71,104.49000000000001
2018,5,7,13,30,13.76,102.16
2018,5,7,14,30,14.84,99.37
2018,5,7,15,30,15.85,105.63
2018,5,7,16,30,13.52,122.55
2018,5,7,17,30,13.82,118.93
2018,5,7,18,30,16.06,113.3
2018,5,7,19,30,14.81,119.86
2018,5,7,20,30,15.59,124.5
2018,5,7,21,30,14.52,120.03
2018,5,7,22,30,15.71,116.4
2018,5,7,23,30,16.43,118.44
2018,5,8,0,30,17.02,119.02
2018,5,8,1,30,16.71,118.8
2018,5,8,2,30,16.740000000000002,118.2
2018,5,8,3,30,16.46,120.97
2018,5,8,4,30,16.93,121.55
2018,5,8,5,30,17.45,119.61
2018,5,8,6,30,17.11,119.64
2018,5,8,7,30,16.32,116.79
2018,5,8,8,30,16,117.94
2018,5,8,9,30,15.16,114.42
2018,5,8,10,30,15.540000000000001,112.42
2018,5,8,11,30,14.98,111.42
2018,5,8,12,30,14.700000000000001,110.36
2018,5,8,13,30,14.19,104.79
2018,5,8,14,30,14.57,113.11
2018,5,8,15,30,15.09,111.69
2018,5,8,16,30,14.61,112.22
2018,5,8,17,30,14.13,112.94
2018,5,8,18,30,13.700000000000001,113.39
2018,5,8,19,30,13.16,112.48
2018,5,8,20,30,12.33,114.61
2018,5,8,21,30,12.85,115.60000000000001
2018,5,8,22,30,12.13,117.52
2018,5,8,23,30,11.11,115.56
2018,5,9,0,30,11.290000000000001,117.22
2018,5,9,1,30,12.18,115.32000000000001
2018,5,9,2,30,11.67,115.51
2018,5,9,3,30,11.790000000000001,115.9
2018,5,9,4,30,10.98,115.04
2018,5,9,5,30,10.78,116.88
2018,5,9,6,30,11.96,110.85000000000001
2018,5,9,7,30,11.620000000000001,111.51
2018,5,9,8,30,11.09,112.37
2018,5,9,9,30,10.86,112.39
2018,5,9,10,30,11.31,110.91
2018,5,9,11,30,10.9,111.7
2018,5,9,12,30,11.33,111.91
2018,5,9,13,30,10.290000000000001,108.49000000000001
2018,5,9,14,30,11.24,106.48
2018,5,9,15,30,11.09,108.97
2018,5,9,16,30,10.81,108.44
2018,5,9,17,30,10.59,110.37
2018,5,9,18,30,9.63,117.9
2018,5,9,19,30,9.450000000000001,119.46000000000001
2018,5,9,20,30,8.290000000000001,129.21
2018,5,9,21,30,8.71,149.59
2018,5,9,22,30,10.73,155.15
2018,5,9,23,30,9.84,152.45000000000002
2018,5,10,0,30,9.38,155.92000000000002
2018,5,10,1,30,9.02,160.03
2018,5,10,2,30,6.91,157.58
2018,5,10,3,30,6.32,162
2018,5,10,4,30,5.67,160.4
2018,5,10,5,30,6.07,164.65
2018,5,10,6,30,3.9,156.53
2018,5,10,7,30,3.66,151.5
2018,5,10,8,30,1.36,108.22
2018,5,10,9,30,1.95,87.43
2018,5,10,10,30,2.64,90.01
2018,5,10,11,30,3.98,92.67
2018,5,10,12,30,3.45,98.7
2018,5,10,13,30,3.89,93.59
2018,5,10,14,30,3.86,94.98
2018,5,10,15,30,5.42,85.27
2018,5,10,16,30,6.78,73.09
2018,5,10,17,30,6.66,69.35000000000001
2018,5,10,18,30,7.74,60.27
2018,5,10,19,30,8.85,51.76
2018,5,10,20,30,8.78,42.03
2018,5,10,21,30,10.3,43.22
2018,5,10,22,30,11.19,46.7
2018,5,10,23,30,11.06,43.71
2018,5,11,0,30,12.700000000000001,49.910000000000004
2018,5,11,1,30,14.11,54.5
2018,5,11,2,30,13.44,41.660000000000004
2018,5,11,3,30,14.68,33.88
2018,5,11,4,30,17.76,34.87
2018,5,11,5,30,16.6,31.32
2018,5,11,6,30,16.52,39.83
2018,5,11,7,30,15.92,54.61
2018,5,11,8,30,15.22,58.86
2018,5,11,9,30,15.4,62.43
2018,5,11,10,30,16.53,62.28
2018,5,11,11,30,16.76,64.15
2018,5,11,12,30,14.52,60.56
2018,5,11,13,30,15.24,60.64
2018,5,11,14,30,15.67,59.54
2018,5,11,15,30,15.85,55.04
2018,5,11,16,30,15.13,54.120000000000005
2018,5,11,17,30,13.46,54.72
2018,5,11,18,30,12.040000000000001,52.69
2018,5,11,19,30,11.63,46.63
2018,5,11,20,30,12.5,43.49
2018,5,11,21,30,10.4,51.31
2018,5,11,22,30,10.39,54.67
2018,5,11,23,30,9.82,50.63
2018,5,12,0,30,9.81,50.63
2018,5,12,1,30,10.24,51.4
2018,5,12,2,30,9.41,42.33
2018,5,12,3,30,8.08,30.12
2018,5,12,4,30,7.12,10.64
2018,5,12,5,30,7.3,353.52
2018,5,12,6,30,8.07,336.15000000000003
2018,5,12,7,30,8.78,321.18
2018,5,12,8,30,8.9,310.76
2018,5,12,9,30,8.67,293.26
2018,5,12,10,30,7.8100000000000005,275.5
2018,5,12,11,30,8.790000000000001,259.17
2018,5,12,12,30,9.07,254.86
2018,5,12,13,30,10.5,247.62
2018,5,12,14,30,11.19,250.53
2018,5,12,15,30,11.68,254.64000000000001
2018,5,12,16,30,10.58,251.38
2018,5,12,17,30,9.85,241.77
2018,5,12,18,30,10.15,236.98000000000002
2018,5,12,19,30,9.9,234.77
2018,5,12,20,30,8.1,230.64000000000001
2018,5,12,21,30,7.47,219.87
2018,5,12,22,30,8.32,210.63
2018,5,12,23,30,10.19,201.14000000000001
2018,5,13,0,30,11.03,201.49
2018,5,13,1,30,11.19,199.82
2018,5,13,2,30,11.93,199.24
2018,5,13,3,30,11.94,197.79
2018,5,13,4,30,11.98,197.87
2018,5,13,5,30,11.8,198.52
2018,5,13,6,30,11.01,203.1
2018,5,13,7,30,10.28,203.46
2018,5,13,8,30,10.36,201.96
2018,5,13,9,30,10.32,202.22
2018,5,13,10,30,10.23,203.99
2018,5,13,11,30,9.19,211.48000000000002
2018,5,13,12,30,8.33,212.25
2018,5,13,13,30,7.05,218.4
2018,5,13,14,30,5.72,229.17000000000002
2018,5,13,15,30,4.59,245.98000000000002
2018,5,13,16,30,3.71,266.72
2018,5,13,17,30,3.0100000000000002,253.29
2018,5,13,18,30,3.37,255.57
2018,5,13,19,30,3.2,284.41
2018,5,13,20,30,3.7600000000000002,260.32
2018,5,13,21,30,4.15,282.68
2018,5,13,22,30,6.71,303.35
2018,5,13,23,30,5.82,303.45
2018,5,14,0,30,7.18,297.7
2018,5,14,1,30,7.88,305.89
2018,5,14,2,30,6.51,311.87
2018,5,14,3,30,8.8,306.45
2018,5,14,4,30,8.72,309.91
2018,5,14,5,30,8.73,310.24
2018,5,14,6,30,8.56,314.99
2018,5,14,7,30,7.9,315.96
2018,5,14,8,30,9.39,309.62
2018,5,14,9,30,9.15,311.74
2018,5,14,10,30,8.01,302.32
2018,5,14,11,30,6.21,293.32
2018,5,14,12,30,5.82,282.17
2018,5,14,13,30,5.84,291.46
2018,5,14,14,30,5.13,281.32
2018,5,14,15,30,3.99,281.57
2018,5,14,16,30,6.32,256.2
2018,5,14,17,30,5.59,258.05
2018,5,14,18,30,4.92,257.9
2018,5,14,19,30,4.97,300.09000000000003
2018,5,14,20,30,4.3500000000000005,289.84000000000003
2018,5,14,21,30,5.22,302.37
2018,5,14,22,30,6.41,313.1
2018,5,14,23,30,7.25,316.92
2018,5,15,0,30,5.78,307.89
2018,5,15,1,30,7.67,309.03000000000003
2018,5,15,2,30,8.01,303.5
2018,5,15,3,30,8.17,306.23
2018,5,15,4,30,7.12,307.81
2018,5,15,5,30,6.5,301.83
2018,5,15,6,30,5.3500000000000005,309.69
2018,5,15,7,30,4.53,302.66
2018,5,15,8,30,2.7600000000000002,299.44
2018,5,15,9,30,2.69,273.32
2018,5,15,10,30,2.87,250.02
2018,5,15,11,30,2.3000000000000003,242.87
2018,5,15,12,30,1.21,206.32
2018,5,15,13,30,2.37,191.03
2018,5,15,14,30,2.45,180.86
2018,5,15,15,30,2.44,155.55
2018,5,15,16,30,3.18,144.38
2018,5,15,17,30,3.64,129.23
2018,5,15,18,30,3.27,126.52
2018,5,15,19,30,4.13,140.22
2018,5,15,20,30,4.21,137.36
2018,5,15,21,30,3.5,110.31
2018,5,15,22,30,2.77,127.62
2018,5,15,23,30,3.5300000000000002,211.96
2018,5,16,0,30,3.61,224.68
2018,5,16,1,30,3.58,224.84
2018,5,16,2,30,3.48,221.07
2018,5,16,3,30,2.68,226.54
2018,5,16,4,30,1.52,225.59
2018,5,16,5,30,1.62,217.07
2018,5,16,6,30,1.3900000000000001,220.71
2018,5,16,7,30,0.78,223.45000000000002
2018,5,16,8,30,1.28,29.82
2018,5,16,9,30,0.86,20.78
2018,5,16,10,30,1.42,37.19
2018,5,16,11,30,2.06,28.55
2018,5,16,12,30,1.84,30.46
2018,5,16,13,30,1.16,14.23
2018,5,16,14,30,2.04,23.76
2018,5,16,15,30,1.97,24.84
2018,5,16,16,30,2.11,26.75
2018,5,16,17,30,1.79,25.080000000000002
2018,5,16,18,30,0.85,13.47
2018,5,16,19,30,1.42,348.01
2018,5,16,20,30,1.3900000000000001,355.7
2018,5,16,21,30,0.76,326.73
2018,5,16,22,30,3.0300000000000002,332.31
2018,5,16,23,30,5.01,323.19
2018,5,17,0,30,5.84,323.19
2018,5,17,1,30,6.0600000000000005,325.2
2018,5,17,2,30,6.23,324.02
2018,5,17,3,30,6.91,327.31
2018,5,17,4,30,7.38,332
2018,5,17,5,30,7.34,333.19
2018,5,17,6,30,8.700000000000001,333.46
2018,5,17,7,30,9.52,355.27
2018,5,17,8,30,9.47,0.68
2018,5,17,9,30,8.18,26.900000000000002
2018,5,17,10,30,8.24,29.72
2018,5,17,11,30,8.120000000000001,33.47
2018,5,17,12,30,9.53,36.38
2018,5,17,13,30,10.9,37.5
2018,5,17,14,30,10.46,67.77
2018,5,17,15,30,12.01,70.26
2018,5,17,16,30,12.75,67.33
2018,5,17,17,30,13.790000000000001,74.07000000000001
2018,5,17,18,30,15.280000000000001,75.4
2018,5,17,19,30,16.66,82.26
2018,5,17,20,30,16.17,90.9
2018,5,17,21,30,17.41,102.04
2018,5,17,22,30,18.41,104.04
2018,5,17,23,30,18.09,101.37
2018,5,18,0,30,17.69,101.37
2018,5,18,1,30,17.71,107.52
2018,5,18,2,30,15.790000000000001,108.59
2018,5,18,3,30,16.37,117.83
2018,5,18,4,30,15.34,117.26
2018,5,18,5,30,14.16,115.74000000000001
2018,5,18,6,30,13.94,117.13
2018,5,18,7,30,14.22,121.15
2018,5,18,8,30,13.41,117.65
2018,5,18,9,30,12.89,107.51
2018,5,18,10,30,13.52,105.32000000000001
2018,5,18,11,30,12.75,109.34
2018,5,18,12,30,12.41,108.74000000000001
2018,5,18,13,30,12.870000000000001,110.15
2018,5,18,14,30,10.08,94.60000000000001
2018,5,18,15,30,9.98,85.42
2018,5,18,16,30,10.59,88.29
2018,5,18,17,30,10.42,94.5
2018,5,18,18,30,8.68,86.05
2018,5,18,19,30,7.58,90.63
2018,5,18,20,30,8.1,87.25
2018,5,18,21,30,7.49,94.81
2018,5,18,22,30,6.48,89.61
2018,5,18,23,30,7.45,99.32000000000001
2018,5,19,0,30,5.5200000000000005,92.42
2018,5,19,1,30,6.11,80.75
2018,5,19,2,30,5.11,63.9
2018,5,19,3,30,7.95,76.12
2018,5,19,4,30,8.19,86.06
2018,5,19,5,30,6.12,72.69
2018,5,19,6,30,3.62,45.58
2018,5,19,7,30,6.3,8.120000000000001
2018,5,19,8,30,9.66,4.22
2018,5,19,9,30,10.09,8.4
2018,5,19,10,30,10.55,28.44
2018,5,19,11,30,9.57,36.36
2018,5,19,12,30,7.61,42.02
2018,5,19,13,30,5.65,62.31
2018,5,19,14,30,4.87,77.68
2018,5,19,15,30,3.8000000000000003,92.81
2018,5,19,16,30,2.83,101.75
2018,5,19,17,30,2.22,111.01
2018,5,19,18,30,1.86,104.36
2018,5,19,19,30,2.0300000000000002,118.12
2018,5,19,20,30,4.32,112.34
2018,5,19,21,30,3.56,115.92
2018,5,19,22,30,2.2,300.64
2018,5,19,23,30,5.86,315.41
2018,5,20,0,30,5.25,316.07
2018,5,20,1,30,5.46,321.78000000000003
2018,5,20,2,30,6.5600000000000005,318.49
2018,5,20,3,30,6.16,321.66
2018,5,20,4,30,5.8100000000000005,323.41
2018,5,20,5,30,6.28,335.36
2018,5,20,6,30,6.91,345.93
2018,5,20,7,30,7.73,0.8
2018,5,20,8,30,9.83,13.55
2018,5,20,9,30,9.450000000000001,15.32
2018,5,20,10,30,9.85,11.63
2018,5,20,11,30,9.870000000000001,7.390000000000001
2018,5,20,12,30,10.290000000000001,3.83
2018,5,20,13,30,9.81,1.79
2018,5,20,14,30,9.69,354.91
2018,5,20,15,30,7.92,356.96
2018,5,20,16,30,6.58,352.3
2018,5,20,17,30,6.95,345.67
2018,5,20,18,30,7.930000000000001,345.01
2018,5,20,19,30,8.55,343.53000000000003
2018,5,20,20,30,8.05,341.56
2018,5,20,21,30,7.87,334.73
2018,5,20,22,30,9.64,330.45
2018,5,20,23,30,10.86,328.7
2018,5,21,0,30,11.65,326.78000000000003
2018,5,21,1,30,12.47,326.48
2018,5,21,2,30,13.07,326.29
2018,5,21,3,30,13.21,325.95
2018,5,21,4,30,13.290000000000001,326.31
2018,5,21,5,30,13.1,326.94
2018,5,21,6,30,13.26,327.35
2018,5,21,7,30,14.16,326.86
2018,5,21,8,30,14.06,327.95
2018,5,21,9,30,14.200000000000001,331.12
2018,5,21,10,30,14.290000000000001,333.43
2018,5,21,11,30,14.32,331.90000000000003
2018,5,21,12,30,13.9,328.62
2018,5,21,13,30,13.68,330.51
2018,5,21,14,30,13.25,326.49
2018,5,21,15,30,12.75,329.18
2018,5,21,16,30,11.870000000000001,328.97
2018,5,21,17,30,11.46,328.76
2018,5,21,18,30,10.66,334.01
2018,5,21,19,30,12.31,324.99
2018,5,21,20,30,11.700000000000001,325.68
2018,5,21,21,30,11.91,325.40000000000003
2018,5,21,22,30,12.46,325.32
2018,5,21,23,30,14.11,323.02
2018,5,22,0,30,14.33,320.96
2018,5,22,1,30,13.370000000000001,317.33
2018,5,22,2,30,12.63,321.74
2018,5,22,3,30,14.17,325.95
2018,5,22,4,30,15.08,322.94
2018,5,22,5,30,15.290000000000001,323.23
2018,5,22,6,30,16.84,325.37
2018,5,22,7,30,17.330000000000002,329.54
2018,5,22,8,30,16.75,324.63
2018,5,22,9,30,16.82,323.19
2018,5,22,10,30,15.57,321.97
2018,5,22,11,30,13.81,314.72
2018,5,22,12,30,14.48,311.71
2018,5,22,13,30,14.23,316.34000000000003
2018,5,22,14,30,13.93,319.55
2018,5,22,15,30,10.68,316.03000000000003
2018,5,22,16,30,9.4,316.21
2018,5,22,17,30,9.32,318.71
2018,5,22,18,30,8.35,317
2018,5,22,19,30,7.91,315.95
2018,5,22,20,30,7.28,313.56
2018,5,22,21,30,7.94,322.87
2018,5,22,22,30,6.43,311.40000000000003
2018,5,22,23,30,6.94,315.41
2018,5,23,0,30,6.3100000000000005,314.22
2018,5,23,1,30,5.38,310.58
2018,5,23,2,30,4.99,301.22
2018,5,23,3,30,3.81,309.58
2018,5,23,4,30,3.59,312.36
2018,5,23,5,30,2.63,312.02
2018,5,23,6,30,1.57,277.92
2018,5,23,7,30,0.76,299.64
2018,5,23,8,30,0.67,260.12
2018,5,23,9,30,0.65,215.29
2018,5,23,10,30,0.1,101.95
2018,5,23,11,30,1.12,122.25
2018,5,23,12,30,2.35,102.52
2018,5,23,13,30,3.56,101.62
2018,5,23,14,30,3.84,96.42
2018,5,23,15,30,4.8100000000000005,98.64
2018,5,23,16,30,5.24,107.81
2018,5,23,17,30,6.15,104.98
2018,5,23,18,30,5.76,106.81
2018,5,23,19,30,6.05,104.59
2018,5,23,20,30,6.15,92.46000000000001
2018,5,23,21,30,9.02,114.47
2018,5,23,22,30,7.640000000000001,108.85000000000001
2018,5,23,23,30,7.59,105.59
2018,5,24,0,30,7.74,115.57000000000001
2018,5,24,1,30,3.23,139.42000000000002
2018,5,24,2,30,1.73,145.28
2018,5,24,3,30,1.7,124.4
2018,5,24,4,30,5.63,110.12
2018,5,24,5,30,7.18,102.16
2018,5,24,6,30,6.83,85.87
2018,5,24,7,30,6.8500000000000005,74.83
2018,5,24,8,30,6.96,84.75
2018,5,24,9,30,6.22,83.19
2018,5,24,10,30,6.63,89.15
2018,5,24,11,30,6.46,80.37
2018,5,24,12,30,7.59,91.42
2018,5,24,13,30,7,95.10000000000001
2018,5,24,14,30,7.21,91.3
2018,5,24,15,30,6.41,89.32000000000001
2018,5,24,16,30,5.95,91.07000000000001
2018,5,24,17,30,4.68,84.72
2018,5,24,18,30,3.12,94.16
2018,5,24,19,30,3.38,107.08
2018,5,24,20,30,4,97.85000000000001
2018,5,24,21,30,4.41,107.66
2018,5,24,22,30,5.2700000000000005,111.60000000000001
2018,5,24,23,30,6.1000000000000005,107.43
2018,5,25,0,30,4.0200000000000005,109.73
2018,5,25,1,30,3.35,219.73000000000002
2018,5,25,2,30,0.81,274.81
2018,5,25,3,30,4,319.94
2018,5,25,4,30,5.79,315.14
2018,5,25,5,30,5.95,347.65000000000003
2018,5,25,6,30,5.88,1.09
2018,5,25,7,30,10.35,23.77
2018,5,25,8,30,11.55,21.22
2018,5,25,9,30,11.47,26.150000000000002
2018,5,25,10,30,11.4,42.27
2018,5,25,11,30,10.28,53.92
2018,5,25,12,30,10.71,51.07
2018,5,25,13,30,9.36,32.660000000000004
2018,5,25,14,30,9.02,25.59
2018,5,25,15,30,8.35,13.01
2018,5,25,16,30,7.7,12.69
2018,5,25,17,30,4.51,350.07
2018,5,25,18,30,6.890000000000001,331.83
2018,5,25,19,30,6.11,330.90000000000003
2018,5,25,20,30,7.04,328.11
2018,5,25,21,30,7.38,325.42
2018,5,25,22,30,7.68,327.21
2018,5,25,23,30,7.99,325.93
2018,5,26,0,30,7.91,322.87
2018,5,26,1,30,8.34,321.79
2018,5,26,2,30,9.91,322.3
2018,5,26,3,30,11.200000000000001,327.04
2018,5,26,4,30,11.91,330.85
2018,5,26,5,30,13.01,334.17
2018,5,26,6,30,14.040000000000001,334.34000000000003
2018,5,26,7,30,14.35,333
2018,5,26,8,30,13.82,336.01
2018,5,26,9,30,13.77,338.53000000000003
2018,5,26,10,30,12.57,336.76
2018,5,26,11,30,11.91,336.42
2018,5,26,12,30,11.620000000000001,335.15000000000003
2018,5,26,13,30,11.76,335.82
2018,5,26,14,30,11.620000000000001,335.06
2018,5,26,15,30,11.18,332.57
2018,5,26,16,30,9.58,338.36
2018,5,26,17,30,8.91,335.09000000000003
2018,5,26,18,30,9.540000000000001,328.58
2018,5,26,19,30,9.38,323.85
2018,5,26,20,30,9.31,316.16
2018,5,26,21,30,9.85,311.38
2018,5,26,22,30,10.46,309.99
2018,5,26,23,30,10.290000000000001,304.11
2018,5,27,0,30,9.950000000000001,304.33
2018,5,27,1,30,10.16,307.68
2018,5,27,2,30,9.84,303.11
2018,5,27,3,30,10.63,297.66
2018,5,27,4,30,10.64,298.83
2018,5,27,5,30,9.34,298.8
2018,5,27,6,30,8.73,301.93
2018,5,27,7,30,9.23,294.7
2018,5,27,8,30,8.77,296.89
2018,5,27,9,30,8.55,287.13
2018,5,27,10,30,8.870000000000001,298.48
2018,5,27,11,30,7.09,292.59000000000003
2018,5,27,12,30,7.61,295.93
2018,5,27,13,30,6.21,300.39
2018,5,27,14,30,8.46,295.66
2018,5,27,15,30,7.32,282.22
2018,5,27,16,30,7.32,296.99
2018,5,27,17,30,7.2700000000000005,304.78000000000003
2018,5,27,18,30,5.23,296.52
2018,5,27,19,30,4.37,288.33
2018,5,27,20,30,4.17,264.47
2018,5,27,21,30,5.25,257.41
2018,5,27,22,30,4.94,280.56
2018,5,27,23,30,6.88,299.07
2018,5,28,0,30,5.73,285.22
2018,5,28,1,30,5.92,270.15
2018,5,28,2,30,5.57,274.29
2018,5,28,3,30,6.88,290.71
2018,5,28,4,30,7.03,289.04
2018,5,28,5,30,6.65,290.95
2018,5,28,6,30,7.1000000000000005,286.7
2018,5,28,7,30,6.29,294.16
2018,5,28,8,30,5.92,296.67
2018,5,28,9,30,4.62,283.42
2018,5,28,10,30,2.7800000000000002,292.68
2018,5,28,11,30,1.27,294.09000000000003
2018,5,28,12,30,0.74,179.22
2018,5,28,13,30,2.57,144.24
2018,5,28,14,30,3.18,129.54
2018,5,28,15,30,4.33,116.72
2018,5,28,16,30,5.55,113.82000000000001
2018,5,28,17,30,6.140000000000001,118.79
2018,5,28,18,30,6.86,124.29
2018,5,28,19,30,8.97,146.75
2018,5,28,20,30,10.4,144.54
2018,5,28,21,30,9.78,143.74
2018,5,28,22,30,9.88,139.02
2018,5,28,23,30,10.370000000000001,146.23
2018,5,29,0,30,12.4,148.95000000000002
2018,5,29,1,30,11.15,137.78
2018,5,29,2,30,12.49,124.84
2018,5,29,3,30,12.65,117.23
2018,5,29,4,30,14.030000000000001,115.7
2018,5,29,5,30,13.8,121.46000000000001
2018,5,29,6,30,13.530000000000001,118.34
2018,5,29,7,30,14.15,117.34
2018,5,29,8,30,14.74,117.06
2018,5,29,9,30,14.49,114.71000000000001
2018,5,29,10,30,13.76,118.55
2018,5,29,11,30,12.870000000000001,121.17
2018,5,29,12,30,9.33,150.98
2018,5,29,13,30,9.76,188.94
2018,5,29,14,30,9.71,196.92000000000002
2018,5,29,15,30,10.17,203.09
2018,5,29,16,30,8.55,195.78
2018,5,29,17,30,8.540000000000001,195.09
2018,5,29,18,30,9.370000000000001,186.51
2018,5,29,19,30,9.200000000000001,186.95000000000002
2018,5,29,20,30,9.44,176.87
2018,5,29,21,30,10.13,177.31
2018,5,29,22,30,11.14,181.25
2018,5,29,23,30,11.3,177.96
2018,5,30,0,30,11.52,176.81
2018,5,30,1,30,11.82,176.58
2018,5,30,2,30,11.73,168.71
2018,5,30,3,30,12.77,169.47
2018,5,30,4,30,12.49,168.95000000000002
2018,5,30,5,30,12,167.08
2018,5,30,6,30,12.31,170.3
2018,5,30,7,30,12.06,167.71
2018,5,30,8,30,11.96,162.59
2018,5,30,9,30,11.42,166.49
2018,5,30,10,30,12.030000000000001,163.51
2018,5,30,11,30,12.61,165.55
2018,5,30,12,30,12.700000000000001,163.88
2018,5,30,13,30,12.620000000000001,166.16
2018,5,30,14,30,11.8,163.9
2018,5,30,15,30,11.89,160.87
2018,5,30,16,30,11.42,163.05
2018,5,30,17,30,11.34,161.44
2018,5,30,18,30,11.1,161.73
2018,5,30,19,30,10.870000000000001,163.28
2018,5,30,20,30,10.41,166.31
2018,5,30,21,30,9.58,167.25
2018,5,30,22,30,9.97,173.46
2018,5,30,23,30,10.51,170.71
2018,5,31,0,30,9.91,167.67000000000002
2018,5,31,1,30,8.120000000000001,165.59
2018,5,31,2,30,8.34,159.86
2018,5,31,3,30,6.8100000000000005,154.98
2018,5,31,4,30,7.3,158.36
2018,5,31,5,30,7.01,150.01
2018,5,31,6,30,6.0200000000000005,154.65
2018,5,31,7,30,5.72,150.52
2018,5,31,8,30,5.22,139.77
2018,5,31,9,30,5.65,133.03
2018,5,31,10,30,5.62,131.6
2018,5,31,11,30,5.4,109.69
2018,5,31,12,30,5.87,112.73
2018,5,31,13,30,5.67,104.95
2018,5,31,14,30,6.07,99.21000000000001
2018,5,31,15,30,6.22,99.05
2018,5,31,16,30,5.28,93.25
2018,5,31,17,30,5.28,94.96000000000001
2018,5,31,18,30,4.6000000000000005,89.13
2018,5,31,19,30,4.62,100.75
2018,5,31,20,30,6.2,66.89
2018,5,31,21,30,4.28,110.54
2018,5,31,22,30,5.18,104.45
2018,5,31,23,30,4.73,120.37
2018,6,1,0,30,1.1400000000000001,208.12
2018,6,1,1,30,2.37,67.13
2018,6,1,2,30,3.3200000000000003,320.29
2018,6,1,3,30,5.39,318.42
2018,6,1,4,30,3.9,327.47
2018,6,1,5,30,5.14,329.61
2018,6,1,6,30,6.11,334.74
2018,6,1,7,30,6.24,345.09000000000003
2018,6,1,8,30,6.05,344.6
2018,6,1,9,30,5.51,340.61
2018,6,1,10,30,5.22,334.77
2018,6,1,11,30,4.05,346.2
2018,6,1,12,30,4.72,347.69
2018,6,1,13,30,4.65,351.29
2018,6,1,14,30,3.63,351.03000000000003
2018,6,1,15,30,3.88,338.34000000000003
2018,6,1,16,30,4.26,329.65000000000003
2018,6,1,17,30,4.23,321.42
2018,6,1,18,30,5.09,316.31
2018,6,1,19,30,4.63,310.7
2018,6,1,20,30,4.3500000000000005,307.78000000000003
2018,6,1,21,30,7.3100000000000005,311.69
2018,6,1,22,30,6.18,314.38
2018,6,1,23,30,3.81,301.34000000000003
2018,6,2,0,30,4.78,218.56
2018,6,2,1,30,4.8100000000000005,217.6
2018,6,2,2,30,3.72,207.35
2018,6,2,3,30,4.55,194.18
2018,6,2,4,30,4.47,183.88
2018,6,2,5,30,5.73,183.77
2018,6,2,6,30,7.44,191.02
2018,6,2,7,30,6.16,184.59
2018,6,2,8,30,6.18,166.04
2018,6,2,9,30,6.33,178.49
2018,6,2,10,30,6.78,172.81
2018,6,2,11,30,7.0200000000000005,151.36
2018,6,2,12,30,8,151.65
2018,6,2,13,30,9.32,151.91
2018,6,2,14,30,9.24,152.75
2018,6,2,15,30,9.93,151.58
2018,6,2,16,30,9.86,142.07
2018,6,2,17,30,9.950000000000001,133.32
2018,6,2,18,30,10,137.37
2018,6,2,19,30,10.59,140.91
2018,6,2,20,30,10.38,141.26
2018,6,2,21,30,11.5,145.63
2018,6,2,22,30,12.25,147.96
2018,6,2,23,30,13.02,148.45000000000002
2018,6,3,0,30,13.56,150.78
2018,6,3,1,30,13.66,151.15
2018,6,3,2,30,12.65,149.76
2018,6,3,3,30,14.92,148.73
2018,6,3,4,30,12.63,152.9
2018,6,3,5,30,12.89,147.15
2018,6,3,6,30,13.43,144.38
2018,6,3,7,30,12.92,147.59
2018,6,3,8,30,13.8,140.96
2018,6,3,9,30,14.31,143.38
2018,6,3,10,30,13.49,147.67000000000002
2018,6,3,11,30,12.99,146.99
2018,6,3,12,30,12.48,145.78
2018,6,3,13,30,11.94,149.79
2018,6,3,14,30,11.1,154.88
2018,6,3,15,30,9.8,165
2018,6,3,16,30,7.5600000000000005,170.83
2018,6,3,17,30,6.62,167.72
2018,6,3,18,30,5.94,167.84
2018,6,3,19,30,5.55,172.94
2018,6,3,20,30,4.54,171.05
2018,6,3,21,30,4.61,179.19
2018,6,3,22,30,4.4,165.96
2018,6,3,23,30,4.43,161.77
2018,6,4,0,30,4.91,168.15
2018,6,4,1,30,4.89,154.76
2018,6,4,2,30,5.09,153.78
2018,6,4,3,30,3.8000000000000003,156.03
2018,6,4,4,30,4.32,154.27
2018,6,4,5,30,3.22,138.42000000000002
2018,6,4,6,30,2.7600000000000002,106.08
2018,6,4,7,30,2.36,95.88
2018,6,4,8,30,3.69,83.86
2018,6,4,9,30,5.26,98.57000000000001
2018,6,4,10,30,5.13,93.32000000000001
2018,6,4,11,30,7.28,98.82000000000001
2018,6,4,12,30,7.36,117.71000000000001
2018,6,4,13,30,6.37,104.35000000000001
2018,6,4,14,30,6.63,95.59
2018,6,4,15,30,8.040000000000001,114.83
2018,6,4,16,30,8.17,102.52
2018,6,4,17,30,9.27,105.99000000000001
2018,6,4,18,30,8.77,108.21000000000001
2018,6,4,19,30,7.71,106.41
2018,6,4,20,30,8.32,107.26
2018,6,4,21,30,7.61,98.27
2018,6,4,22,30,7.76,116.88
2018,6,4,23,30,8,108.12
2018,6,5,0,30,7.44,110.37
2018,6,5,1,30,7.13,128.16
2018,6,5,2,30,2.82,138.82
2018,6,5,3,30,0.92,94.42
2018,6,5,4,30,5.96,328.62
2018,6,5,5,30,7.61,325.91
2018,6,5,6,30,8.11,327.14
2018,6,5,7,30,10.31,336.82
2018,6,5,8,30,12.22,337.39
2018,6,5,9,30,10.84,323.03000000000003
2018,6,5,10,30,11.790000000000001,336.49
2018,6,5,11,30,9.55,4.94
2018,6,5,12,30,10.64,1.1400000000000001
2018,6,5,13,30,8.22,320.05
2018,6,5,14,30,11.44,317.81
2018,6,5,15,30,7.59,327.7
2018,6,5,16,30,4.05,351.68
2018,6,5,17,30,4.3500000000000005,29.78
2018,6,5,18,30,5.59,63.54
2018,6,5,19,30,6.11,77.29
2018,6,5,20,30,6.8100000000000005,106.37
2018,6,5,21,30,8.620000000000001,144.6
2018,6,5,22,30,8.21,135.63
2018,6,5,23,30,9.700000000000001,142.98
2018,6,6,0,30,9.28,148.24
2018,6,6,1,30,8.1,150.69
2018,6,6,2,30,6.47,163.13
2018,6,6,3,30,4.97,163.77
2018,6,6,4,30,4.61,185.64000000000001
2018,6,6,5,30,3.99,206.46
2018,6,6,6,30,3.67,213.61
2018,6,6,7,30,3.54,233.87
2018,6,6,8,30,3.3000000000000003,242.84
2018,6,6,9,30,4.04,293.90000000000003
2018,6,6,10,30,9.26,306.93
2018,6,6,11,30,10.67,313.1
2018,6,6,12,30,12.07,314.88
2018,6,6,13,30,12.94,317.12
2018,6,6,14,30,12.88,316.42
2018,6,6,15,30,12.82,314.57
2018,6,6,16,30,12.01,316.49
2018,6,6,17,30,11.03,319.31
2018,6,6,18,30,10.39,317.06
2018,6,6,19,30,9.13,324.32
2018,6,6,20,30,6.44,343.79
2018,6,6,21,30,6.19,349.57
2018,6,6,22,30,6.07,344.21
2018,6,6,23,30,6.55,320.04
2018,6,7,0,30,5.66,323.67
2018,6,7,1,30,3.96,2.4
2018,6,7,2,30,3.52,277.43
2018,6,7,3,30,7.26,327.63
2018,6,7,4,30,4.5200000000000005,335.51
2018,6,7,5,30,7.48,327.03000000000003
2018,6,7,6,30,6.68,335.8
2018,6,7,7,30,6.94,349.58
2018,6,7,8,30,7.05,355.09000000000003
2018,6,7,9,30,7.94,348.01
2018,6,7,10,30,8.76,355.86
2018,6,7,11,30,6.26,3.66
2018,6,7,12,30,5.6000000000000005,345.16
2018,6,7,13,30,6.42,331.62
2018,6,7,14,30,8.9,327.8
2018,6,7,15,30,9.450000000000001,330.07
2018,6,7,16,30,8.52,330.16
2018,6,7,17,30,8.34,325.5
2018,6,7,18,30,7.87,322.11
2018,6,7,19,30,7.79,321.61
2018,6,7,20,30,7.640000000000001,319.13
2018,6,7,21,30,7.4,316.89
2018,6,7,22,30,8.24,310.22
2018,6,7,23,30,9.47,310.24
2018,6,8,0,30,10.26,310.1
2018,6,8,1,30,11.16,311.33
2018,6,8,2,30,11.86,310.1
2018,6,8,3,30,11.97,314.53000000000003
2018,6,8,4,30,11.88,317.97
2018,6,8,5,30,11.32,319.52
2018,6,8,6,30,11.08,316.31
2018,6,8,7,30,10.42,314.13
2018,6,8,8,30,10.46,313.93
2018,6,8,9,30,10.26,318.03000000000003
2018,6,8,10,30,10.28,322.66
2018,6,8,11,30,9.88,323.43
2018,6,8,12,30,9.31,324.38
2018,6,8,13,30,7.78,328.67
2018,6,8,14,30,6.95,323.13
2018,6,8,15,30,6.79,315.48
2018,6,8,16,30,7.57,318.90000000000003
2018,6,8,17,30,7.640000000000001,319.43
2018,6,8,18,30,7.15,325.11
2018,6,8,19,30,6.28,319.90000000000003
2018,6,8,20,30,7.01,316.87
2018,6,8,21,30,7.0200000000000005,318.22
2018,6,8,22,30,7.37,315.15000000000003
2018,6,8,23,30,7.78,310.87
2018,6,9,0,30,7.71,312.63
2018,6,9,1,30,8.120000000000001,312.90000000000003
2018,6,9,2,30,8.16,313.52
2018,6,9,3,30,8.41,316.17
2018,6,9,4,30,8.56,317.26
2018,6,9,5,30,8.700000000000001,315.41
2018,6,9,6,30,8.38,318.8
2018,6,9,7,30,8.03,327.52
2018,6,9,8,30,8.28,325.1
2018,6,9,9,30,6.2700000000000005,329.56
2018,6,9,10,30,5.87,322.90000000000003
2018,6,9,11,30,6.84,319.29
2018,6,9,12,30,6.04,330.81
2018,6,9,13,30,4.7700000000000005,351.42
2018,6,9,14,30,3.04,27.400000000000002
2018,6,9,15,30,2.45,46.95
2018,6,9,16,30,1.57,74.93
2018,6,9,17,30,1.04,279.58
2018,6,9,18,30,2.5500000000000003,301.29
2018,6,9,19,30,4.6000000000000005,313.36
2018,6,9,20,30,4.58,308.26
2018,6,9,21,30,5,304.74
2018,6,9,22,30,6.25,312.24
2018,6,9,23,30,6.5,316.07
2018,6,10,0,30,3.5100000000000002,341.82
2018,6,10,1,30,4.64,321.5
2018,6,10,2,30,7.44,317.99
2018,6,10,3,30,6.67,312.68
2018,6,10,4,30,7.63,312.11
2018,6,10,5,30,6.140000000000001,334.74
2018,6,10,6,30,8.21,46.86
2018,6,10,7,30,5.3500000000000005,14.08
2018,6,10,8,30,8.14,5.88
2018,6,10,9,30,11.82,29.48
2018,6,10,10,30,11.55,28.42
2018,6,10,11,30,11.290000000000001,27.12
2018,6,10,12,30,11.91,22.97
2018,6,10,13,30,11.6,18.1
2018,6,10,14,30,11.01,17.27
2018,6,10,15,30,9.53,16.26
2018,6,10,16,30,6.91,10.05
2018,6,10,17,30,5.73,7.15
2018,6,10,18,30,4.8,355.3
2018,6,10,19,30,6.33,351.07
2018,6,10,20,30,7.12,345.57
2018,6,10,21,30,8.1,341.29
2018,6,10,22,30,8.91,331.76
2018,6,10,23,30,9.84,328.44
2018,6,11,0,30,10.06,326.66
2018,6,11,1,30,10.52,325.69
2018,6,11,2,30,11,325.83
2018,6,11,3,30,11.620000000000001,328.84000000000003
2018,6,11,4,30,11.16,333.52
2018,6,11,5,30,10.98,332.52
2018,6,11,6,30,11.34,336.62
2018,6,11,7,30,12.38,344.44
2018,6,11,8,30,12.13,353.45
2018,6,11,9,30,11.8,359.06
2018,6,11,10,30,12.24,9.870000000000001
2018,6,11,11,30,11.92,11.89
2018,6,11,12,30,10.59,12.26
2018,6,11,13,30,11.09,14.05
2018,6,11,14,30,11.64,19.5
2018,6,11,15,30,11.120000000000001,16.75
2018,6,11,16,30,10.53,17.34
2018,6,11,17,30,10.15,18.34
2018,6,11,18,30,10.65,18.66
2018,6,11,19,30,10.1,18.330000000000002
2018,6,11,20,30,9.51,16.88
2018,6,11,21,30,9.33,12.49
2018,6,11,22,30,9.22,12.17
2018,6,11,23,30,9.27,10.32
2018,6,12,0,30,9.63,8.84
2018,6,12,1,30,9.86,10.32
2018,6,12,2,30,10.1,13.14
2018,6,12,3,30,9.65,15.58
2018,6,12,4,30,9.44,17.46
2018,6,12,5,30,8.83,20.29
2018,6,12,6,30,8.52,22.400000000000002
2018,6,12,7,30,8.790000000000001,22.05
2018,6,12,8,30,6.57,20.68
2018,6,12,9,30,9.91,11.34
2018,6,12,10,30,9.73,13.48
2018,6,12,11,30,9.290000000000001,10.120000000000001
2018,6,12,12,30,9.09,12.32
2018,6,12,13,30,8.950000000000001,12.21
2018,6,12,14,30,8.25,10.26
2018,6,12,15,30,6.42,0.31
2018,6,12,16,30,5.26,347.85
2018,6,12,17,30,5.04,344.38
2018,6,12,18,30,5.16,336.67
2018,6,12,19,30,5.87,329.76
2018,6,12,20,30,6.25,323.23
2018,6,12,21,30,6.79,314.73
2018,6,12,22,30,7.5200000000000005,315.35
2018,6,12,23,30,7.890000000000001,317.05
2018,6,13,0,30,7.59,314.43
2018,6,13,1,30,8.01,315.08
2018,6,13,2,30,8.09,318.27
2018,6,13,3,30,8.53,318.94
2018,6,13,4,30,9.05,319.62
2018,6,13,5,30,9.41,320
2018,6,13,6,30,9.64,322.6
2018,6,13,7,30,10.120000000000001,321.86
2018,6,13,8,30,9.88,323.16
2018,6,13,9,30,9.74,328.07
2018,6,13,10,30,9.200000000000001,340.21
2018,6,13,11,30,8.370000000000001,341.97
2018,6,13,12,30,8.19,343.78000000000003
2018,6,13,13,30,7.98,344.55
2018,6,13,14,30,7.48,344.11
2018,6,13,15,30,5.36,339.43
2018,6,13,16,30,3.92,335.56
2018,6,13,17,30,3.92,331.04
2018,6,13,18,30,4.41,324.36
2018,6,13,19,30,4.63,321.77
2018,6,13,20,30,5.2700000000000005,325.63
2018,6,13,21,30,5.45,320.71
2018,6,13,22,30,5.7700000000000005,314.83
2018,6,13,23,30,6.93,315.95
2018,6,14,0,30,7.3500000000000005,316.34000000000003
2018,6,14,1,30,7.0200000000000005,316.67
2018,6,14,2,30,7.07,315.35
2018,6,14,3,30,7.45,315.38
2018,6,14,4,30,8.06,316.69
2018,6,14,5,30,8.28,318.26
2018,6,14,6,30,8.88,321.67
2018,6,14,7,30,9.07,321.55
2018,6,14,8,30,9.27,322.49
2018,6,14,9,30,9.28,324.33
2018,6,14,10,30,9.38,328.45
2018,6,14,11,30,9.290000000000001,328.5
2018,6,14,12,30,9.22,325.41
2018,6,14,13,30,9.4,322.65000000000003
2018,6,14,14,30,8.870000000000001,320.2
2018,6,14,15,30,8.31,319.40000000000003
2018,6,14,16,30,7.86,319.82
2018,6,14,17,30,7.07,320.19
2018,6,14,18,30,6.3100000000000005,320.02
2018,6,14,19,30,5.92,319.94
2018,6,14,20,30,5.49,314.01
2018,6,14,21,30,5.5600000000000005,314.6
2018,6,14,22,30,5.12,313.53000000000003
2018,6,14,23,30,5.38,312.04
2018,6,15,0,30,6.09,312.39
2018,6,15,1,30,6.0600000000000005,316.89
2018,6,15,2,30,5.65,317.22
2018,6,15,3,30,5.3100000000000005,315.55
2018,6,15,4,30,5.37,316.29
2018,6,15,5,30,5.24,325.40000000000003
2018,6,15,6,30,4.48,339.96
2018,6,15,7,30,6.11,24.48
2018,6,15,8,30,5.99,39.22
2018,6,15,9,30,6.26,43.86
2018,6,15,10,30,7.8100000000000005,45.15
2018,6,15,11,30,8.8,49.620000000000005
2018,6,15,12,30,9.32,56.17
2018,6,15,13,30,9.74,58.34
2018,6,15,14,30,10.61,55.34
2018,6,15,15,30,10.56,47.77
2018,6,15,16,30,8.75,48.57
2018,6,15,17,30,8.22,55.77
2018,6,15,18,30,8.89,74.3
2018,6,15,19,30,8.38,69.63
2018,6,15,20,30,7.11,59.58
2018,6,15,21,30,6.91,66.89
2018,6,15,22,30,8.45,54.08
2018,6,15,23,30,9.99,55.28
2018,6,16,0,30,10.24,52.65
2018,6,16,1,30,9.94,59.01
2018,6,16,2,30,9.99,66.27
2018,6,16,3,30,10.22,65.8
2018,6,16,4,30,8.86,78.4
2018,6,16,5,30,5.67,121.33
2018,6,16,6,30,3.85,94.65
2018,6,16,7,30,2.83,82.24
2018,6,16,8,30,6.26,54.25
2018,6,16,9,30,10.34,32.76
2018,6,16,10,30,10.72,27.28
2018,6,16,11,30,11.34,27.91
2018,6,16,12,30,11.8,26.72
2018,6,16,13,30,12.41,23.26
2018,6,16,14,30,13.25,19.76
2018,6,16,15,30,14,24.97
2018,6,16,16,30,14.950000000000001,27.12
2018,6,16,17,30,14.8,29.91
2018,6,16,18,30,14.55,28.82
2018,6,16,19,30,14.16,30.04
2018,6,16,20,30,13.06,31.3
2018,6,16,21,30,12.51,31.14
2018,6,16,22,30,12.11,34.11
2018,6,16,23,30,10.99,37.06
2018,6,17,0,30,9.66,37.550000000000004
2018,6,17,1,30,8.620000000000001,37.63
2018,6,17,2,30,9.55,32.82
2018,6,17,3,30,9.73,32.83
2018,6,17,4,30,9.75,29.26
2018,6,17,5,30,9.56,30.69
2018,6,17,6,30,10.34,22.87
2018,6,17,7,30,10.96,20.97
2018,6,17,8,30,12.280000000000001,9.07
2018,6,17,9,30,12.27,5.5600000000000005
2018,6,17,10,30,11.08,6.97
2018,6,17,11,30,9.96,7.17
2018,6,17,12,30,10.5,9.46
2018,6,17,13,30,10.81,9.51
2018,6,17,14,30,10.39,9.34
2018,6,17,15,30,8.93,9.25
2018,6,17,16,30,8.26,11.16
2018,6,17,17,30,7.24,10.18
2018,6,17,18,30,7.6000000000000005,13.52
2018,6,17,19,30,7.18,10.49
2018,6,17,20,30,7.33,5.88
2018,6,17,21,30,7.98,359.86
2018,6,17,22,30,7.53,358.31
2018,6,17,23,30,5.45,34.82
2018,6,18,0,30,6.15,43.86
2018,6,18,1,30,7.3100000000000005,39.38
2018,6,18,2,30,6.8500000000000005,35.6
2018,6,18,3,30,7.4,34.17
2018,6,18,4,30,8.27,24.91
2018,6,18,5,30,9.55,17.17
2018,6,18,6,30,9.34,8.47
2018,6,18,7,30,10.02,5.32
2018,6,18,8,30,10.96,3.8000000000000003
2018,6,18,9,30,11.33,11.17
2018,6,18,10,30,9.5,13.07
2018,6,18,11,30,7.71,22.73
2018,6,18,12,30,4.69,39.85
2018,6,18,13,30,4.07,46.45
2018,6,18,14,30,5.17,52.08
2018,6,18,15,30,5.4,46.24
2018,6,18,16,30,5.13,32.22
2018,6,18,17,30,4.93,34.9
2018,6,18,18,30,5.01,44.76
2018,6,18,19,30,5.04,39.62
2018,6,18,20,30,4.73,42.82
2018,6,18,21,30,5.4,34.12
2018,6,18,22,30,4.67,30.490000000000002
2018,6,18,23,30,5.14,15.89
2018,6,19,0,30,6.87,7.3
2018,6,19,1,30,5.65,350.09000000000003
2018,6,19,2,30,6.640000000000001,327.92
2018,6,19,3,30,7.1000000000000005,346.17
2018,6,19,4,30,2.74,19.63
2018,6,19,5,30,2.29,345.59000000000003
2018,6,19,6,30,3.83,335.32
2018,6,19,7,30,4.43,339.92
2018,6,19,8,30,4.97,332.26
2018,6,19,9,30,5,15.790000000000001
2018,6,19,10,30,7.95,20
2018,6,19,11,30,7.07,13.63
2018,6,19,12,30,7.58,30.98
2018,6,19,13,30,9.540000000000001,173.17000000000002
2018,6,19,14,30,9.08,172.77
2018,6,19,15,30,7.79,164.32
2018,6,19,16,30,7.640000000000001,167.18
2018,6,19,17,30,8.22,155.65
2018,6,19,18,30,9.39,148.41
2018,6,19,19,30,8.700000000000001,151.66
2018,6,19,20,30,8.31,148.17000000000002
2018,6,19,21,30,7.41,167.36
2018,6,19,22,30,7.37,168.81
2018,6,19,23,30,6.26,162.9
2018,6,20,0,30,8.23,156.66
2018,6,20,1,30,9.97,160
2018,6,20,2,30,11.44,154.33
2018,6,20,3,30,9.56,156.86
2018,6,20,4,30,8.16,158.76
2018,6,20,5,30,8.36,155.43
2018,6,20,6,30,6.8500000000000005,156.03
2018,6,20,7,30,4.93,148.69
2018,6,20,8,30,3.41,129.47
2018,6,20,9,30,3.13,102.02
2018,6,20,10,30,3.3000000000000003,77.12
2018,6,20,11,30,3.69,59.82
2018,6,20,12,30,4.54,40.01
2018,6,20,13,30,6.94,57.550000000000004
2018,6,20,14,30,8.2,47.69
2018,6,20,15,30,7.5,56.86
2018,6,20,16,30,5.25,58.26
2018,6,20,17,30,3.99,55.43
2018,6,20,18,30,4.57,49.47
2018,6,20,19,30,4.21,41.660000000000004
2018,6,20,20,30,5.67,39.39
2018,6,20,21,30,4.1,76.27
2018,6,20,22,30,4.94,10.27
2018,6,20,23,30,4.2700000000000005,73.63
2018,6,21,0,30,4.8500000000000005,329.47
2018,6,21,1,30,3.79,335.96
2018,6,21,2,30,4.05,0.5700000000000001
2018,6,21,3,30,4.6000000000000005,329.63
2018,6,21,4,30,5.84,339.28000000000003
2018,6,21,5,30,4.8100000000000005,7.32
2018,6,21,6,30,5.94,353.84000000000003
2018,6,21,7,30,7.28,14.96
2018,6,21,8,30,8.51,1.42
2018,6,21,9,30,8.91,14.370000000000001
2018,6,21,10,30,8.84,11.51
2018,6,21,11,30,7.87,20.88
2018,6,21,12,30,8.99,15.68
2018,6,21,13,30,8.44,10.700000000000001
2018,6,21,14,30,8.67,2.73
2018,6,21,15,30,7.78,346.67
2018,6,21,16,30,7.19,350.53000000000003
2018,6,21,17,30,8.49,345.72
2018,6,21,18,30,8.13,336.08
2018,6,21,19,30,8.92,330.13
2018,6,21,20,30,10.8,322.96
2018,6,21,21,30,10.75,316.7
2018,6,21,22,30,11.01,310.87
2018,6,21,23,30,11.34,299.33
2018,6,22,0,30,11.74,291.64
2018,6,22,1,30,11.620000000000001,282.09000000000003
2018,6,22,2,30,11.73,273.91
2018,6,22,3,30,12.68,268
2018,6,22,4,30,13.040000000000001,261.33
2018,6,22,5,30,15.290000000000001,257.26
2018,6,22,6,30,15.780000000000001,250.28
2018,6,22,7,30,15.34,243.89000000000001
2018,6,22,8,30,15.07,240.79
2018,6,22,9,30,14.59,237.91
2018,6,22,10,30,14.35,235.16
2018,6,22,11,30,13.69,232.43
2018,6,22,12,30,13.280000000000001,229.43
2018,6,22,13,30,13.290000000000001,231.41
2018,6,22,14,30,12.51,226.70000000000002
2018,6,22,15,30,12.5,224.09
2018,6,22,16,30,12.17,222.11
2018,6,22,17,30,10.88,218.52
2018,6,22,18,30,9.620000000000001,215.49
2018,6,22,19,30,9.32,213.92000000000002
2018,6,22,20,30,7.95,211.72
2018,6,22,21,30,4.8500000000000005,216.03
2018,6,22,22,30,4.3100000000000005,212.15
2018,6,22,23,30,5.15,218.01
2018,6,23,0,30,9.3,215.11
2018,6,23,1,30,9.9,213.41
2018,6,23,2,30,9.41,218.5
2018,6,23,3,30,7.68,207.52
2018,6,23,4,30,9.65,199.25
2018,6,23,5,30,10.23,203.66
2018,6,23,6,30,7.86,196.63
2018,6,23,7,30,9,207.9
2018,6,23,8,30,7.7,209.32
2018,6,23,9,30,8.71,213.83
2018,6,23,10,30,7.34,207.65
2018,6,23,11,30,7.22,204.56
2018,6,23,12,30,7.47,208.48000000000002
2018,6,23,13,30,6.140000000000001,203.6
2018,6,23,14,30,5.98,207.31
2018,6,23,15,30,6.17,202.32
2018,6,23,16,30,5.8,205.97
2018,6,23,17,30,7.61,204.05
2018,6,23,18,30,5.67,193.28
2018,6,23,19,30,5.26,207.88
2018,6,23,20,30,4.9,213.75
2018,6,23,21,30,6.01,195.02
2018,6,23,22,30,6.05,189.9
2018,6,23,23,30,8.15,196.53
2018,6,24,0,30,5.89,180.9
2018,6,24,1,30,7.03,190.74
2018,6,24,2,30,7.33,189.57
2018,6,24,3,30,6.96,181.29
2018,6,24,4,30,6.74,168.5
2018,6,24,5,30,6.94,167.08
2018,6,24,6,30,6.88,164.71
2018,6,24,7,30,7.33,160.87
2018,6,24,8,30,5.86,167.17000000000002
2018,6,24,9,30,5.5,156.12
2018,6,24,10,30,8.09,147.42000000000002
2018,6,24,11,30,5.11,167.78
2018,6,24,12,30,6.87,166.49
2018,6,24,13,30,5.69,144.28
2018,6,24,14,30,5.29,134.52
2018,6,24,15,30,6.29,142.22
2018,6,24,16,30,7.25,147.85
2018,6,24,17,30,6.69,146.16
2018,6,24,18,30,6.79,171.19
2018,6,24,19,30,4.66,157.64000000000001
2018,6,24,20,30,5.75,162.06
2018,6,24,21,30,4.69,164.12
2018,6,24,22,30,5.2,166.96
2018,6,24,23,30,5.19,169.44
2018,6,25,0,30,3.65,165.03
2018,6,25,1,30,6.22,169.26
2018,6,25,2,30,5.29,190.25
2018,6,25,3,30,5.01,176.52
2018,6,25,4,30,3.87,161.25
2018,6,25,5,30,4.78,153.08
2018,6,25,6,30,4.5200000000000005,155.07
2018,6,25,7,30,4.25,132.84
2018,6,25,8,30,5.38,132.85
2018,6,25,9,30,6.24,104.86
2018,6,25,10,30,7.12,114.94
2018,6,25,11,30,8.77,109.34
2018,6,25,12,30,7.96,123.08
2018,6,25,13,30,7.32,125.65
2018,6,25,14,30,7.19,119.56
2018,6,25,15,30,8.57,111.06
2018,6,25,16,30,8.77,117.02
2018,6,25,17,30,8.16,117.02
2018,6,25,18,30,7.46,117.84
2018,6,25,19,30,8.22,107.81
2018,6,25,20,30,8.620000000000001,116.19
2018,6,25,21,30,8.790000000000001,115.08
2018,6,25,22,30,8.99,110.25
2018,6,25,23,30,10.35,114.87
2018,6,26,0,30,8.790000000000001,131.33
2018,6,26,1,30,6.8100000000000005,138.42000000000002
2018,6,26,2,30,6.24,137.20000000000002
2018,6,26,3,30,5.36,151.78
2018,6,26,4,30,8.9,122.94
2018,6,26,5,30,7.890000000000001,119.79
2018,6,26,6,30,7.16,103.53
2018,6,26,7,30,6.0600000000000005,92.71000000000001
2018,6,26,8,30,7.43,82.27
2018,6,26,9,30,9.32,58.61
2018,6,26,10,30,9.1,79.49
2018,6,26,11,30,10.21,91.72
2018,6,26,12,30,11.65,92.83
2018,6,26,13,30,11.21,97.36
2018,6,26,14,30,12.41,88.99
2018,6,26,15,30,12.05,87.06
2018,6,26,16,30,13.34,83.7
2018,6,26,17,30,13.790000000000001,83.97
2018,6,26,18,30,13.46,86.72
2018,6,26,19,30,13.89,88.63
2018,6,26,20,30,13.49,92.4
2018,6,26,21,30,12.57,94.72
2018,6,26,22,30,13.780000000000001,106.61
2018,6,26,23,30,10.89,114.35000000000001
2018,6,27,0,30,10.36,143.29
2018,6,27,1,30,8.33,140.52
2018,6,27,2,30,9.09,126.79
2018,6,27,3,30,9.66,122.52
2018,6,27,4,30,8.76,119.72
2018,6,27,5,30,7.08,105.12
2018,6,27,6,30,9.18,114.43
2018,6,27,7,30,7.09,92.57000000000001
2018,6,27,8,30,9.34,82.97
2018,6,27,9,30,9.13,83.08
2018,6,27,10,30,8.68,84.49
2018,6,27,11,30,8.48,89.04
2018,6,27,12,30,7.25,81.99
2018,6,27,13,30,8.88,91.18
2018,6,27,14,30,7.97,86.35000000000001
2018,6,27,15,30,8.08,80.89
2018,6,27,16,30,7.8100000000000005,96.98
2018,6,27,17,30,6.08,108.71000000000001
2018,6,27,18,30,7.32,117.03
2018,6,27,19,30,7.55,114.57000000000001
2018,6,27,20,30,7.15,147.56
2018,6,27,21,30,6.57,170.63
2018,6,27,22,30,5.8,163.23
2018,6,27,23,30,7.53,152.89000000000001
2018,6,28,0,30,7.15,152.17000000000002
2018,6,28,1,30,5.22,133.87
2018,6,28,2,30,6.1000000000000005,112.51
2018,6,28,3,30,4.8,135.53
2018,6,28,4,30,6.1000000000000005,117.72
2018,6,28,5,30,8.1,127.77
2018,6,28,6,30,8.18,128.9
2018,6,28,7,30,7.91,112.77
2018,6,28,8,30,8.76,108.56
2018,6,28,9,30,8.48,109.18
2018,6,28,10,30,8.18,111.61
2018,6,28,11,30,7.6000000000000005,115.42
2018,6,28,12,30,7.62,113.11
2018,6,28,13,30,7.05,105.46000000000001
2018,6,28,14,30,7.44,92.22
2018,6,28,15,30,7.07,93.85000000000001
2018,6,28,16,30,6.5600000000000005,99.54
2018,6,28,17,30,6.04,85.25
2018,6,28,18,30,6.26,84.86
2018,6,28,19,30,6.24,94.32000000000001
2018,6,28,20,30,5.05,100.42
2018,6,28,21,30,2.88,126.41
2018,6,28,22,30,5.33,117.56
2018,6,28,23,30,3.34,132.63
2018,6,29,0,30,2.38,236.68
2018,6,29,1,30,4.21,247.27
2018,6,29,2,30,5.57,306.75
2018,6,29,3,30,6.21,323.78000000000003
2018,6,29,4,30,5.91,337.5
2018,6,29,5,30,5.39,335.64
2018,6,29,6,30,3.92,14.19
2018,6,29,7,30,2.33,59.51
2018,6,29,8,30,1.16,52.050000000000004
2018,6,29,9,30,2.0100000000000002,110.33
2018,6,29,10,30,2.1,162.72
2018,6,29,11,30,1.67,141.59
2018,6,29,12,30,1.74,116.21000000000001
2018,6,29,13,30,1.42,151.34
2018,6,29,14,30,3.47,169.47
2018,6,29,15,30,4.79,205.27
2018,6,29,16,30,3.7800000000000002,200.57
2018,6,29,17,30,4.21,195.05
2018,6,29,18,30,4.99,195.11
2018,6,29,19,30,5.29,195.05
2018,6,29,20,30,4.89,199.51
2018,6,29,21,30,5.46,209.78
2018,6,29,22,30,6.05,210.91
2018,6,29,23,30,6.51,206.05
2018,6,30,0,30,5.99,208.12
2018,6,30,1,30,5.8100000000000005,205.81
2018,6,30,2,30,5.7700000000000005,200.33
2018,6,30,3,30,5.38,206.85
2018,6,30,4,30,4.87,207.13
2018,6,30,5,30,4.0600000000000005,208.38
2018,6,30,6,30,3.61,207.82
2018,6,30,7,30,4.01,202.27
2018,6,30,8,30,2.19,192.07
2018,6,30,9,30,0.66,95.34
2018,6,30,10,30,1.34,341.75
2018,6,30,11,30,3.65,318.25
2018,6,30,12,30,4.54,309.82
2018,6,30,13,30,4.48,305.25
2018,6,30,14,30,4.53,306.53000000000003
2018,6,30,15,30,4.19,305.58
2018,6,30,16,30,4.23,308.08
2018,6,30,17,30,4.16,313.98
2018,6,30,18,30,3.72,314.21
2018,6,30,19,30,3.98,315.12
2018,6,30,20,30,4.53,309.49
2018,6,30,21,30,4.59,307.2
2018,6,30,22,30,4.7700000000000005,316.64
2018,6,30,23,30,4.57,317.22
2018,7,1,0,30,5.44,312.78000000000003
2018,7,1,1,30,5.3,314.3
2018,7,1,2,30,5.05,311.06
2018,7,1,3,30,5.17,307.47
2018,7,1,4,30,5.98,309.7
2018,7,1,5,30,6.58,312.49
2018,7,1,6,30,6.34,311.59000000000003
2018,7,1,7,30,6.73,314.8
2018,7,1,8,30,6.72,321.97
2018,7,1,9,30,5.93,325.6
2018,7,1,10,30,5.28,311.58
2018,7,1,11,30,5.18,319.11
2018,7,1,12,30,5.33,337.22
2018,7,1,13,30,5.3,336.64
2018,7,1,14,30,4.82,336.90000000000003
2018,7,1,15,30,2.22,18.44
2018,7,1,16,30,0.93,172.45000000000002
2018,7,1,17,30,1.25,195.22
2018,7,1,18,30,1.3800000000000001,175.66
2018,7,1,19,30,1.24,228.23000000000002
2018,7,1,20,30,1.32,233.28
2018,7,1,21,30,2.45,238.9
2018,7,1,22,30,4.51,234.1
2018,7,1,23,30,4.38,228.41
2018,7,2,0,30,6.29,216.31
2018,7,2,1,30,5.7,221.49
2018,7,2,2,30,5.5,223.24
2018,7,2,3,30,4.43,232.48000000000002
2018,7,2,4,30,4.75,218.5
2018,7,2,5,30,4.55,215.15
2018,7,2,6,30,4.79,233.36
2018,7,2,7,30,5.0200000000000005,232.21
2018,7,2,8,30,5.5200000000000005,220.63
2018,7,2,9,30,5.11,226.89000000000001
2018,7,2,10,30,4.7,230.02
2018,7,2,11,30,4.07,225.15
2018,7,2,12,30,3.96,227.96
2018,7,2,13,30,3.83,223.95000000000002
2018,7,2,14,30,3.72,223.48000000000002
2018,7,2,15,30,2.67,235.42000000000002
2018,7,2,16,30,2.27,229.27
2018,7,2,17,30,3.13,226.9
2018,7,2,18,30,2.79,218.63
2018,7,2,19,30,3.89,209.54
2018,7,2,20,30,3.83,207.54
2018,7,2,21,30,3.41,241.81
2018,7,2,22,30,3.74,208.33
2018,7,2,23,30,2.56,216.89000000000001
2018,7,3,0,30,2.49,232.74
2018,7,3,1,30,3.65,210.83
2018,7,3,2,30,2.64,233.21
2018,7,3,3,30,1.3900000000000001,289.08
2018,7,3,4,30,0.96,324.43
2018,7,3,5,30,1.35,358.6
2018,7,3,6,30,1.29,6.640000000000001
2018,7,3,7,30,2.04,11.72
2018,7,3,8,30,3.69,17.86
2018,7,3,9,30,5.0600000000000005,30.54
2018,7,3,10,30,4.22,38.63
2018,7,3,11,30,3.92,55.54
2018,7,3,12,30,4.64,58.17
2018,7,3,13,30,4.96,64.46000000000001
2018,7,3,14,30,6.24,71.60000000000001
2018,7,3,15,30,7,80.37
2018,7,3,16,30,6.75,83.91
2018,7,3,17,30,7.03,85.68
2018,7,3,18,30,7.04,93.19
2018,7,3,19,30,7.0600000000000005,100.19
2018,7,3,20,30,6.92,101.36
2018,7,3,21,30,6.72,108.98
2018,7,3,22,30,7.28,117.87
2018,7,3,23,30,6.0200000000000005,120.08
2018,7,4,0,30,5.95,204.07
2018,7,4,1,30,4.61,198.49
2018,7,4,2,30,3.7600000000000002,159.20000000000002
2018,7,4,3,30,5.64,215.17000000000002
2018,7,4,4,30,4.26,182.08
2018,7,4,5,30,2.86,130.59
2018,7,4,6,30,6.3,162.92000000000002
2018,7,4,7,30,4.36,181.63
2018,7,4,8,30,2.57,154.83
2018,7,4,9,30,2.82,97.17
2018,7,4,10,30,3.8200000000000003,84.73
2018,7,4,11,30,4.39,99.44
2018,7,4,12,30,3.85,97.56
2018,7,4,13,30,3.96,95.36
2018,7,4,14,30,4.41,100.63
2018,7,4,15,30,4.17,104.9
2018,7,4,16,30,3.44,93.93
2018,7,4,17,30,2.7600000000000002,110.77
2018,7,4,18,30,1.53,110.66
2018,7,4,19,30,0.4,89.94
2018,7,4,20,30,1.01,236.09
2018,7,4,21,30,3.38,308.07
2018,7,4,22,30,4.34,311.55
2018,7,4,23,30,5.1000000000000005,309.71
2018,7,5,0,30,5.58,312.69
2018,7,5,1,30,6.42,310.94
2018,7,5,2,30,6.75,304.95
2018,7,5,3,30,7.0600000000000005,302.91
2018,7,5,4,30,7.54,302.56
2018,7,5,5,30,6.87,296.99
2018,7,5,6,30,6.66,292.53000000000003
2018,7,5,7,30,6.23,286.93
2018,7,5,8,30,5.83,288.04
2018,7,5,9,30,6.83,289.06
2018,7,5,10,30,7.1000000000000005,291.72
2018,7,5,11,30,8.09,293.35
2018,7,5,12,30,8.63,292.52
2018,7,5,13,30,9.55,293.68
2018,7,5,14,30,9.56,297.72
2018,7,5,15,30,9.16,301.12
2018,7,5,16,30,8.16,301.85
2018,7,5,17,30,7.63,302.66
2018,7,5,18,30,7.16,298.02
2018,7,5,19,30,7.16,295.93
2018,7,5,20,30,6.97,299.90000000000003
2018,7,5,21,30,7.3100000000000005,303.17
2018,7,5,22,30,7.25,304.19
2018,7,5,23,30,7.15,304.48
2018,7,6,0,30,7.3100000000000005,305.99
2018,7,6,1,30,7.3100000000000005,309.69
2018,7,6,2,30,7.37,314.56
2018,7,6,3,30,7.21,312.35
2018,7,6,4,30,7.65,313.68
2018,7,6,5,30,8.28,316.54
2018,7,6,6,30,8.55,321.23
2018,7,6,7,30,8.5,320.43
2018,7,6,8,30,8.88,316.14
2018,7,6,9,30,8.620000000000001,317.98
2018,7,6,10,30,8.290000000000001,318.93
2018,7,6,11,30,7.57,325.46
2018,7,6,12,30,7.24,323.76
2018,7,6,13,30,6.8100000000000005,327.67
2018,7,6,14,30,5.5,332.23
2018,7,6,15,30,5.39,333.42
2018,7,6,16,30,5.39,334.8
2018,7,6,17,30,4.6000000000000005,353.95
2018,7,6,18,30,3.0300000000000002,0
2018,7,6,19,30,2.67,19.98
2018,7,6,20,30,2.99,43.39
2018,7,6,21,30,1.97,33.69
2018,7,6,22,30,0.68,231.65
2018,7,6,23,30,1.29,90.96000000000001
2018,7,7,0,30,2.17,117.21000000000001
2018,7,7,1,30,3.8200000000000003,112.95
2018,7,7,2,30,2.39,109.36
2018,7,7,3,30,2.88,85.19
2018,7,7,4,30,7.34,74.51
2018,7,7,5,30,8.25,77.33
2018,7,7,6,30,9.17,84.77
2018,7,7,7,30,10.17,80.37
2018,7,7,8,30,10.67,84.15
2018,7,7,9,30,6.38,133.15
2018,7,7,10,30,6.86,108.41
2018,7,7,11,30,6.61,99.36
2018,7,7,12,30,5.95,107.2
2018,7,7,13,30,5.1000000000000005,120.63
2018,7,7,14,30,5.54,111.78
2018,7,7,15,30,5.47,125.45
2018,7,7,16,30,5.07,120.06
2018,7,7,17,30,7.140000000000001,133.3
2018,7,7,18,30,8.07,148.98
2018,7,7,19,30,8.64,148.8
2018,7,7,20,30,10.370000000000001,156.46
2018,7,7,21,30,12.06,152.1
2018,7,7,22,30,14.13,150.65
2018,7,7,23,30,12.51,149.19
2018,7,8,0,30,13.040000000000001,144.62
2018,7,8,1,30,13.18,148.63
2018,7,8,2,30,12.19,153.43
2018,7,8,3,30,11.11,159.15
2018,7,8,4,30,10.540000000000001,166.33
2018,7,8,5,30,10.28,173.75
2018,7,8,6,30,10.36,185.42000000000002
2018,7,8,7,30,9.99,196.9
2018,7,8,8,30,9.6,206.26
2018,7,8,9,30,9.97,209.3
2018,7,8,10,30,8.41,212.33
2018,7,8,11,30,9.74,208.4
2018,7,8,12,30,9.25,200.24
2018,7,8,13,30,8.56,183.36
2018,7,8,14,30,8.68,171.81
2018,7,8,15,30,10.03,173.25
2018,7,8,16,30,10.91,176.63
2018,7,8,17,30,11.01,175.99
2018,7,8,18,30,11.63,177.69
2018,7,8,19,30,11.48,177.92000000000002
2018,7,8,20,30,10.36,171.08
2018,7,8,21,30,11.48,169.54
2018,7,8,22,30,11.19,164.15
2018,7,8,23,30,9.870000000000001,159.58
2018,7,9,0,30,9.88,170
2018,7,9,1,30,10.03,152.1
2018,7,9,2,30,10.5,151.66
2018,7,9,3,30,10,154.34
2018,7,9,4,30,9.57,144.84
2018,7,9,5,30,8.58,138.35
2018,7,9,6,30,7.57,139.49
2018,7,9,7,30,6.5200000000000005,130.52
2018,7,9,8,30,5.66,82.27
2018,7,9,9,30,5.88,67.79
2018,7,9,10,30,7.5600000000000005,78.60000000000001
2018,7,9,11,30,8.85,71.45
2018,7,9,12,30,9.71,77.51
2018,7,9,13,30,5.87,97.33
2018,7,9,14,30,6.5,68.14
2018,7,9,15,30,5.87,34.550000000000004
2018,7,9,16,30,8.040000000000001,2.68
2018,7,9,17,30,8.18,13.4
2018,7,9,18,30,6.23,85.06
2018,7,9,19,30,5.73,96.76
2018,7,9,20,30,4.69,88.16
2018,7,9,21,30,5.28,93.35000000000001
2018,7,9,22,30,4.24,108.31
2018,7,9,23,30,2.17,99.5
2018,7,10,0,30,3.95,94.21000000000001
2018,7,10,1,30,1.92,71.05
2018,7,10,2,30,4.32,50.86
2018,7,10,3,30,3.79,12.97
2018,7,10,4,30,5.93,340.41
2018,7,10,5,30,6.95,340.32
2018,7,10,6,30,7.72,343.04
2018,7,10,7,30,6.23,349.43
2018,7,10,8,30,6.74,0.17
2018,7,10,9,30,7.22,11.82
2018,7,10,10,30,7.69,12.72
2018,7,10,11,30,6.46,359.98
2018,7,10,12,30,5.9,350.6
2018,7,10,13,30,4.82,335.62
2018,7,10,14,30,3.8000000000000003,325.03000000000003
2018,7,10,15,30,2.79,323.92
2018,7,10,16,30,1.96,320.72
2018,7,10,17,30,3.4,337.69
2018,7,10,18,30,5.7700000000000005,320.98
2018,7,10,19,30,6.6000000000000005,322.96
2018,7,10,20,30,9.28,319.76
2018,7,10,21,30,12.68,313.12
2018,7,10,22,30,12.91,314.47
2018,7,10,23,30,12.11,310.39
2018,7,11,0,30,12.16,307.13
2018,7,11,1,30,12.61,306.49
2018,7,11,2,30,12.82,307.52
2018,7,11,3,30,12.530000000000001,306.24
2018,7,11,4,30,12.89,306.57
2018,7,11,5,30,12.4,304.92
2018,7,11,6,30,11.66,305.91
2018,7,11,7,30,11.64,308.89
2018,7,11,8,30,11.91,305.89
2018,7,11,9,30,11.73,299.62
2018,7,11,10,30,11.71,304.89
2018,7,11,11,30,11.4,300.25
2018,7,11,12,30,11.290000000000001,300.8
2018,7,11,13,30,10.23,298.75
2018,7,11,14,30,8.67,299.64
2018,7,11,15,30,7.98,291.81
2018,7,11,16,30,7.5200000000000005,286.94
2018,7,11,17,30,8.01,294.39
2018,7,11,18,30,8.32,295.40000000000003
2018,7,11,19,30,9.16,296.91
2018,7,11,20,30,8.33,289.44
2018,7,11,21,30,8.47,287.22
2018,7,11,22,30,7.640000000000001,290.27
2018,7,11,23,30,7.38,289.76
2018,7,12,0,30,5.79,286.54
2018,7,12,1,30,4.53,300.58
2018,7,12,2,30,1.75,272.57
2018,7,12,3,30,2.27,224.3
2018,7,12,4,30,4.12,209.38
2018,7,12,5,30,3.5,194.84
2018,7,12,6,30,4.66,181.74
2018,7,12,7,30,5.78,179.53
2018,7,12,8,30,6.36,179.84
2018,7,12,9,30,6.22,187.87
2018,7,12,10,30,5.3100000000000005,178.06
2018,7,12,11,30,6.25,170.43
2018,7,12,12,30,6.69,165.93
2018,7,12,13,30,6.07,161.96
2018,7,12,14,30,6.86,168.64000000000001
2018,7,12,15,30,7.3100000000000005,169.79
2018,7,12,16,30,6.83,167.65
2018,7,12,17,30,7.79,178.20000000000002
2018,7,12,18,30,7.92,149.39000000000001
2018,7,12,19,30,6.79,135.85
2018,7,12,20,30,7.72,146.36
2018,7,12,21,30,7.46,143.81
2018,7,12,22,30,9.64,147.57
2018,7,12,23,30,9.56,144.92000000000002
2018,7,13,0,30,8.790000000000001,149.13
2018,7,13,1,30,9.75,143.89000000000001
2018,7,13,2,30,11.18,134.09
2018,7,13,3,30,10.82,125.34
2018,7,13,4,30,12.27,122.57000000000001
2018,7,13,5,30,10.56,115.94
2018,7,13,6,30,11.43,112.36
2018,7,13,7,30,11.49,115.13
2018,7,13,8,30,11.26,105.37
2018,7,13,9,30,13.99,113.48
2018,7,13,10,30,15.94,112.05
2018,7,13,11,30,14.55,110.42
2018,7,13,12,30,15.01,109.3
2018,7,13,13,30,14.52,101.19
2018,7,13,14,30,15.36,101.92
2018,7,13,15,30,14.950000000000001,96.74000000000001
2018,7,13,16,30,15.74,97.29
2018,7,13,17,30,16.57,99.83
2018,7,13,18,30,16.4,98.18
2018,7,13,19,30,16.04,96.88
2018,7,13,20,30,14.66,103.78
2018,7,13,21,30,13.66,103.38
2018,7,13,22,30,12.72,106.28
2018,7,13,23,30,10.68,122.76
2018,7,14,0,30,10.97,114.95
2018,7,14,1,30,11.88,112.8
2018,7,14,2,30,9.47,132.87
2018,7,14,3,30,7.78,130.13
2018,7,14,4,30,8.23,149.68
2018,7,14,5,30,6.18,134.69
2018,7,14,6,30,7.0600000000000005,131.34
2018,7,14,7,30,7.32,116.89
2018,7,14,8,30,8.5,119.62
2018,7,14,9,30,8.16,116.95
2018,7,14,10,30,6.84,112.93
2018,7,14,11,30,6.05,116
2018,7,14,12,30,5.13,100.79
2018,7,14,13,30,4.57,87.06
2018,7,14,14,30,5.95,77.9
2018,7,14,15,30,6.21,68.19
2018,7,14,16,30,5.19,76.43
2018,7,14,17,30,5.26,91.52
2018,7,14,18,30,5.76,93.19
2018,7,14,19,30,3.12,99.13
2018,7,14,20,30,2.21,125.56
2018,7,14,21,30,3.22,124.69
2018,7,14,22,30,5.89,334.76
2018,7,14,23,30,6.61,349.57
2018,7,15,0,30,8.14,342.83
2018,7,15,1,30,8.86,339.21
2018,7,15,2,30,9.36,336.18
2018,7,15,3,30,10.05,338.78000000000003
2018,7,15,4,30,9.38,334.31
2018,7,15,5,30,9.28,335.05
2018,7,15,6,30,9.120000000000001,331.32
2018,7,15,7,30,9.09,333.26
2018,7,15,8,30,7.65,324.82
2018,7,15,9,30,7.7,324.16
2018,7,15,10,30,7.72,326.28000000000003
2018,7,15,11,30,8.3,324.45
2018,7,15,12,30,9.65,319.78000000000003
2018,7,15,13,30,9.34,315.98
2018,7,15,14,30,7.53,319.88
2018,7,15,15,30,7.2,308.58
2018,7,15,16,30,7.08,303.43
2018,7,15,17,30,7.72,300.63
2018,7,15,18,30,6.84,295.76
2018,7,15,19,30,5.91,292.45
2018,7,15,20,30,5.8500000000000005,291.51
2018,7,15,21,30,6.32,281.98
2018,7,15,22,30,7.5,286.81
2018,7,15,23,30,7.49,282.06
2018,7,16,0,30,8.18,281.07
2018,7,16,1,30,9.38,271.66
2018,7,16,2,30,10.92,275.07
2018,7,16,3,30,9.39,270.07
2018,7,16,4,30,8.65,271.03000000000003
2018,7,16,5,30,8.85,269.79
2018,7,16,6,30,8.82,258.29
2018,7,16,7,30,9.25,257.52
2018,7,16,8,30,8.58,259.55
2018,7,16,9,30,7.930000000000001,265.67
2018,7,16,10,30,8.22,270.07
2018,7,16,11,30,8.33,272.69
2018,7,16,12,30,8,272.32
2018,7,16,13,30,7.45,275.03000000000003
2018,7,16,14,30,7.26,280.87
2018,7,16,15,30,7.24,284.55
2018,7,16,16,30,6.8500000000000005,288.86
2018,7,16,17,30,7.12,291.89
2018,7,16,18,30,7.09,295.37
2018,7,16,19,30,5.7,297.35
2018,7,16,20,30,4.86,292.84000000000003
2018,7,16,21,30,4.92,294.79
2018,7,16,22,30,4.76,288.72
2018,7,16,23,30,5.08,296.38
2018,7,17,0,30,4.75,302.90000000000003
2018,7,17,1,30,3.93,301.06
2018,7,17,2,30,4,308.16
2018,7,17,3,30,4.3500000000000005,314.34000000000003
2018,7,17,4,30,3.72,309.66
2018,7,17,5,30,4.14,308.07
2018,7,17,6,30,4.12,308.08
2018,7,17,7,30,4.68,311.85
2018,7,17,8,30,5.45,306.71
2018,7,17,9,30,5.21,299.78000000000003
2018,7,17,10,30,5.48,294.51
2018,7,17,11,30,4.88,288.99
2018,7,17,12,30,5.17,286.77
2018,7,17,13,30,5.19,296.91
2018,7,17,14,30,4.76,292.99
2018,7,17,15,30,4.0600000000000005,297.2
2018,7,17,16,30,3.24,291.11
2018,7,17,17,30,3.04,294.72
2018,7,17,18,30,2.86,296.95
2018,7,17,19,30,2.57,296.54
2018,7,17,20,30,2.39,296.23
2018,7,17,21,30,2.37,311.22
2018,7,17,22,30,2.24,301.08
2018,7,17,23,30,1.2,291.31
2018,7,18,0,30,1.12,212.6
2018,7,18,1,30,2.98,204.89000000000001
2018,7,18,2,30,5.48,186.89000000000001
2018,7,18,3,30,5.7,185.25
2018,7,18,4,30,6.55,174.07
2018,7,18,5,30,6.34,176.64000000000001
2018,7,18,6,30,6.67,185.71
2018,7,18,7,30,6.74,189.33
2018,7,18,8,30,6.57,200.35
2018,7,18,9,30,6.09,201.97
2018,7,18,10,30,5.83,192.23000000000002
2018,7,18,11,30,5.92,186.42000000000002
2018,7,18,12,30,4.88,199.29
2018,7,18,13,30,5.84,181.12
2018,7,18,14,30,4.39,187.70000000000002
2018,7,18,15,30,4.14,194.56
2018,7,18,16,30,5.37,182.88
2018,7,18,17,30,4.43,195.05
2018,7,18,18,30,3.69,200.8
2018,7,18,19,30,3.39,165.31
2018,7,18,20,30,3.02,138.26
2018,7,18,21,30,3.09,131.94
2018,7,18,22,30,3.15,141.82
2018,7,18,23,30,2.72,149.78
2018,7,19,0,30,2.97,165.72
2018,7,19,1,30,2.72,167.74
2018,7,19,2,30,3.95,186.19
2018,7,19,3,30,4.66,190.56
2018,7,19,4,30,4.65,191.85
2018,7,19,5,30,3.5100000000000002,184.96
2018,7,19,6,30,3.5700000000000003,178.31
2018,7,19,7,30,3.2,168.98
2018,7,19,8,30,2.46,171.55
2018,7,19,9,30,2.2600000000000002,195.57
2018,7,19,10,30,0.4,170.41
2018,7,19,11,30,1.53,0.89
2018,7,19,12,30,1.21,29.63
2018,7,19,13,30,1.98,24.060000000000002
2018,7,19,14,30,1.53,29
2018,7,19,15,30,2.08,74.37
2018,7,19,16,30,2.32,67.95
2018,7,19,17,30,3.31,73.51
2018,7,19,18,30,4.51,85.10000000000001
2018,7,19,19,30,5.43,98
2018,7,19,20,30,5.95,96.41
2018,7,19,21,30,3.97,151.93
2018,7,19,22,30,4.87,201.47
2018,7,19,23,30,4.5,202.94
2018,7,20,0,30,4.8,211.83
2018,7,20,1,30,4.17,206.85
2018,7,20,2,30,4.22,205.75
2018,7,20,3,30,3.91,205.47
2018,7,20,4,30,3.45,210.66
2018,7,20,5,30,2.98,215.45000000000002
2018,7,20,6,30,2.16,223.08
2018,7,20,7,30,1.92,227.74
2018,7,20,8,30,0.58,230.61
2018,7,20,9,30,0.54,176.68
2018,7,20,10,30,1.58,142.33
2018,7,20,11,30,1.6600000000000001,107.63
2018,7,20,12,30,1.8800000000000001,101.62
2018,7,20,13,30,2.43,114.31
2018,7,20,14,30,2.58,128.39000000000001
2018,7,20,15,30,3.12,128.54
2018,7,20,16,30,3.36,123.05
2018,7,20,17,30,3.85,121.48
2018,7,20,18,30,5.16,133.88
2018,7,20,19,30,5.3500000000000005,132.5
2018,7,20,20,30,4.8100000000000005,115.44
2018,7,20,21,30,5.37,115.29
2018,7,20,22,30,6.33,116.62
2018,7,20,23,30,8.24,123.64
2018,7,21,0,30,7.21,117
2018,7,21,1,30,8.55,119.01
2018,7,21,2,30,8.71,118.38
2018,7,21,3,30,9.3,124.11
2018,7,21,4,30,9.06,128.3
2018,7,21,5,30,8.67,136.06
2018,7,21,6,30,8.11,140.82
2018,7,21,7,30,7.0600000000000005,142.99
2018,7,21,8,30,5.66,144.96
2018,7,21,9,30,5.98,134.81
2018,7,21,10,30,6.45,141.21
2018,7,21,11,30,5.93,142.82
2018,7,21,12,30,6.82,137.73
2018,7,21,13,30,7.59,138.20000000000002
2018,7,21,14,30,5.79,132.57
2018,7,21,15,30,6.25,143.97
2018,7,21,16,30,6.05,126.01
2018,7,21,17,30,7.24,132.61
2018,7,21,18,30,6.61,133.35
2018,7,21,19,30,7.09,133.57
2018,7,21,20,30,7.48,134.93
2018,7,21,21,30,8.64,139.26
2018,7,21,22,30,8.870000000000001,145.23
2018,7,21,23,30,9.5,136.39000000000001
2018,7,22,0,30,10.35,140.95000000000002
2018,7,22,1,30,11.78,143.73
2018,7,22,2,30,13.31,146.38
2018,7,22,3,30,11.92,148.84
2018,7,22,4,30,11.85,147.5
2018,7,22,5,30,12.81,144.69
2018,7,22,6,30,11.370000000000001,142.88
2018,7,22,7,30,12.98,140.42000000000002
2018,7,22,8,30,11.91,141.09
2018,7,22,9,30,11.11,141.45000000000002
2018,7,22,10,30,10.24,145.05
2018,7,22,11,30,9.93,142.73
2018,7,22,12,30,9.97,141.22
2018,7,22,13,30,9.200000000000001,143.73
2018,7,22,14,30,9.09,144.3
2018,7,22,15,30,10.4,140.27
2018,7,22,16,30,10.75,138.14000000000001
2018,7,22,17,30,9.49,144.67000000000002
2018,7,22,18,30,8.86,141.46
2018,7,22,19,30,9.040000000000001,149.23
2018,7,22,20,30,8.57,147.07
2018,7,22,21,30,7.79,142.79
2018,7,22,22,30,6.99,143
2018,7,22,23,30,6.1000000000000005,140.17000000000002
2018,7,23,0,30,4.99,116.65
2018,7,23,1,30,4.14,98.53
2018,7,23,2,30,5.99,92.73
2018,7,23,3,30,7.04,107.77
2018,7,23,4,30,7.66,104.35000000000001
2018,7,23,5,30,8,111.05
2018,7,23,6,30,7.46,113.35000000000001
2018,7,23,7,30,6.8500000000000005,110.94
2018,7,23,8,30,6.37,101.5
2018,7,23,9,30,5.71,100.45
2018,7,23,10,30,4.1,80.7
2018,7,23,11,30,5.05,77.78
2018,7,23,12,30,4.68,64.34
2018,7,23,13,30,4.72,68.97
2018,7,23,14,30,4.99,68.84
2018,7,23,15,30,7.1000000000000005,56.63
2018,7,23,16,30,6.34,65.28
2018,7,23,17,30,4.75,40.96
2018,7,23,18,30,4.01,72.26
2018,7,23,19,30,4.95,77.42
2018,7,23,20,30,4.08,70.39
2018,7,23,21,30,5.29,65.26
2018,7,23,22,30,5.84,70.01
2018,7,23,23,30,7.15,66.78
2018,7,24,0,30,8.33,61.22
2018,7,24,1,30,8.120000000000001,57.69
2018,7,24,2,30,7.2,54.9
2018,7,24,3,30,7.57,52.76
2018,7,24,4,30,7.5200000000000005,51.6
2018,7,24,5,30,6.93,53.69
2018,7,24,6,30,5.79,47.17
2018,7,24,7,30,6.390000000000001,52.14
2018,7,24,8,30,7.04,45.11
2018,7,24,9,30,7.1000000000000005,44.58
2018,7,24,10,30,7.41,45.53
2018,7,24,11,30,7.78,50.58
2018,7,24,12,30,7.65,43.42
2018,7,24,13,30,7.28,42.29
2018,7,24,14,30,7.38,44.46
2018,7,24,15,30,6.16,45.77
2018,7,24,16,30,5.87,53.54
2018,7,24,17,30,4.99,54.22
2018,7,24,18,30,5.86,60.07
2018,7,24,19,30,5.74,72.48
2018,7,24,20,30,5.54,80.88
2018,7,24,21,30,4.5600000000000005,101.02
2018,7,24,22,30,4.0200000000000005,90.43
2018,7,24,23,30,3.86,113.12
2018,7,25,0,30,4.03,75.43
2018,7,25,1,30,1.79,81.66
2018,7,25,2,30,7.8100000000000005,341.54
2018,7,25,3,30,8.44,336.94
2018,7,25,4,30,9.82,336.32
2018,7,25,5,30,8.56,355.57
2018,7,25,6,30,9.71,344.5
2018,7,25,7,30,11.01,11.24
2018,7,25,8,30,11.5,1.08
2018,7,25,9,30,11.38,359.13
2018,7,25,10,30,10.83,354.8
2018,7,25,11,30,9.69,353.37
2018,7,25,12,30,9.31,351.91
2018,7,25,13,30,9.76,353.49
2018,7,25,14,30,9.46,353.41
2018,7,25,15,30,8.15,351.42
2018,7,25,16,30,7.43,352.66
2018,7,25,17,30,6.93,352.94
2018,7,25,18,30,7.46,349.45
2018,7,25,19,30,7.87,346.27
2018,7,25,20,30,7.72,349.67
2018,7,25,21,30,8.08,343.16
2018,7,25,22,30,6.41,341.5
2018,7,25,23,30,6.28,344.65000000000003
2018,7,26,0,30,6.78,340.47
2018,7,26,1,30,7.3100000000000005,334.18
2018,7,26,2,30,8.02,327.98
2018,7,26,3,30,8.26,328.78000000000003
2018,7,26,4,30,8.9,328.11
2018,7,26,5,30,8.8,326.34000000000003
2018,7,26,6,30,9.450000000000001,324.94
2018,7,26,7,30,9.620000000000001,326.66
2018,7,26,8,30,9.63,330.74
2018,7,26,9,30,9.36,341.55
2018,7,26,10,30,9.09,353.77
2018,7,26,11,30,8.55,357.90000000000003
2018,7,26,12,30,8.4,358.3
2018,7,26,13,30,8.26,355.04
2018,7,26,14,30,7.5,359.71
2018,7,26,15,30,6.97,14.97
2018,7,26,16,30,4.96,9.48
2018,7,26,17,30,4.46,337.09000000000003
2018,7,26,18,30,4.92,342.82
2018,7,26,19,30,4.46,339.04
2018,7,26,20,30,2.81,355.56
2018,7,26,21,30,1.93,6.34
2018,7,26,22,30,2.5300000000000002,313.27
2018,7,26,23,30,6.68,319.87
2018,7,27,0,30,7.5600000000000005,314.63
2018,7,27,1,30,5.95,312.04
2018,7,27,2,30,4.54,318.32
2018,7,27,3,30,1.62,348.35
2018,7,27,4,30,1.93,141.77
2018,7,27,5,30,6.22,174.08
2018,7,27,6,30,6.49,175.57
2018,7,27,7,30,6.04,177.81
2018,7,27,8,30,5.46,165
2018,7,27,9,30,5.8,158.66
2018,7,27,10,30,5.39,153.33
2018,7,27,11,30,4.83,137.62
2018,7,27,12,30,6.07,129.91
2018,7,27,13,30,6.82,112.9
2018,7,27,14,30,7.0600000000000005,109.05
2018,7,27,15,30,7.3500000000000005,111.34
2018,7,27,16,30,6.82,109.71000000000001
2018,7,27,17,30,7.78,114.62
2018,7,27,18,30,6.65,123.94
2018,7,27,19,30,8.02,126.02
2018,7,27,20,30,5.94,118.59
2018,7,27,21,30,9.06,123.35000000000001
2018,7,27,22,30,10.21,119.37
2018,7,27,23,30,8.84,122.2
2018,7,28,0,30,9.57,130.41
2018,7,28,1,30,6.8100000000000005,133.26
2018,7,28,2,30,6.94,132.42000000000002
2018,7,28,3,30,7.57,130.33
2018,7,28,4,30,8.97,121.42
2018,7,28,5,30,8.52,112.07000000000001
2018,7,28,6,30,10.31,123.39
2018,7,28,7,30,10.18,122.63
2018,7,28,8,30,10.72,107.36
2018,7,28,9,30,11.52,116.93
2018,7,28,10,30,11.370000000000001,117.44
2018,7,28,11,30,10.46,124.82000000000001
2018,7,28,12,30,11.53,115.95
2018,7,28,13,30,9.370000000000001,120.95
2018,7,28,14,30,10.9,115.89
2018,7,28,15,30,9.63,119.36
2018,7,28,16,30,8.88,113.81
2018,7,28,17,30,8.870000000000001,103.05
2018,7,28,18,30,9.41,113.19
2018,7,28,19,30,10.63,116.07000000000001
2018,7,28,20,30,11.09,112.60000000000001
2018,7,28,21,30,10.870000000000001,103.27
2018,7,28,22,30,11.69,106.7
2018,7,28,23,30,11.51,102.32000000000001
2018,7,29,0,30,12.14,107.06
2018,7,29,1,30,10.63,106.52
2018,7,29,2,30,11.9,110.45
2018,7,29,3,30,11.59,103.43
2018,7,29,4,30,10.870000000000001,100.8
2018,7,29,5,30,9.23,92.64
2018,7,29,6,30,10.53,85.26
2018,7,29,7,30,11.55,98.97
2018,7,29,8,30,11.85,91.62
2018,7,29,9,30,11.64,104.46000000000001
2018,7,29,10,30,10.4,101.41
2018,7,29,11,30,11.07,97.63
2018,7,29,12,30,11.790000000000001,106.44
2018,7,29,13,30,12.5,106.75
2018,7,29,14,30,12.23,106.78
2018,7,29,15,30,12.32,102.81
2018,7,29,16,30,11.370000000000001,102.82000000000001
2018,7,29,17,30,13.21,109.17
2018,7,29,18,30,12.530000000000001,106.47
2018,7,29,19,30,12.5,103.23
2018,7,29,20,30,13.91,102.37
2018,7,29,21,30,14.75,105.45
2018,7,29,22,30,15.21,105.56
2018,7,29,23,30,15.530000000000001,107.75
2018,7,30,0,30,15.1,104.38
2018,7,30,1,30,16.28,110.08
2018,7,30,2,30,16.23,109.51
2018,7,30,3,30,15.51,108.28
2018,7,30,4,30,15.27,107.19
2018,7,30,5,30,15.17,112.12
2018,7,30,6,30,14.11,116.43
2018,7,30,7,30,12.75,125.48
2018,7,30,8,30,12.59,131.43
2018,7,30,9,30,12.26,130.7
2018,7,30,10,30,11.73,136.89000000000001
2018,7,30,11,30,11.27,138.93
2018,7,30,12,30,12.09,148.03
2018,7,30,13,30,10.82,143.73
2018,7,30,14,30,11.69,140.6
2018,7,30,15,30,11.69,144.02
2018,7,30,16,30,12.71,151.42000000000002
2018,7,30,17,30,12.76,150.37
2018,7,30,18,30,12.09,158.41
2018,7,30,19,30,13.17,150.03
2018,7,30,20,30,12.67,150.65
2018,7,30,21,30,12.030000000000001,151.67000000000002
2018,7,30,22,30,13.21,153.56
2018,7,30,23,30,13.33,155.14000000000001
2018,7,31,0,30,12.280000000000001,152.91
2018,7,31,1,30,10.67,150.33
2018,7,31,2,30,11.47,135.32
2018,7,31,3,30,10.52,134.31
2018,7,31,4,30,10.22,147.45000000000002
2018,7,31,5,30,11.86,141.76
2018,7,31,6,30,12.16,144.01
2018,7,31,7,30,10.69,140.99
2018,7,31,8,30,12.18,141.67000000000002
2018,7,31,9,30,11.370000000000001,145.62
2018,7,31,10,30,12.81,147.34
2018,7,31,11,30,11.3,149.49
2018,7,31,12,30,11.28,150.45000000000002
2018,7,31,13,30,11.23,151.09
2018,7,31,14,30,10.63,146.05
2018,7,31,15,30,11.51,141.88
2018,7,31,16,30,11.64,144.49
2018,7,31,17,30,12.040000000000001,138.9
2018,7,31,18,30,12.82,144.63
2018,7,31,19,30,13.71,143.46
2018,7,31,20,30,13.84,144.84
2018,7,31,21,30,13.3,144.99
2018,7,31,22,30,13.22,147.39000000000001
2018,7,31,23,30,13.59,144.54
2018,8,1,0,30,13.620000000000001,156.98
2018,8,1,1,30,12.700000000000001,159.45000000000002
2018,8,1,2,30,11.69,172.56
2018,8,1,3,30,11.41,177.31
2018,8,1,4,30,9.25,169.95000000000002
2018,8,1,5,30,10.63,186.54
2018,8,1,6,30,11.69,184.79
2018,8,1,7,30,11.94,188.11
2018,8,1,8,30,13.05,187.22
2018,8,1,9,30,13.540000000000001,189.47
2018,8,1,10,30,13.09,200.53
2018,8,1,11,30,13.93,199.19
2018,8,1,12,30,13.44,201.37
2018,8,1,13,30,13.63,205.6
2018,8,1,14,30,13.24,208.83
2018,8,1,15,30,13.02,208.05
2018,8,1,16,30,13.11,210.3
2018,8,1,17,30,12.33,207.77
2018,8,1,18,30,11.86,206.62
2018,8,1,19,30,9.81,205.73000000000002
2018,8,1,20,30,9.6,203.29
2018,8,1,21,30,11.43,202.22
2018,8,1,22,30,11.66,202.61
2018,8,1,23,30,10.88,198.48000000000002
2018,8,2,0,30,10.88,184.5
2018,8,2,1,30,8.92,170.75
2018,8,2,2,30,8.01,164.36
2018,8,2,3,30,8.28,156.96
2018,8,2,4,30,8.51,155.37
2018,8,2,5,30,7.97,153.81
2018,8,2,6,30,6.99,170.02
2018,8,2,7,30,6.3500000000000005,189.68
2018,8,2,8,30,5.8,196.61
2018,8,2,9,30,5.07,230.84
2018,8,2,10,30,4.96,258.24
2018,8,2,11,30,4.55,282.13
2018,8,2,12,30,6.2700000000000005,277
2018,8,2,13,30,6.97,286.16
2018,8,2,14,30,6.57,293.48
2018,8,2,15,30,6.57,282.47
2018,8,2,16,30,8.09,288.92
2018,8,2,17,30,9.16,293.78000000000003
2018,8,2,18,30,8.92,293.99
2018,8,2,19,30,8.73,289.37
2018,8,2,20,30,8.6,280.53000000000003
2018,8,2,21,30,10.120000000000001,283.87
2018,8,2,22,30,9.57,302.3
2018,8,2,23,30,12.86,294.54
2018,8,3,0,30,12.83,294.38
2018,8,3,1,30,14.13,292.5
2018,8,3,2,30,14.27,289.17
2018,8,3,3,30,14.74,295.95
2018,8,3,4,30,13.81,297.3
2018,8,3,5,30,16.32,303.47
2018,8,3,6,30,17.6,318.64
2018,8,3,7,30,17.96,325.07
2018,8,3,8,30,16.45,328.91
2018,8,3,9,30,15.55,329.67
2018,8,3,10,30,15.08,329.05
2018,8,3,11,30,13.16,327.25
2018,8,3,12,30,13.24,328.97
2018,8,3,13,30,13.46,327.66
2018,8,3,14,30,13.9,331.34000000000003
2018,8,3,15,30,13.450000000000001,325.55
2018,8,3,16,30,11.58,319.81
2018,8,3,17,30,8.45,322.87
2018,8,3,18,30,10.06,323.49
2018,8,3,19,30,8.81,318.63
2018,8,3,20,30,8.85,307.93
2018,8,3,21,30,9.25,310.74
2018,8,3,22,30,8.89,308.01
2018,8,3,23,30,8.24,306.23
2018,8,4,0,30,7.6000000000000005,305.43
2018,8,4,1,30,6.0200000000000005,299.45
2018,8,4,2,30,4.71,293
2018,8,4,3,30,4.53,299.78000000000003
2018,8,4,4,30,3.77,304.82
2018,8,4,5,30,2.91,280.40000000000003
2018,8,4,6,30,1.76,315.76
2018,8,4,7,30,0.81,299.39
2018,8,4,8,30,2.15,97.01
2018,8,4,9,30,3.3200000000000003,135.45
2018,8,4,10,30,4.5200000000000005,164.70000000000002
2018,8,4,11,30,4.72,162.16
2018,8,4,12,30,5.33,152.13
2018,8,4,13,30,5.15,141.96
2018,8,4,14,30,5.61,122.19
2018,8,4,15,30,6.12,129.85
2018,8,4,16,30,5.22,122.47
2018,8,4,17,30,4.7700000000000005,112.26
2018,8,4,18,30,4.32,115.77
2018,8,4,19,30,3.33,128.93
2018,8,4,20,30,3.09,225.45000000000002
2018,8,4,21,30,4.28,212.94
2018,8,4,22,30,5.23,216.53
2018,8,4,23,30,5.76,199.72
2018,8,5,0,30,6.74,210.78
2018,8,5,1,30,8.9,211.22
2018,8,5,2,30,9.13,207.05
2018,8,5,3,30,11.22,208.31
2018,8,5,4,30,13.040000000000001,206.82
2018,8,5,5,30,15.24,224.85
2018,8,5,6,30,15.120000000000001,233.59
2018,8,5,7,30,14.99,240.67000000000002
2018,8,5,8,30,13.97,242.25
2018,8,5,9,30,11.950000000000001,248.4
2018,8,5,10,30,11.22,250.1
2018,8,5,11,30,10.790000000000001,251.45000000000002
2018,8,5,12,30,10.03,255.74
2018,8,5,13,30,9.1,248.84
2018,8,5,14,30,8.02,243.83
2018,8,5,15,30,8.290000000000001,234.75
2018,8,5,16,30,6.67,214.03
2018,8,5,17,30,7.11,195.36
2018,8,5,18,30,7.5200000000000005,193.6
2018,8,5,19,30,5.99,190.15
2018,8,5,20,30,5.86,191.05
2018,8,5,21,30,4.24,225.91
2018,8,5,22,30,3.52,242.62
2018,8,5,23,30,4.78,300.01
2018,8,6,0,30,3.22,273.74
2018,8,6,1,30,5.2,279.41
2018,8,6,2,30,4.82,246.17000000000002
2018,8,6,3,30,7.41,267.58
2018,8,6,4,30,7.140000000000001,264.71
2018,8,6,5,30,6.53,276.78000000000003
2018,8,6,6,30,8.08,269.82
2018,8,6,7,30,9.49,262.55
2018,8,6,8,30,8.870000000000001,265.39
2018,8,6,9,30,7.63,264.65
2018,8,6,10,30,6.88,266.75
2018,8,6,11,30,5.55,264.59000000000003
2018,8,6,12,30,5.1000000000000005,263.22
2018,8,6,13,30,3.24,259.27
2018,8,6,14,30,2.98,250.92000000000002
2018,8,6,15,30,4.0200000000000005,211.24
2018,8,6,16,30,4.14,197.02
2018,8,6,17,30,4.15,184.65
2018,8,6,18,30,4.3100000000000005,176.37
2018,8,6,19,30,5.04,187.96
2018,8,6,20,30,5.42,192.87
2018,8,6,21,30,4.87,198.22
2018,8,6,22,30,4.22,223.34
2018,8,6,23,30,5.21,283.43
2018,8,7,0,30,5.01,284.53000000000003
2018,8,7,1,30,6.640000000000001,288.92
2018,8,7,2,30,7.99,297.73
2018,8,7,3,30,8.74,323
2018,8,7,4,30,9.74,334.97
2018,8,7,5,30,10.15,337.3
2018,8,7,6,30,9.67,325.05
2018,8,7,7,30,9.4,321.94
2018,8,7,8,30,8.790000000000001,305.69
2018,8,7,9,30,8.61,302.89
2018,8,7,10,30,8.51,295.72
2018,8,7,11,30,8.120000000000001,293.31
2018,8,7,12,30,7.9,294.34000000000003
2018,8,7,13,30,7.45,292.62
2018,8,7,14,30,6.5,292.75
2018,8,7,15,30,6.1000000000000005,296.85
2018,8,7,16,30,6.9,295.52
2018,8,7,17,30,7.78,304.88
2018,8,7,18,30,5.7700000000000005,314.21
2018,8,7,19,30,4.68,350.89
2018,8,7,20,30,6.43,353.38
2018,8,7,21,30,6.57,340.69
2018,8,7,22,30,6.46,335.94
2018,8,7,23,30,8.18,323.41
2018,8,8,0,30,7.67,340.82
2018,8,8,1,30,9.6,334.63
2018,8,8,2,30,9.91,332.25
2018,8,8,3,30,11.71,333.37
2018,8,8,4,30,11.57,333.02
2018,8,8,5,30,11.200000000000001,329.51
2018,8,8,6,30,12.35,328.28000000000003
2018,8,8,7,30,11.49,322.37
2018,8,8,8,30,10.43,314.89
2018,8,8,9,30,10.35,308.72
2018,8,8,10,30,9.700000000000001,302.44
2018,8,8,11,30,10.92,292.42
2018,8,8,12,30,11.120000000000001,291.83
2018,8,8,13,30,11.700000000000001,288.66
2018,8,8,14,30,11.540000000000001,286.85
2018,8,8,15,30,10.82,288.72
2018,8,8,16,30,11.72,284.1
2018,8,8,17,30,11,288.76
2018,8,8,18,30,10.47,285.92
2018,8,8,19,30,11.06,299.73
2018,8,8,20,30,7.97,308.85
2018,8,8,21,30,9.03,308.92
2018,8,8,22,30,9.36,313.05
2018,8,8,23,30,8.8,311.08
2018,8,9,0,30,8.18,308.13
2018,8,9,1,30,7.17,304.44
2018,8,9,2,30,6.68,301.86
2018,8,9,3,30,6.390000000000001,302.13
2018,8,9,4,30,6.54,306.28000000000003
2018,8,9,5,30,6.42,293.94
2018,8,9,6,30,5.98,295.36
2018,8,9,7,30,6.83,287.87
2018,8,9,8,30,5.98,290.65000000000003
2018,8,9,9,30,5.16,297.62
2018,8,9,10,30,3.74,302.44
2018,8,9,11,30,5.5600000000000005,274.38
2018,8,9,12,30,7.55,278.97
2018,8,9,13,30,6.99,281.1
2018,8,9,14,30,6.49,277.43
2018,8,9,15,30,6.44,286.40000000000003
2018,8,9,16,30,5.7700000000000005,287.69
2018,8,9,17,30,4.4,282.97
2018,8,9,18,30,2.73,273.06
2018,8,9,19,30,2.19,261.52
2018,8,9,20,30,2.72,240.44
2018,8,9,21,30,4.17,212.20000000000002
2018,8,9,22,30,4.23,197.59
2018,8,9,23,30,4.3500000000000005,202.59
2018,8,10,0,30,4.0200000000000005,199.45000000000002
2018,8,10,1,30,3.72,199.67000000000002
2018,8,10,2,30,2.7800000000000002,197.13
2018,8,10,3,30,3.43,189.38
2018,8,10,4,30,3.98,180.67000000000002
2018,8,10,5,30,3.7800000000000002,163.44
2018,8,10,6,30,3.88,150.79
2018,8,10,7,30,3.24,145.62
2018,8,10,8,30,3.9,97.89
2018,8,10,9,30,5.87,104.34
2018,8,10,10,30,7.32,95.14
2018,8,10,11,30,7.63,95.03
2018,8,10,12,30,9.11,86.5
2018,8,10,13,30,9.620000000000001,86.13
2018,8,10,14,30,9.56,85.72
2018,8,10,15,30,9.39,90.2
2018,8,10,16,30,9.99,99.88
2018,8,10,17,30,10.21,87.38
2018,8,10,18,30,11.32,80.67
2018,8,10,19,30,13.99,76.81
2018,8,10,20,30,13.88,79.5
2018,8,10,21,30,14.58,82.04
2018,8,10,22,30,13.92,77.94
2018,8,10,23,30,11.01,83.16
2018,8,11,0,30,5.3500000000000005,149.42000000000002
2018,8,11,1,30,6.08,175.46
2018,8,11,2,30,6.18,182.72
2018,8,11,3,30,6.36,179.26
2018,8,11,4,30,5.94,180.88
2018,8,11,5,30,5.59,174.81
2018,8,11,6,30,5.17,164.87
2018,8,11,7,30,4.04,160.04
2018,8,11,8,30,3.27,152
2018,8,11,9,30,2.72,142.57
2018,8,11,10,30,2.5,132.14000000000001
2018,8,11,11,30,2.27,130.78
2018,8,11,12,30,2.33,132.66
2018,8,11,13,30,3.0300000000000002,130.33
2018,8,11,14,30,2.2800000000000002,116.44
2018,8,11,15,30,2.69,105.74000000000001
2018,8,11,16,30,3.3200000000000003,115.98
2018,8,11,17,30,2.74,109.06
2018,8,11,18,30,2.0100000000000002,106.07000000000001
2018,8,11,19,30,1.79,99.36
2018,8,11,20,30,1.06,109.56
2018,8,11,21,30,1.22,134.67000000000002
2018,8,11,22,30,1.29,136.42000000000002
2018,8,11,23,30,1.01,141.39000000000001
2018,8,12,0,30,1.34,109.15
2018,8,12,1,30,1.47,117.37
2018,8,12,2,30,2.27,93.45
2018,8,12,3,30,3.75,100.62
2018,8,12,4,30,4.58,118.08
2018,8,12,5,30,5.28,114.66
2018,8,12,6,30,5.96,110.39
2018,8,12,7,30,7.21,83.54
2018,8,12,8,30,9.16,74.43
2018,8,12,9,30,13.46,71.5
2018,8,12,10,30,14.76,79.69
2018,8,12,11,30,13.57,80.02
2018,8,12,12,30,13.82,82.31
2018,8,12,13,30,12.88,84.62
2018,8,12,14,30,12.72,84.11
2018,8,12,15,30,12.450000000000001,80.53
2018,8,12,16,30,11.32,90.74
2018,8,12,17,30,8.950000000000001,112.29
2018,8,12,18,30,7.28,94.27
2018,8,12,19,30,5.93,75.4
2018,8,12,20,30,6.16,70.73
2018,8,12,21,30,2.59,53.64
2018,8,12,22,30,0.8300000000000001,320.01
2018,8,12,23,30,4.37,301.2
2018,8,13,0,30,6.26,306.68
2018,8,13,1,30,6.46,296.58
2018,8,13,2,30,6.18,288.6
2018,8,13,3,30,7.12,284.43
2018,8,13,4,30,7.5600000000000005,274.51
2018,8,13,5,30,9.6,279.76
2018,8,13,6,30,11.96,276.58
2018,8,13,7,30,14.47,273.18
2018,8,13,8,30,16.11,268.89
2018,8,13,9,30,16.63,266.36
2018,8,13,10,30,16.79,265.58
2018,8,13,11,30,17.11,262.4
2018,8,13,12,30,16.27,266.87
2018,8,13,13,30,15.96,268.52
2018,8,13,14,30,14.82,267.78000000000003
2018,8,13,15,30,17.84,265.1
2018,8,13,16,30,16.79,267.27
2018,8,13,17,30,15.450000000000001,271.47
2018,8,13,18,30,13.69,282.97
2018,8,13,19,30,13.61,288.37
2018,8,13,20,30,14.14,292.91
2018,8,13,21,30,14.19,304.11
2018,8,13,22,30,15.09,302.81
2018,8,13,23,30,15.47,307.12
2018,8,14,0,30,15.34,314.22
2018,8,14,1,30,15.120000000000001,313.53000000000003
2018,8,14,2,30,16.97,323.17
2018,8,14,3,30,18.38,325.45
2018,8,14,4,30,18.17,322.19
2018,8,14,5,30,17.63,324.2
2018,8,14,6,30,16.2,320.82
2018,8,14,7,30,16.13,320.48
2018,8,14,8,30,15.280000000000001,321.94
2018,8,14,9,30,14.47,323.11
2018,8,14,10,30,14.280000000000001,323.41
2018,8,14,11,30,14.08,323.04
2018,8,14,12,30,13.39,326.18
2018,8,14,13,30,14.07,334.92
2018,8,14,14,30,13.99,339.15000000000003
2018,8,14,15,30,14.26,342.39
2018,8,14,16,30,15.05,345.1
2018,8,14,17,30,15.06,338.53000000000003
2018,8,14,18,30,14.790000000000001,339.99
2018,8,14,19,30,14.73,339.69
2018,8,14,20,30,13.86,338.99
2018,8,14,21,30,13.21,338.13
2018,8,14,22,30,13.23,337.98
2018,8,14,23,30,13.48,337.96
2018,8,15,0,30,13.24,338.63
2018,8,15,1,30,13.15,339.48
2018,8,15,2,30,12.63,340.58
2018,8,15,3,30,11.91,340.49
2018,8,15,4,30,12.09,339.84000000000003
2018,8,15,5,30,12.27,343.96
2018,8,15,6,30,12.09,339.6
2018,8,15,7,30,12.19,338.15000000000003
2018,8,15,8,30,12.5,344.3
2018,8,15,9,30,12.56,344.92
2018,8,15,10,30,12.22,346.37
2018,8,15,11,30,11.78,344.44
2018,8,15,12,30,12.040000000000001,347.08
2018,8,15,13,30,10.83,349.82
2018,8,15,14,30,11.18,352.67
2018,8,15,15,30,10.68,355.46
2018,8,15,16,30,10.24,355.42
2018,8,15,17,30,9.33,355.19
2018,8,15,18,30,9.53,350.08
2018,8,15,19,30,9.25,351
2018,8,15,20,30,9.450000000000001,347.69
2018,8,15,21,30,9.02,343.01
2018,8,15,22,30,9.59,339.63
2018,8,15,23,30,9.61,331.76
2018,8,16,0,30,11.040000000000001,322.99
2018,8,16,1,30,11.55,320.6
2018,8,16,2,30,11.540000000000001,320.59000000000003
2018,8,16,3,30,11.120000000000001,323.02
2018,8,16,4,30,10.61,322.2
2018,8,16,5,30,10.76,326.76
2018,8,16,6,30,10.540000000000001,327.55
2018,8,16,7,30,9.97,328.58
2018,8,16,8,30,9.59,329.19
2018,8,16,9,30,8.92,328.48
2018,8,16,10,30,8.03,326.68
2018,8,16,11,30,7.930000000000001,328.91
2018,8,16,12,30,7.2700000000000005,329.43
2018,8,16,13,30,6.63,331.11
2018,8,16,14,30,5.11,334.37
2018,8,16,15,30,3.89,326.97
2018,8,16,16,30,3.56,315.23
2018,8,16,17,30,3.92,301.72
2018,8,16,18,30,3.5,307.73
2018,8,16,19,30,3.1,307.28000000000003
2018,8,16,20,30,2.34,301.93
2018,8,16,21,30,1.12,322.35
2018,8,16,22,30,0.8300000000000001,284.57
2018,8,16,23,30,1.3,271.84000000000003
2018,8,17,0,30,3.1,256.08
2018,8,17,1,30,3.0300000000000002,252.41
2018,8,17,2,30,3.86,229.15
2018,8,17,3,30,3.2600000000000002,236.5
2018,8,17,4,30,2.7600000000000002,267.12
2018,8,17,5,30,2.95,299.42
2018,8,17,6,30,2.72,298.95
2018,8,17,7,30,2.85,305.41
2018,8,17,8,30,2.88,292.49
2018,8,17,9,30,3.72,288.81
2018,8,17,10,30,4.38,287.08
2018,8,17,11,30,4.73,287.12
2018,8,17,12,30,4.62,287.93
2018,8,17,13,30,4.97,286.03000000000003
2018,8,17,14,30,4.43,274.96
2018,8,17,15,30,5.11,261.23
2018,8,17,16,30,4.54,258.2
2018,8,17,17,30,4.38,225.01
2018,8,17,18,30,4.3,220.47
2018,8,17,19,30,4.13,221.6
2018,8,17,20,30,3.89,218.38
2018,8,17,21,30,3.6,219.61
2018,8,17,22,30,3.8000000000000003,215.88
2018,8,17,23,30,3.61,213.52
2018,8,18,0,30,4.11,220.84
2018,8,18,1,30,4.71,222.76
2018,8,18,2,30,3.81,235.65
2018,8,18,3,30,3.5,233.70000000000002
2018,8,18,4,30,2.62,235.41
2018,8,18,5,30,2.33,248.89000000000001
2018,8,18,6,30,2.58,255.49
2018,8,18,7,30,2.43,260.03000000000003
2018,8,18,8,30,2.7800000000000002,299.64
2018,8,18,9,30,3.39,301.11
2018,8,18,10,30,3.7,299.94
2018,8,18,11,30,4.2,303.22
2018,8,18,12,30,4.15,304.23
2018,8,18,13,30,2.9,305.98
2018,8,18,14,30,1.99,314.19
2018,8,18,15,30,0.85,42.02
2018,8,18,16,30,1.05,30.63
2018,8,18,17,30,1.41,5.11
2018,8,18,18,30,1.62,88.77
2018,8,18,19,30,1.73,106
2018,8,18,20,30,1.07,93.44
2018,8,18,21,30,1.08,99.3
2018,8,18,22,30,1.32,40.800000000000004
2018,8,18,23,30,1.41,329.59000000000003
2018,8,19,0,30,2.54,32.17
2018,8,19,1,30,3.9,70.35000000000001
2018,8,19,2,30,5.68,68.62
2018,8,19,3,30,6.46,61.26
2018,8,19,4,30,5.44,67.74
2018,8,19,5,30,5.36,69.55
2018,8,19,6,30,5.39,77.06
2018,8,19,7,30,6.67,87.96000000000001
2018,8,19,8,30,5.89,72.09
2018,8,19,9,30,6.9,71.94
2018,8,19,10,30,7.86,72.85000000000001
2018,8,19,11,30,7.98,77.85000000000001
2018,8,19,12,30,9.75,69.31
2018,8,19,13,30,9.9,71.49
2018,8,19,14,30,10.39,70.07000000000001
2018,8,19,15,30,11.14,73.2
2018,8,19,16,30,11.6,76.24
2018,8,19,17,30,11.58,75.64
2018,8,19,18,30,10.61,79.54
2018,8,19,19,30,9.19,87.58
2018,8,19,20,30,8.13,97.58
2018,8,19,21,30,7.29,113.74000000000001
2018,8,19,22,30,5.8100000000000005,129.31
2018,8,19,23,30,6.890000000000001,168.52
2018,8,20,0,30,8.06,167.07
2018,8,20,1,30,8.94,172.08
2018,8,20,2,30,8.15,164.11
2018,8,20,3,30,8.620000000000001,163.87
2018,8,20,4,30,9.450000000000001,167.06
2018,8,20,5,30,9.06,169.56
2018,8,20,6,30,9.32,164.79
2018,8,20,7,30,8.05,180
2018,8,20,8,30,8.84,177.92000000000002
2018,8,20,9,30,10.700000000000001,174.87
2018,8,20,10,30,9.27,166.23
2018,8,20,11,30,10.72,170.97
2018,8,20,12,30,9.200000000000001,158.33
2018,8,20,13,30,10.11,160.47
2018,8,20,14,30,9.85,155.82
2018,8,20,15,30,8.74,145.3
2018,8,20,16,30,8.27,144.8
2018,8,20,17,30,7.79,138.79
2018,8,20,18,30,8.1,135.46
2018,8,20,19,30,8.25,144.67000000000002
2018,8,20,20,30,8.32,149.37
2018,8,20,21,30,8.47,150.45000000000002
2018,8,20,22,30,8.290000000000001,163.68
2018,8,20,23,30,7.07,168.35
2018,8,21,0,30,6.73,174.07
2018,8,21,1,30,7.28,189.87
2018,8,21,2,30,7.12,183.89000000000001
2018,8,21,3,30,6.7,172.05
2018,8,21,4,30,6.5,170.53
2018,8,21,5,30,6.97,170.41
2018,8,21,6,30,6.49,169.47
2018,8,21,7,30,5.44,168.21
2018,8,21,8,30,4.47,159.18
2018,8,21,9,30,4.94,162.25
2018,8,21,10,30,4.32,160.91
2018,8,21,11,30,3.99,143.49
2018,8,21,12,30,4.01,132.83
2018,8,21,13,30,4.75,128.13
2018,8,21,14,30,5.01,162.62
2018,8,21,15,30,5,169.4
2018,8,21,16,30,6.01,181.48
2018,8,21,17,30,6.0200000000000005,190.08
2018,8,21,18,30,5.36,178.97
2018,8,21,19,30,5.98,182.17000000000002
2018,8,21,20,30,6.69,180.37
2018,8,21,21,30,5.8100000000000005,171.58
2018,8,21,22,30,6.33,168.44
2018,8,21,23,30,6.7,178.31
2018,8,22,0,30,5.83,190.03
2018,8,22,1,30,6.74,220.4
2018,8,22,2,30,6.26,214.76
2018,8,22,3,30,7.96,213.59
2018,8,22,4,30,8.2,209.91
2018,8,22,5,30,7.96,196.94
2018,8,22,6,30,8.24,182.51
2018,8,22,7,30,8.15,173.11
2018,8,22,8,30,8.77,171.01
2018,8,22,9,30,8.34,159.54
2018,8,22,10,30,8.97,159.99
2018,8,22,11,30,9.540000000000001,166.11
2018,8,22,12,30,10.41,174.11
2018,8,22,13,30,10.4,180.36
2018,8,22,14,30,11.51,182.52
2018,8,22,15,30,10.65,176.05
2018,8,22,16,30,10.92,173.37
2018,8,22,17,30,11.040000000000001,167.44
2018,8,22,18,30,12.02,165.12
2018,8,22,19,30,11.73,161.1
2018,8,22,20,30,12.3,164.37
2018,8,22,21,30,11.81,164.64000000000001
2018,8,22,22,30,11.84,161.98
2018,8,22,23,30,12.23,162.55
2018,8,23,0,30,10.790000000000001,161.62
2018,8,23,1,30,10.11,164.53
2018,8,23,2,30,9,165.49
2018,8,23,3,30,8.55,170.67000000000002
2018,8,23,4,30,6.67,188.89000000000001
2018,8,23,5,30,5.5200000000000005,186.89000000000001
2018,8,23,6,30,4.2700000000000005,204.07
2018,8,23,7,30,4.38,204.66
2018,8,23,8,30,5.58,228.59
2018,8,23,9,30,6.6000000000000005,233.6
2018,8,23,10,30,5.33,230.52
2018,8,23,11,30,4.9,229.49
2018,8,23,12,30,6.43,224.08
2018,8,23,13,30,6.67,221.91
2018,8,23,14,30,7.15,231.02
2018,8,23,15,30,6.88,237.72
2018,8,23,16,30,7.62,232.24
2018,8,23,17,30,8.19,195.02
2018,8,23,18,30,6.61,229.13
2018,8,23,19,30,6.92,223.68
2018,8,23,20,30,6.890000000000001,233.46
2018,8,23,21,30,7.15,203.81
2018,8,23,22,30,7.61,205.23000000000002
2018,8,23,23,30,6.76,202.58
2018,8,24,0,30,7.7700000000000005,198.31
2018,8,24,1,30,7.55,195.69
2018,8,24,2,30,7.29,190.85
2018,8,24,3,30,7.07,180.41
2018,8,24,4,30,5.33,174.3
2018,8,24,5,30,5.39,156.35
2018,8,24,6,30,5.75,131.93
2018,8,24,7,30,9.5,219.47
2018,8,24,8,30,8.76,212.53
2018,8,24,9,30,7.51,211.26
2018,8,24,10,30,8.02,212.37
2018,8,24,11,30,10.07,210.65
2018,8,24,12,30,9.540000000000001,213.11
2018,8,24,13,30,9.23,218.16
2018,8,24,14,30,7.66,224.34
2018,8,24,15,30,7.6000000000000005,224.79
2018,8,24,16,30,10.08,228.53
2018,8,24,17,30,10.21,225.48000000000002
2018,8,24,18,30,8.78,224.67000000000002
2018,8,24,19,30,8.75,226.01
2018,8,24,20,30,8.51,227.81
2018,8,24,21,30,8.32,217.18
2018,8,24,22,30,8.31,212.3
2018,8,24,23,30,8.07,206.59
2018,8,25,0,30,8.27,200.48000000000002
2018,8,25,1,30,8.5,196.07
2018,8,25,2,30,8.84,198.15
2018,8,25,3,30,7.19,200.35
2018,8,25,4,30,7.140000000000001,193.9
2018,8,25,5,30,6.07,194.21
2018,8,25,6,30,5.3100000000000005,180.70000000000002
2018,8,25,7,30,4.3100000000000005,168.52
2018,8,25,8,30,4.5,141.05
2018,8,25,9,30,4.67,130.22
2018,8,25,10,30,4.83,132.37
2018,8,25,11,30,5.62,159.77
2018,8,25,12,30,4.73,124.79
2018,8,25,13,30,6.75,112.89
2018,8,25,14,30,6.16,105.92
2018,8,25,15,30,7.0600000000000005,97.25
2018,8,25,16,30,7.3,95.87
2018,8,25,17,30,9.23,90.68
2018,8,25,18,30,11.07,91.65
2018,8,25,19,30,11.28,85.3
2018,8,25,20,30,13.35,87.81
2018,8,25,21,30,13.09,85.08
2018,8,25,22,30,13.9,87.49
2018,8,25,23,30,13.92,95.75
2018,8,26,0,30,9.620000000000001,156.07
2018,8,26,1,30,10.05,166.72
2018,8,26,2,30,10.57,171.47
2018,8,26,3,30,10.21,165.81
2018,8,26,4,30,11.370000000000001,173.05
2018,8,26,5,30,12.280000000000001,170.42000000000002
2018,8,26,6,30,13.25,184.03
2018,8,26,7,30,12.86,182.70000000000002
2018,8,26,8,30,12.86,176.51
2018,8,26,9,30,12.26,167.89000000000001
2018,8,26,10,30,11.46,172.51
2018,8,26,11,30,10.46,185.03
2018,8,26,12,30,8.870000000000001,206.77
2018,8,26,13,30,10.26,239
2018,8,26,14,30,10.66,244.8
2018,8,26,15,30,9.28,224.84
2018,8,26,16,30,10.72,223.91
2018,8,26,17,30,10.41,225.93
2018,8,26,18,30,7.2,251.97
2018,8,26,19,30,9.53,279.73
2018,8,26,20,30,14.700000000000001,295.89
2018,8,26,21,30,15.700000000000001,288.59000000000003
2018,8,26,22,30,15.09,288.11
2018,8,26,23,30,15.200000000000001,284.44
2018,8,27,0,30,13.94,283.05
2018,8,27,1,30,13.92,286.89
2018,8,27,2,30,12.31,288.27
2018,8,27,3,30,10.09,285.01
2018,8,27,4,30,8.09,278.07
2018,8,27,5,30,7.69,272.26
2018,8,27,6,30,7.28,260.04
2018,8,27,7,30,8.73,238.57
2018,8,27,8,30,10.51,233.08
2018,8,27,9,30,10.38,236.56
2018,8,27,10,30,10.38,242.3
2018,8,27,11,30,10.200000000000001,248.88
2018,8,27,12,30,9.34,245.49
2018,8,27,13,30,9.86,253.97
2018,8,27,14,30,8.92,259.43
2018,8,27,15,30,8.05,259.24
2018,8,27,16,30,9.18,252.92000000000002
2018,8,27,17,30,8.66,249.11
2018,8,27,18,30,9.200000000000001,245.69
2018,8,27,19,30,7.22,244.32
2018,8,27,20,30,8.040000000000001,242.59
2018,8,27,21,30,8.71,246.63
2018,8,27,22,30,8.040000000000001,246.31
2018,8,27,23,30,7.91,249.89000000000001
2018,8,28,0,30,7.59,254.77
2018,8,28,1,30,6.5,269.39
2018,8,28,2,30,8.94,263.75
2018,8,28,3,30,6.0200000000000005,260.49
2018,8,28,4,30,6.88,271.34000000000003
2018,8,28,5,30,7.47,271.65
2018,8,28,6,30,6.890000000000001,258.9
2018,8,28,7,30,8.16,258.47
2018,8,28,8,30,8.9,253.56
2018,8,28,9,30,7.57,256.44
2018,8,28,10,30,8.27,267.7
2018,8,28,11,30,7.98,265.67
2018,8,28,12,30,7.44,264.77
2018,8,28,13,30,6.9,270.28000000000003
2018,8,28,14,30,6.04,269.71
2018,8,28,15,30,4.5200000000000005,268.17
2018,8,28,16,30,3.58,238.76
2018,8,28,17,30,3.5,214.64000000000001
2018,8,28,18,30,3.36,208.71
2018,8,28,19,30,3.42,186.3
2018,8,28,20,30,3.0300000000000002,176.45000000000002
2018,8,28,21,30,4.73,192.88
2018,8,28,22,30,3.89,188.62
2018,8,28,23,30,3.63,207.1
2018,8,29,0,30,3.5,196.14000000000001
2018,8,29,1,30,3.09,135.39000000000001
2018,8,29,2,30,3.67,137.1
2018,8,29,3,30,3.54,118.84
2018,8,29,4,30,3.86,157.41
2018,8,29,5,30,4.2,113.92
2018,8,29,6,30,2.58,116.46000000000001
2018,8,29,7,30,4.33,101.98
2018,8,29,8,30,5.46,93.48
2018,8,29,9,30,6.99,97.34
2018,8,29,10,30,8.36,100.48
2018,8,29,11,30,8.38,98.66
2018,8,29,12,30,9.99,95.17
2018,8,29,13,30,10.370000000000001,95.95
2018,8,29,14,30,11.06,110.66
2018,8,29,15,30,10.82,117.32000000000001
2018,8,29,16,30,12.120000000000001,128.51
2018,8,29,17,30,12.05,120.53
2018,8,29,18,30,12.38,114.12
2018,8,29,19,30,15.85,112.62
2018,8,29,20,30,15.81,116.45
2018,8,29,21,30,14.97,116.55
2018,8,29,22,30,16.32,122.55
2018,8,29,23,30,14.540000000000001,128.62
2018,8,30,0,30,9.72,186.42000000000002
2018,8,30,1,30,10.68,199.9
2018,8,30,2,30,12.31,213.8
2018,8,30,3,30,12.85,222.64000000000001
2018,8,30,4,30,13.09,226.18
2018,8,30,5,30,11.89,220.48000000000002
2018,8,30,6,30,13.89,212.47
2018,8,30,7,30,15.48,207.49
2018,8,30,8,30,17.71,211.11
2018,8,30,9,30,17.78,211.20000000000002
2018,8,30,10,30,17.26,207.93
2018,8,30,11,30,18.27,207.38
2018,8,30,12,30,18.97,213.42000000000002
2018,8,30,13,30,17.6,208.21
2018,8,30,14,30,15.99,213.29
2018,8,30,15,30,15.58,215.38
2018,8,30,16,30,15.98,214.67000000000002
2018,8,30,17,30,14.92,214.55
2018,8,30,18,30,14.120000000000001,213.65
2018,8,30,19,30,11.74,212.59
2018,8,30,20,30,9.49,225.77
2018,8,30,21,30,10.58,239.74
2018,8,30,22,30,7.79,225.91
2018,8,30,23,30,9.71,217.20000000000002
2018,8,31,0,30,6.48,237.42000000000002
2018,8,31,1,30,11.44,234.21
2018,8,31,2,30,7.66,240.61
2018,8,31,3,30,6.13,261.31
2018,8,31,4,30,4.9,269.61
2018,8,31,5,30,3.77,292.91
2018,8,31,6,30,3.7,301.65000000000003
2018,8,31,7,30,2.04,341.43
2018,8,31,8,30,2.11,355.99
2018,8,31,9,30,3.49,7.99
2018,8,31,10,30,7.98,26.16
2018,8,31,11,30,9.120000000000001,19.75
2018,8,31,12,30,10.19,19.14
2018,8,31,13,30,11.120000000000001,17.16
2018,8,31,14,30,12.14,12.120000000000001
2018,8,31,15,30,12.370000000000001,9.67
2018,8,31,16,30,10.97,9.450000000000001
2018,8,31,17,30,10.5,7.21
2018,8,31,18,30,9.73,9.11
2018,8,31,19,30,10.07,8.15
2018,8,31,20,30,10.55,3.2600000000000002
2018,8,31,21,30,10.21,1.86
2018,8,31,22,30,9.18,1.03
2018,8,31,23,30,9.21,357.67
2018,9,1,0,30,8.44,349.05
2018,9,1,1,30,9.01,340.3
2018,9,1,2,30,8.96,345.39
2018,9,1,3,30,7.71,346.09000000000003
2018,9,1,4,30,6.71,13.540000000000001
2018,9,1,5,30,8.28,345.51
2018,9,1,6,30,9.53,351.52
2018,9,1,7,30,8.45,352.61
2018,9,1,8,30,8.06,351.94
2018,9,1,9,30,7.38,357.51
2018,9,1,10,30,6.3100000000000005,4.17
2018,9,1,11,30,5.93,14.77
2018,9,1,12,30,5.07,18.52
2018,9,1,13,30,4.48,357.28000000000003
2018,9,1,14,30,4.58,357.73
2018,9,1,15,30,3.92,301.78000000000003
2018,9,1,16,30,2.81,317.73
2018,9,1,17,30,2.89,295.73
2018,9,1,18,30,1.6600000000000001,315.31
2018,9,1,19,30,3.2600000000000002,295.3
2018,9,1,20,30,4.45,287.26
2018,9,1,21,30,4.67,298.74
2018,9,1,22,30,4.41,293.21
2018,9,1,23,30,5.46,289.16
2018,9,2,0,30,5.15,285.74
2018,9,2,1,30,5.37,297.48
2018,9,2,2,30,6.41,289.77
2018,9,2,3,30,6.38,289.95
2018,9,2,4,30,6.8500000000000005,282.08
2018,9,2,5,30,6.96,276.12
2018,9,2,6,30,8.1,268.45
2018,9,2,7,30,7.8500000000000005,262.57
2018,9,2,8,30,6.93,257.75
2018,9,2,9,30,7.26,259.09000000000003
2018,9,2,10,30,5.86,257.71
2018,9,2,11,30,7.0200000000000005,264.62
2018,9,2,12,30,7.07,261.5
2018,9,2,13,30,7.2700000000000005,265.4
2018,9,2,14,30,7.43,266.94
2018,9,2,15,30,6.7,272.13
2018,9,2,16,30,7.83,269.46
2018,9,2,17,30,7.07,279.56
2018,9,2,18,30,7.1000000000000005,281.78000000000003
2018,9,2,19,30,6.32,276.66
2018,9,2,20,30,5.98,279.31
2018,9,2,21,30,6.25,277.65000000000003
2018,9,2,22,30,5.78,277.44
2018,9,2,23,30,6.28,275.29
2018,9,3,0,30,6.49,283.81
2018,9,3,1,30,5.0200000000000005,272.81
2018,9,3,2,30,7,293.23
2018,9,3,3,30,7.5600000000000005,296.02
2018,9,3,4,30,7.7,298.75
2018,9,3,5,30,7.96,297.88
2018,9,3,6,30,8.18,297.39
2018,9,3,7,30,7.3500000000000005,295.8
2018,9,3,8,30,8.26,298.21
2018,9,3,9,30,7.84,302.81
2018,9,3,10,30,7.87,301.68
2018,9,3,11,30,6.94,300.29
2018,9,3,12,30,7.42,303.62
2018,9,3,13,30,8.51,301.86
2018,9,3,14,30,7.8,305.82
2018,9,3,15,30,7.55,306.49
2018,9,3,16,30,5.93,320.44
2018,9,3,17,30,8.01,303.03000000000003
2018,9,3,18,30,6.8100000000000005,297.55
2018,9,3,19,30,6.38,296.68
2018,9,3,20,30,5.86,301.68
2018,9,3,21,30,4.88,291.84000000000003
2018,9,3,22,30,6.43,302.77
2018,9,3,23,30,7.03,304.17
2018,9,4,0,30,6.94,302.88
2018,9,4,1,30,6.87,303.2
2018,9,4,2,30,7.42,306.96
2018,9,4,3,30,6.43,306.28000000000003
2018,9,4,4,30,6.57,312.3
2018,9,4,5,30,5.61,312.14
2018,9,4,6,30,5.51,309.68
2018,9,4,7,30,5.75,321.78000000000003
2018,9,4,8,30,6.71,307.04
2018,9,4,9,30,6.83,333.90000000000003
2018,9,4,10,30,5.29,301.69
2018,9,4,11,30,3.9,325.93
2018,9,4,12,30,3.12,340.6
2018,9,4,13,30,5.0200000000000005,341.63
2018,9,4,14,30,2.39,340.97
2018,9,4,15,30,5.51,316.56
2018,9,4,16,30,4.44,317.34000000000003
2018,9,4,17,30,2.88,330.12
2018,9,4,18,30,3.06,300.55
2018,9,4,19,30,3.37,300.28000000000003
2018,9,4,20,30,4.88,314.98
2018,9,4,21,30,2.56,348.83
2018,9,4,22,30,1.72,325.94
2018,9,4,23,30,3.35,338.65000000000003
2018,9,5,0,30,3.0100000000000002,348.44
2018,9,5,1,30,4.08,353.22
2018,9,5,2,30,1.8900000000000001,358.33
2018,9,5,3,30,1.01,183.46
2018,9,5,4,30,1.87,338.82
2018,9,5,5,30,2.39,359.11
2018,9,5,6,30,1.71,335.95
2018,9,5,7,30,1.4000000000000001,319.62
2018,9,5,8,30,0.7000000000000001,2.7600000000000002
2018,9,5,9,30,1.05,64.07000000000001
2018,9,5,10,30,1.53,120.54
2018,9,5,11,30,2.08,91.91
2018,9,5,12,30,2.22,111
2018,9,5,13,30,3.18,130.97
2018,9,5,14,30,3.94,137.09
2018,9,5,15,30,4.3500000000000005,135.37
2018,9,5,16,30,5.63,145.16
2018,9,5,17,30,6.26,143.45000000000002
2018,9,5,18,30,6.03,156.57
2018,9,5,19,30,5.46,182.97
2018,9,5,20,30,5.74,184.25
2018,9,5,21,30,5.57,186.76
2018,9,5,22,30,5.94,197.19
2018,9,5,23,30,5.6000000000000005,196.28
2018,9,6,0,30,5.48,201.94
2018,9,6,1,30,5.0200000000000005,201.89000000000001
2018,9,6,2,30,4.76,202.97
2018,9,6,3,30,5.36,212.19
2018,9,6,4,30,5.62,212.98000000000002
2018,9,6,5,30,5.09,209.45000000000002
2018,9,6,6,30,3.87,235.97
2018,9,6,7,30,5.18,236.03
2018,9,6,8,30,4.89,240.9
2018,9,6,9,30,4.59,241.88
2018,9,6,10,30,4.3100000000000005,234.69
2018,9,6,11,30,4.36,226.19
2018,9,6,12,30,4.4,230.83
2018,9,6,13,30,4.41,236.52
2018,9,6,14,30,3.16,240.47
2018,9,6,15,30,2.05,238.08
2018,9,6,16,30,1.93,220.45000000000002
2018,9,6,17,30,2.38,216.35
2018,9,6,18,30,2.83,232.38
2018,9,6,19,30,2.2,246.58
2018,9,6,20,30,1.9000000000000001,225.59
2018,9,6,21,30,2.0100000000000002,267.28000000000003
2018,9,6,22,30,1.93,255.68
2018,9,6,23,30,1.78,291.95
2018,9,7,0,30,2.65,289.62
2018,9,7,1,30,2.64,301.47
2018,9,7,2,30,3.49,315.94
2018,9,7,3,30,3.04,346.21
2018,9,7,4,30,2.2800000000000002,1.54
2018,9,7,5,30,3.52,25.37
2018,9,7,6,30,4.23,33.02
2018,9,7,7,30,4.98,42.52
2018,9,7,8,30,6.74,31.45
2018,9,7,9,30,7.33,30.490000000000002
2018,9,7,10,30,7.66,27.84
2018,9,7,11,30,7.58,22.21
2018,9,7,12,30,8.620000000000001,21.31
2018,9,7,13,30,8.48,23.740000000000002
2018,9,7,14,30,8.35,28.3
2018,9,7,15,30,8.02,30.09
2018,9,7,16,30,7.62,27.6
2018,9,7,17,30,7.3,21.56
2018,9,7,18,30,5.66,14.530000000000001
2018,9,7,19,30,5.67,19.75
2018,9,7,20,30,5.89,21.96
2018,9,7,21,30,6.45,14.84
2018,9,7,22,30,7.36,13.5
2018,9,7,23,30,7.3100000000000005,8.9
2018,9,8,0,30,6.96,12.84
2018,9,8,1,30,7.36,14.57
2018,9,8,2,30,6.98,19.94
2018,9,8,3,30,7.41,24.57
2018,9,8,4,30,7.28,16.89
2018,9,8,5,30,9.25,19.18
2018,9,8,6,30,8.98,19.25
2018,9,8,7,30,9.040000000000001,20.46
2018,9,8,8,30,10.22,23.71
2018,9,8,9,30,10.25,23.78
2018,9,8,10,30,9.3,24.330000000000002
2018,9,8,11,30,7.55,32.99
2018,9,8,12,30,6.22,40.230000000000004
2018,9,8,13,30,5.08,42.38
2018,9,8,14,30,5.66,32.72
2018,9,8,15,30,7.16,23.35
2018,9,8,16,30,7.49,25.35
2018,9,8,17,30,7.19,26.63
2018,9,8,18,30,6.05,25.650000000000002
2018,9,8,19,30,6.2,25.46
2018,9,8,20,30,5.68,22.1
2018,9,8,21,30,6.59,22.43
2018,9,8,22,30,6.22,18.47
2018,9,8,23,30,6.13,12.870000000000001
2018,9,9,0,30,6.47,0.85
2018,9,9,1,30,7.03,350.58
2018,9,9,2,30,7.5,346.03000000000003
2018,9,9,3,30,7.38,347.40000000000003
2018,9,9,4,30,7.49,0
2018,9,9,5,30,7.7,7.42
2018,9,9,6,30,8.370000000000001,12.040000000000001
2018,9,9,7,30,10.870000000000001,14.01
2018,9,9,8,30,10.51,17.45
2018,9,9,9,30,9.49,17.85
2018,9,9,10,30,8.56,14.47
2018,9,9,11,30,7.66,16.830000000000002
2018,9,9,12,30,7.2700000000000005,14.69
2018,9,9,13,30,6.99,11.15
2018,9,9,14,30,6.96,4.03
2018,9,9,15,30,7.5,0.87
2018,9,9,16,30,7.7,0.54
2018,9,9,17,30,7.61,357.61
2018,9,9,18,30,6.41,352.81
2018,9,9,19,30,7.17,0.15
2018,9,9,20,30,5.95,353.73
2018,9,9,21,30,5.75,4.72
2018,9,9,22,30,5.25,352.41
2018,9,9,23,30,5.46,353.75
2018,9,10,0,30,6.44,339.88
2018,9,10,1,30,5.74,348.71
2018,9,10,2,30,6.9,340.94
2018,9,10,3,30,6.2,348.09000000000003
2018,9,10,4,30,5.72,359.04
2018,9,10,5,30,5.76,359.32
2018,9,10,6,30,6.79,4.69
2018,9,10,7,30,4.99,2.67
2018,9,10,8,30,5.1000000000000005,359.84000000000003
2018,9,10,9,30,5.67,348.73
2018,9,10,10,30,5.11,343.47
2018,9,10,11,30,5.01,339.03000000000003
2018,9,10,12,30,5.19,349.65000000000003
2018,9,10,13,30,5,345.82
2018,9,10,14,30,5.2,334.65000000000003
2018,9,10,15,30,5.82,346.68
2018,9,10,16,30,4.9,352.36
2018,9,10,17,30,4.7,346.56
2018,9,10,18,30,4.98,345.43
2018,9,10,19,30,3.45,356.91
2018,9,10,20,30,4.04,345.92
2018,9,10,21,30,4.12,349.23
2018,9,10,22,30,4.17,343.39
2018,9,10,23,30,4.03,347.06
2018,9,11,0,30,4.44,341.28000000000003
2018,9,11,1,30,5.25,333.43
2018,9,11,2,30,5.93,325.38
2018,9,11,3,30,5.86,322.18
2018,9,11,4,30,6.24,323.37
2018,9,11,5,30,6.2,322.58
2018,9,11,6,30,5.48,331.15000000000003
2018,9,11,7,30,5.7,329.73
2018,9,11,8,30,5.29,332.51
2018,9,11,9,30,4.8,338.03000000000003
2018,9,11,10,30,4.72,316.55
2018,9,11,11,30,5.71,324.24
2018,9,11,12,30,5.63,336.21
2018,9,11,13,30,5.94,326.36
2018,9,11,14,30,5.19,330.02
2018,9,11,15,30,5.16,332.21
2018,9,11,16,30,4.73,330.6
2018,9,11,17,30,4.9,332.54
2018,9,11,18,30,5.19,329.90000000000003
2018,9,11,19,30,4.65,321.23
2018,9,11,20,30,4.46,323.42
2018,9,11,21,30,4.33,325.12
2018,9,11,22,30,5.89,319.11
2018,9,11,23,30,6.26,324.73
2018,9,12,0,30,6.22,332.79
2018,9,12,1,30,5.49,343.48
2018,9,12,2,30,3.74,336.77
2018,9,12,3,30,3.33,334.79
2018,9,12,4,30,2.67,336.63
2018,9,12,5,30,3,347.69
2018,9,12,6,30,4.45,336.87
2018,9,12,7,30,2.62,2.38
2018,9,12,8,30,1.78,6.65
2018,9,12,9,30,1.22,334.59000000000003
2018,9,12,10,30,1.71,349.17
2018,9,12,11,30,1.57,26.240000000000002
2018,9,12,12,30,2.86,25.71
2018,9,12,13,30,2.21,48.22
2018,9,12,14,30,2.42,33.71
2018,9,12,15,30,2.73,50.32
2018,9,12,16,30,3.09,78.08
2018,9,12,17,30,3.74,77.69
2018,9,12,18,30,4.38,77.99
2018,9,12,19,30,5.3500000000000005,91.14
2018,9,12,20,30,4.79,93.85000000000001
2018,9,12,21,30,5.3100000000000005,93.17
2018,9,12,22,30,5.7,98.05
2018,9,12,23,30,4.42,111.08
2018,9,13,0,30,6.69,103.31
2018,9,13,1,30,4.11,96.31
2018,9,13,2,30,7.13,88.34
2018,9,13,3,30,6.61,95.95
2018,9,13,4,30,7.63,94.03
2018,9,13,5,30,9.69,85.2
2018,9,13,6,30,10.15,86.79
2018,9,13,7,30,9.39,95.77
2018,9,13,8,30,9.97,97.41
2018,9,13,9,30,9.790000000000001,98.31
2018,9,13,10,30,9.13,108.10000000000001
2018,9,13,11,30,8.26,114.19
2018,9,13,12,30,8.78,108.45
2018,9,13,13,30,8.86,105.12
2018,9,13,14,30,8.46,102.93
2018,9,13,15,30,8.73,95.75
2018,9,13,16,30,9.53,91.16
2018,9,13,17,30,10.790000000000001,89.41
2018,9,13,18,30,10.93,95.49
2018,9,13,19,30,10.77,102.92
2018,9,13,20,30,10.34,109.93
2018,9,13,21,30,9.5,114.79
2018,9,13,22,30,9.450000000000001,114.37
2018,9,13,23,30,10.3,117.62
2018,9,14,0,30,10.75,126.69
2018,9,14,1,30,10.040000000000001,131.13
2018,9,14,2,30,10.77,131.13
2018,9,14,3,30,10.44,129.34
2018,9,14,4,30,10.58,127.68
2018,9,14,5,30,11.41,128.38
2018,9,14,6,30,10.16,131.93
2018,9,14,7,30,9.46,135.78
2018,9,14,8,30,8.93,136.54
2018,9,14,9,30,9.64,143.85
2018,9,14,10,30,8.86,145.11
2018,9,14,11,30,8.55,154.52
2018,9,14,12,30,8.58,161.65
2018,9,14,13,30,8.05,163.66
2018,9,14,14,30,7.82,164.94
2018,9,14,15,30,7.42,163.17000000000002
2018,9,14,16,30,7.97,159.23
2018,9,14,17,30,8.540000000000001,154.36
2018,9,14,18,30,9.4,155.59
2018,9,14,19,30,8.89,151.51
2018,9,14,20,30,8.69,149.12
2018,9,14,21,30,8.94,149.52
2018,9,14,22,30,9.31,151.99
2018,9,14,23,30,9.59,153.83
2018,9,15,0,30,9.13,154.07
2018,9,15,1,30,8.89,156.85
2018,9,15,2,30,9.84,148.06
2018,9,15,3,30,9.98,149.39000000000001
2018,9,15,4,30,10.34,151.94
2018,9,15,5,30,9.700000000000001,149.20000000000002
2018,9,15,6,30,7.8500000000000005,133.63
2018,9,15,7,30,8.4,130.17000000000002
2018,9,15,8,30,8.26,143.75
2018,9,15,9,30,7.2,144.44
2018,9,15,10,30,5.8,161.19
2018,9,15,11,30,4.79,187.3
2018,9,15,12,30,3.67,191.73000000000002
2018,9,15,13,30,3.99,225.61
2018,9,15,14,30,4.53,279.52
2018,9,15,15,30,5.41,284.13
2018,9,15,16,30,6.58,289.93
2018,9,15,17,30,6.58,292.71
2018,9,15,18,30,7.8500000000000005,291.08
2018,9,15,19,30,8.61,298.06
2018,9,15,20,30,8.72,290.34000000000003
2018,9,15,21,30,9.09,288.23
2018,9,15,22,30,9.28,296.56
2018,9,15,23,30,8.950000000000001,297.44
2018,9,16,0,30,8.98,293.71
2018,9,16,1,30,8.58,296.49
2018,9,16,2,30,8.39,292.21
2018,9,16,3,30,7.97,296.11
2018,9,16,4,30,8.120000000000001,292.93
2018,9,16,5,30,8.47,279.57
2018,9,16,6,30,8.27,283.09000000000003
2018,9,16,7,30,9.42,268.04
2018,9,16,8,30,7.38,261.82
2018,9,16,9,30,7.04,264.49
2018,9,16,10,30,10.38,280.79
2018,9,16,11,30,10.03,284.5
2018,9,16,12,30,7.32,275.13
2018,9,16,13,30,12.61,289.17
2018,9,16,14,30,12.42,286.44
2018,9,16,15,30,12.530000000000001,293.05
2018,9,16,16,30,10.46,292.86
2018,9,16,17,30,10.9,288.2
2018,9,16,18,30,8.55,300.08
2018,9,16,19,30,9.5,287.36
2018,9,16,20,30,8.86,285.76
2018,9,16,21,30,8.34,288.90000000000003
2018,9,16,22,30,6.62,286.68
2018,9,16,23,30,6.49,279.34000000000003
2018,9,17,0,30,4.54,266.48
2018,9,17,1,30,5.14,255.65
2018,9,17,2,30,2.62,229.23000000000002
2018,9,17,3,30,4.22,220.06
2018,9,17,4,30,3.67,235.32
2018,9,17,5,30,5.29,243.78
2018,9,17,6,30,6.11,244.29
2018,9,17,7,30,5.76,234.29
2018,9,17,8,30,5.62,231.76
2018,9,17,9,30,5.73,228.53
2018,9,17,10,30,5.05,218.41
2018,9,17,11,30,4.92,207.49
2018,9,17,12,30,5.23,227.83
2018,9,17,13,30,6.48,242.71
2018,9,17,14,30,6.42,233.54
2018,9,17,15,30,6.640000000000001,249
2018,9,17,16,30,7.7700000000000005,253.46
2018,9,17,17,30,9.08,290.66
2018,9,17,18,30,9.09,294.46
2018,9,17,19,30,9.56,293.17
2018,9,17,20,30,7.2700000000000005,288.63
2018,9,17,21,30,7.04,283.95
2018,9,17,22,30,7.51,272.52
2018,9,17,23,30,8.46,283.73
2018,9,18,0,30,7.6000000000000005,288.74
2018,9,18,1,30,7.48,286.23
2018,9,18,2,30,8.49,277.59000000000003
2018,9,18,3,30,8.14,274.5
2018,9,18,4,30,8.22,277.3
2018,9,18,5,30,6.28,276.59000000000003
2018,9,18,6,30,6.22,259.94
2018,9,18,7,30,5.69,291.31
2018,9,18,8,30,6.93,307.35
2018,9,18,9,30,8.540000000000001,305.26
2018,9,18,10,30,7.8500000000000005,285.08
2018,9,18,11,30,7.13,292.72
2018,9,18,12,30,7.33,276.14
2018,9,18,13,30,6.49,280.35
2018,9,18,14,30,7.37,281.16
2018,9,18,15,30,7.78,267.05
2018,9,18,16,30,8.13,273.61
2018,9,18,17,30,7.18,269.54
2018,9,18,18,30,6.2,265.91
2018,9,18,19,30,7.61,246.65
2018,9,18,20,30,8.91,244.36
2018,9,18,21,30,9.21,267.77
2018,9,18,22,30,8.84,264.92
2018,9,18,23,30,7.3,254.3
2018,9,19,0,30,7.29,255.74
2018,9,19,1,30,9,270.04
2018,9,19,2,30,9.58,275.24
2018,9,19,3,30,9.03,273.44
2018,9,19,4,30,9.33,274.78000000000003
2018,9,19,5,30,8.94,274.56
2018,9,19,6,30,6.65,260.25
2018,9,19,7,30,9.82,263.54
2018,9,19,8,30,8.92,270.57
2018,9,19,9,30,9.71,275.84000000000003
2018,9,19,10,30,10.44,289.09000000000003
2018,9,19,11,30,8.68,277.81
2018,9,19,12,30,8.84,308.41
2018,9,19,13,30,9.14,316.65000000000003
2018,9,19,14,30,8.790000000000001,321.15000000000003
2018,9,19,15,30,6.74,344.83
2018,9,19,16,30,5.71,2.38
2018,9,19,17,30,6,352.35
2018,9,19,18,30,5.74,347.86
2018,9,19,19,30,5.09,342.05
2018,9,19,20,30,5.21,340.90000000000003
2018,9,19,21,30,4.19,335.40000000000003
2018,9,19,22,30,4.28,338.72
2018,9,19,23,30,3.95,331.8
2018,9,20,0,30,5.14,333.24
2018,9,20,1,30,4.34,341.04
2018,9,20,2,30,3.93,336.2
2018,9,20,3,30,3.15,336.91
2018,9,20,4,30,2.74,335.96
2018,9,20,5,30,2.31,326.34000000000003
2018,9,20,6,30,2.3000000000000003,357.41
2018,9,20,7,30,1.07,359.86
2018,9,20,8,30,0.71,316.64
2018,9,20,9,30,1.68,48.15
2018,9,20,10,30,1.07,61.81
2018,9,20,11,30,1.56,38.03
2018,9,20,12,30,1.6400000000000001,54.26
2018,9,20,13,30,1.61,54.97
2018,9,20,14,30,1.6300000000000001,74.17
2018,9,20,15,30,0.81,98.9
2018,9,20,16,30,1.3800000000000001,95.58
2018,9,20,17,30,1.59,88.44
2018,9,20,18,30,1.17,121.22
2018,9,20,19,30,1.3,116.49000000000001
2018,9,20,20,30,1.9000000000000001,137.20000000000002
2018,9,20,21,30,1.8800000000000001,152.04
2018,9,20,22,30,2.34,169.01
2018,9,20,23,30,3.79,160.42000000000002
2018,9,21,0,30,5.15,184.69
2018,9,21,1,30,5.03,174.42000000000002
2018,9,21,2,30,5.41,170.68
2018,9,21,3,30,5.87,167.24
2018,9,21,4,30,5.86,154.49
2018,9,21,5,30,6.66,139.87
2018,9,21,6,30,7.95,138.4
2018,9,21,7,30,9.85,135.65
2018,9,21,8,30,9.94,134.74
2018,9,21,9,30,9.69,134.07
2018,9,21,10,30,10.450000000000001,135.25
2018,9,21,11,30,10.9,136.64000000000001
2018,9,21,12,30,11.43,134.29
2018,9,21,13,30,11.96,139.65
2018,9,21,14,30,12.39,154.70000000000002
2018,9,21,15,30,12.96,152.93
2018,9,21,16,30,15.48,144.6
2018,9,21,17,30,16.830000000000002,148.18
2018,9,21,18,30,18.23,147.12
2018,9,21,19,30,18.77,152.52
2018,9,21,20,30,19.31,149.64000000000001
2018,9,21,21,30,19.6,156.07
2018,9,21,22,30,19.01,157.51
2018,9,21,23,30,16.02,166.28
2018,9,22,0,30,11.03,191.94
2018,9,22,1,30,11.51,204.21
2018,9,22,2,30,10.33,213.91
2018,9,22,3,30,9.92,207.1
2018,9,22,4,30,11.4,207.18
2018,9,22,5,30,12.290000000000001,197.47
2018,9,22,6,30,12.71,206.33
2018,9,22,7,30,14.19,213.34
2018,9,22,8,30,14.790000000000001,211.71
2018,9,22,9,30,14.47,208.46
2018,9,22,10,30,14.73,207.21
2018,9,22,11,30,15.76,209.97
2018,9,22,12,30,15.49,221.39000000000001
2018,9,22,13,30,17.830000000000002,210.82
2018,9,22,14,30,19.76,213.99
2018,9,22,15,30,20.28,213.26
2018,9,22,16,30,20.54,211.47
2018,9,22,17,30,21.12,212.27
2018,9,22,18,30,20.43,208.55
2018,9,22,19,30,21.94,209.25
2018,9,22,20,30,21.150000000000002,212.33
2018,9,22,21,30,20.14,211.19
2018,9,22,22,30,20.080000000000002,214.19
2018,9,22,23,30,19.740000000000002,215.1
2018,9,23,0,30,19.39,217.11
2018,9,23,1,30,18.740000000000002,219.22
2018,9,23,2,30,18,219.15
2018,9,23,3,30,17.51,220.15
2018,9,23,4,30,16.44,225.58
2018,9,23,5,30,16.580000000000002,226.51
2018,9,23,6,30,16.580000000000002,229.82
2018,9,23,7,30,15.290000000000001,228.17000000000002
2018,9,23,8,30,14.72,228.6
2018,9,23,9,30,14.85,230.62
2018,9,23,10,30,15.64,229.18
2018,9,23,11,30,14.89,230.78
2018,9,23,12,30,15.89,232.27
2018,9,23,13,30,14.450000000000001,228.43
2018,9,23,14,30,14,232.58
2018,9,23,15,30,14.36,229.81
2018,9,23,16,30,13.13,227.46
2018,9,23,17,30,14.25,227.37
2018,9,23,18,30,14.76,224.99
2018,9,23,19,30,13.21,219.05
2018,9,23,20,30,12.25,212.87
2018,9,23,21,30,12.75,218.35
2018,9,23,22,30,14.58,209.94
2018,9,23,23,30,13.46,207.65
2018,9,24,0,30,12.9,204.54
2018,9,24,1,30,10.370000000000001,215.5
2018,9,24,2,30,8.75,197.41
2018,9,24,3,30,9.8,210.87
2018,9,24,4,30,8.99,210.95000000000002
2018,9,24,5,30,9.33,211.93
2018,9,24,6,30,9.65,219.49
2018,9,24,7,30,10.27,222.81
2018,9,24,8,30,7.61,230.37
2018,9,24,9,30,7.0600000000000005,232.42000000000002
2018,9,24,10,30,7.8100000000000005,238.14000000000001
2018,9,24,11,30,7.4,239.27
2018,9,24,12,30,7.2700000000000005,238.6
2018,9,24,13,30,7.22,243.04
2018,9,24,14,30,7.67,246.08
2018,9,24,15,30,8.22,260.07
2018,9,24,16,30,10.42,258.02
2018,9,24,17,30,9.3,261.2
2018,9,24,18,30,7.8100000000000005,256.93
2018,9,24,19,30,9.41,257.41
2018,9,24,20,30,5.71,279.17
2018,9,24,21,30,9.89,264.2
2018,9,24,22,30,7.98,282.18
2018,9,24,23,30,7.65,278.86
2018,9,25,0,30,9.44,281.23
2018,9,25,1,30,7.38,277.63
2018,9,25,2,30,8.700000000000001,286.48
2018,9,25,3,30,9.99,280.6
2018,9,25,4,30,11.25,277.06
2018,9,25,5,30,10.31,278.69
2018,9,25,6,30,11.98,282.14
2018,9,25,7,30,10.69,281.2
2018,9,25,8,30,10.19,283.40000000000003
2018,9,25,9,30,8.14,269.96
2018,9,25,10,30,10.5,283.68
2018,9,25,11,30,9.75,271.85
2018,9,25,12,30,8.76,278.78000000000003
2018,9,25,13,30,9.59,285.22
2018,9,25,14,30,8.58,294.73
2018,9,25,15,30,8.790000000000001,277.06
2018,9,25,16,30,9.21,281.85
2018,9,25,17,30,10.13,284.1
2018,9,25,18,30,8.56,281.07
2018,9,25,19,30,8.99,275.8
2018,9,25,20,30,7.67,282.40000000000003
2018,9,25,21,30,7.63,274.93
2018,9,25,22,30,7.16,275.91
2018,9,25,23,30,7.75,294.03000000000003
2018,9,26,0,30,6.08,289.53000000000003
2018,9,26,1,30,5.09,282.7
2018,9,26,2,30,6.76,280.75
2018,9,26,3,30,6.7,266.65
2018,9,26,4,30,6.62,268.14
2018,9,26,5,30,6.5600000000000005,269.3
2018,9,26,6,30,6.3500000000000005,260.57
2018,9,26,7,30,6.42,250
2018,9,26,8,30,6.08,242.83
2018,9,26,9,30,5.68,258.81
2018,9,26,10,30,5.63,263.95
2018,9,26,11,30,5.36,260.36
2018,9,26,12,30,4.86,263.07
2018,9,26,13,30,3.44,259.93
2018,9,26,14,30,3.13,239.26
2018,9,26,15,30,1.18,139.82
2018,9,26,16,30,1.8,94.82000000000001
2018,9,26,17,30,1.68,96.19
2018,9,26,18,30,1.56,106.94
2018,9,26,19,30,2.58,100.47
2018,9,26,20,30,3.4,117.86
2018,9,26,21,30,3.34,121.49000000000001
2018,9,26,22,30,2.7800000000000002,91.76
2018,9,26,23,30,4.17,105.4
2018,9,27,0,30,5.18,113.06
2018,9,27,1,30,5.78,92.4
2018,9,27,2,30,6.07,96.59
2018,9,27,3,30,7.930000000000001,87.25
2018,9,27,4,30,9.39,80.14
2018,9,27,5,30,9.370000000000001,83.46000000000001
2018,9,27,6,30,10.35,74.13
2018,9,27,7,30,12.120000000000001,79.79
2018,9,27,8,30,11.55,80.48
2018,9,27,9,30,11.91,78.32000000000001
2018,9,27,10,30,12.780000000000001,73.76
2018,9,27,11,30,12.05,72.23
2018,9,27,12,30,11.32,69.66
2018,9,27,13,30,11.73,75.15
2018,9,27,14,30,13.82,79.43
2018,9,27,15,30,15.46,80.23
2018,9,27,16,30,15.68,79.19
2018,9,27,17,30,14.94,75.2
2018,9,27,18,30,16.45,73.87
2018,9,27,19,30,12.66,68.23
2018,9,27,20,30,12.83,61.78
2018,9,27,21,30,14.76,70.39
2018,9,27,22,30,15.39,71.8
2018,9,27,23,30,15.99,71.14
2018,9,28,0,30,15.870000000000001,70.38
2018,9,28,1,30,16.43,75.45
2018,9,28,2,30,18.330000000000002,76.45
2018,9,28,3,30,18.39,76.92
2018,9,28,4,30,18.14,83.61
2018,9,28,5,30,18.43,84.55
2018,9,28,6,30,17.3,94.01
2018,9,28,7,30,16.45,103.69
2018,9,28,8,30,15.83,111
2018,9,28,9,30,13.25,117.33
2018,9,28,10,30,15.85,131.89000000000001
2018,9,28,11,30,15.51,134.51
2018,9,28,12,30,17.1,145.16
2018,9,28,13,30,17.6,150.06
2018,9,28,14,30,18.64,148.03
2018,9,28,15,30,21.02,147.47
2018,9,28,16,30,21.81,142.43
2018,9,28,17,30,20.73,138.4
2018,9,28,18,30,19.7,140.39000000000001
2018,9,28,19,30,17.94,137.51
2018,9,28,20,30,16.79,139.51
2018,9,28,21,30,16.79,138.98
2018,9,28,22,30,15.56,135.88
2018,9,28,23,30,15.76,133.27
2018,9,29,0,30,15.870000000000001,130.93
2018,9,29,1,30,17.650000000000002,133.08
2018,9,29,2,30,17.42,134.74
2018,9,29,3,30,18.57,132.16
2018,9,29,4,30,19.54,130.53
2018,9,29,5,30,18.59,129.03
2018,9,29,6,30,18.14,126.53
2018,9,29,7,30,18.400000000000002,130.89000000000001
2018,9,29,8,30,18.02,131.38
2018,9,29,9,30,17.68,129.77
2018,9,29,10,30,17.88,129.24
2018,9,29,11,30,17.830000000000002,126.10000000000001
2018,9,29,12,30,18.72,123.64
2018,9,29,13,30,19.29,123.51
2018,9,29,14,30,19.39,121.54
2018,9,29,15,30,19.72,120.47
2018,9,29,16,30,20.7,119.4
2018,9,29,17,30,20.46,121.61
2018,9,29,18,30,21.17,124.05
2018,9,29,19,30,21.79,126.38000000000001
2018,9,29,20,30,20.45,125.78
2018,9,29,21,30,23.14,128.46
2018,9,29,22,30,21.78,124.62
2018,9,29,23,30,21.6,122.09
2018,9,30,0,30,21.91,121.96000000000001
2018,9,30,1,30,22.78,124.74000000000001
2018,9,30,2,30,23.26,125.7
2018,9,30,3,30,22.95,125.51
2018,9,30,4,30,23.07,125.14
2018,9,30,5,30,22.79,125.86
2018,9,30,6,30,22.31,129.49
2018,9,30,7,30,20.81,136.53
2018,9,30,8,30,20.3,139.95000000000002
2018,9,30,9,30,19.61,151.86
2018,9,30,10,30,16.740000000000002,159.12
2018,9,30,11,30,12.24,168.34
2018,9,30,12,30,8.64,164.97
2018,9,30,13,30,6.42,143.16
2018,9,30,14,30,7.25,109.09
2018,9,30,15,30,12.91,119.71000000000001
2018,9,30,16,30,14.34,120.45
2018,9,30,17,30,15.290000000000001,121.35000000000001
2018,9,30,18,30,14.38,119.10000000000001
2018,9,30,19,30,15.280000000000001,110.49000000000001
2018,9,30,20,30,17.240000000000002,114.94
2018,9,30,21,30,17.29,119.51
2018,9,30,22,30,15.27,114.76
2018,9,30,23,30,15.9,118.01
2018,10,1,0,30,15.23,118.72
2018,10,1,1,30,15.790000000000001,121.31
2018,10,1,2,30,16.41,124.25
2018,10,1,3,30,15.97,121.61
2018,10,1,4,30,16.03,117.27
2018,10,1,5,30,16.52,116.45
2018,10,1,6,30,17.32,115.94
2018,10,1,7,30,16.52,117.84
2018,10,1,8,30,16.44,122.54
2018,10,1,9,30,16.95,127.3
2018,10,1,10,30,18.32,128.98
2018,10,1,11,30,17.82,126.82000000000001
2018,10,1,12,30,16.23,124.67
2018,10,1,13,30,18.12,124.4
2018,10,1,14,30,17.69,119.69
2018,10,1,15,30,16.8,113.96000000000001
2018,10,1,16,30,16.96,116.32000000000001
2018,10,1,17,30,17.400000000000002,115.78
2018,10,1,18,30,17.47,109.82000000000001
2018,10,1,19,30,16.490000000000002,110.55
2018,10,1,20,30,14.290000000000001,108.69
2018,10,1,21,30,13.51,112.77
2018,10,1,22,30,13.280000000000001,110.45
2018,10,1,23,30,14.49,108.10000000000001
2018,10,2,0,30,13.01,100.10000000000001
2018,10,2,1,30,13.66,101.53
2018,10,2,2,30,16.240000000000002,100.18
2018,10,2,3,30,13.75,107.64
2018,10,2,4,30,15.030000000000001,109.67
2018,10,2,5,30,14.950000000000001,102.95
2018,10,2,6,30,15.36,104.2
2018,10,2,7,30,14.81,103.01
2018,10,2,8,30,15.610000000000001,109.32000000000001
2018,10,2,9,30,16.6,110.86
2018,10,2,10,30,15.99,114.52
2018,10,2,11,30,15.65,116.35000000000001
2018,10,2,12,30,14.83,115.10000000000001
2018,10,2,13,30,13.82,119.03
2018,10,2,14,30,13.9,123.32000000000001
2018,10,2,15,30,15.34,127.07000000000001
2018,10,2,16,30,14.8,149.03
2018,10,2,17,30,15.25,175.58
2018,10,2,18,30,11.83,182.11
2018,10,2,19,30,10.88,186.66
2018,10,2,20,30,10.34,193.45000000000002
2018,10,2,21,30,10.72,193.84
2018,10,2,22,30,11.39,180.51
2018,10,2,23,30,12.25,168.91
2018,10,3,0,30,13.18,154.25
2018,10,3,1,30,15.25,151.34
2018,10,3,2,30,15.08,147.44
2018,10,3,3,30,16.93,143.43
2018,10,3,4,30,17.080000000000002,133.92000000000002
2018,10,3,5,30,19.14,132.86
2018,10,3,6,30,19.990000000000002,129.39000000000001
2018,10,3,7,30,21.04,126.26
2018,10,3,8,30,21.39,133.7
2018,10,3,9,30,21.54,129.28
2018,10,3,10,30,21.67,126.15
2018,10,3,11,30,21.75,126.87
2018,10,3,12,30,20.6,125.48
2018,10,3,13,30,20.490000000000002,129.18
2018,10,3,14,30,19.45,131.99
2018,10,3,15,30,17.3,137.76
2018,10,3,16,30,11.01,150.52
2018,10,3,17,30,7.82,143.74
2018,10,3,18,30,8.23,153.84
2018,10,3,19,30,5.42,146.48
2018,10,3,20,30,5.89,151.39000000000001
2018,10,3,21,30,5.49,131.33
2018,10,3,22,30,6.69,148.64000000000001
2018,10,3,23,30,8.2,151.22
2018,10,4,0,30,8.15,152.47
2018,10,4,1,30,5.82,156.48
2018,10,4,2,30,6.48,148.68
2018,10,4,3,30,7.23,141.38
2018,10,4,4,30,8.2,145.88
2018,10,4,5,30,8.950000000000001,138.03
2018,10,4,6,30,9.94,127.44
2018,10,4,7,30,12.43,116.45
2018,10,4,8,30,13.9,119.01
2018,10,4,9,30,15.32,117.41
2018,10,4,10,30,15.88,115.5
2018,10,4,11,30,15.81,127.32000000000001
2018,10,4,12,30,14.51,126.36
2018,10,4,13,30,16.51,128
2018,10,4,14,30,13.17,134.71
2018,10,4,15,30,12.370000000000001,137.61
2018,10,4,16,30,16.52,168.62
2018,10,4,17,30,14.05,148.98
2018,10,4,18,30,15.06,158.99
2018,10,4,19,30,14.05,153.33
2018,10,4,20,30,15.5,163.14000000000001
2018,10,4,21,30,14.02,153.78
2018,10,4,22,30,14.620000000000001,169.59
2018,10,4,23,30,12.74,168.32
2018,10,5,0,30,12.19,156.61
2018,10,5,1,30,13.83,167.49
2018,10,5,2,30,13.66,172.49
2018,10,5,3,30,14.42,175.68
2018,10,5,4,30,15.22,171.78
2018,10,5,5,30,11.69,162.36
2018,10,5,6,30,11.84,163.64000000000001
2018,10,5,7,30,13.35,169.25
2018,10,5,8,30,13.59,165.23
2018,10,5,9,30,12.700000000000001,163.42000000000002
2018,10,5,10,30,12.82,153.73
2018,10,5,11,30,10.53,164.05
2018,10,5,12,30,8.83,153.05
2018,10,5,13,30,10.61,153.42000000000002
2018,10,5,14,30,7.930000000000001,151.89000000000001
2018,10,5,15,30,6.5200000000000005,137.92000000000002
2018,10,5,16,30,9.08,131.83
2018,10,5,17,30,9.88,124.69
2018,10,5,18,30,9.13,124.11
2018,10,5,19,30,9.870000000000001,121.56
2018,10,5,20,30,8.99,127.89
2018,10,5,21,30,12.23,128.18
2018,10,5,22,30,11.38,134.61
2018,10,5,23,30,11.96,121.45
2018,10,6,0,30,10.3,126.77
2018,10,6,1,30,12.14,110.29
2018,10,6,2,30,11.93,120.15
2018,10,6,3,30,12.790000000000001,112.26
2018,10,6,4,30,13.68,108.53
2018,10,6,5,30,15.09,121.86
2018,10,6,6,30,12.65,103.03
2018,10,6,7,30,12.73,103.44
2018,10,6,8,30,13.09,118.04
2018,10,6,9,30,14.01,123.27
2018,10,6,10,30,11.27,129.34
2018,10,6,11,30,9.34,144.21
2018,10,6,12,30,8.03,120.86
2018,10,6,13,30,8.21,119.15
2018,10,6,14,30,6.45,131.5
2018,10,6,15,30,6.55,139.18
2018,10,6,16,30,5.7,175.13
2018,10,6,17,30,6.74,169.63
2018,10,6,18,30,7.15,168.99
2018,10,6,19,30,5.96,154.28
2018,10,6,20,30,6.54,148.70000000000002
2018,10,6,21,30,7.33,157.27
2018,10,6,22,30,7.7,158.48
2018,10,6,23,30,7.21,160.20000000000002
2018,10,7,0,30,6.42,152.69
2018,10,7,1,30,7.87,164.12
2018,10,7,2,30,6.16,173.41
2018,10,7,3,30,6.21,147.61
2018,10,7,4,30,5.99,147.5
2018,10,7,5,30,5.01,141.02
2018,10,7,6,30,6.890000000000001,166.27
2018,10,7,7,30,5.6000000000000005,146.12
2018,10,7,8,30,5.82,159.75
2018,10,7,9,30,6.19,165.04
2018,10,7,10,30,5.49,191.04
2018,10,7,11,30,4.59,183
2018,10,7,12,30,3.12,167.8
2018,10,7,13,30,3.3000000000000003,151.83
2018,10,7,14,30,3.06,124.82000000000001
2018,10,7,15,30,4,132.09
2018,10,7,16,30,3.4,115.45
2018,10,7,17,30,3.73,113.23
2018,10,7,18,30,5.69,133.31
2018,10,7,19,30,4.5,167.78
2018,10,7,20,30,5.51,167
2018,10,7,21,30,5.04,192.53
2018,10,7,22,30,4.78,195
2018,10,7,23,30,5.65,198.96
2018,10,8,0,30,6.67,185.07
2018,10,8,1,30,7.21,205.69
2018,10,8,2,30,7.3,202.16
2018,10,8,3,30,6.5200000000000005,211.42000000000002
2018,10,8,4,30,5.1000000000000005,204.51
2018,10,8,5,30,5,184.65
2018,10,8,6,30,6.0600000000000005,174.76
2018,10,8,7,30,5.22,149.97
2018,10,8,8,30,6.69,137.82
2018,10,8,9,30,7.58,153.56
2018,10,8,10,30,8.19,151.93
2018,10,8,11,30,8.120000000000001,137.75
2018,10,8,12,30,9.48,131.87
2018,10,8,13,30,11.32,131.09
2018,10,8,14,30,11.33,130.01
2018,10,8,15,30,10.36,127.89
2018,10,8,16,30,12.59,119.63
2018,10,8,17,30,12.41,130.5
2018,10,8,18,30,13.23,132.49
2018,10,8,19,30,12.77,135.19
2018,10,8,20,30,15.1,141.73
2018,10,8,21,30,15.21,139.03
2018,10,8,22,30,13.97,127.52
2018,10,8,23,30,14.700000000000001,125.06
2018,10,9,0,30,13.58,126.53
2018,10,9,1,30,14.51,122.75
2018,10,9,2,30,15.35,124.18
2018,10,9,3,30,15.31,128.89000000000001
2018,10,9,4,30,15.56,127.31
2018,10,9,5,30,15.49,128.48
2018,10,9,6,30,16.28,130.03
2018,10,9,7,30,15.33,130.76
2018,10,9,8,30,14,131.03
2018,10,9,9,30,14.17,135.39000000000001
2018,10,9,10,30,13.200000000000001,123.86
2018,10,9,11,30,13.99,117.22
2018,10,9,12,30,15.030000000000001,113.73
2018,10,9,13,30,16.44,107.43
2018,10,9,14,30,15.59,102.08
2018,10,9,15,30,15.97,97.74000000000001
2018,10,9,16,30,15.14,105.04
2018,10,9,17,30,12.65,102.91
2018,10,9,18,30,10.9,101.69
2018,10,9,19,30,8.120000000000001,206.12
2018,10,9,20,30,7.72,235.66
2018,10,9,21,30,8.39,230.81
2018,10,9,22,30,8.23,213.25
2018,10,9,23,30,7.79,208.68
2018,10,10,0,30,6.65,201.01
2018,10,10,1,30,6.36,189.64000000000001
2018,10,10,2,30,5.8,172.43
2018,10,10,3,30,6.44,150.8
2018,10,10,4,30,5.78,144.52
2018,10,10,5,30,7.43,133.53
2018,10,10,6,30,7.62,135.41
2018,10,10,7,30,6.98,124.48
2018,10,10,8,30,6.21,119.99000000000001
2018,10,10,9,30,4.25,101.74000000000001
2018,10,10,10,30,4.15,91.79
2018,10,10,11,30,4.67,72.63
2018,10,10,12,30,3.89,59.480000000000004
2018,10,10,13,30,2.99,44.18
2018,10,10,14,30,4.9,28.3
2018,10,10,15,30,5.38,19.77
2018,10,10,16,30,4.63,5.6000000000000005
2018,10,10,17,30,4.29,340.56
2018,10,10,18,30,5.15,322.12
2018,10,10,19,30,4.3500000000000005,327.63
2018,10,10,20,30,4.84,311.86
2018,10,10,21,30,4.5,288.15000000000003
2018,10,10,22,30,3.5100000000000002,278.54
2018,10,10,23,30,4.3100000000000005,254.75
2018,10,11,0,30,3.91,245.74
2018,10,11,1,30,4.19,227.9
2018,10,11,2,30,5.79,199.55
2018,10,11,3,30,6.18,200.08
2018,10,11,4,30,9.32,212.81
2018,10,11,5,30,8.27,217.5
2018,10,11,6,30,8.93,198.91
2018,10,11,7,30,8.88,199.67000000000002
2018,10,11,8,30,10.56,194.62
2018,10,11,9,30,12.27,208.83
2018,10,11,10,30,11.92,212.59
2018,10,11,11,30,13.540000000000001,189.29
2018,10,11,12,30,13.67,202.08
2018,10,11,13,30,13.4,192.07
2018,10,11,14,30,14.290000000000001,195.67000000000002
2018,10,11,15,30,14.51,199.69
2018,10,11,16,30,12.43,183.37
2018,10,11,17,30,13.92,190.38
2018,10,11,18,30,13.22,175.97
2018,10,11,19,30,11.52,187.8
2018,10,11,20,30,8.4,166.35
2018,10,11,21,30,10.02,158.67000000000002
2018,10,11,22,30,7.62,159.03
2018,10,11,23,30,6.88,146.27
2018,10,12,0,30,4.8,126.9
2018,10,12,1,30,4.5600000000000005,94.98
2018,10,12,2,30,2.75,62.38
2018,10,12,3,30,4.34,29.7
2018,10,12,4,30,4.61,9.81
2018,10,12,5,30,5.8100000000000005,346.75
2018,10,12,6,30,7.29,323.74
2018,10,12,7,30,7.03,299.06
2018,10,12,8,30,7.73,293.27
2018,10,12,9,30,6.26,271.84000000000003
2018,10,12,10,30,10.1,244.1
2018,10,12,11,30,9.33,233.89000000000001
2018,10,12,12,30,10.22,232.65
2018,10,12,13,30,8.370000000000001,228.21
2018,10,12,14,30,8.36,220.14000000000001
2018,10,12,15,30,7.69,215.82
2018,10,12,16,30,7.930000000000001,195.52
2018,10,12,17,30,8.94,179.19
2018,10,12,18,30,8.82,182.69
2018,10,12,19,30,10.34,175.07
2018,10,12,20,30,13.290000000000001,181.08
2018,10,12,21,30,12.57,189.46
2018,10,12,22,30,10.6,172.97
2018,10,12,23,30,12.66,179.06
2018,10,13,0,30,10.75,168.88
2018,10,13,1,30,11.36,170.01
2018,10,13,2,30,11.97,159.6
2018,10,13,3,30,12.370000000000001,173.03
2018,10,13,4,30,9.23,161.01
2018,10,13,5,30,12.5,160.02
2018,10,13,6,30,11.67,181.59
2018,10,13,7,30,11.01,172.18
2018,10,13,8,30,8.57,184.67000000000002
2018,10,13,9,30,8.84,161.95000000000002
2018,10,13,10,30,9.700000000000001,165.82
2018,10,13,11,30,9.75,164.48
2018,10,13,12,30,8.14,137.45000000000002
2018,10,13,13,30,9.08,134.44
2018,10,13,14,30,7.62,137.27
2018,10,13,15,30,7.04,126.98
2018,10,13,16,30,8.19,118.88
2018,10,13,17,30,9.06,118.77
2018,10,13,18,30,8.3,122.05
2018,10,13,19,30,7.41,122.7
2018,10,13,20,30,5.62,136.41
2018,10,13,21,30,5.43,187.25
2018,10,13,22,30,2.57,172.75
2018,10,13,23,30,5.19,161.56
2018,10,14,0,30,5.08,160.72
2018,10,14,1,30,4.1,165.25
2018,10,14,2,30,3.93,152.63
2018,10,14,3,30,4.92,145.53
2018,10,14,4,30,5.24,128.27
2018,10,14,5,30,5.08,113.48
2018,10,14,6,30,5.04,115.54
2018,10,14,7,30,6.13,116.2
2018,10,14,8,30,6.16,131.27
2018,10,14,9,30,5.44,127.3
2018,10,14,10,30,4.78,112.78
2018,10,14,11,30,4.97,118.92
2018,10,14,12,30,7.11,122.53
2018,10,14,13,30,7.68,124.85000000000001
2018,10,14,14,30,6.42,117.86
2018,10,14,15,30,6.48,99.47
2018,10,14,16,30,7.78,99.12
2018,10,14,17,30,8.84,92.55
2018,10,14,18,30,9.540000000000001,94.23
2018,10,14,19,30,9.73,91.17
2018,10,14,20,30,10.42,89.13
2018,10,14,21,30,11.3,92.95
2018,10,14,22,30,10.870000000000001,95.25
2018,10,14,23,30,10.19,92.46000000000001
2018,10,15,0,30,11.21,85.64
2018,10,15,1,30,11.31,84.04
2018,10,15,2,30,12.21,76.05
2018,10,15,3,30,13.25,74.54
2018,10,15,4,30,14.040000000000001,71.81
2018,10,15,5,30,14.52,70.38
2018,10,15,6,30,15.040000000000001,67.45
2018,10,15,7,30,15.860000000000001,68.44
2018,10,15,8,30,16.54,67.68
2018,10,15,9,30,16.53,70.51
2018,10,15,10,30,16.53,74.86
2018,10,15,11,30,17.11,69.5
2018,10,15,12,30,18.240000000000002,69.8
2018,10,15,13,30,18.21,73.57000000000001
2018,10,15,14,30,20.68,67.26
2018,10,15,15,30,21.51,69.08
2018,10,15,16,30,21.04,67.89
2018,10,15,17,30,20.11,66.44
2018,10,15,18,30,19.07,62.28
2018,10,15,19,30,19.57,62.120000000000005
2018,10,15,20,30,18.61,66.93
2018,10,15,21,30,17.73,65.08
2018,10,15,22,30,18.95,69.11
2018,10,15,23,30,18.580000000000002,68.7
2018,10,16,0,30,19.7,64.31
2018,10,16,1,30,19.16,63.56
2018,10,16,2,30,19.92,66.06
2018,10,16,3,30,19.17,65.48
2018,10,16,4,30,17.55,66.61
2018,10,16,5,30,16.37,63.46
2018,10,16,6,30,15.24,61.76
2018,10,16,7,30,15.17,58.370000000000005
2018,10,16,8,30,14.64,55.870000000000005
2018,10,16,9,30,14.030000000000001,56.25
2018,10,16,10,30,13.57,56.75
2018,10,16,11,30,11.51,52.09
2018,10,16,12,30,10.64,47.27
2018,10,16,13,30,10.4,38.29
2018,10,16,14,30,10.16,41.58
2018,10,16,15,30,10.49,47.5
2018,10,16,16,30,9.51,40.59
2018,10,16,17,30,10,37.24
2018,10,16,18,30,10.97,35.83
2018,10,16,19,30,9.36,33.8
2018,10,16,20,30,7.390000000000001,32.22
2018,10,16,21,30,8.950000000000001,28.86
2018,10,16,22,30,7.23,37.06
2018,10,16,23,30,6.16,42.02
2018,10,17,0,30,8.73,22.29
2018,10,17,1,30,9.450000000000001,28.2
2018,10,17,2,30,9.16,24.37
2018,10,17,3,30,10.38,21.11
2018,10,17,4,30,10.81,30.82
2018,10,17,5,30,10.58,23.03
2018,10,17,6,30,9.94,23.38
2018,10,17,7,30,11.23,17.06
2018,10,17,8,30,10.32,18.64
2018,10,17,9,30,11.44,23.150000000000002
2018,10,17,10,30,10.74,14.14
2018,10,17,11,30,11.49,14.86
2018,10,17,12,30,12.86,19.63
2018,10,17,13,30,10.290000000000001,11.31
2018,10,17,14,30,10.07,16.85
2018,10,17,15,30,9.53,12.44
2018,10,17,16,30,9.85,12.48
2018,10,17,17,30,11.03,11.450000000000001
2018,10,17,18,30,11.61,8.34
2018,10,17,19,30,9.78,5.5600000000000005
2018,10,17,20,30,9.36,11.31
2018,10,17,21,30,10.06,14.13
2018,10,17,22,30,10.07,14.82
2018,10,17,23,30,9.81,13.83
2018,10,18,0,30,9.72,9.65
2018,10,18,1,30,10.43,10.72
2018,10,18,2,30,10.88,9.71
2018,10,18,3,30,12.01,8.47
2018,10,18,4,30,11.46,7.28
2018,10,18,5,30,13.370000000000001,2.52
2018,10,18,6,30,13.97,2.97
2018,10,18,7,30,14.71,1.84
2018,10,18,8,30,15.21,359.53000000000003
2018,10,18,9,30,15.19,358.51
2018,10,18,10,30,14.5,357.3
2018,10,18,11,30,13.4,1.48
2018,10,18,12,30,12.48,0.49
2018,10,18,13,30,12.5,359.92
2018,10,18,14,30,12.780000000000001,0.97
2018,10,18,15,30,11.68,359.74
2018,10,18,16,30,11.11,4
2018,10,18,17,30,10.46,5.86
2018,10,18,18,30,9.99,5.47
2018,10,18,19,30,8.120000000000001,7
2018,10,18,20,30,9.02,1.8
2018,10,18,21,30,9.870000000000001,0.8300000000000001
2018,10,18,22,30,9.26,1.2
2018,10,18,23,30,9.26,355.65000000000003
2018,10,19,0,30,9.41,351.05
2018,10,19,1,30,10.07,349.39
2018,10,19,2,30,10.53,343.78000000000003
2018,10,19,3,30,10.28,339.11
2018,10,19,4,30,9.92,341.16
2018,10,19,5,30,9.43,339.86
2018,10,19,6,30,6.26,5.48
2018,10,19,7,30,5.51,0.23
2018,10,19,8,30,4.46,18.11
2018,10,19,9,30,3.13,342.79
2018,10,19,10,30,3.71,353.75
2018,10,19,11,30,2.2800000000000002,28.69
2018,10,19,12,30,2.57,47.68
2018,10,19,13,30,2,62.81
2018,10,19,14,30,1.24,45.95
2018,10,19,15,30,1.79,48.88
2018,10,19,16,30,2.05,47.54
2018,10,19,17,30,2.4,53.32
2018,10,19,18,30,2.37,36.230000000000004
2018,10,19,19,30,1.7,44.43
2018,10,19,20,30,1.32,46.14
2018,10,19,21,30,0.79,70.78
2018,10,19,22,30,2.23,48.56
2018,10,19,23,30,1.57,39.480000000000004
2018,10,20,0,30,1.03,322.23
2018,10,20,1,30,2.56,291.75
2018,10,20,2,30,4.1,330.90000000000003
2018,10,20,3,30,4.8100000000000005,352.42
2018,10,20,4,30,5.62,343.81
2018,10,20,5,30,6.1000000000000005,351.3
2018,10,20,6,30,3.96,20.1
2018,10,20,7,30,3.95,17.12
2018,10,20,8,30,3.79,29.490000000000002
2018,10,20,9,30,3.63,35.72
2018,10,20,10,30,2.27,21.72
2018,10,20,11,30,1.62,346.57
2018,10,20,12,30,1.71,357.59000000000003
2018,10,20,13,30,4.26,355.31
2018,10,20,14,30,4.93,356.07
2018,10,20,15,30,4.82,26.63
2018,10,20,16,30,3.24,65.73
2018,10,20,17,30,3.4,66.25
2018,10,20,18,30,5.83,55.76
2018,10,20,19,30,5.16,42.4
2018,10,20,20,30,5.49,63.18
2018,10,20,21,30,6.5,69.92
2018,10,20,22,30,6.24,65.51
2018,10,20,23,30,5.8100000000000005,47.14
2018,10,21,0,30,6.55,41.4
2018,10,21,1,30,7.7700000000000005,26.38
2018,10,21,2,30,9.67,25.73
2018,10,21,3,30,11.58,25.07
2018,10,21,4,30,12.52,29.28
2018,10,21,5,30,12.57,27.87
2018,10,21,6,30,12.33,28.87
2018,10,21,7,30,12.450000000000001,24.650000000000002
2018,10,21,8,30,12.75,23.3
2018,10,21,9,30,13.82,18.41
2018,10,21,10,30,14.52,15.44
2018,10,21,11,30,14.89,14.22
2018,10,21,12,30,16.42,11.82
2018,10,21,13,30,15.67,8.08
2018,10,21,14,30,16.240000000000002,8.620000000000001
2018,10,21,15,30,16.41,8.74
2018,10,21,16,30,16.2,8.81
2018,10,21,17,30,16.17,10.88
2018,10,21,18,30,16.46,6.43
2018,10,21,19,30,15.74,4.49
2018,10,21,20,30,15.47,4.1
2018,10,21,21,30,15.450000000000001,359.07
2018,10,21,22,30,16.12,357.02
2018,10,21,23,30,16.95,357.5
2018,10,22,0,30,16.04,355.62
2018,10,22,1,30,16.03,355.5
2018,10,22,2,30,14.99,356.81
2018,10,22,3,30,15.71,357.41
2018,10,22,4,30,16.45,355.81
2018,10,22,5,30,14.19,359.31
2018,10,22,6,30,15.13,357.87
2018,10,22,7,30,14.76,356.39
2018,10,22,8,30,14.11,359.33
2018,10,22,9,30,13.6,3.16
2018,10,22,10,30,13.16,355.84000000000003
2018,10,22,11,30,12.56,357.28000000000003
2018,10,22,12,30,13.69,354.34000000000003
2018,10,22,13,30,14.84,356.37
2018,10,22,14,30,13.92,355.63
2018,10,22,15,30,14.200000000000001,5.14
2018,10,22,16,30,12,357.03000000000003
2018,10,22,17,30,11.63,356.45
2018,10,22,18,30,11.93,356.79
2018,10,22,19,30,11.8,357.44
2018,10,22,20,30,10.81,357.03000000000003
2018,10,22,21,30,9.73,356.61
2018,10,22,22,30,9.28,355.11
2018,10,22,23,30,8.83,353.92
2018,10,23,0,30,8.5,355.92
2018,10,23,1,30,8.45,358.07
2018,10,23,2,30,7.84,359.88
2018,10,23,3,30,8.21,1.86
2018,10,23,4,30,7.2700000000000005,4.92
2018,10,23,5,30,7.25,12.27
2018,10,23,6,30,7.83,12.9
2018,10,23,7,30,6.94,5.36
2018,10,23,8,30,5.87,10.26
2018,10,23,9,30,5.71,20.05
2018,10,23,10,30,5.8100000000000005,19.64
2018,10,23,11,30,4.78,24.62
2018,10,23,12,30,4.45,12.24
2018,10,23,13,30,5.33,12.05
2018,10,23,14,30,5.36,6.4
2018,10,23,15,30,6.41,13.05
2018,10,23,16,30,7.140000000000001,6.45
2018,10,23,17,30,8.3,17.88
2018,10,23,18,30,7.54,19.29
2018,10,23,19,30,7.66,0.6
2018,10,23,20,30,5.84,356.17
2018,10,23,21,30,6,358.06
2018,10,23,22,30,5.15,7.71
2018,10,23,23,30,6.57,357.99
2018,10,24,0,30,7.88,340.63
2018,10,24,1,30,8.870000000000001,354.25
2018,10,24,2,30,9.11,352.27
2018,10,24,3,30,9.950000000000001,352.51
2018,10,24,4,30,12.450000000000001,351.22
2018,10,24,5,30,13.530000000000001,350.48
2018,10,24,6,30,16.37,350.07
2018,10,24,7,30,14.64,355.04
2018,10,24,8,30,10.8,354.24
2018,10,24,9,30,12.56,350.56
2018,10,24,10,30,11.64,344.63
2018,10,24,11,30,12.85,344.1
2018,10,24,12,30,13.35,341.04
2018,10,24,13,30,13.85,341.22
2018,10,24,14,30,13.97,339.84000000000003
2018,10,24,15,30,14.01,340.34000000000003
2018,10,24,16,30,14.200000000000001,340.47
2018,10,24,17,30,13.1,343.40000000000003
2018,10,24,18,30,11.57,340.81
2018,10,24,19,30,13.280000000000001,325.85
2018,10,24,20,30,13.530000000000001,320.55
2018,10,24,21,30,12.32,315.17
2018,10,24,22,30,11.81,318.14
2018,10,24,23,30,10.8,320.85
2018,10,25,0,30,11.450000000000001,318.1
2018,10,25,1,30,9.18,319.32
2018,10,25,2,30,9.24,324.03000000000003
2018,10,25,3,30,11.15,339.52
2018,10,25,4,30,9.11,346.34000000000003
2018,10,25,5,30,9.24,352.45
2018,10,25,6,30,10.36,350.63
2018,10,25,7,30,10.09,345.76
2018,10,25,8,30,9.35,337.82
2018,10,25,9,30,10.05,339.16
2018,10,25,10,30,12.44,339.67
2018,10,25,11,30,9.41,335.6
2018,10,25,12,30,11.63,337.19
2018,10,25,13,30,11.26,342.97
2018,10,25,14,30,12.120000000000001,342.04
2018,10,25,15,30,11.5,349.25
2018,10,25,16,30,11.42,349.53000000000003
2018,10,25,17,30,11.56,351.17
2018,10,25,18,30,15.01,347.96
2018,10,25,19,30,14.25,349.65000000000003
2018,10,25,20,30,12.99,351.32
2018,10,25,21,30,14.18,354.73
2018,10,25,22,30,16.35,356
2018,10,25,23,30,16.77,355.54
2018,10,26,0,30,17.22,357.5
2018,10,26,1,30,16.080000000000002,357.08
2018,10,26,2,30,16.73,353.55
2018,10,26,3,30,16.56,354.86
2018,10,26,4,30,16.82,351.71
2018,10,26,5,30,17.51,353.17
2018,10,26,6,30,17.88,351.49
2018,10,26,7,30,18.26,345.43
2018,10,26,8,30,18.51,344.07
2018,10,26,9,30,17.51,346.16
2018,10,26,10,30,18.68,341.90000000000003
2018,10,26,11,30,20.150000000000002,345.19
2018,10,26,12,30,20.580000000000002,338.54
2018,10,26,13,30,18.830000000000002,352
2018,10,26,14,30,20.57,347.39
2018,10,26,15,30,18.16,344.6
2018,10,26,16,30,19.04,337.6
2018,10,26,17,30,20.52,325.82
2018,10,26,18,30,20.25,327.81
2018,10,26,19,30,19.36,323.41
2018,10,26,20,30,21.02,321.15000000000003
2018,10,26,21,30,19.5,339.86
2018,10,26,22,30,19.62,328.02
2018,10,26,23,30,20.150000000000002,330.77
2018,10,27,0,30,14.05,344
2018,10,27,1,30,14.14,351.58
2018,10,27,2,30,14.85,346.49
2018,10,27,3,30,11.02,6.83
2018,10,27,4,30,15.72,353.81
2018,10,27,5,30,17.26,341.61
2018,10,27,6,30,20.31,336.1
2018,10,27,7,30,15.99,346.12
2018,10,27,8,30,19.98,332.99
2018,10,27,9,30,20.07,327.58
2018,10,27,10,30,17.04,328.72
2018,10,27,11,30,16.97,328.53000000000003
2018,10,27,12,30,17.84,321.95
2018,10,27,13,30,13.18,342.55
2018,10,27,14,30,9.450000000000001,346.33
2018,10,27,15,30,7.34,335.53000000000003
2018,10,27,16,30,12.040000000000001,355.37
2018,10,27,17,30,14.72,346.94
2018,10,27,18,30,12.88,339.05
2018,10,27,19,30,15.19,356.45
2018,10,27,20,30,15.860000000000001,351.40000000000003
2018,10,27,21,30,15.68,334.84000000000003
2018,10,27,22,30,15.25,337.57
2018,10,27,23,30,18.95,333.26
2018,10,28,0,30,12.73,345.51
2018,10,28,1,30,12.200000000000001,333.41
2018,10,28,2,30,15.47,334.1
2018,10,28,3,30,13.66,339.16
2018,10,28,4,30,15.620000000000001,346.29
2018,10,28,5,30,14.93,347.68
2018,10,28,6,30,15.73,346.96
2018,10,28,7,30,15.700000000000001,346.13
2018,10,28,8,30,14.790000000000001,350.14
2018,10,28,9,30,14.63,348.76
2018,10,28,10,30,14.68,351.44
2018,10,28,11,30,14.98,354.02
2018,10,28,12,30,14.870000000000001,352.53000000000003
2018,10,28,13,30,12.76,346.24
2018,10,28,14,30,12.85,351.49
2018,10,28,15,30,12.76,342.73
2018,10,28,16,30,12.36,350.43
2018,10,28,17,30,12.06,343.44
2018,10,28,18,30,10.75,350.63
2018,10,28,19,30,10.43,340.46
2018,10,28,20,30,11.6,345.36
2018,10,28,21,30,8.14,325.7
2018,10,28,22,30,8.56,335.07
2018,10,28,23,30,6.09,338.69
2018,10,29,0,30,4.71,0.9500000000000001
2018,10,29,1,30,5.71,25.86
2018,10,29,2,30,4.1,18.39
2018,10,29,3,30,4.18,39.550000000000004
2018,10,29,4,30,3.08,53.08
2018,10,29,5,30,4.6000000000000005,88.95
2018,10,29,6,30,7.09,93.07000000000001
2018,10,29,7,30,7.0200000000000005,102.53
2018,10,29,8,30,6.49,90.68
2018,10,29,9,30,6.76,92.65
2018,10,29,10,30,6.92,94.41
2018,10,29,11,30,8.17,94.49
2018,10,29,12,30,9.27,92.24
2018,10,29,13,30,9.92,92.2
2018,10,29,14,30,10.3,89.8
2018,10,29,15,30,8.64,92.13
2018,10,29,16,30,8.27,82.89
2018,10,29,17,30,8.51,80.15
2018,10,29,18,30,8.19,82.76
2018,10,29,19,30,6.26,76.96000000000001
2018,10,29,20,30,6.21,78.93
2018,10,29,21,30,5.95,86.71000000000001
2018,10,29,22,30,6.44,96.31
2018,10,29,23,30,6.19,98.01
2018,10,30,0,30,5.44,99.87
2018,10,30,1,30,5.09,110
2018,10,30,2,30,5.49,110.78
2018,10,30,3,30,5.8100000000000005,110.28
2018,10,30,4,30,6.19,106.87
2018,10,30,5,30,5.71,122.9
2018,10,30,6,30,5.4,122.28
2018,10,30,7,30,6.74,129.07
2018,10,30,8,30,8.290000000000001,135.58
2018,10,30,9,30,9.02,137.48
2018,10,30,10,30,9.88,134.79
2018,10,30,11,30,10.05,127.04
2018,10,30,12,30,10.52,131.08
2018,10,30,13,30,11.23,133.74
2018,10,30,14,30,11.73,134.29
2018,10,30,15,30,11.28,136.77
2018,10,30,16,30,10.51,139.97
2018,10,30,17,30,12.36,155.32
2018,10,30,18,30,14.870000000000001,168.35
2018,10,30,19,30,14.450000000000001,180.87
2018,10,30,20,30,11.870000000000001,221.42000000000002
2018,10,30,21,30,8.99,226.39000000000001
2018,10,30,22,30,8.55,239.93
2018,10,30,23,30,8.59,281.94
2018,10,31,0,30,4.65,295.77
2018,10,31,1,30,7.69,267.95
2018,10,31,2,30,6.55,264.84000000000003
2018,10,31,3,30,9.32,249.73000000000002
2018,10,31,4,30,6.05,258.6
2018,10,31,5,30,8.4,245.72
2018,10,31,6,30,8.52,249.06
2018,10,31,7,30,7.8500000000000005,249.56
2018,10,31,8,30,7.1000000000000005,241.34
2018,10,31,9,30,6.61,234.1
2018,10,31,10,30,6.0200000000000005,238.47
2018,10,31,11,30,6.23,242.28
2018,10,31,12,30,4.45,233
2018,10,31,13,30,4.95,243.78
2018,10,31,14,30,3.16,229.94
2018,10,31,15,30,1.49,141.16
2018,10,31,16,30,3.16,127.68
2018,10,31,17,30,4.68,141.54
2018,10,31,18,30,5.8100000000000005,160.27
2018,10,31,19,30,4.66,133.77
2018,10,31,20,30,4.61,118.88
2018,10,31,21,30,3.77,129.12
2018,10,31,22,30,4.5,123.54
2018,10,31,23,30,4.54,115.8
2018,11,1,0,30,4.99,113.61
2018,11,1,1,30,5.24,108.31
2018,11,1,2,30,5.71,103.37
2018,11,1,3,30,5.32,106.78
2018,11,1,4,30,5.87,106.13
2018,11,1,5,30,5.5200000000000005,103.98
2018,11,1,6,30,6.03,98.46000000000001
2018,11,1,7,30,7.29,91.95
2018,11,1,8,30,7.5200000000000005,85.09
2018,11,1,9,30,7.4,81.28
2018,11,1,10,30,8.31,81.23
2018,11,1,11,30,9.13,85.39
2018,11,1,12,30,8.77,82.88
2018,11,1,13,30,9.23,83.21000000000001
2018,11,1,14,30,9.3,84.11
2018,11,1,15,30,8.9,85.54
2018,11,1,16,30,8.42,87
2018,11,1,17,30,8.9,90.52
2018,11,1,18,30,9.19,94.52
2018,11,1,19,30,8.92,93.91
2018,11,1,20,30,8.620000000000001,86.52
2018,11,1,21,30,8.69,85.79
2018,11,1,22,30,8.74,84.62
2018,11,1,23,30,8.3,87.17
2018,11,2,0,30,7.4,85.99
2018,11,2,1,30,8.5,83.8
2018,11,2,2,30,10.540000000000001,76.62
2018,11,2,3,30,10.8,76.06
2018,11,2,4,30,10.83,82.23
2018,11,2,5,30,11.13,80.18
2018,11,2,6,30,11.39,79.99
2018,11,2,7,30,11.58,79.54
2018,11,2,8,30,11.65,76.15
2018,11,2,9,30,11.84,75.29
2018,11,2,10,30,11.44,71.66
2018,11,2,11,30,12.040000000000001,69.34
2018,11,2,12,30,12.16,65.56
2018,11,2,13,30,12.94,69.66
2018,11,2,14,30,13.06,69.55
2018,11,2,15,30,13.32,65.28
2018,11,2,16,30,13.71,56.26
2018,11,2,17,30,13.83,58.58
2018,11,2,18,30,13.91,63.7
2018,11,2,19,30,14.11,66.65
2018,11,2,20,30,13.76,66.7
2018,11,2,21,30,15.02,70
2018,11,2,22,30,14.01,66.79
2018,11,2,23,30,14.35,66.89
2018,11,3,0,30,15.36,65.89
2018,11,3,1,30,16.64,63.85
2018,11,3,2,30,17.150000000000002,62.49
2018,11,3,3,30,18.48,63.43
2018,11,3,4,30,18.88,64.82000000000001
2018,11,3,5,30,18.59,66.65
2018,11,3,6,30,17.87,68.34
2018,11,3,7,30,16.69,68.22
2018,11,3,8,30,16.66,72.13
2018,11,3,9,30,15.370000000000001,72.97
2018,11,3,10,30,15.38,73.46000000000001
2018,11,3,11,30,14.780000000000001,73.09
2018,11,3,12,30,13.97,70.77
2018,11,3,13,30,13.290000000000001,68.77
2018,11,3,14,30,13.42,70.54
2018,11,3,15,30,12.63,69.89
2018,11,3,16,30,12.59,71.05
2018,11,3,17,30,11.84,70.16
2018,11,3,18,30,11.69,74.14
2018,11,3,19,30,10.75,72.57000000000001
2018,11,3,20,30,10.790000000000001,71.43
2018,11,3,21,30,10.21,70.13
2018,11,3,22,30,8.76,75.41
2018,11,3,23,30,7.01,71.97
2018,11,4,0,30,5.26,72.76
2018,11,4,1,30,5.8100000000000005,75.64
2018,11,4,2,30,5.12,65.22
2018,11,4,3,30,4.3100000000000005,60.99
2018,11,4,4,30,2.96,64.93
2018,11,4,5,30,2.83,78.33
2018,11,4,6,30,2.81,72.96000000000001
2018,11,4,7,30,1.17,303.98
2018,11,4,8,30,0.37,293.68
2018,11,4,9,30,0.65,63.92
2018,11,4,10,30,0.78,141.47
2018,11,4,11,30,0.67,188.25
2018,11,4,12,30,2.32,215.57
2018,11,4,13,30,2.46,222.08
2018,11,4,14,30,1.87,200.12
2018,11,4,15,30,1.55,165.74
2018,11,4,16,30,2.09,161.9
2018,11,4,17,30,1.82,125.38000000000001
2018,11,4,18,30,1.5,106.94
2018,11,4,19,30,1.51,112.82000000000001
2018,11,4,20,30,1.42,124.77
2018,11,4,21,30,0.61,123.7
2018,11,4,22,30,0.77,156.51
2018,11,4,23,30,2.05,241.25
2018,11,5,0,30,3.0500000000000003,240.56
2018,11,5,1,30,3.7800000000000002,237.97
2018,11,5,2,30,3.58,228.31
2018,11,5,3,30,4.36,239.69
2018,11,5,4,30,5.71,240.78
2018,11,5,5,30,6.19,246.06
2018,11,5,6,30,5.33,239.86
2018,11,5,7,30,6.15,232.66
2018,11,5,8,30,7.0200000000000005,247
2018,11,5,9,30,5.89,239.88
2018,11,5,10,30,6.72,227.5
2018,11,5,11,30,6.2,207.9
2018,11,5,12,30,6.32,198.98000000000002
2018,11,5,13,30,7.3,191.97
2018,11,5,14,30,8.58,183.46
2018,11,5,15,30,9.200000000000001,178.92000000000002
2018,11,5,16,30,10.13,172.68
2018,11,5,17,30,11.200000000000001,169.38
2018,11,5,18,30,12.97,164.9
2018,11,5,19,30,12.76,160.64000000000001
2018,11,5,20,30,13.530000000000001,160.17000000000002
2018,11,5,21,30,13.030000000000001,168.54
2018,11,5,22,30,13.44,168.96
2018,11,5,23,30,12.74,163.58
2018,11,6,0,30,14.94,171.14000000000001
2018,11,6,1,30,15.700000000000001,167.43
2018,11,6,2,30,15.51,166.99
2018,11,6,3,30,16,170.12
2018,11,6,4,30,16.740000000000002,174.09
2018,11,6,5,30,13.67,165.29
2018,11,6,6,30,15.780000000000001,164.89000000000001
2018,11,6,7,30,17.02,176.62
2018,11,6,8,30,16.77,176.39000000000001
2018,11,6,9,30,15.05,190.49
2018,11,6,10,30,8.85,197.57
2018,11,6,11,30,9.63,190.76
2018,11,6,12,30,10.72,182.36
2018,11,6,13,30,11.25,193.41
2018,11,6,14,30,12.4,198.5
2018,11,6,15,30,12.8,205.59
2018,11,6,16,30,13.1,193.01
2018,11,6,17,30,14.36,192.22
2018,11,6,18,30,16.52,190.06
2018,11,6,19,30,15.200000000000001,192.48000000000002
2018,11,6,20,30,16.78,192.22
2018,11,6,21,30,16.07,197.98000000000002
2018,11,6,22,30,14.040000000000001,207.99
2018,11,6,23,30,13.57,207
2018,11,7,0,30,12.99,209.18
2018,11,7,1,30,12.63,210.61
2018,11,7,2,30,11.73,216.82
2018,11,7,3,30,11.13,214.64000000000001
2018,11,7,4,30,10.370000000000001,212.58
2018,11,7,5,30,10.02,217.8
2018,11,7,6,30,8.5,221.82
2018,11,7,7,30,8.040000000000001,230.45000000000002
2018,11,7,8,30,7.42,227.51
2018,11,7,9,30,8.08,246.96
2018,11,7,10,30,6.7700000000000005,246.41
2018,11,7,11,30,6.96,247.52
2018,11,7,12,30,6.8500000000000005,246.76000000000002
2018,11,7,13,30,7.54,251.71
2018,11,7,14,30,8.21,263.19
2018,11,7,15,30,5.8100000000000005,260.62
2018,11,7,16,30,7.58,302.64
2018,11,7,17,30,8.3,293.77
2018,11,7,18,30,9.58,313.26
2018,11,7,19,30,8.96,333.33
2018,11,7,20,30,7.53,343.22
2018,11,7,21,30,9.040000000000001,336.44
2018,11,7,22,30,7.42,335.55
2018,11,7,23,30,6.58,334.76
2018,11,8,0,30,6,334.14
2018,11,8,1,30,6.13,330.06
2018,11,8,2,30,5.34,331.23
2018,11,8,3,30,4.0200000000000005,340.8
2018,11,8,4,30,2.9,9.76
2018,11,8,5,30,2.04,20.37
2018,11,8,6,30,2.42,41.58
2018,11,8,7,30,1.92,56.34
2018,11,8,8,30,1.3800000000000001,84.89
2018,11,8,9,30,1.28,132.06
2018,11,8,10,30,2.34,90.73
2018,11,8,11,30,3.41,102.68
2018,11,8,12,30,4.69,95.9
2018,11,8,13,30,5.92,97.37
2018,11,8,14,30,6.55,107.82000000000001
2018,11,8,15,30,7.72,108.76
2018,11,8,16,30,10.47,118.13
2018,11,8,17,30,11.96,123.36
2018,11,8,18,30,13.6,119.60000000000001
2018,11,8,19,30,14.57,123.84
2018,11,8,20,30,15.81,123.24000000000001
2018,11,8,21,30,16.57,120.15
2018,11,8,22,30,16.31,117.85000000000001
2018,11,8,23,30,17.3,119.98
2018,11,9,0,30,11.8,142.3
2018,11,9,1,30,10.68,246.33
2018,11,9,2,30,10.18,214.41
2018,11,9,3,30,11.02,222.18
2018,11,9,4,30,11.870000000000001,213.17000000000002
2018,11,9,5,30,10.93,215.01
2018,11,9,6,30,9.74,218.18
2018,11,9,7,30,16.32,216.69
2018,11,9,8,30,16.1,219.07
2018,11,9,9,30,15.540000000000001,220.21
2018,11,9,10,30,13.07,219.81
2018,11,9,11,30,15.4,232.35
2018,11,9,12,30,14.82,238.72
2018,11,9,13,30,16.88,242.84
2018,11,9,14,30,15.73,243.88
2018,11,9,15,30,16.2,247.04
2018,11,9,16,30,15.72,242.56
2018,11,9,17,30,15.34,229.9
2018,11,9,18,30,13.280000000000001,225.17000000000002
2018,11,9,19,30,13.64,225.17000000000002
2018,11,9,20,30,14,221.36
2018,11,9,21,30,10.4,237.17000000000002
2018,11,9,22,30,12.71,218.49
2018,11,9,23,30,13.290000000000001,213.12
2018,11,10,0,30,10.47,196.09
2018,11,10,1,30,14.11,203.73000000000002
2018,11,10,2,30,10.97,201.02
2018,11,10,3,30,9.74,222.66
2018,11,10,4,30,9.55,159.26
2018,11,10,5,30,8.28,177.73
2018,11,10,6,30,10.05,172.52
2018,11,10,7,30,10.35,161.1
2018,11,10,8,30,12.4,152.67000000000002
2018,11,10,9,30,9.23,132.78
2018,11,10,10,30,10.88,123.42
2018,11,10,11,30,12.68,116.79
2018,11,10,12,30,11.21,109.42
2018,11,10,13,30,12.76,102.86
2018,11,10,14,30,12.31,93.56
2018,11,10,15,30,13.620000000000001,87.95
2018,11,10,16,30,15.01,84.75
2018,11,10,17,30,15.65,81.65
2018,11,10,18,30,16.88,77.25
2018,11,10,19,30,16.21,75.15
2018,11,10,20,30,15.69,75.08
2018,11,10,21,30,15.55,77.7
2018,11,10,22,30,15.11,75.39
2018,11,10,23,30,15.26,73.84
2018,11,11,0,30,17.39,71.21000000000001
2018,11,11,1,30,17.93,66.02
2018,11,11,2,30,19.02,65.52
2018,11,11,3,30,20.09,61.77
2018,11,11,4,30,20.8,52.28
2018,11,11,5,30,21.84,50.01
2018,11,11,6,30,23.18,49
2018,11,11,7,30,23.17,45.89
2018,11,11,8,30,23.45,41.64
2018,11,11,9,30,23.92,41.410000000000004
2018,11,11,10,30,23.98,41.910000000000004
2018,11,11,11,30,23.37,42.17
2018,11,11,12,30,23.46,38.61
2018,11,11,13,30,23.45,38.09
2018,11,11,14,30,22.740000000000002,38.14
2018,11,11,15,30,22.19,38.1
2018,11,11,16,30,21.16,35.87
2018,11,11,17,30,20.43,36.22
2018,11,11,18,30,19.86,35.62
2018,11,11,19,30,19.44,32.61
2018,11,11,20,30,19.43,31.55
2018,11,11,21,30,19.36,30.76
2018,11,11,22,30,19.67,30.900000000000002
2018,11,11,23,30,19.73,27.93
2018,11,12,0,30,20.1,24.44
2018,11,12,1,30,19.82,24.67
2018,11,12,2,30,21.22,23.990000000000002
2018,11,12,3,30,21.41,25.26
2018,11,12,4,30,22.1,25.35
2018,11,12,5,30,23.330000000000002,23.490000000000002
2018,11,12,6,30,24.42,23.62
2018,11,12,7,30,23.09,24.3
2018,11,12,8,30,23.73,23.650000000000002
2018,11,12,9,30,23.990000000000002,21.91
2018,11,12,10,30,25.45,24.71
2018,11,12,11,30,25.22,20.94
2018,11,12,12,30,25.67,19.59
2018,11,12,13,30,24.650000000000002,23.51
2018,11,12,14,30,23.580000000000002,23.21
2018,11,12,15,30,23.080000000000002,24.68
2018,11,12,16,30,23.27,27.26
2018,11,12,17,30,22.51,26.02
2018,11,12,18,30,21.330000000000002,29.12
2018,11,12,19,30,19.47,31.39
2018,11,12,20,30,17.89,36.18
2018,11,12,21,30,13.540000000000001,36.63
2018,11,12,22,30,13.08,32.68
2018,11,12,23,30,13.82,30.41
2018,11,13,0,30,14.83,28.3
2018,11,13,1,30,11.19,24.990000000000002
2018,11,13,2,30,13.27,21.96
2018,11,13,3,30,18.93,25.27
2018,11,13,4,30,20.25,18.98
2018,11,13,5,30,20.41,20.240000000000002
2018,11,13,6,30,18.5,20.11
2018,11,13,7,30,17.6,14.71
2018,11,13,8,30,16.31,10.66
2018,11,13,9,30,17.63,11.9
2018,11,13,10,30,18.01,8.120000000000001
2018,11,13,11,30,19.46,11.47
2018,11,13,12,30,19.650000000000002,14.61
2018,11,13,13,30,21.080000000000002,16.28
2018,11,13,14,30,19.400000000000002,16.18
2018,11,13,15,30,17.27,15.26
2018,11,13,16,30,18.02,14.91
2018,11,13,17,30,19.47,17.13
2018,11,13,18,30,20.22,17.01
2018,11,13,19,30,18.830000000000002,19.92
2018,11,13,20,30,17.88,20.79
2018,11,13,21,30,16.6,18.580000000000002
2018,11,13,22,30,16.09,19.43
2018,11,13,23,30,15.65,20.52
2018,11,14,0,30,15.34,19.75
2018,11,14,1,30,14.41,20.650000000000002
2018,11,14,2,30,14,17.64
2018,11,14,3,30,14.3,20.63
2018,11,14,4,30,13.63,21.76
2018,11,14,5,30,13.16,24.92
2018,11,14,6,30,11.63,21.54
2018,11,14,7,30,10.76,24.7
2018,11,14,8,30,9.94,23.57
2018,11,14,9,30,9.09,24.29
2018,11,14,10,30,9.14,25.810000000000002
2018,11,14,11,30,9.19,27.7
2018,11,14,12,30,7.49,32.25
2018,11,14,13,30,5.8100000000000005,36.94
2018,11,14,14,30,4.62,42.44
2018,11,14,15,30,3.95,44.480000000000004
2018,11,14,16,30,3.59,41.63
2018,11,14,17,30,4.94,66.94
2018,11,14,18,30,6.63,71.67
2018,11,14,19,30,6.32,78.74
2018,11,14,20,30,5.6000000000000005,82.35000000000001
2018,11,14,21,30,6.49,91.71000000000001
2018,11,14,22,30,5.7,93.57000000000001
2018,11,14,23,30,5.2700000000000005,86.98
2018,11,15,0,30,6.07,81.57000000000001
2018,11,15,1,30,5.5600000000000005,68.56
2018,11,15,2,30,7.21,70.33
2018,11,15,3,30,9.18,77
2018,11,15,4,30,10.17,79.63
2018,11,15,5,30,10.700000000000001,84.75
2018,11,15,6,30,11.02,85.19
2018,11,15,7,30,11.26,79.33
2018,11,15,8,30,10.75,80
2018,11,15,9,30,11.33,81.9
2018,11,15,10,30,11.59,84.99
2018,11,15,11,30,11.870000000000001,79.04
2018,11,15,12,30,11.48,81.14
2018,11,15,13,30,11.8,79.57000000000001
2018,11,15,14,30,11.31,78.24
2018,11,15,15,30,11.120000000000001,79.88
2018,11,15,16,30,10.540000000000001,82.47
2018,11,15,17,30,10.43,84.55
2018,11,15,18,30,10.540000000000001,85.57000000000001
2018,11,15,19,30,11.11,84.16
2018,11,15,20,30,10.6,85.7
2018,11,15,21,30,10.48,85.67
2018,11,15,22,30,10.97,84.14
2018,11,15,23,30,10.48,88.9
2018,11,16,0,30,10.72,88.21000000000001
2018,11,16,1,30,10.23,86.09
2018,11,16,2,30,10.67,85.98
2018,11,16,3,30,11.15,86.08
2018,11,16,4,30,11.03,89.41
2018,11,16,5,30,10.88,89.74
2018,11,16,6,30,10.59,93.13
2018,11,16,7,30,11,103.27
2018,11,16,8,30,10.290000000000001,109.92
2018,11,16,9,30,10,102.25
2018,11,16,10,30,10.77,101.77
2018,11,16,11,30,9.83,101.32000000000001
2018,11,16,12,30,8.64,99.54
2018,11,16,13,30,7.72,97.34
2018,11,16,14,30,7.68,93.82000000000001
2018,11,16,15,30,8.67,96.61
2018,11,16,16,30,7.73,89.21000000000001
2018,11,16,17,30,6.3500000000000005,89.95
2018,11,16,18,30,5.73,89.86
2018,11,16,19,30,4.28,80.38
2018,11,16,20,30,2.99,87.29
2018,11,16,21,30,2.42,102.28
2018,11,16,22,30,1.6500000000000001,124.65
2018,11,16,23,30,1.61,110.87
2018,11,17,0,30,1.41,195.27
2018,11,17,1,30,2.0100000000000002,222.34
2018,11,17,2,30,6.48,292.09000000000003
2018,11,17,3,30,7.0600000000000005,296.26
2018,11,17,4,30,7.91,298.39
2018,11,17,5,30,7.36,301.02
2018,11,17,6,30,6.62,296.09000000000003
2018,11,17,7,30,4.3,291.49
2018,11,17,8,30,2.72,285.72
2018,11,17,9,30,2.12,251.51000000000002
2018,11,17,10,30,1.03,202.81
2018,11,17,11,30,1.23,255.18
2018,11,17,12,30,0.6900000000000001,305.93
2018,11,17,13,30,1.1300000000000001,78.76
2018,11,17,14,30,1.47,85.27
2018,11,17,15,30,1.19,76.07000000000001
2018,11,17,16,30,1.4000000000000001,56.21
2018,11,17,17,30,1.23,54.94
2018,11,17,18,30,2.96,38.35
2018,11,17,19,30,3.99,37.31
2018,11,17,20,30,4.14,44.28
2018,11,17,21,30,3.3200000000000003,49.57
2018,11,17,22,30,4.71,23.21
2018,11,17,23,30,5.8100000000000005,14.5
2018,11,18,0,30,6.75,7.390000000000001
2018,11,18,1,30,6.59,3.54
2018,11,18,2,30,6.32,1.6400000000000001
2018,11,18,3,30,8.32,356.2
2018,11,18,4,30,8.43,351.97
2018,11,18,5,30,9.450000000000001,347.94
2018,11,18,6,30,8.59,345.82
2018,11,18,7,30,9.31,340.93
2018,11,18,8,30,9.02,337.03000000000003
2018,11,18,9,30,8.86,330.84000000000003
2018,11,18,10,30,7.74,325.46
2018,11,18,11,30,7.53,309.2
2018,11,18,12,30,10.28,306.05
2018,11,18,13,30,10.64,304.65000000000003
2018,11,18,14,30,9.92,303.67
2018,11,18,15,30,10.26,293.11
2018,11,18,16,30,10.57,281.26
2018,11,18,17,30,10.49,290.14
2018,11,18,18,30,10.06,290.87
2018,11,18,19,30,8.85,290.01
2018,11,18,20,30,10.02,287.76
2018,11,18,21,30,8.81,295.22
2018,11,18,22,30,9.65,288.6
2018,11,18,23,30,9.42,283.48
2018,11,19,0,30,8.42,286.22
2018,11,19,1,30,11.120000000000001,283.16
2018,11,19,2,30,8.72,285.52
2018,11,19,3,30,9.950000000000001,295.56
2018,11,19,4,30,13.040000000000001,288.54
2018,11,19,5,30,11.99,288.34000000000003
2018,11,19,6,30,12.08,288.55
2018,11,19,7,30,12.040000000000001,282.13
2018,11,19,8,30,11.92,283.3
2018,11,19,9,30,10.23,289.01
2018,11,19,10,30,10.42,287.91
2018,11,19,11,30,9.84,279.14
2018,11,19,12,30,9.57,270.26
2018,11,19,13,30,10,276.66
2018,11,19,14,30,10.32,272.63
2018,11,19,15,30,10.01,250.95000000000002
2018,11,19,16,30,9.73,260.69
2018,11,19,17,30,8.47,271.33
2018,11,19,18,30,8.32,266.77
2018,11,19,19,30,7.82,264.62
2018,11,19,20,30,8.92,246.86
2018,11,19,21,30,9.11,248.29
2018,11,19,22,30,7.7,262.01
2018,11,19,23,30,6.95,260.32
2018,11,20,0,30,9.02,247.47
2018,11,20,1,30,8.91,251.58
2018,11,20,2,30,9.290000000000001,252.16
2018,11,20,3,30,8.82,248.53
2018,11,20,4,30,11.31,244.95000000000002
2018,11,20,5,30,12.540000000000001,245.67000000000002
2018,11,20,6,30,9.85,308.51
2018,11,20,7,30,6.5,281.78000000000003
2018,11,20,8,30,4.34,274.94
2018,11,20,9,30,9.63,278.65000000000003
2018,11,20,10,30,7.99,282.56
2018,11,20,11,30,8.86,297.79
2018,11,20,12,30,9.39,292.61
2018,11,20,13,30,9.35,281.90000000000003
2018,11,20,14,30,11.65,295.67
2018,11,20,15,30,12.43,289.82
2018,11,20,16,30,11.39,290.32
2018,11,20,17,30,12.56,282.21
2018,11,20,18,30,10.540000000000001,285.26
2018,11,20,19,30,11.08,292.91
2018,11,20,20,30,12.09,288.02
2018,11,20,21,30,12.68,284.44
2018,11,20,22,30,13.18,287.44
2018,11,20,23,30,11.69,287.85
2018,11,21,0,30,11.97,302.92
2018,11,21,1,30,13.8,298.89
2018,11,21,2,30,13.39,301.52
2018,11,21,3,30,13.280000000000001,294.65000000000003
2018,11,21,4,30,14.64,301.73
2018,11,21,5,30,13.950000000000001,303.08
2018,11,21,6,30,13.9,301.6
2018,11,21,7,30,13.97,294.48
2018,11,21,8,30,14.290000000000001,305.39
2018,11,21,9,30,14.94,309.39
2018,11,21,10,30,16.09,308.86
2018,11,21,11,30,18.02,306.99
2018,11,21,12,30,15.51,321.24
2018,11,21,13,30,16.7,319.22
2018,11,21,14,30,15.96,317.78000000000003
2018,11,21,15,30,15.46,317.15000000000003
2018,11,21,16,30,15.700000000000001,320.43
2018,11,21,17,30,16.740000000000002,315.04
2018,11,21,18,30,17.41,323.24
2018,11,21,19,30,14.43,330.15000000000003
2018,11,21,20,30,13.38,329.89
2018,11,21,21,30,9.99,322.38
2018,11,21,22,30,11.93,342.77
2018,11,21,23,30,7.87,316.5
2018,11,22,0,30,9.65,320.67
2018,11,22,1,30,9.14,343.39
2018,11,22,2,30,8.28,335.08
2018,11,22,3,30,6.640000000000001,350.88
2018,11,22,4,30,5.4,351.56
2018,11,22,5,30,4.09,324.97
2018,11,22,6,30,5.95,332.82
2018,11,22,7,30,6.67,341.7
2018,11,22,8,30,3.31,338.3
2018,11,22,9,30,6.78,344.67
2018,11,22,10,30,7.59,335.86
2018,11,22,11,30,5.36,19.46
2018,11,22,12,30,4.5200000000000005,18.59
2018,11,22,13,30,4.09,15.05
2018,11,22,14,30,3.0100000000000002,51.03
2018,11,22,15,30,3,74.75
2018,11,22,16,30,2.62,91.09
2018,11,22,17,30,1.16,119.39
2018,11,22,18,30,2.05,112.59
2018,11,22,19,30,2.35,112.33
2018,11,22,20,30,1.55,103.4
2018,11,22,21,30,2.54,111.36
2018,11,22,22,30,1.94,86.98
2018,11,22,23,30,2.85,101.4
2018,11,23,0,30,3.67,88.74
2018,11,23,1,30,3.87,90.92
2018,11,23,2,30,2.21,87.79
2018,11,23,3,30,3.13,62.09
2018,11,23,4,30,5.82,67.11
2018,11,23,5,30,6.33,68.27
2018,11,23,6,30,5.42,62.77
2018,11,23,7,30,4.8,70.89
2018,11,23,8,30,5.48,69.04
2018,11,23,9,30,7.03,77.43
2018,11,23,10,30,8.39,84.76
2018,11,23,11,30,9.23,81.36
2018,11,23,12,30,9.94,76.79
2018,11,23,13,30,10.8,72.36
2018,11,23,14,30,10.46,72.35000000000001
2018,11,23,15,30,9.74,84.36
2018,11,23,16,30,7.94,84.9
2018,11,23,17,30,6.68,71.22
2018,11,23,18,30,4.26,46.25
2018,11,23,19,30,4.44,63.15
2018,11,23,20,30,4.8500000000000005,33.78
2018,11,23,21,30,4.9,32.12
2018,11,23,22,30,3.8200000000000003,57.93
2018,11,23,23,30,4.65,61.71
2018,11,24,0,30,5.68,33.75
2018,11,24,1,30,3.89,40.77
2018,11,24,2,30,5.1000000000000005,38.94
2018,11,24,3,30,7.140000000000001,49.660000000000004
2018,11,24,4,30,9.53,54.910000000000004
2018,11,24,5,30,10.65,53.94
2018,11,24,6,30,10.93,47.54
2018,11,24,7,30,10.96,52.2
2018,11,24,8,30,9.02,48.300000000000004
2018,11,24,9,30,10.42,50.27
2018,11,24,10,30,10.040000000000001,46.59
2018,11,24,11,30,8.18,41.03
2018,11,24,12,30,8.22,41.07
2018,11,24,13,30,8.74,42.45
2018,11,24,14,30,9.08,36.46
2018,11,24,15,30,9.27,38.32
2018,11,24,16,30,8.790000000000001,40.43
2018,11,24,17,30,9.96,38.160000000000004
2018,11,24,18,30,11.81,35.12
2018,11,24,19,30,12.120000000000001,31.57
2018,11,24,20,30,11.6,29.93
2018,11,24,21,30,11.78,27.26
2018,11,24,22,30,12.46,21.8
2018,11,24,23,30,12.83,15.15
2018,11,25,0,30,13.280000000000001,12.540000000000001
2018,11,25,1,30,13.73,10.64
2018,11,25,2,30,12.73,6.47
2018,11,25,3,30,13.57,6.4
2018,11,25,4,30,12.19,357.59000000000003
2018,11,25,5,30,10.73,348.83
2018,11,25,6,30,11.26,343.38
2018,11,25,7,30,12.35,340.99
2018,11,25,8,30,12.69,337.33
2018,11,25,9,30,11.63,335.36
2018,11,25,10,30,11.790000000000001,336.46
2018,11,25,11,30,12.700000000000001,333.3
2018,11,25,12,30,12.81,331.64
2018,11,25,13,30,13.19,333.04
2018,11,25,14,30,12.49,331.45
2018,11,25,15,30,11.370000000000001,330.44
2018,11,25,16,30,8.78,342.11
2018,11,25,17,30,7.3500000000000005,352.52
2018,11,25,18,30,5.8100000000000005,1.34
2018,11,25,19,30,5.07,7.84
2018,11,25,20,30,4.98,8.55
2018,11,25,21,30,4.74,11.540000000000001
2018,11,25,22,30,4.57,2.2800000000000002
2018,11,25,23,30,6.2,353.86
2018,11,26,0,30,9.99,348.34000000000003
2018,11,26,1,30,12.18,353.05
2018,11,26,2,30,10.120000000000001,2.54
2018,11,26,3,30,10.72,1.07
2018,11,26,4,30,13.040000000000001,1.87
2018,11,26,5,30,15.41,5.33
2018,11,26,6,30,15.02,355.38
2018,11,26,7,30,15.6,354.78000000000003
2018,11,26,8,30,17.59,6.2700000000000005
2018,11,26,9,30,16.7,15.35
2018,11,26,10,30,15.64,15.11
2018,11,26,11,30,14.07,16.18
2018,11,26,12,30,13.01,21.37
2018,11,26,13,30,11.36,19.23
2018,11,26,14,30,10.11,19.240000000000002
2018,11,26,15,30,9.81,28.69
2018,11,26,16,30,9.47,29.09
2018,11,26,17,30,9.9,28.8
2018,11,26,18,30,9.24,37.660000000000004
2018,11,26,19,30,9.040000000000001,47.03
2018,11,26,20,30,9.78,58.14
2018,11,26,21,30,9.59,60.61
2018,11,26,22,30,9.22,65.41
2018,11,26,23,30,8.72,61.77
2018,11,27,0,30,9.23,60.34
2018,11,27,1,30,9.790000000000001,53.27
2018,11,27,2,30,10.09,59.03
2018,11,27,3,30,8.58,58.78
2018,11,27,4,30,8.3,49.84
2018,11,27,5,30,8.15,43.230000000000004
2018,11,27,6,30,7.72,40.11
2018,11,27,7,30,7.07,36
2018,11,27,8,30,7.17,32.410000000000004
2018,11,27,9,30,7.8500000000000005,32.43
2018,11,27,10,30,7.34,35.4
2018,11,27,11,30,7,30.47
2018,11,27,12,30,9.48,24.23
2018,11,27,13,30,8.63,7.37
2018,11,27,14,30,9.99,5.0600000000000005
2018,11,27,15,30,10.450000000000001,7.62
2018,11,27,16,30,10.49,3.5300000000000002
2018,11,27,17,30,10.41,356.89
2018,11,27,18,30,11.09,355.91
2018,11,27,19,30,11.02,347.85
2018,11,27,20,30,13.36,344.21
2018,11,27,21,30,12.47,350.46
2018,11,27,22,30,12.36,345.97
2018,11,27,23,30,13,342.05
2018,11,28,0,30,14.88,342.25
2018,11,28,1,30,13.58,342.37
2018,11,28,2,30,13.39,340.21
2018,11,28,3,30,11.84,338.03000000000003
2018,11,28,4,30,12,337.48
2018,11,28,5,30,11.94,338.67
2018,11,28,6,30,12.35,339.8
2018,11,28,7,30,12.22,339.77
2018,11,28,8,30,11.21,341.03000000000003
2018,11,28,9,30,11.32,341.03000000000003
2018,11,28,10,30,10.72,339.72
2018,11,28,11,30,10.620000000000001,337.99
2018,11,28,12,30,11.17,340.24
2018,11,28,13,30,10.96,337.13
2018,11,28,14,30,11.84,339.37
2018,11,28,15,30,11.68,334.04
2018,11,28,16,30,12.64,336.41
2018,11,28,17,30,12.41,333.56
2018,11,28,18,30,13.44,333.48
2018,11,28,19,30,12.49,334.57
2018,11,28,20,30,11.74,330.62
2018,11,28,21,30,12.86,335.87
2018,11,28,22,30,13.16,325.97
2018,11,28,23,30,13.49,325.71
2018,11,29,0,30,14.18,320.11
2018,11,29,1,30,12.6,319.82
2018,11,29,2,30,11.84,314.04
2018,11,29,3,30,11.28,307.14
2018,11,29,4,30,11.81,315.43
2018,11,29,5,30,11.370000000000001,316.79
2018,11,29,6,30,11.3,314.77
2018,11,29,7,30,10.14,313.85
2018,11,29,8,30,8.72,300.55
2018,11,29,9,30,9,306.89
2018,11,29,10,30,8.24,295.44
2018,11,29,11,30,8.61,296.40000000000003
2018,11,29,12,30,8.27,294.55
2018,11,29,13,30,6.38,298.62
2018,11,29,14,30,6.5200000000000005,285.64
2018,11,29,15,30,6.22,279.33
2018,11,29,16,30,4.18,283.49
2018,11,29,17,30,1.06,297.11
2018,11,29,18,30,1.93,102.91
2018,11,29,19,30,4.8500000000000005,111.99000000000001
2018,11,29,20,30,6.2700000000000005,110.83
2018,11,29,21,30,8.36,112.65
2018,11,29,22,30,11.63,121.64
2018,11,29,23,30,12.84,119.56
2018,11,30,0,30,14.64,118.04
2018,11,30,1,30,15.46,123.4
2018,11,30,2,30,17.62,125.08
2018,11,30,3,30,18.25,125.91
2018,11,30,4,30,19.1,134.92000000000002
2018,11,30,5,30,11.4,178.07
2018,11,30,6,30,8.55,216.96
2018,11,30,7,30,8.35,222.83
2018,11,30,8,30,8.290000000000001,221.61
2018,11,30,9,30,7.84,216.23000000000002
2018,11,30,10,30,8.52,223.9
2018,11,30,11,30,8.870000000000001,221.61
2018,11,30,12,30,7.640000000000001,229.95000000000002
2018,11,30,13,30,6.3500000000000005,236.72
2018,11,30,14,30,6.18,227.57
2018,11,30,15,30,5.11,220.62
2018,11,30,16,30,3.85,212.31
2018,11,30,17,30,3.02,96.73
2018,11,30,18,30,4.9,104.34
2018,11,30,19,30,7.4,103.11
2018,11,30,20,30,8.25,100.41
2018,11,30,21,30,9.620000000000001,98.59
2018,11,30,22,30,13.1,94.68
2018,11,30,23,30,15.66,93.34
2018,12,1,0,30,17.990000000000002,89.85000000000001
2018,12,1,1,30,16.71,153.59
2018,12,1,2,30,17.17,159.38
2018,12,1,3,30,18.53,166.32
2018,12,1,4,30,17.41,170.3
2018,12,1,5,30,19.12,182.64000000000001
2018,12,1,6,30,21.11,208.18
2018,12,1,7,30,23.46,225.23000000000002
2018,12,1,8,30,21.98,234.32
2018,12,1,9,30,17.71,230.25
2018,12,1,10,30,13.89,229.86
2018,12,1,11,30,11.08,221.69
2018,12,1,12,30,10.1,209.70000000000002
2018,12,1,13,30,11.93,216.73000000000002
2018,12,1,14,30,12.66,223.57
2018,12,1,15,30,12.85,223.96
2018,12,1,16,30,10.82,228.56
2018,12,1,17,30,11.13,217.52
2018,12,1,18,30,11.71,218.4
2018,12,1,19,30,10.02,210.13
2018,12,1,20,30,10.57,197.11
2018,12,1,21,30,10.74,198.89000000000001
2018,12,1,22,30,10.86,205.02
2018,12,1,23,30,12.67,201.37
2018,12,2,0,30,10.38,186.1
2018,12,2,1,30,11.72,209.36
2018,12,2,2,30,10.4,203.66
2018,12,2,3,30,9.700000000000001,190.94
2018,12,2,4,30,10.040000000000001,179.6
2018,12,2,5,30,10.700000000000001,176.72
2018,12,2,6,30,8.75,171.45000000000002
2018,12,2,7,30,8.5,148.08
2018,12,2,8,30,9.9,129.14000000000001
2018,12,2,9,30,10.540000000000001,125.87
2018,12,2,10,30,9.34,112.17
2018,12,2,11,30,6.75,73.58
2018,12,2,12,30,10.97,80.96000000000001
2018,12,2,13,30,11.5,105.4
2018,12,2,14,30,10.38,82.13
2018,12,2,15,30,9.49,82.99
2018,12,2,16,30,5.66,67.89
2018,12,2,17,30,6.5,273.46
2018,12,2,18,30,10.5,271.15
2018,12,2,19,30,14.48,271.29
2018,12,2,20,30,12,262.44
2018,12,2,21,30,9.26,243.27
2018,12,2,22,30,11.84,230.88
2018,12,2,23,30,11.57,224.71
2018,12,3,0,30,10.6,220.34
2018,12,3,1,30,7.33,201.61
2018,12,3,2,30,7.5,213.37
2018,12,3,3,30,7,211.95000000000002
2018,12,3,4,30,6.78,226.46
2018,12,3,5,30,8.07,237.81
2018,12,3,6,30,8.49,245.77
2018,12,3,7,30,6.33,227.72
2018,12,3,8,30,5.09,217.34
2018,12,3,9,30,4.32,204.48000000000002
2018,12,3,10,30,3.1,194.31
2018,12,3,11,30,3.39,176.11
2018,12,3,12,30,2.84,144.74
2018,12,3,13,30,2.74,126.33
2018,12,3,14,30,3.2,124.76
2018,12,3,15,30,2.7800000000000002,119.09
2018,12,3,16,30,3.81,100.81
2018,12,3,17,30,6.11,107.16
2018,12,3,18,30,8.17,107.35000000000001
2018,12,3,19,30,9.25,98.92
2018,12,3,20,30,9.540000000000001,98.09
2018,12,3,21,30,10.3,97.83
2018,12,3,22,30,11.16,98.75
2018,12,3,23,30,12.23,98.83
2018,12,4,0,30,14.94,98.46000000000001
2018,12,4,1,30,16.2,97.87
2018,12,4,2,30,16.76,93.67
2018,12,4,3,30,16.91,91.13
2018,12,4,4,30,16.73,83.59
2018,12,4,5,30,17.18,79.13
2018,12,4,6,30,18,75.8
2018,12,4,7,30,18.26,71.95
2018,12,4,8,30,19.04,70.19
2018,12,4,9,30,20.150000000000002,68.1
2018,12,4,10,30,20.56,68.61
2018,12,4,11,30,21.25,69.9
2018,12,4,12,30,22.96,72.5
2018,12,4,13,30,24.48,73.29
2018,12,4,14,30,26.17,74.33
2018,12,4,15,30,26.8,76.49
2018,12,4,16,30,26.71,79.09
2018,12,4,17,30,24.38,83.91
2018,12,4,18,30,19.32,91.53
2018,12,4,19,30,14.36,106.74000000000001
2018,12,4,20,30,12.41,119.01
2018,12,4,21,30,13.17,130.72
2018,12,4,22,30,12.83,133.99
2018,12,4,23,30,12.780000000000001,138.37
2018,12,5,0,30,11.19,138.6
2018,12,5,1,30,12.85,134.08
2018,12,5,2,30,11.290000000000001,125.22
2018,12,5,3,30,12.57,130.51
2018,12,5,4,30,12.65,125.71000000000001
2018,12,5,5,30,8.88,141.86
2018,12,5,6,30,14.82,128.38
2018,12,5,7,30,14.74,137.34
2018,12,5,8,30,14.38,140.74
2018,12,5,9,30,14.31,144.33
2018,12,5,10,30,14.21,147.81
2018,12,5,11,30,12.75,139.95000000000002
2018,12,5,12,30,13.11,142.47
2018,12,5,13,30,12.33,141.84
2018,12,5,14,30,11.76,139.56
2018,12,5,15,30,11.3,138.1
2018,12,5,16,30,11.17,134.37
2018,12,5,17,30,11.84,135.94
2018,12,5,18,30,10.540000000000001,133.63
2018,12,5,19,30,8.25,135.47
2018,12,5,20,30,8.120000000000001,126.34
2018,12,5,21,30,7.58,129.58
2018,12,5,22,30,6.19,125.73
2018,12,5,23,30,5.09,128.12
2018,12,6,0,30,4.7,132.94
2018,12,6,1,30,3.81,127.54
2018,12,6,2,30,3.5500000000000003,135.93
2018,12,6,3,30,3.98,143.12
2018,12,6,4,30,4.93,151.96
2018,12,6,5,30,6.78,152.6
2018,12,6,6,30,9.07,167.04
2018,12,6,7,30,9.86,169.16
2018,12,6,8,30,8.78,162
2018,12,6,9,30,10.3,161.88
2018,12,6,10,30,10.11,167.27
2018,12,6,11,30,10.06,169.75
2018,12,6,12,30,9.370000000000001,200.81
2018,12,6,13,30,12.26,190.07
2018,12,6,14,30,11.89,180.43
2018,12,6,15,30,12.39,179.36
2018,12,6,16,30,11.94,184.71
2018,12,6,17,30,7.16,217.20000000000002
2018,12,6,18,30,3.5,215.03
2018,12,6,19,30,5.39,304.01
2018,12,6,20,30,4.57,302.5
2018,12,6,21,30,4.72,284.38
2018,12,6,22,30,5.92,271.72
2018,12,6,23,30,7.66,289.93
2018,12,7,0,30,8.69,307.47
2018,12,7,1,30,8.71,306.15000000000003
2018,12,7,2,30,6.78,290.1
2018,12,7,3,30,7.08,270.68
2018,12,7,4,30,7.43,277.63
2018,12,7,5,30,7.73,245.58
2018,12,7,6,30,7.57,249.48000000000002
2018,12,7,7,30,9.48,251.9
2018,12,7,8,30,11.73,256.06
2018,12,7,9,30,9.89,245.07
2018,12,7,10,30,10.43,250.64000000000001
2018,12,7,11,30,10.97,248.47
2018,12,7,12,30,10.8,238.22
2018,12,7,13,30,12.16,235.11
2018,12,7,14,30,11.49,237.07
2018,12,7,15,30,10.72,239.36
2018,12,7,16,30,13.68,238.06
2018,12,7,17,30,11.88,245.06
2018,12,7,18,30,12.61,240.51
2018,12,7,19,30,12,234.91
2018,12,7,20,30,11.81,235.32
2018,12,7,21,30,12.82,237.24
2018,12,7,22,30,13.32,239.66
2018,12,7,23,30,13.17,238.73000000000002
2018,12,8,0,30,13.3,243.29
2018,12,8,1,30,13.56,245.59
2018,12,8,2,30,11.43,239.39000000000001
2018,12,8,3,30,9.450000000000001,234.02
2018,12,8,4,30,11.77,239.54
2018,12,8,5,30,10.01,242.43
2018,12,8,6,30,10.1,250.8
2018,12,8,7,30,9.6,259.54
2018,12,8,8,30,8.56,248.74
2018,12,8,9,30,9.13,251.97
2018,12,8,10,30,9.67,249.28
2018,12,8,11,30,9.700000000000001,260.64
2018,12,8,12,30,9.83,259.16
2018,12,8,13,30,9.09,244.62
2018,12,8,14,30,9.48,261.58
2018,12,8,15,30,11.92,277.61
2018,12,8,16,30,11.56,272.64
2018,12,8,17,30,10.540000000000001,281.02
2018,12,8,18,30,10.200000000000001,282.52
2018,12,8,19,30,8.11,269.17
2018,12,8,20,30,10.06,272.87
2018,12,8,21,30,10.06,275.36
2018,12,8,22,30,11.02,269.63
2018,12,8,23,30,14.33,264.14
2018,12,9,0,30,12.49,263.65
2018,12,9,1,30,12.15,268.48
2018,12,9,2,30,10.25,263.17
2018,12,9,3,30,10.03,254.07
2018,12,9,4,30,11.33,256.1
2018,12,9,5,30,10.6,245.17000000000002
2018,12,9,6,30,10.08,240.03
2018,12,9,7,30,10.11,240.17000000000002
2018,12,9,8,30,8.24,248.39000000000001
2018,12,9,9,30,8.39,234.31
2018,12,9,10,30,8.08,240.47
2018,12,9,11,30,5.63,239.34
2018,12,9,12,30,6.26,233.48000000000002
2018,12,9,13,30,5.61,225.06
2018,12,9,14,30,7.03,251.13
2018,12,9,15,30,5.96,259.62
2018,12,9,16,30,5.42,258.36
2018,12,9,17,30,1.22,102.22
2018,12,9,18,30,1.24,260.43
2018,12,9,19,30,2.66,306
2018,12,9,20,30,0.18,102.97
2018,12,9,21,30,1.84,341.03000000000003
2018,12,9,22,30,1.27,352.95
2018,12,9,23,30,1.9000000000000001,16.34
2018,12,10,0,30,2.04,6.38
2018,12,10,1,30,2.82,25.72
2018,12,10,2,30,4.2,45.2
2018,12,10,3,30,2.79,50.25
2018,12,10,4,30,3.8200000000000003,28.330000000000002
2018,12,10,5,30,3.83,13.11
2018,12,10,6,30,4.36,11.870000000000001
2018,12,10,7,30,5.09,348.91
2018,12,10,8,30,5.58,351.13
2018,12,10,9,30,6.5,345.31
2018,12,10,10,30,7.62,339.55
2018,12,10,11,30,7.28,330.7
2018,12,10,12,30,6.78,341.28000000000003
2018,12,10,13,30,6.28,344.59000000000003
2018,12,10,14,30,5.9,331.71
2018,12,10,15,30,4.67,323.2
2018,12,10,16,30,4.6000000000000005,309.90000000000003
2018,12,10,17,30,4.72,275.11
2018,12,10,18,30,1.61,212.03
2018,12,10,19,30,2.94,17.38
2018,12,10,20,30,5.34,341.54
2018,12,10,21,30,5.48,325.72
2018,12,10,22,30,6.84,326.46
2018,12,10,23,30,6.5,322.91
2018,12,11,0,30,5.3100000000000005,305.42
2018,12,11,1,30,5.07,278.16
2018,12,11,2,30,5.41,267.87
2018,12,11,3,30,14.27,299.27
2018,12,11,4,30,10.31,301.52
2018,12,11,5,30,11.120000000000001,287.55
2018,12,11,6,30,10.86,277.33
2018,12,11,7,30,13.17,267.41
2018,12,11,8,30,14.24,257.12
2018,12,11,9,30,12.18,253.13
2018,12,11,10,30,12.63,252.12
2018,12,11,11,30,11.4,266.37
2018,12,11,12,30,10.58,276.36
2018,12,11,13,30,8.69,278.95
2018,12,11,14,30,11.85,260.66
2018,12,11,15,30,7.66,284.2
2018,12,11,16,30,8.75,243.89000000000001
2018,12,11,17,30,10.040000000000001,243.94
2018,12,11,18,30,9.75,246.92000000000002
2018,12,11,19,30,8.76,224.14000000000001
2018,12,11,20,30,10.05,228.81
2018,12,11,21,30,7.71,256.37
2018,12,11,22,30,14.67,268.83
2018,12,11,23,30,17.22,248.6
2018,12,12,0,30,17.21,285.89
2018,12,12,1,30,14.11,293.06
2018,12,12,2,30,12.35,302.11
2018,12,12,3,30,9.81,287.71
2018,12,12,4,30,8.870000000000001,282.49
2018,12,12,5,30,9.02,281.58
2018,12,12,6,30,8.97,276.62
2018,12,12,7,30,8.81,272.22
2018,12,12,8,30,8.1,266.44
2018,12,12,9,30,8.120000000000001,243.84
2018,12,12,10,30,5.65,247.93
2018,12,12,11,30,7.1000000000000005,228.39000000000001
2018,12,12,12,30,6.79,236.92000000000002
2018,12,12,13,30,7.94,253.61
2018,12,12,14,30,6.890000000000001,238.55
2018,12,12,15,30,5.97,246.92000000000002
2018,12,12,16,30,7.42,236.92000000000002
2018,12,12,17,30,7.73,228.59
2018,12,12,18,30,7.26,230.70000000000002
2018,12,12,19,30,6.3100000000000005,224.06
2018,12,12,20,30,6.1000000000000005,235.37
2018,12,12,21,30,2.16,241.38
2018,12,12,22,30,3.22,168.06
2018,12,12,23,30,2.18,114.14
2018,12,13,0,30,4.1,112.46000000000001
2018,12,13,1,30,3.47,109.3
2018,12,13,2,30,4.7,102.26
2018,12,13,3,30,5.08,105.64
2018,12,13,4,30,5.66,117.85000000000001
2018,12,13,5,30,6.32,114.03
2018,12,13,6,30,6.37,113.2
2018,12,13,7,30,5.55,105.98
2018,12,13,8,30,5.17,100.02
2018,12,13,9,30,6.8500000000000005,89.26
2018,12,13,10,30,7.63,89.16
2018,12,13,11,30,8.19,87.66
2018,12,13,12,30,7.91,81.37
2018,12,13,13,30,8.63,78.36
2018,12,13,14,30,8.59,71.52
2018,12,13,15,30,8.56,66.82000000000001
2018,12,13,16,30,7.54,69.21000000000001
2018,12,13,17,30,6.2,43.89
2018,12,13,18,30,6.38,47.33
2018,12,13,19,30,6.65,47.82
2018,12,13,20,30,6.84,45.89
2018,12,13,21,30,5.54,39.57
2018,12,13,22,30,7.140000000000001,28.57
2018,12,13,23,30,7.86,27.16
2018,12,14,0,30,8.13,24.490000000000002
2018,12,14,1,30,8.81,26.6
2018,12,14,2,30,8.55,26.990000000000002
2018,12,14,3,30,8.78,32.3
2018,12,14,4,30,8.76,28.12
2018,12,14,5,30,8.31,30.82
2018,12,14,6,30,8.34,26.650000000000002
2018,12,14,7,30,8.2,30.03
2018,12,14,8,30,7.63,28.18
2018,12,14,9,30,8.9,21.54
2018,12,14,10,30,11.5,25.57
2018,12,14,11,30,12.21,17.1
2018,12,14,12,30,11.22,12.43
2018,12,14,13,30,9.33,10.48
2018,12,14,14,30,5.94,18.72
2018,12,14,15,30,5.28,24.79
2018,12,14,16,30,10.67,7.3100000000000005
2018,12,14,17,30,11.26,4.17
2018,12,14,18,30,8.950000000000001,5
2018,12,14,19,30,9.23,8.9
2018,12,14,20,30,11.88,11.91
2018,12,14,21,30,12.22,12.43
2018,12,14,22,30,11.88,16.97
2018,12,14,23,30,12.200000000000001,16.830000000000002
2018,12,15,0,30,11.790000000000001,23.490000000000002
2018,12,15,1,30,11.11,22.92
2018,12,15,2,30,11.540000000000001,18.830000000000002
2018,12,15,3,30,12.290000000000001,16.77
2018,12,15,4,30,12.86,19.39
2018,12,15,5,30,12.83,19.240000000000002
2018,12,15,6,30,13.42,16.53
2018,12,15,7,30,14.6,9.76
2018,12,15,8,30,14.73,12.200000000000001
2018,12,15,9,30,14.790000000000001,13.3
2018,12,15,10,30,14.46,16.990000000000002
2018,12,15,11,30,14.11,14.55
2018,12,15,12,30,14.19,14.9
2018,12,15,13,30,13.67,17.79
2018,12,15,14,30,13.26,24.18
2018,12,15,15,30,14.17,15.07
2018,12,15,16,30,11.03,13.06
2018,12,15,17,30,10.21,15.48
2018,12,15,18,30,9.96,13.790000000000001
2018,12,15,19,30,10.61,16.95
2018,12,15,20,30,9.9,8.97
2018,12,15,21,30,5.71,3.17
2018,12,15,22,30,7.7700000000000005,7.12
2018,12,15,23,30,5.73,1.51
2018,12,16,0,30,5.15,14.19
2018,12,16,1,30,5.43,2.31
2018,12,16,2,30,7.8100000000000005,3.2
2018,12,16,3,30,13.21,2.47
2018,12,16,4,30,15.280000000000001,3.29
2018,12,16,5,30,15.530000000000001,7.51
2018,12,16,6,30,16.26,6.5
2018,12,16,7,30,15.98,4.19
2018,12,16,8,30,16.23,1.9100000000000001
2018,12,16,9,30,14.72,359.83
2018,12,16,10,30,13.6,357.78000000000003
2018,12,16,11,30,16.6,359.11
2018,12,16,12,30,17.47,2.24
2018,12,16,13,30,20.44,2.27
2018,12,16,14,30,21.78,1.05
2018,12,16,15,30,19.46,354.24
2018,12,16,16,30,20.37,356.71
2018,12,16,17,30,20.72,357.8
2018,12,16,18,30,20,357.54
2018,12,16,19,30,20.71,359.84000000000003
2018,12,16,20,30,17.32,2.19
2018,12,16,21,30,14.23,357.95
2018,12,16,22,30,11.69,354.62
2018,12,16,23,30,12.73,2.81
2018,12,17,0,30,11.26,359.73
2018,12,17,1,30,14.43,4.4
2018,12,17,2,30,17.04,2.21
2018,12,17,3,30,17.63,9.6
2018,12,17,4,30,13.35,355.62
2018,12,17,5,30,12.51,348.84000000000003
2018,12,17,6,30,13.06,352.42
2018,12,17,7,30,13.17,351.68
2018,12,17,8,30,15.3,2.09
2018,12,17,9,30,11.32,349.35
2018,12,17,10,30,9.370000000000001,338.83
2018,12,17,11,30,8.870000000000001,333.56
2018,12,17,12,30,8.73,337.29
2018,12,17,13,30,7.91,328.52
2018,12,17,14,30,7.4,318.15000000000003
2018,12,17,15,30,7.97,317.24
2018,12,17,16,30,8.41,322.54
2018,12,17,17,30,9,335.7
2018,12,17,18,30,8.99,337.33
2018,12,17,19,30,10,340.84000000000003
2018,12,17,20,30,11.63,343.68
2018,12,17,21,30,11.63,342.76
2018,12,17,22,30,11.53,347.23
2018,12,17,23,30,14.290000000000001,345.6
2018,12,18,0,30,16.28,344.40000000000003
2018,12,18,1,30,17.56,342.72
2018,12,18,2,30,18.51,343.89
2018,12,18,3,30,17.91,343.55
2018,12,18,4,30,18.19,342.26
2018,12,18,5,30,17.66,342.45
2018,12,18,6,30,15.56,342.16
2018,12,18,7,30,15.21,342.16
2018,12,18,8,30,13.82,336.86
2018,12,18,9,30,16.51,337.66
2018,12,18,10,30,14.91,336.49
2018,12,18,11,30,14.280000000000001,336.31
2018,12,18,12,30,13.96,337.95
2018,12,18,13,30,13.25,336.63
2018,12,18,14,30,13.02,338.99
2018,12,18,15,30,13.69,332.24
2018,12,18,16,30,11.74,334.1
2018,12,18,17,30,16.26,324.83
2018,12,18,18,30,14.58,320.68
2018,12,18,19,30,14.84,343.01
2018,12,18,20,30,13.42,337.36
2018,12,18,21,30,15.860000000000001,340.17
2018,12,18,22,30,15.26,335.51
2018,12,18,23,30,15.64,335.15000000000003
2018,12,19,0,30,15.870000000000001,334.65000000000003
2018,12,19,1,30,17.35,333.19
2018,12,19,2,30,15.1,330.59000000000003
2018,12,19,3,30,14.4,330.45
2018,12,19,4,30,14.200000000000001,331.91
2018,12,19,5,30,13.82,331.12
2018,12,19,6,30,15.72,334.97
2018,12,19,7,30,14.14,324.21
2018,12,19,8,30,15.42,324.78000000000003
2018,12,19,9,30,14.25,324.88
2018,12,19,10,30,12.15,329.17
2018,12,19,11,30,12.69,332.52
2018,12,19,12,30,13.42,333.7
2018,12,19,13,30,13.6,334.25
2018,12,19,14,30,12.73,333.85
2018,12,19,15,30,12.55,334.74
2018,12,19,16,30,12.39,334.42
2018,12,19,17,30,12.08,334.45
2018,12,19,18,30,11.98,336.34000000000003
2018,12,19,19,30,10.42,337.59000000000003
2018,12,19,20,30,8.47,337.03000000000003
2018,12,19,21,30,8.86,332.41
2018,12,19,22,30,9.31,337.98
2018,12,19,23,30,9.13,337.15000000000003
2018,12,20,0,30,8.8,340.09000000000003
2018,12,20,1,30,7.44,344.21
2018,12,20,2,30,7.8500000000000005,335.99
2018,12,20,3,30,9.18,341.28000000000003
2018,12,20,4,30,9.13,345.03000000000003
2018,12,20,5,30,7.33,346.73
2018,12,20,6,30,6.63,343.42
2018,12,20,7,30,6.12,344.23
2018,12,20,8,30,7.08,344.08
2018,12,20,9,30,5.78,354.65000000000003
2018,12,20,10,30,5.25,10.97
2018,12,20,11,30,4.24,21.97
2018,12,20,12,30,3.99,18.26
2018,12,20,13,30,3.27,21.650000000000002
2018,12,20,14,30,2.34,22.05
2018,12,20,15,30,2.29,11.42
2018,12,20,16,30,1.75,13.19
2018,12,20,17,30,1.8,2.7
2018,12,20,18,30,1.56,28.8
2018,12,20,19,30,0.8200000000000001,63.81
2018,12,20,20,30,0.19,198.92000000000002
2018,12,20,21,30,0.9500000000000001,36.14
2018,12,20,22,30,2.17,26.21
2018,12,20,23,30,2.95,33.93
2018,12,21,0,30,2.94,36.28
2018,12,21,1,30,2.96,25.45
2018,12,21,2,30,3.47,36.57
2018,12,21,3,30,4.16,33.05
2018,12,21,4,30,4.76,22.89
2018,12,21,5,30,6.09,22.25
2018,12,21,6,30,6.3500000000000005,19.47
2018,12,21,7,30,5.3100000000000005,34.29
2018,12,21,8,30,5.12,32.26
2018,12,21,9,30,5.28,27.6
2018,12,21,10,30,4.93,19.59
2018,12,21,11,30,3.14,23.54
2018,12,21,12,30,3.5700000000000003,19.94
2018,12,21,13,30,7.84,15.33
2018,12,21,14,30,9.120000000000001,11.23
2018,12,21,15,30,11.040000000000001,11.290000000000001
2018,12,21,16,30,12.15,14.040000000000001
2018,12,21,17,30,7.6000000000000005,17.69
2018,12,21,18,30,9.35,15.35
2018,12,21,19,30,9.73,20.2
2018,12,21,20,30,9.9,18.400000000000002
2018,12,21,21,30,8.53,20.87
2018,12,21,22,30,8.36,25.26
2018,12,21,23,30,9.21,23.29
2018,12,22,0,30,10.01,25.14
2018,12,22,1,30,11.18,24.01
2018,12,22,2,30,12.01,24.92
2018,12,22,3,30,12.700000000000001,28.18
2018,12,22,4,30,11.76,25.68
2018,12,22,5,30,10.52,33.22
2018,12,22,6,30,9.01,19.28
2018,12,22,7,30,10.32,23.23
2018,12,22,8,30,9.94,22.87
2018,12,22,9,30,10.39,17.28
2018,12,22,10,30,9.88,12.5
2018,12,22,11,30,10.43,10.14
2018,12,22,12,30,11.24,10.11
2018,12,22,13,30,10.31,4.87
2018,12,22,14,30,10.370000000000001,357.93
2018,12,22,15,30,9.82,353.88
2018,12,22,16,30,10.84,352.16
2018,12,22,17,30,11.56,349.91
2018,12,22,18,30,11.77,349.65000000000003
2018,12,22,19,30,10.61,349.41
2018,12,22,20,30,2.19,340.69
2018,12,22,21,30,3.08,359.32
2018,12,22,22,30,6.5600000000000005,356.35
2018,12,22,23,30,7.45,349.74
2018,12,23,0,30,7.46,348.68
2018,12,23,1,30,10.08,344.09000000000003
2018,12,23,2,30,7.92,348.3
2018,12,23,3,30,8.41,347.08
2018,12,23,4,30,7.66,346.91
2018,12,23,5,30,5.08,2.0300000000000002
2018,12,23,6,30,4.3100000000000005,1.54
2018,12,23,7,30,5.04,355.93
2018,12,23,8,30,4.64,358.19
2018,12,23,9,30,6.3,349.29
2018,12,23,10,30,5.21,349.71
2018,12,23,11,30,4.97,352.6
2018,12,23,12,30,5.39,349.8
2018,12,23,13,30,5.17,349.94
2018,12,23,14,30,5.25,343.82
2018,12,23,15,30,4.78,342.42
2018,12,23,16,30,3.7,346.56
2018,12,23,17,30,2.2600000000000002,353.54
2018,12,23,18,30,2.22,336.44
2018,12,23,19,30,3.36,337.64
2018,12,23,20,30,3.3000000000000003,341.5
2018,12,23,21,30,3.06,339.08
2018,12,23,22,30,3.93,327.24
2018,12,23,23,30,3.73,326.39
2018,12,24,0,30,3.2,324.89
2018,12,24,1,30,2.2800000000000002,303.95
2018,12,24,2,30,2.37,327.8
2018,12,24,3,30,2.7,334.16
2018,12,24,4,30,3.45,339.56
2018,12,24,5,30,3.7,337.76
2018,12,24,6,30,4.08,347.1
2018,12,24,7,30,3.72,347.41
2018,12,24,8,30,5.05,340.1
2018,12,24,9,30,5.92,339.53000000000003
2018,12,24,10,30,5.17,339.77
2018,12,24,11,30,4.51,338.91
2018,12,24,12,30,4.24,349.06
2018,12,24,13,30,5.59,343.1
2018,12,24,14,30,3.99,347.33
2018,12,24,15,30,1.28,0.4
2018,12,24,16,30,0.3,90.57000000000001
2018,12,24,17,30,0.37,139.09
2018,12,24,18,30,0.54,27.43
2018,12,24,19,30,0.56,7.1000000000000005
2018,12,24,20,30,0.26,341.72
2018,12,24,21,30,0.79,343.18
2018,12,24,22,30,0.6900000000000001,333.01
2018,12,24,23,30,0.42,35.62
2018,12,25,0,30,1.34,130.86
2018,12,25,1,30,1.01,78.85000000000001
2018,12,25,2,30,0.78,106.69
2018,12,25,3,30,0.52,169.63
2018,12,25,4,30,0.45,242.55
2018,12,25,5,30,0.72,340.40000000000003
2018,12,25,6,30,1.03,41.5
2018,12,25,7,30,1.46,19.080000000000002
2018,12,25,8,30,0.93,16.12
2018,12,25,9,30,1.86,10.78
2018,12,25,10,30,2.1,26.7
2018,12,25,11,30,5.32,23.59
2018,12,25,12,30,5.78,9.74
2018,12,25,13,30,6,11.07
2018,12,25,14,30,6.08,4.57
2018,12,25,15,30,6.54,357.28000000000003
2018,12,25,16,30,7.47,350.54
2018,12,25,17,30,7.19,353.84000000000003
2018,12,25,18,30,7.25,354.55
2018,12,25,19,30,7.75,1.26
2018,12,25,20,30,7.75,355.2
2018,12,25,21,30,7.95,350.1
2018,12,25,22,30,8.25,350.75
2018,12,25,23,30,7.72,351.92
2018,12,26,0,30,8.31,355.64
2018,12,26,1,30,8.45,349.23
2018,12,26,2,30,8.24,344.24
2018,12,26,3,30,8.23,344.04
2018,12,26,4,30,7.8100000000000005,342.90000000000003
2018,12,26,5,30,7.97,345.45
2018,12,26,6,30,8.47,343.6
2018,12,26,7,30,8.88,341.22
2018,12,26,8,30,9.13,341.42
2018,12,26,9,30,8.81,341.28000000000003
2018,12,26,10,30,9.18,343.15000000000003
2018,12,26,11,30,9.22,345.24
2018,12,26,12,30,9.52,349.67
2018,12,26,13,30,9.47,351.78000000000003
2018,12,26,14,30,7.65,349.72
2018,12,26,15,30,5.09,352.09000000000003
2018,12,26,16,30,2,348.8
2018,12,26,17,30,1.3800000000000001,30.16
2018,12,26,18,30,2.18,7.42
2018,12,26,19,30,3.34,1.51
2018,12,26,20,30,4.95,358.40000000000003
2018,12,26,21,30,2.44,353.09000000000003
2018,12,26,22,30,3.5,4.38
2018,12,26,23,30,1.56,13.23
2018,12,27,0,30,1.45,31.41
2018,12,27,1,30,2.2,358.7
2018,12,27,2,30,3.2,0.52
2018,12,27,3,30,5.25,357.73
2018,12,27,4,30,5.8500000000000005,357.40000000000003
2018,12,27,5,30,5.36,353.98
2018,12,27,6,30,5.7700000000000005,353.57
2018,12,27,7,30,6.67,351.42
2018,12,27,8,30,6.49,349.06
2018,12,27,9,30,5.92,348.29
2018,12,27,10,30,4.93,351.04
2018,12,27,11,30,7.1000000000000005,347.82
2018,12,27,12,30,8.77,347.41
2018,12,27,13,30,9.06,342.53000000000003
2018,12,27,14,30,11.38,339.21
2018,12,27,15,30,14.77,335.42
2018,12,27,16,30,15.370000000000001,333.74
2018,12,27,17,30,13.21,339.11
2018,12,27,18,30,11.72,341.77
2018,12,27,19,30,11.75,338.14
2018,12,27,20,30,12.27,334.79
2018,12,27,21,30,13.15,333.6
2018,12,27,22,30,13.33,334.2
2018,12,27,23,30,13.73,335.47
2018,12,28,0,30,13.46,336.98
2018,12,28,1,30,13.030000000000001,337.02
2018,12,28,2,30,13.33,337.54
2018,12,28,3,30,13.07,331.36
2018,12,28,4,30,13.69,329.97
2018,12,28,5,30,14.01,333.28000000000003
2018,12,28,6,30,13.17,333.91
2018,12,28,7,30,11.94,335.38
2018,12,28,8,30,12.36,335.24
2018,12,28,9,30,12.33,334.61
2018,12,28,10,30,12.66,334.40000000000003
2018,12,28,11,30,12.84,333.90000000000003
2018,12,28,12,30,12.99,334.51
2018,12,28,13,30,13.64,331.31
2018,12,28,14,30,14.24,331.69
2018,12,28,15,30,14.51,330.84000000000003
2018,12,28,16,30,14.73,332.74
2018,12,28,17,30,14.35,331.29
2018,12,28,18,30,13.73,331.95
2018,12,28,19,30,13.61,327.06
2018,12,28,20,30,13.32,326.86
2018,12,28,21,30,14.08,329.29
2018,12,28,22,30,14.59,331.40000000000003
2018,12,28,23,30,14.98,331.18
2018,12,29,0,30,15.85,331.04
2018,12,29,1,30,15.11,325.16
2018,12,29,2,30,15.38,321.26
2018,12,29,3,30,14.99,322.79
2018,12,29,4,30,14.55,324.74
2018,12,29,5,30,15.3,324.26
2018,12,29,6,30,14.290000000000001,324.87
2018,12,29,7,30,13.3,325.49
2018,12,29,8,30,13.14,323.55
2018,12,29,9,30,12.51,319.92
2018,12,29,10,30,11.6,314.86
2018,12,29,11,30,10.620000000000001,319.95
2018,12,29,12,30,9.53,321.57
2018,12,29,13,30,9.64,325.93
2018,12,29,14,30,6.96,335.48
2018,12,29,15,30,2.44,59.550000000000004
2018,12,29,16,30,3.65,63.53
2018,12,29,17,30,4.51,103.47
2018,12,29,18,30,4,103.39
2018,12,29,19,30,6.57,89.91
2018,12,29,20,30,7.890000000000001,93.67
2018,12,29,21,30,8.84,90.73
2018,12,29,22,30,10.35,85.79
2018,12,29,23,30,11.53,88.85000000000001
2018,12,30,0,30,12.51,87.96000000000001
2018,12,30,1,30,14.48,84.55
2018,12,30,2,30,16.2,81.33
2018,12,30,3,30,18.78,77.99
2018,12,30,4,30,19.76,79.35000000000001
2018,12,30,5,30,21.27,76.84
2018,12,30,6,30,23.12,73.63
2018,12,30,7,30,24.52,78.37
2018,12,30,8,30,25.97,80.49
2018,12,30,9,30,26.53,86.29
2018,12,30,10,30,28.18,94.68
2018,12,30,11,30,30.11,108.09
2018,12,30,12,30,19.88,166.71
2018,12,30,13,30,21.26,175.09
2018,12,30,14,30,21.080000000000002,183.9
2018,12,30,15,30,20.44,182.4
2018,12,30,16,30,20.05,183.69
2018,12,30,17,30,20.57,175.95000000000002
2018,12,30,18,30,17.21,169.51
2018,12,30,19,30,17.5,167.21
2018,12,30,20,30,14.290000000000001,151.97
2018,12,30,21,30,18.6,154.84
2018,12,30,22,30,16.39,150.28
2018,12,30,23,30,15.530000000000001,140.17000000000002
2018,12,31,0,30,12.91,129.29
2018,12,31,1,30,10.72,90.22
2018,12,31,2,30,11.52,92.22
2018,12,31,3,30,16.43,72.98
2018,12,31,4,30,15.620000000000001,72.99
2018,12,31,5,30,13.94,57.93
2018,12,31,6,30,15.84,52.300000000000004
2018,12,31,7,30,15.69,56.410000000000004
2018,12,31,8,30,14.44,59.82
2018,12,31,9,30,10.4,98.5
2018,12,31,10,30,7.72,120.33
2018,12,31,11,30,5.7700000000000005,144.71
2018,12,31,12,30,6.37,235.04
2018,12,31,13,30,16.7,279.61
2018,12,31,14,30,18.36,274.33
2018,12,31,15,30,19.240000000000002,254.25
2018,12,31,16,30,17.72,244.98000000000002
2018,12,31,17,30,16.15,239.24
2018,12,31,18,30,15.610000000000001,228.98000000000002
2018,12,31,19,30,14.950000000000001,215.26
2018,12,31,20,30,11.98,207.55
2018,12,31,21,30,10.97,190.46
2018,12,31,22,30,9.790000000000001,190.01
2018,12,31,23,30,7.0600000000000005,170.12
