SiteID,948526,Site Timezone,-9,Data Timezone,0,Longitude,-151.70409,Latitude,60.70251
Year,Month,Day,Hour,Minute,wind direction at 80m (deg),wind speed at 80m (m/s)
2018,1,1,0,0,59.24,16.43
2018,1,1,1,0,58.27,18.27
2018,1,1,2,0,61.050000000000004,21.43
2018,1,1,3,0,51.51,18.400000000000002
2018,1,1,4,0,45.300000000000004,17.94
2018,1,1,5,0,40.77,16.66
2018,1,1,6,0,31.77,15.69
2018,1,1,7,0,38.53,15.32
2018,1,1,8,0,34.49,15.75
2018,1,1,9,0,27.98,14.67
2018,1,1,10,0,26.54,14
2018,1,1,11,0,23.94,13.36
2018,1,1,12,0,22.94,12.07
2018,1,1,13,0,38.03,10.4
2018,1,1,14,0,26.43,9.93
2018,1,1,15,0,36.2,8.84
2018,1,1,16,0,57.27,4.8
2018,1,1,17,0,38.28,6.4
2018,1,1,18,0,43.19,8.31
2018,1,1,19,0,47.36,10
2018,1,1,20,0,44.46,15.34
2018,1,1,21,0,44.57,19.42
2018,1,1,22,0,42.04,19.89
2018,1,1,23,0,38.14,20.88
2018,1,2,0,0,30.22,21.22
2018,1,2,1,0,20.8,22.1
2018,1,2,2,0,31.04,22.580000000000002
2018,1,2,3,0,24.71,23.150000000000002
2018,1,2,4,0,48.370000000000005,26.11
2018,1,2,5,0,45.33,21.68
2018,1,2,6,0,45.85,20.62
2018,1,2,7,0,58.410000000000004,14.65
2018,1,2,8,0,90.09,10.99
2018,1,2,9,0,115.96000000000001,7.66
2018,1,2,10,0,114.74000000000001,9.15
2018,1,2,11,0,129.05,2.09
2018,1,2,12,0,130.33,9.32
2018,1,2,13,0,142.41,11.33
2018,1,2,14,0,166.26,22.84
2018,1,2,15,0,173.61,22.37
2018,1,2,16,0,172.14000000000001,23.150000000000002
2018,1,2,17,0,170.93,23.62
2018,1,2,18,0,160.20000000000002,20.61
2018,1,2,19,0,154.41,18.25
2018,1,2,20,0,147.67000000000002,14.91
2018,1,2,21,0,156.59,14.69
2018,1,2,22,0,172.23,18.43
2018,1,2,23,0,163.62,13.93
2018,1,3,0,0,171.74,16.8
2018,1,3,1,0,167.93,14.950000000000001
2018,1,3,2,0,168.43,13.09
2018,1,3,3,0,166.12,14.27
2018,1,3,4,0,165.15,8.41
2018,1,3,5,0,145.56,8.77
2018,1,3,6,0,158.61,9.98
2018,1,3,7,0,168.8,12.17
2018,1,3,8,0,165.35,9.09
2018,1,3,9,0,153.99,8.11
2018,1,3,10,0,163.51,8.56
2018,1,3,11,0,173.92000000000002,10.55
2018,1,3,12,0,196.71,11.8
2018,1,3,13,0,187.94,13.38
2018,1,3,14,0,192.63,10.98
2018,1,3,15,0,202.92000000000002,10.200000000000001
2018,1,3,16,0,186.92000000000002,7.32
2018,1,3,17,0,196.11,10.17
2018,1,3,18,0,203.78,8.38
2018,1,3,19,0,209.66,15.49
2018,1,3,20,0,209.52,15.790000000000001
2018,1,3,21,0,206.58,13.86
2018,1,3,22,0,214.39000000000001,15.63
2018,1,3,23,0,209.31,15.16
2018,1,4,0,0,212.33,14.33
2018,1,4,1,0,212.28,13.32
2018,1,4,2,0,213.61,12.06
2018,1,4,3,0,206.99,10.98
2018,1,4,4,0,203.82,10.38
2018,1,4,5,0,205.1,12.18
2018,1,4,6,0,216.6,11.8
2018,1,4,7,0,209.23000000000002,11.44
2018,1,4,8,0,216.34,12.09
2018,1,4,9,0,208.18,9.97
2018,1,4,10,0,211.13,7.5
2018,1,4,11,0,226.14000000000001,8.94
2018,1,4,12,0,199.46,7.19
2018,1,4,13,0,206.31,4.6000000000000005
2018,1,4,14,0,244.96,5.58
2018,1,4,15,0,248.85,1.6
2018,1,4,16,0,89.39,1.44
2018,1,4,17,0,78.9,3.92
2018,1,4,18,0,57.2,6.6000000000000005
2018,1,4,19,0,45.12,5.89
2018,1,4,20,0,55.69,6.41
2018,1,4,21,0,48.08,5.93
2018,1,4,22,0,45.29,5.91
2018,1,4,23,0,50.81,6.97
2018,1,5,0,0,40.85,7.98
2018,1,5,1,0,36.12,8.49
2018,1,5,2,0,35.550000000000004,8.14
2018,1,5,3,0,35.13,7.18
2018,1,5,4,0,37.44,6.33
2018,1,5,5,0,24.2,6.08
2018,1,5,6,0,32.96,6.8
2018,1,5,7,0,27.85,6.72
2018,1,5,8,0,1.68,3.0700000000000003
2018,1,5,9,0,343.15000000000003,3.0100000000000002
2018,1,5,10,0,356.04,2.38
2018,1,5,11,0,21.990000000000002,2.32
2018,1,5,12,0,24.62,2.41
2018,1,5,13,0,49.4,3.71
2018,1,5,14,0,69.3,3.02
2018,1,5,15,0,51.34,1.71
2018,1,5,16,0,9,2.04
2018,1,5,17,0,21.92,3.15
2018,1,5,18,0,43.64,6.26
2018,1,5,19,0,54.68,9.1
2018,1,5,20,0,59.84,5.08
2018,1,5,21,0,46.85,4.26
2018,1,5,22,0,51.33,3.91
2018,1,5,23,0,57.17,4.4
2018,1,6,0,0,57.160000000000004,3.89
2018,1,6,1,0,32.76,4.89
2018,1,6,2,0,37.27,4.12
2018,1,6,3,0,31.02,8.03
2018,1,6,4,0,25.87,7.82
2018,1,6,5,0,31.6,9.67
2018,1,6,6,0,29.48,10.86
2018,1,6,7,0,32.94,11.32
2018,1,6,8,0,49.160000000000004,9.98
2018,1,6,9,0,59.57,13.81
2018,1,6,10,0,47.96,12.92
2018,1,6,11,0,48.01,13.27
2018,1,6,12,0,14.950000000000001,11.8
2018,1,6,13,0,20.87,11.59
2018,1,6,14,0,26.16,12.91
2018,1,6,15,0,32.2,13.08
2018,1,6,16,0,32.230000000000004,13.1
2018,1,6,17,0,32.06,13.07
2018,1,6,18,0,29.3,12.08
2018,1,6,19,0,33.160000000000004,10.03
2018,1,6,20,0,36.69,9.69
2018,1,6,21,0,37.17,9.97
2018,1,6,22,0,35.29,11.72
2018,1,6,23,0,31.85,11.67
2018,1,7,0,0,20.81,10.71
2018,1,7,1,0,16.87,10.200000000000001
2018,1,7,2,0,18.16,10.41
2018,1,7,3,0,15.38,9.58
2018,1,7,4,0,8.26,9.75
2018,1,7,5,0,10.57,9.4
2018,1,7,6,0,9.65,9.06
2018,1,7,7,0,8.4,8.36
2018,1,7,8,0,17.35,7.7700000000000005
2018,1,7,9,0,15.85,8.59
2018,1,7,10,0,12.73,7.94
2018,1,7,11,0,14.120000000000001,8.08
2018,1,7,12,0,13.98,7.32
2018,1,7,13,0,8.790000000000001,3.96
2018,1,7,14,0,52.92,2.02
2018,1,7,15,0,3.66,2.06
2018,1,7,16,0,352.2,1.58
2018,1,7,17,0,19.13,1.92
2018,1,7,18,0,128.81,1.03
2018,1,7,19,0,71.63,1.33
2018,1,7,20,0,85.06,2.4
2018,1,7,21,0,16.44,6.32
2018,1,7,22,0,12.13,6.98
2018,1,7,23,0,10.93,7.53
2018,1,8,0,0,9.61,7.21
2018,1,8,1,0,18.05,5.76
2018,1,8,2,0,41.38,3.8000000000000003
2018,1,8,3,0,54.88,2.06
2018,1,8,4,0,35.49,1.6
2018,1,8,5,0,57.86,1.8
2018,1,8,6,0,88.88,1.6400000000000001
2018,1,8,7,0,114.04,0.98
2018,1,8,8,0,356.41,0.25
2018,1,8,9,0,222.71,0.43
2018,1,8,10,0,226.31,0.67
2018,1,8,11,0,249.39000000000001,0.75
2018,1,8,12,0,255.5,0.97
2018,1,8,13,0,221.67000000000002,1.16
2018,1,8,14,0,192.29,1.03
2018,1,8,15,0,208.36,0.96
2018,1,8,16,0,201.53,0.55
2018,1,8,17,0,94.39,0.17
2018,1,8,18,0,309.74,0.8300000000000001
2018,1,8,19,0,346.56,1.6400000000000001
2018,1,8,20,0,336.53000000000003,3.38
2018,1,8,21,0,3.65,5.58
2018,1,8,22,0,24.650000000000002,6.8
2018,1,8,23,0,36.37,5.8500000000000005
2018,1,9,0,0,29.43,5.62
2018,1,9,1,0,29.900000000000002,6.53
2018,1,9,2,0,26.48,8.790000000000001
2018,1,9,3,0,29.52,8.46
2018,1,9,4,0,33.28,9.44
2018,1,9,5,0,28.82,9.19
2018,1,9,6,0,28.57,8.92
2018,1,9,7,0,30.36,9.84
2018,1,9,8,0,20.89,10.23
2018,1,9,9,0,27.12,9.52
2018,1,9,10,0,28.8,10.08
2018,1,9,11,0,28.96,10.63
2018,1,9,12,0,25.79,11.44
2018,1,9,13,0,26.75,11.47
2018,1,9,14,0,24.85,12.02
2018,1,9,15,0,20.78,13.02
2018,1,9,16,0,27.19,12.200000000000001
2018,1,9,17,0,24.35,13.280000000000001
2018,1,9,18,0,24.14,13.71
2018,1,9,19,0,22.95,13.14
2018,1,9,20,0,23.69,13.63
2018,1,9,21,0,23.1,12.8
2018,1,9,22,0,25.63,12.200000000000001
2018,1,9,23,0,25.12,11.51
2018,1,10,0,0,31.21,10.36
2018,1,10,1,0,31.38,10.67
2018,1,10,2,0,32.89,10.53
2018,1,10,3,0,28.650000000000002,10.53
2018,1,10,4,0,27.900000000000002,10.28
2018,1,10,5,0,24.02,10.01
2018,1,10,6,0,23.63,9.98
2018,1,10,7,0,23.67,9.36
2018,1,10,8,0,19.13,9.31
2018,1,10,9,0,17.64,8.77
2018,1,10,10,0,19.17,8.040000000000001
2018,1,10,11,0,23.240000000000002,9.16
2018,1,10,12,0,26.32,10.07
2018,1,10,13,0,26.66,10.17
2018,1,10,14,0,26.48,10.32
2018,1,10,15,0,26.150000000000002,11.4
2018,1,10,16,0,28.94,11.51
2018,1,10,17,0,25.740000000000002,11.040000000000001
2018,1,10,18,0,27.77,11.200000000000001
2018,1,10,19,0,26.28,11.28
2018,1,10,20,0,28.47,11.41
2018,1,10,21,0,26.18,11.07
2018,1,10,22,0,25.55,10.84
2018,1,10,23,0,24.95,11.36
2018,1,11,0,0,26.59,12.13
2018,1,11,1,0,27.46,12.24
2018,1,11,2,0,29.2,12.370000000000001
2018,1,11,3,0,27.8,12.620000000000001
2018,1,11,4,0,29.98,13.19
2018,1,11,5,0,29.84,13.44
2018,1,11,6,0,30.57,13.88
2018,1,11,7,0,32.36,13.98
2018,1,11,8,0,32.7,14.44
2018,1,11,9,0,34.08,14.63
2018,1,11,10,0,34.37,14.67
2018,1,11,11,0,35.32,14.1
2018,1,11,12,0,34.33,13.83
2018,1,11,13,0,36.99,13.41
2018,1,11,14,0,36.550000000000004,13.56
2018,1,11,15,0,35.62,14
2018,1,11,16,0,36.96,14.32
2018,1,11,17,0,36.050000000000004,14.84
2018,1,11,18,0,31.27,15.14
2018,1,11,19,0,32.230000000000004,14.83
2018,1,11,20,0,29.560000000000002,14.76
2018,1,11,21,0,30.21,15.27
2018,1,11,22,0,30.59,15.96
2018,1,11,23,0,29.8,16.29
2018,1,12,0,0,28.6,15.67
2018,1,12,1,0,29.6,16.75
2018,1,12,2,0,28.79,16.77
2018,1,12,3,0,26.75,16.68
2018,1,12,4,0,28.36,17.13
2018,1,12,5,0,28.1,17.13
2018,1,12,6,0,30.67,17.36
2018,1,12,7,0,29.240000000000002,17.84
2018,1,12,8,0,31.66,16.740000000000002
2018,1,12,9,0,33.480000000000004,17.39
2018,1,12,10,0,33.28,17.03
2018,1,12,11,0,28.830000000000002,17.26
2018,1,12,12,0,27.75,16.5
2018,1,12,13,0,33.53,16.68
2018,1,12,14,0,31.52,17.32
2018,1,12,15,0,32,17.76
2018,1,12,16,0,34.99,18.080000000000002
2018,1,12,17,0,39.96,18.28
2018,1,12,18,0,28.6,16.52
2018,1,12,19,0,38.57,18.51
2018,1,12,20,0,33.61,17.87
2018,1,12,21,0,32.8,17.13
2018,1,12,22,0,28.05,17.27
2018,1,12,23,0,29.09,17.580000000000002
2018,1,13,0,0,28.8,17.68
2018,1,13,1,0,24.63,19.12
2018,1,13,2,0,23.85,20.94
2018,1,13,3,0,23.830000000000002,21.05
2018,1,13,4,0,22.53,21.23
2018,1,13,5,0,31.09,21.05
2018,1,13,6,0,27.38,20.73
2018,1,13,7,0,33.64,19.82
2018,1,13,8,0,37.5,21.27
2018,1,13,9,0,58.58,20.73
2018,1,13,10,0,53.870000000000005,18.21
2018,1,13,11,0,61.68,14.61
2018,1,13,12,0,68.96000000000001,10.49
2018,1,13,13,0,65.37,9.89
2018,1,13,14,0,61.83,10.200000000000001
2018,1,13,15,0,51.68,10.63
2018,1,13,16,0,35.93,12.780000000000001
2018,1,13,17,0,51.99,16.82
2018,1,13,18,0,36.68,21.25
2018,1,13,19,0,44.61,22.8
2018,1,13,20,0,28.01,24.28
2018,1,13,21,0,24.34,23.63
2018,1,13,22,0,35.31,24.990000000000002
2018,1,13,23,0,23.43,27.560000000000002
2018,1,14,0,0,45.99,26.39
2018,1,14,1,0,52.68,26.07
2018,1,14,2,0,68.73,21.64
2018,1,14,3,0,188.24,11.57
2018,1,14,4,0,167.85,8.17
2018,1,14,5,0,122.49000000000001,6.26
2018,1,14,6,0,132.95,7.58
2018,1,14,7,0,93.08,7.47
2018,1,14,8,0,96.23,9.13
2018,1,14,9,0,109.98,11.18
2018,1,14,10,0,117.60000000000001,12.64
2018,1,14,11,0,122.56,13.09
2018,1,14,12,0,122.93,10.66
2018,1,14,13,0,133.36,11.94
2018,1,14,14,0,117.56,8.8
2018,1,14,15,0,139.98,11.71
2018,1,14,16,0,119.17,7.98
2018,1,14,17,0,116.71000000000001,6.03
2018,1,14,18,0,141.38,4.96
2018,1,14,19,0,121.16,4.4
2018,1,14,20,0,76.96000000000001,1.6
2018,1,14,21,0,108.56,4.3500000000000005
2018,1,14,22,0,129.4,3.31
2018,1,14,23,0,196.29,0.41000000000000003
2018,1,15,0,0,54.550000000000004,4.19
2018,1,15,1,0,78.35000000000001,3.43
2018,1,15,2,0,81.12,1.59
2018,1,15,3,0,86.68,1.17
2018,1,15,4,0,73.29,1.5
2018,1,15,5,0,13.86,3.2
2018,1,15,6,0,7.83,5.93
2018,1,15,7,0,18.63,7.5600000000000005
2018,1,15,8,0,14.33,5.97
2018,1,15,9,0,28.41,5.6000000000000005
2018,1,15,10,0,35.59,5.89
2018,1,15,11,0,39.49,5.36
2018,1,15,12,0,51.01,4.39
2018,1,15,13,0,60,3.34
2018,1,15,14,0,77.2,1.74
2018,1,15,15,0,137.04,0.72
2018,1,15,16,0,140.16,0.7000000000000001
2018,1,15,17,0,138.38,1.23
2018,1,15,18,0,97.13,0.38
2018,1,15,19,0,168.28,0.43
2018,1,15,20,0,95.64,2.2800000000000002
2018,1,15,21,0,75.79,1.6600000000000001
2018,1,15,22,0,59.94,2.2
2018,1,15,23,0,26.19,2.62
2018,1,16,0,0,10.09,3.62
2018,1,16,1,0,52.64,4.0200000000000005
2018,1,16,2,0,51.26,5.09
2018,1,16,3,0,24.22,6.07
2018,1,16,4,0,20.61,4.42
2018,1,16,5,0,356.68,5.0200000000000005
2018,1,16,6,0,10.370000000000001,6.16
2018,1,16,7,0,12.91,8.24
2018,1,16,8,0,13.9,11.06
2018,1,16,9,0,12.3,11.93
2018,1,16,10,0,19.93,15.16
2018,1,16,11,0,11.9,14.89
2018,1,16,12,0,11.040000000000001,16.66
2018,1,16,13,0,9.17,18.79
2018,1,16,14,0,9.85,19.17
2018,1,16,15,0,12.07,21.29
2018,1,16,16,0,13.950000000000001,20.35
2018,1,16,17,0,20.97,15.83
2018,1,16,18,0,34.88,15.41
2018,1,16,19,0,44.910000000000004,14.32
2018,1,16,20,0,40.76,13.9
2018,1,16,21,0,46.62,13.32
2018,1,16,22,0,34.2,12.71
2018,1,16,23,0,46.160000000000004,15
2018,1,17,0,0,36.09,15.69
2018,1,17,1,0,32.52,15.4
2018,1,17,2,0,38.62,17.51
2018,1,17,3,0,38.54,17.76
2018,1,17,4,0,49.7,20.48
2018,1,17,5,0,57.01,18.17
2018,1,17,6,0,60.47,20.080000000000002
2018,1,17,7,0,55.57,17.080000000000002
2018,1,17,8,0,54.61,17.650000000000002
2018,1,17,9,0,41.08,16.34
2018,1,17,10,0,43.06,18.150000000000002
2018,1,17,11,0,48.63,17.6
2018,1,17,12,0,36.33,17.330000000000002
2018,1,17,13,0,36.06,16.79
2018,1,17,14,0,34.7,15.8
2018,1,17,15,0,42.62,15.97
2018,1,17,16,0,37.42,16.330000000000002
2018,1,17,17,0,39.01,16
2018,1,17,18,0,23.51,13.91
2018,1,17,19,0,25.01,13.77
2018,1,17,20,0,31.14,13.73
2018,1,17,21,0,26.52,13.780000000000001
2018,1,17,22,0,31.69,12.5
2018,1,17,23,0,59.61,8.33
2018,1,18,0,0,82.82000000000001,4.72
2018,1,18,1,0,99.41,6.54
2018,1,18,2,0,110.88,10.35
2018,1,18,3,0,110.31,10.1
2018,1,18,4,0,112.83,8.61
2018,1,18,5,0,109.10000000000001,10.07
2018,1,18,6,0,43.910000000000004,4.42
2018,1,18,7,0,11.93,8.11
2018,1,18,8,0,48.19,6.41
2018,1,18,9,0,28.8,7.18
2018,1,18,10,0,29.25,7.38
2018,1,18,11,0,22.97,6.12
2018,1,18,12,0,10.23,7.37
2018,1,18,13,0,4.39,7.99
2018,1,18,14,0,5.78,6.92
2018,1,18,15,0,11.61,5.42
2018,1,18,16,0,23.51,3.0100000000000002
2018,1,18,17,0,48.58,1.08
2018,1,18,18,0,58.83,1.3
2018,1,18,19,0,81.17,1.59
2018,1,18,20,0,104.32000000000001,1.56
2018,1,18,21,0,163.33,0.87
2018,1,18,22,0,204.20000000000002,0.96
2018,1,18,23,0,240.07,2.22
2018,1,19,0,0,240.78,2.68
2018,1,19,1,0,233.64000000000001,2.7800000000000002
2018,1,19,2,0,226.97,2.72
2018,1,19,3,0,227.64000000000001,2.22
2018,1,19,4,0,221.21,2.68
2018,1,19,5,0,218.85,2.27
2018,1,19,6,0,229.6,2.81
2018,1,19,7,0,226.59,2.7600000000000002
2018,1,19,8,0,237.42000000000002,2.17
2018,1,19,9,0,236.6,1.32
2018,1,19,10,0,339.86,0.91
2018,1,19,11,0,31.63,1.08
2018,1,19,12,0,61.49,2.25
2018,1,19,13,0,42.63,3.71
2018,1,19,14,0,52.800000000000004,4.76
2018,1,19,15,0,42.85,5.13
2018,1,19,16,0,37.57,5.2
2018,1,19,17,0,39.58,5.5
2018,1,19,18,0,45.68,5.91
2018,1,19,19,0,51.03,6.65
2018,1,19,20,0,43.37,5.94
2018,1,19,21,0,41.14,4.78
2018,1,19,22,0,26.85,4.61
2018,1,19,23,0,30.95,4.87
2018,1,20,0,0,37.1,5.66
2018,1,20,1,0,40.87,5.2
2018,1,20,2,0,38.68,6.04
2018,1,20,3,0,38.45,7.46
2018,1,20,4,0,22.57,5.69
2018,1,20,5,0,12.85,4.3100000000000005
2018,1,20,6,0,13.64,4.76
2018,1,20,7,0,11.63,4.3500000000000005
2018,1,20,8,0,26.59,4.3100000000000005
2018,1,20,9,0,341.86,2.31
2018,1,20,10,0,293.92,1.79
2018,1,20,11,0,248.74,2.5100000000000002
2018,1,20,12,0,242.23000000000002,2.97
2018,1,20,13,0,247.20000000000002,3.63
2018,1,20,14,0,261.97,3.16
2018,1,20,15,0,274.25,0.49
2018,1,20,16,0,164.03,3.5300000000000002
2018,1,20,17,0,165.20000000000002,5.12
2018,1,20,18,0,116.3,5.83
2018,1,20,19,0,99.82000000000001,6.08
2018,1,20,20,0,96.69,7.140000000000001
2018,1,20,21,0,98.48,8.15
2018,1,20,22,0,99.12,5.99
2018,1,20,23,0,117.9,3.11
2018,1,21,0,0,60.9,3.81
2018,1,21,1,0,82.9,6.05
2018,1,21,2,0,327.01,3.49
2018,1,21,3,0,347.1,5.22
2018,1,21,4,0,314.69,4.24
2018,1,21,5,0,288.46,4.23
2018,1,21,6,0,285.68,3.98
2018,1,21,7,0,279.31,3.96
2018,1,21,8,0,283.32,3.84
2018,1,21,9,0,282.6,2.06
2018,1,21,10,0,265.65,1.41
2018,1,21,11,0,276.03000000000003,2.3000000000000003
2018,1,21,12,0,150.12,2.2
2018,1,21,13,0,275.16,2.57
2018,1,21,14,0,283.58,2.0100000000000002
2018,1,21,15,0,281.18,2.79
2018,1,21,16,0,296.7,3.0500000000000003
2018,1,21,17,0,288.2,2.49
2018,1,21,18,0,289.65000000000003,2.06
2018,1,21,19,0,293.92,1.46
2018,1,21,20,0,139.3,1.6300000000000001
2018,1,21,21,0,208.25,0.49
2018,1,21,22,0,305.02,1.1500000000000001
2018,1,21,23,0,326.35,2.44
2018,1,22,0,0,330.53000000000003,2.5300000000000002
2018,1,22,1,0,331.59000000000003,2.57
2018,1,22,2,0,331.74,3.31
2018,1,22,3,0,332.52,3.7
2018,1,22,4,0,0.38,3.92
2018,1,22,5,0,16.7,4.87
2018,1,22,6,0,48.58,2.81
2018,1,22,7,0,21.66,1.26
2018,1,22,8,0,0.88,2.0300000000000002
2018,1,22,9,0,30.77,3.33
2018,1,22,10,0,20.07,3.42
2018,1,22,11,0,12.64,3.56
2018,1,22,12,0,8.64,3.5
2018,1,22,13,0,0.5700000000000001,4.0200000000000005
2018,1,22,14,0,24.76,7.16
2018,1,22,15,0,34.17,9.24
2018,1,22,16,0,6.7,9.57
2018,1,22,17,0,18.05,9.71
2018,1,22,18,0,25.07,9.55
2018,1,22,19,0,27.47,9.74
2018,1,22,20,0,24.900000000000002,10.49
2018,1,22,21,0,25.12,10.28
2018,1,22,22,0,25.61,9.63
2018,1,22,23,0,26.16,9.78
2018,1,23,0,0,24.12,9.72
2018,1,23,1,0,22.63,9.41
2018,1,23,2,0,25.080000000000002,6.66
2018,1,23,3,0,27.98,5.97
2018,1,23,4,0,36.62,6.95
2018,1,23,5,0,29.650000000000002,6.33
2018,1,23,6,0,23.68,4.99
2018,1,23,7,0,4.3,4.2700000000000005
2018,1,23,8,0,23.64,4.47
2018,1,23,9,0,32.22,4.82
2018,1,23,10,0,31.45,5.8
2018,1,23,11,0,29.19,5.28
2018,1,23,12,0,24.45,5.69
2018,1,23,13,0,25.64,5.58
2018,1,23,14,0,34.88,6.71
2018,1,23,15,0,22.3,7.23
2018,1,23,16,0,30.91,7.1000000000000005
2018,1,23,17,0,28.02,7.88
2018,1,23,18,0,17.61,5.98
2018,1,23,19,0,12.57,7.49
2018,1,23,20,0,3.52,8.23
2018,1,23,21,0,7.3100000000000005,8.53
2018,1,23,22,0,2.64,7.17
2018,1,23,23,0,21.71,6.51
2018,1,24,0,0,39.82,6.8500000000000005
2018,1,24,1,0,38.87,6.33
2018,1,24,2,0,46.61,5.38
2018,1,24,3,0,47.65,4.51
2018,1,24,4,0,14.030000000000001,4.54
2018,1,24,5,0,348.40000000000003,4.14
2018,1,24,6,0,357.90000000000003,5.68
2018,1,24,7,0,19.830000000000002,4.22
2018,1,24,8,0,28.92,4.83
2018,1,24,9,0,25.36,5.62
2018,1,24,10,0,17.41,6.58
2018,1,24,11,0,356.97,5.0600000000000005
2018,1,24,12,0,27.57,5.55
2018,1,24,13,0,348.36,2.22
2018,1,24,14,0,260.18,1.87
2018,1,24,15,0,228.34,0.93
2018,1,24,16,0,211.25,0.9400000000000001
2018,1,24,17,0,208.4,1.06
2018,1,24,18,0,226.98000000000002,2.23
2018,1,24,19,0,260.38,2.66
2018,1,24,20,0,228.87,1.25
2018,1,24,21,0,120.55,4.38
2018,1,24,22,0,133.71,2.5
2018,1,24,23,0,33.01,1.48
2018,1,25,0,0,29.18,2.52
2018,1,25,1,0,309.91,5.42
2018,1,25,2,0,296.42,4.15
2018,1,25,3,0,331.67,4.43
2018,1,25,4,0,338.29,5.98
2018,1,25,5,0,347,9.05
2018,1,25,6,0,349.78000000000003,5.82
2018,1,25,7,0,350.19,8.03
2018,1,25,8,0,337.71,6.11
2018,1,25,9,0,346.07,6.4
2018,1,25,10,0,340.98,6.390000000000001
2018,1,25,11,0,339.89,5
2018,1,25,12,0,331.19,5.93
2018,1,25,13,0,317.23,3.98
2018,1,25,14,0,308.93,2.77
2018,1,25,15,0,305.84000000000003,3.0700000000000003
2018,1,25,16,0,313.54,2.87
2018,1,25,17,0,306,3.92
2018,1,25,18,0,330.42,4.44
2018,1,25,19,0,10.5,11.290000000000001
2018,1,25,20,0,45.49,8.11
2018,1,25,21,0,59.93,5.3
2018,1,25,22,0,43.69,11.120000000000001
2018,1,25,23,0,25.98,13.49
2018,1,26,0,0,20.67,13.59
2018,1,26,1,0,29.650000000000002,15.09
2018,1,26,2,0,33.76,16.28
2018,1,26,3,0,28.95,15.35
2018,1,26,4,0,22.59,15.38
2018,1,26,5,0,21.04,15.49
2018,1,26,6,0,23.11,14.72
2018,1,26,7,0,26.71,14.59
2018,1,26,8,0,20.13,11.790000000000001
2018,1,26,9,0,22.34,11.78
2018,1,26,10,0,21.900000000000002,11.47
2018,1,26,11,0,22.31,11.16
2018,1,26,12,0,22.650000000000002,11.53
2018,1,26,13,0,23.26,10.28
2018,1,26,14,0,28.29,8.28
2018,1,26,15,0,25.26,7.33
2018,1,26,16,0,26.11,5.92
2018,1,26,17,0,20.05,3.86
2018,1,26,18,0,259.37,1.57
2018,1,26,19,0,174.53,0.71
2018,1,26,20,0,105.05,2.63
2018,1,26,21,0,114.02,1.33
2018,1,26,22,0,267.24,0.25
2018,1,26,23,0,19.89,1.41
2018,1,27,0,0,299.85,2.25
2018,1,27,1,0,303.31,4.05
2018,1,27,2,0,332.32,3.4
2018,1,27,3,0,17.79,2.34
2018,1,27,4,0,20.51,7.21
2018,1,27,5,0,25.35,8.59
2018,1,27,6,0,28.97,10.05
2018,1,27,7,0,25.36,12.32
2018,1,27,8,0,29.580000000000002,11.85
2018,1,27,9,0,23.93,11.98
2018,1,27,10,0,21.86,10.290000000000001
2018,1,27,11,0,20.81,10.24
2018,1,27,12,0,23.8,9.9
2018,1,27,13,0,27.46,8.8
2018,1,27,14,0,28.7,7.45
2018,1,27,15,0,32.53,7.66
2018,1,27,16,0,25.04,8.94
2018,1,27,17,0,25.580000000000002,8.35
2018,1,27,18,0,34.87,9.48
2018,1,27,19,0,33.5,8.6
2018,1,27,20,0,32.44,8.31
2018,1,27,21,0,32.37,7.86
2018,1,27,22,0,25.03,8.26
2018,1,27,23,0,24.67,8.65
2018,1,28,0,0,18.78,10.97
2018,1,28,1,0,22.35,11.96
2018,1,28,2,0,19.32,12.76
2018,1,28,3,0,20.93,14.66
2018,1,28,4,0,25.16,15.290000000000001
2018,1,28,5,0,26.16,15.38
2018,1,28,6,0,24.47,15.38
2018,1,28,7,0,23.85,15.1
2018,1,28,8,0,24.18,15.3
2018,1,28,9,0,27.36,14.6
2018,1,28,10,0,24.77,14.91
2018,1,28,11,0,26.2,14.85
2018,1,28,12,0,27.2,15.19
2018,1,28,13,0,27.97,15.13
2018,1,28,14,0,24.330000000000002,15.48
2018,1,28,15,0,29.21,14.530000000000001
2018,1,28,16,0,28.740000000000002,13.82
2018,1,28,17,0,26.97,10.96
2018,1,28,18,0,32.8,13.780000000000001
2018,1,28,19,0,28.05,11.48
2018,1,28,20,0,20.42,16.240000000000002
2018,1,28,21,0,13.86,15.120000000000001
2018,1,28,22,0,12.33,18.330000000000002
2018,1,28,23,0,15.120000000000001,18.830000000000002
2018,1,29,0,0,18.54,19.330000000000002
2018,1,29,1,0,19.82,20.580000000000002
2018,1,29,2,0,10.35,21.1
2018,1,29,3,0,9.370000000000001,23.64
2018,1,29,4,0,11.540000000000001,24.32
2018,1,29,5,0,13.94,24.900000000000002
2018,1,29,6,0,18.85,25.55
2018,1,29,7,0,14.13,27.73
2018,1,29,8,0,12.280000000000001,27.62
2018,1,29,9,0,13.68,28.84
2018,1,29,10,0,11.64,28.19
2018,1,29,11,0,6,28.91
2018,1,29,12,0,9.86,29.63
2018,1,29,13,0,10.17,27.53
2018,1,29,14,0,5.82,26.12
2018,1,29,15,0,6.03,27.47
2018,1,29,16,0,9.27,28.13
2018,1,29,17,0,10.84,27.12
2018,1,29,18,0,13.13,27
2018,1,29,19,0,12.76,26.6
2018,1,29,20,0,14.040000000000001,26.91
2018,1,29,21,0,13.33,27.78
2018,1,29,22,0,14.86,27.11
2018,1,29,23,0,14.86,26.93
2018,1,30,0,0,13.540000000000001,26.84
2018,1,30,1,0,12.65,27.32
2018,1,30,2,0,12.71,26
2018,1,30,3,0,10.16,25.89
2018,1,30,4,0,9.700000000000001,25.93
2018,1,30,5,0,7.91,25.39
2018,1,30,6,0,8.11,24.6
2018,1,30,7,0,9.38,24.84
2018,1,30,8,0,9.65,23.8
2018,1,30,9,0,13.6,22.96
2018,1,30,10,0,11.81,22.8
2018,1,30,11,0,13.43,23.64
2018,1,30,12,0,17.05,21.51
2018,1,30,13,0,16.81,23.490000000000002
2018,1,30,14,0,16.57,24.75
2018,1,30,15,0,15.82,24.34
2018,1,30,16,0,16.64,22.59
2018,1,30,17,0,15.200000000000001,24.95
2018,1,30,18,0,14.91,25.27
2018,1,30,19,0,11.040000000000001,25.46
2018,1,30,20,0,17.05,23.79
2018,1,30,21,0,13.48,25.85
2018,1,30,22,0,5.15,25.89
2018,1,30,23,0,8.89,26.26
2018,1,31,0,0,9.76,26.16
2018,1,31,1,0,10.5,25.67
2018,1,31,2,0,9.49,25.52
2018,1,31,3,0,18.38,24.23
2018,1,31,4,0,18.5,22.41
2018,1,31,5,0,17.88,21.84
2018,1,31,6,0,15.950000000000001,21.990000000000002
2018,1,31,7,0,15.82,22.53
2018,1,31,8,0,14.71,21.53
2018,1,31,9,0,14.85,21.990000000000002
2018,1,31,10,0,15.65,21.62
2018,1,31,11,0,15.21,21.87
2018,1,31,12,0,16.07,21.75
2018,1,31,13,0,15.860000000000001,21.42
2018,1,31,14,0,17.88,20.97
2018,1,31,15,0,18.78,20.17
2018,1,31,16,0,19.740000000000002,20.09
2018,1,31,17,0,20.36,19.36
2018,1,31,18,0,21.67,19.26
2018,1,31,19,0,23.89,19.29
2018,1,31,20,0,24.61,19.12
2018,1,31,21,0,25.71,19.35
2018,1,31,22,0,25.28,19.21
2018,1,31,23,0,25.32,19.44
2018,2,1,0,0,28.17,18.97
2018,2,1,1,0,26.53,18.740000000000002
2018,2,1,2,0,27.05,18.400000000000002
2018,2,1,3,0,25.48,18.34
2018,2,1,4,0,21.3,18.42
2018,2,1,5,0,20.900000000000002,18.52
2018,2,1,6,0,19.69,19.42
2018,2,1,7,0,20.81,19.04
2018,2,1,8,0,21.36,16.45
2018,2,1,9,0,18.13,19.31
2018,2,1,10,0,19.5,20.73
2018,2,1,11,0,15.120000000000001,20.79
2018,2,1,12,0,17.68,21.09
2018,2,1,13,0,22.98,19.990000000000002
2018,2,1,14,0,25.46,18.38
2018,2,1,15,0,23.69,18.07
2018,2,1,16,0,19.87,18.36
2018,2,1,17,0,20.080000000000002,18.27
2018,2,1,18,0,28.080000000000002,18.25
2018,2,1,19,0,25.12,17.990000000000002
2018,2,1,20,0,27.76,16.67
2018,2,1,21,0,30.970000000000002,16.1
2018,2,1,22,0,26.75,15.200000000000001
2018,2,1,23,0,25.18,14.99
2018,2,2,0,0,25.76,14.27
2018,2,2,1,0,26.3,14.21
2018,2,2,2,0,24.59,13.57
2018,2,2,3,0,25.560000000000002,13.48
2018,2,2,4,0,26.61,12.86
2018,2,2,5,0,27.39,12.05
2018,2,2,6,0,30.310000000000002,11.39
2018,2,2,7,0,24.67,12.38
2018,2,2,8,0,32.980000000000004,9.82
2018,2,2,9,0,33.480000000000004,11.93
2018,2,2,10,0,37.78,12.620000000000001
2018,2,2,11,0,34.65,12.09
2018,2,2,12,0,36.59,11.41
2018,2,2,13,0,27.53,10.97
2018,2,2,14,0,27.75,12.94
2018,2,2,15,0,24.59,14.06
2018,2,2,16,0,24.32,15.38
2018,2,2,17,0,24.25,16.32
2018,2,2,18,0,25.6,17.52
2018,2,2,19,0,29.27,18.73
2018,2,2,20,0,35.12,18.25
2018,2,2,21,0,32.22,17.67
2018,2,2,22,0,29.71,16.57
2018,2,2,23,0,37.02,16.080000000000002
2018,2,3,0,0,33.82,17.03
2018,2,3,1,0,34.97,15.5
2018,2,3,2,0,31.7,14.790000000000001
2018,2,3,3,0,29.55,14.92
2018,2,3,4,0,27.44,14.32
2018,2,3,5,0,27.7,14.93
2018,2,3,6,0,36.15,15.09
2018,2,3,7,0,46.67,15.450000000000001
2018,2,3,8,0,42.78,13.81
2018,2,3,9,0,28.5,10.78
2018,2,3,10,0,25.89,11.82
2018,2,3,11,0,29.75,12.82
2018,2,3,12,0,37.21,13.39
2018,2,3,13,0,38.68,13.38
2018,2,3,14,0,39.97,12.69
2018,2,3,15,0,38.4,12.05
2018,2,3,16,0,39.49,11.53
2018,2,3,17,0,37.6,10.58
2018,2,3,18,0,34.14,11.21
2018,2,3,19,0,33.04,11.32
2018,2,3,20,0,33.75,11.09
2018,2,3,21,0,31.42,11.49
2018,2,3,22,0,29.12,11.63
2018,2,3,23,0,32.88,11.23
2018,2,4,0,0,31.740000000000002,11.23
2018,2,4,1,0,32.93,11.120000000000001
2018,2,4,2,0,33.160000000000004,11.4
2018,2,4,3,0,26.45,11.040000000000001
2018,2,4,4,0,24.96,10.53
2018,2,4,5,0,24.57,10.09
2018,2,4,6,0,23.41,9.52
2018,2,4,7,0,28.830000000000002,8.66
2018,2,4,8,0,30.75,7.92
2018,2,4,9,0,38.28,6.92
2018,2,4,10,0,32.17,7.5
2018,2,4,11,0,36.83,7.42
2018,2,4,12,0,51.44,6.03
2018,2,4,13,0,42.35,6.67
2018,2,4,14,0,38.12,7.42
2018,2,4,15,0,47.57,6.8500000000000005
2018,2,4,16,0,44.1,5.07
2018,2,4,17,0,33.17,2.81
2018,2,4,18,0,3.35,1.74
2018,2,4,19,0,25.42,1.82
2018,2,4,20,0,77.66,1.18
2018,2,4,21,0,68.11,0.6900000000000001
2018,2,4,22,0,54.03,0.9500000000000001
2018,2,4,23,0,175.27,0.8300000000000001
2018,2,5,0,0,238.12,0.6
2018,2,5,1,0,264.39,0.79
2018,2,5,2,0,118.12,0.5
2018,2,5,3,0,131.25,0.51
2018,2,5,4,0,149.91,0.51
2018,2,5,5,0,122.75,0.5700000000000001
2018,2,5,6,0,61.11,0.79
2018,2,5,7,0,89.04,0.56
2018,2,5,8,0,34.18,0.53
2018,2,5,9,0,21.29,2.48
2018,2,5,10,0,45.56,4.0600000000000005
2018,2,5,11,0,45.79,4.43
2018,2,5,12,0,63.7,3.49
2018,2,5,13,0,65.13,2.58
2018,2,5,14,0,47.1,2.4
2018,2,5,15,0,41.79,3.8000000000000003
2018,2,5,16,0,48.24,4.41
2018,2,5,17,0,43.88,4.23
2018,2,5,18,0,42.58,4.5600000000000005
2018,2,5,19,0,41.75,5.23
2018,2,5,20,0,38.63,7.5600000000000005
2018,2,5,21,0,33.28,7.57
2018,2,5,22,0,28.97,8.790000000000001
2018,2,5,23,0,29.69,9.67
2018,2,6,0,0,34.480000000000004,9.82
2018,2,6,1,0,26.88,11.9
2018,2,6,2,0,31.51,11
2018,2,6,3,0,30.63,10.86
2018,2,6,4,0,27.39,11.11
2018,2,6,5,0,32.45,10.41
2018,2,6,6,0,43.03,11.41
2018,2,6,7,0,47.57,11.83
2018,2,6,8,0,41.730000000000004,10.33
2018,2,6,9,0,30.57,10.81
2018,2,6,10,0,17.16,11.18
2018,2,6,11,0,19.73,10.39
2018,2,6,12,0,31.560000000000002,10.39
2018,2,6,13,0,45.26,10.540000000000001
2018,2,6,14,0,54.14,10.58
2018,2,6,15,0,49.31,12.72
2018,2,6,16,0,40.87,11.68
2018,2,6,17,0,38.77,11.24
2018,2,6,18,0,28.59,10.35
2018,2,6,19,0,29.580000000000002,10.17
2018,2,6,20,0,30.32,9.06
2018,2,6,21,0,34.45,7.68
2018,2,6,22,0,35.34,6.54
2018,2,6,23,0,26.59,5.04
2018,2,7,0,0,3.89,3.61
2018,2,7,1,0,1.8900000000000001,3.15
2018,2,7,2,0,359.40000000000003,2.45
2018,2,7,3,0,329.75,1.71
2018,2,7,4,0,352.45,1.47
2018,2,7,5,0,349.82,0.85
2018,2,7,6,0,289.72,0.67
2018,2,7,7,0,254.89000000000001,1.46
2018,2,7,8,0,257.66,2.44
2018,2,7,9,0,256.4,2.48
2018,2,7,10,0,243.76,2.69
2018,2,7,11,0,248.49,2.97
2018,2,7,12,0,244.57,2.73
2018,2,7,13,0,232.93,2.8000000000000003
2018,2,7,14,0,239.93,2.95
2018,2,7,15,0,230.75,2.77
2018,2,7,16,0,224.92000000000002,3.11
2018,2,7,17,0,223.97,3.0100000000000002
2018,2,7,18,0,220.5,2.58
2018,2,7,19,0,209.14000000000001,1.95
2018,2,7,20,0,190.56,1.28
2018,2,7,21,0,93.67,0.9500000000000001
2018,2,7,22,0,131.14000000000001,1.6400000000000001
2018,2,7,23,0,113.05,1.19
2018,2,8,0,0,90,0.78
2018,2,8,1,0,97.26,0.45
2018,2,8,2,0,359.71,0.11
2018,2,8,3,0,333.59000000000003,0.71
2018,2,8,4,0,326.38,1.09
2018,2,8,5,0,352.77,1.03
2018,2,8,6,0,358.19,0.76
2018,2,8,7,0,31.6,0.79
2018,2,8,8,0,46.26,1.57
2018,2,8,9,0,35.85,2.35
2018,2,8,10,0,28.77,2.63
2018,2,8,11,0,23.47,3.04
2018,2,8,12,0,38.35,2.5500000000000003
2018,2,8,13,0,5.14,2.16
2018,2,8,14,0,30.26,2.5300000000000002
2018,2,8,15,0,32.14,3.29
2018,2,8,16,0,40.56,4.34
2018,2,8,17,0,44.09,3.8000000000000003
2018,2,8,18,0,31.5,3.13
2018,2,8,19,0,19.67,2.47
2018,2,8,20,0,39.050000000000004,3.21
2018,2,8,21,0,68.77,3.59
2018,2,8,22,0,58.75,4.68
2018,2,8,23,0,54.95,4.41
2018,2,9,0,0,47.52,4.49
2018,2,9,1,0,43.37,3.56
2018,2,9,2,0,47.96,2.81
2018,2,9,3,0,46.07,2.75
2018,2,9,4,0,32.12,3.58
2018,2,9,5,0,29.18,4.5600000000000005
2018,2,9,6,0,24.55,4.14
2018,2,9,7,0,21.080000000000002,3.73
2018,2,9,8,0,36.62,4.5200000000000005
2018,2,9,9,0,38.7,5.47
2018,2,9,10,0,41.74,6.6000000000000005
2018,2,9,11,0,37.14,7.87
2018,2,9,12,0,36.94,8.09
2018,2,9,13,0,27.07,8.57
2018,2,9,14,0,24.07,7.0600000000000005
2018,2,9,15,0,20.72,4.61
2018,2,9,16,0,28.62,4.89
2018,2,9,17,0,30.91,5.21
2018,2,9,18,0,30.45,5.23
2018,2,9,19,0,35.03,6.73
2018,2,9,20,0,35.85,7
2018,2,9,21,0,36.230000000000004,7.59
2018,2,9,22,0,38.96,7.75
2018,2,9,23,0,36.67,8.82
2018,2,10,0,0,37.37,8.88
2018,2,10,1,0,38.6,9.44
2018,2,10,2,0,38.980000000000004,9.22
2018,2,10,3,0,35.4,9.06
2018,2,10,4,0,41.27,9.77
2018,2,10,5,0,65.17,7.16
2018,2,10,6,0,68.66,7.42
2018,2,10,7,0,65.51,6.82
2018,2,10,8,0,69.78,9.59
2018,2,10,9,0,46.46,8.48
2018,2,10,10,0,21.79,10.43
2018,2,10,11,0,28.26,9.9
2018,2,10,12,0,37.980000000000004,10.88
2018,2,10,13,0,42.79,11.040000000000001
2018,2,10,14,0,25.34,10.77
2018,2,10,15,0,23.43,10.25
2018,2,10,16,0,20.47,9.99
2018,2,10,17,0,29.28,9.48
2018,2,10,18,0,36.230000000000004,11.96
2018,2,10,19,0,36.81,12.1
2018,2,10,20,0,31.3,11.26
2018,2,10,21,0,24.51,11.48
2018,2,10,22,0,18.41,11.59
2018,2,10,23,0,15.24,10.32
2018,2,11,0,0,15.02,10.28
2018,2,11,1,0,10.040000000000001,10.19
2018,2,11,2,0,12.63,9.21
2018,2,11,3,0,36.38,7.04
2018,2,11,4,0,35.13,6.86
2018,2,11,5,0,31.54,6.75
2018,2,11,6,0,32.730000000000004,6.8500000000000005
2018,2,11,7,0,29.32,6.7700000000000005
2018,2,11,8,0,24.01,6.48
2018,2,11,9,0,22.59,5.79
2018,2,11,10,0,23.3,4.89
2018,2,11,11,0,4.4,5.15
2018,2,11,12,0,10.56,5.16
2018,2,11,13,0,18.67,4.61
2018,2,11,14,0,13.09,4.21
2018,2,11,15,0,20.44,2.56
2018,2,11,16,0,20.26,2.25
2018,2,11,17,0,40.32,2.34
2018,2,11,18,0,59.75,1.87
2018,2,11,19,0,62.77,1.83
2018,2,11,20,0,53.57,2.2800000000000002
2018,2,11,21,0,26.8,0.53
2018,2,11,22,0,339.5,0.47000000000000003
2018,2,11,23,0,347.49,0.54
2018,2,12,0,0,134.35,0.29
2018,2,12,1,0,177.53,2.07
2018,2,12,2,0,187.29,4.99
2018,2,12,3,0,181.57,6.63
2018,2,12,4,0,174.79,6.3
2018,2,12,5,0,175.59,6.86
2018,2,12,6,0,161.61,5.84
2018,2,12,7,0,138.78,2.71
2018,2,12,8,0,83.5,1.27
2018,2,12,9,0,73.54,2.94
2018,2,12,10,0,60.18,1.61
2018,2,12,11,0,52.69,3.39
2018,2,12,12,0,52.35,2.08
2018,2,12,13,0,143.65,0.71
2018,2,12,14,0,181.57,4.7700000000000005
2018,2,12,15,0,184.74,16.86
2018,2,12,16,0,192.16,15.950000000000001
2018,2,12,17,0,186.95000000000002,15.41
2018,2,12,18,0,192.70000000000002,15.43
2018,2,12,19,0,202.35,14.48
2018,2,12,20,0,233.54,10.96
2018,2,12,21,0,228.13,6.53
2018,2,12,22,0,230.72,10.72
2018,2,12,23,0,260.6,14.8
2018,2,13,0,0,275.42,6.21
2018,2,13,1,0,306.65000000000003,9.64
2018,2,13,2,0,308.02,12.51
2018,2,13,3,0,310.85,10.8
2018,2,13,4,0,301.47,17.330000000000002
2018,2,13,5,0,299.47,19.95
2018,2,13,6,0,308.57,14.540000000000001
2018,2,13,7,0,282.84000000000003,10.18
2018,2,13,8,0,302.03000000000003,18.830000000000002
2018,2,13,9,0,291.97,13.69
2018,2,13,10,0,291.16,11.870000000000001
2018,2,13,11,0,288.3,21.34
2018,2,13,12,0,287.34000000000003,19.2
2018,2,13,13,0,293.33,15.02
2018,2,13,14,0,269.59000000000003,9.65
2018,2,13,15,0,301.28000000000003,12.08
2018,2,13,16,0,279.68,11.9
2018,2,13,17,0,39.71,5.95
2018,2,13,18,0,99.32000000000001,6.8
2018,2,13,19,0,118.15,7.890000000000001
2018,2,13,20,0,131.88,8.85
2018,2,13,21,0,123.26,8.77
2018,2,13,22,0,132.08,6.36
2018,2,13,23,0,147.69,1.49
2018,2,14,0,0,244.71,3.3200000000000003
2018,2,14,1,0,173.53,1.53
2018,2,14,2,0,187.1,1.52
2018,2,14,3,0,334.89,5.95
2018,2,14,4,0,22.93,2.24
2018,2,14,5,0,357.05,1.1400000000000001
2018,2,14,6,0,14.97,1.93
2018,2,14,7,0,43.57,2.71
2018,2,14,8,0,98.51,1.5
2018,2,14,9,0,129.13,1.31
2018,2,14,10,0,169.1,0.26
2018,2,14,11,0,65.11,0.58
2018,2,14,12,0,76.60000000000001,1.54
2018,2,14,13,0,40.21,1.54
2018,2,14,14,0,16.84,2.58
2018,2,14,15,0,12.63,5.59
2018,2,14,16,0,17.09,6.26
2018,2,14,17,0,33.480000000000004,4.8500000000000005
2018,2,14,18,0,59.08,4.61
2018,2,14,19,0,75.5,3.64
2018,2,14,20,0,55.13,3.23
2018,2,14,21,0,35.59,4.79
2018,2,14,22,0,41.97,5.07
2018,2,14,23,0,28.71,5.53
2018,2,15,0,0,30.310000000000002,5.34
2018,2,15,1,0,34.79,4.71
2018,2,15,2,0,36.1,4.24
2018,2,15,3,0,34.25,4.1
2018,2,15,4,0,47.69,3.2
2018,2,15,5,0,57.870000000000005,2.3000000000000003
2018,2,15,6,0,51.02,2.17
2018,2,15,7,0,64.37,1.6400000000000001
2018,2,15,8,0,75.59,2.93
2018,2,15,9,0,75.78,3.16
2018,2,15,10,0,70.58,3.7800000000000002
2018,2,15,11,0,69.55,2.77
2018,2,15,12,0,70.26,2.22
2018,2,15,13,0,59.620000000000005,2.81
2018,2,15,14,0,70.28,1.99
2018,2,15,15,0,28.12,1.07
2018,2,15,16,0,4,1.53
2018,2,15,17,0,34.47,2.21
2018,2,15,18,0,35.83,2.47
2018,2,15,19,0,358.99,0.28
2018,2,15,20,0,34.64,2.59
2018,2,15,21,0,31.1,1.04
2018,2,15,22,0,43.94,3.0300000000000002
2018,2,15,23,0,43.36,5.48
2018,2,16,0,0,34.49,7.54
2018,2,16,1,0,56.75,5.8500000000000005
2018,2,16,2,0,57.730000000000004,4.9
2018,2,16,3,0,49.96,5.5
2018,2,16,4,0,43.07,5.66
2018,2,16,5,0,34.39,5.1000000000000005
2018,2,16,6,0,20.52,4.79
2018,2,16,7,0,11.96,3.36
2018,2,16,8,0,2.0100000000000002,2.86
2018,2,16,9,0,33.42,3.95
2018,2,16,10,0,40.6,7.22
2018,2,16,11,0,49.47,8.03
2018,2,16,12,0,74.05,3.92
2018,2,16,13,0,45.34,2.72
2018,2,16,14,0,34.09,2.06
2018,2,16,15,0,21.88,3.7800000000000002
2018,2,16,16,0,351.90000000000003,2.57
2018,2,16,17,0,348.28000000000003,3.21
2018,2,16,18,0,349.99,2.89
2018,2,16,19,0,336.31,1.72
2018,2,16,20,0,310.46,1.32
2018,2,16,21,0,293.7,0.53
2018,2,16,22,0,219.54,0.62
2018,2,16,23,0,191.26,1.6400000000000001
2018,2,17,0,0,196.94,2.24
2018,2,17,1,0,187.85,2.24
2018,2,17,2,0,150.73,2.38
2018,2,17,3,0,218.56,2.71
2018,2,17,4,0,231.70000000000002,3.54
2018,2,17,5,0,211.22,2.2800000000000002
2018,2,17,6,0,217.87,1.8800000000000001
2018,2,17,7,0,228.79,2.93
2018,2,17,8,0,191.43,1.55
2018,2,17,9,0,164.99,2.21
2018,2,17,10,0,200.96,1.97
2018,2,17,11,0,202.34,1.03
2018,2,17,12,0,193.44,0.1
2018,2,17,13,0,57.27,0.34
2018,2,17,14,0,114.62,0.66
2018,2,17,15,0,221.88,0.46
2018,2,17,16,0,123.51,0.23
2018,2,17,17,0,82.84,1.59
2018,2,17,18,0,90.8,2.22
2018,2,17,19,0,70.24,2.5
2018,2,17,20,0,34.57,2.69
2018,2,17,21,0,34.81,3.84
2018,2,17,22,0,32.43,3.65
2018,2,17,23,0,32.77,4.22
2018,2,18,0,0,45.01,4.18
2018,2,18,1,0,47.37,3.2
2018,2,18,2,0,43.92,2.75
2018,2,18,3,0,28.54,2.63
2018,2,18,4,0,47.71,2.74
2018,2,18,5,0,38.7,3.0700000000000003
2018,2,18,6,0,80.44,1.68
2018,2,18,7,0,90.39,1.59
2018,2,18,8,0,129.2,0.46
2018,2,18,9,0,63.32,0.51
2018,2,18,10,0,64.49,1.08
2018,2,18,11,0,71.8,0.96
2018,2,18,12,0,10.11,1.04
2018,2,18,13,0,37.33,2.29
2018,2,18,14,0,38.660000000000004,2.86
2018,2,18,15,0,37.2,2.88
2018,2,18,16,0,32.74,2.86
2018,2,18,17,0,43.07,1.46
2018,2,18,18,0,84.43,0.65
2018,2,18,19,0,103.9,0.63
2018,2,18,20,0,186.33,0.3
2018,2,18,21,0,191.63,1.1
2018,2,18,22,0,174.96,0.73
2018,2,18,23,0,261.17,1.1500000000000001
2018,2,19,0,0,194.06,2.9
2018,2,19,1,0,194.15,2.82
2018,2,19,2,0,170.72,4.4
2018,2,19,3,0,187.57,7.76
2018,2,19,4,0,177.37,6.25
2018,2,19,5,0,133.47,1.85
2018,2,19,6,0,40.12,5.59
2018,2,19,7,0,36.26,7.28
2018,2,19,8,0,24.26,6.41
2018,2,19,9,0,28.01,5.51
2018,2,19,10,0,38.94,5.19
2018,2,19,11,0,42.88,4.5600000000000005
2018,2,19,12,0,20.900000000000002,3.2600000000000002
2018,2,19,13,0,28.64,3.38
2018,2,19,14,0,59.03,3.66
2018,2,19,15,0,52.61,4.26
2018,2,19,16,0,43.36,5.18
2018,2,19,17,0,39.79,5.32
2018,2,19,18,0,32.33,4.84
2018,2,19,19,0,355.07,2.98
2018,2,19,20,0,29.09,3.34
2018,2,19,21,0,36.9,3.96
2018,2,19,22,0,34.160000000000004,3.02
2018,2,19,23,0,51.6,1.44
2018,2,20,0,0,80.86,1.47
2018,2,20,1,0,76.14,2.38
2018,2,20,2,0,73.01,2.83
2018,2,20,3,0,54.24,1.74
2018,2,20,4,0,35.71,2.7800000000000002
2018,2,20,5,0,20.92,2.5300000000000002
2018,2,20,6,0,22.37,2.54
2018,2,20,7,0,59,2.68
2018,2,20,8,0,73.07000000000001,1.18
2018,2,20,9,0,140.73,1.73
2018,2,20,10,0,177.16,2.65
2018,2,20,11,0,175.58,3.71
2018,2,20,12,0,157.8,3.92
2018,2,20,13,0,141.84,2.7600000000000002
2018,2,20,14,0,165.61,2.67
2018,2,20,15,0,103.34,2.13
2018,2,20,16,0,44.730000000000004,3.97
2018,2,20,17,0,45.64,5.04
2018,2,20,18,0,62.2,4.9
2018,2,20,19,0,56.160000000000004,4.8500000000000005
2018,2,20,20,0,65.6,2.31
2018,2,20,21,0,313.52,1.03
2018,2,20,22,0,319.05,1.6
2018,2,20,23,0,68.59,0.84
2018,2,21,0,0,90.96000000000001,3.36
2018,2,21,1,0,79.92,3.31
2018,2,21,2,0,72.56,3.49
2018,2,21,3,0,74.18,1.87
2018,2,21,4,0,41.71,1.37
2018,2,21,5,0,18.27,1.8800000000000001
2018,2,21,6,0,28.310000000000002,2.44
2018,2,21,7,0,42.1,2.08
2018,2,21,8,0,65.47,2.05
2018,2,21,9,0,86.41,1.4000000000000001
2018,2,21,10,0,104.10000000000001,1.5
2018,2,21,11,0,95.87,2.87
2018,2,21,12,0,88.44,3.43
2018,2,21,13,0,66.1,2.81
2018,2,21,14,0,47.01,2.19
2018,2,21,15,0,35.43,1.98
2018,2,21,16,0,22.36,1.59
2018,2,21,17,0,2.15,1.34
2018,2,21,18,0,7.19,0.78
2018,2,21,19,0,76.36,1.12
2018,2,21,20,0,118.27,1.52
2018,2,21,21,0,135.83,1.84
2018,2,21,22,0,178.17000000000002,1.02
2018,2,21,23,0,228.26,0.71
2018,2,22,0,0,271.92,1.08
2018,2,22,1,0,295.13,0.99
2018,2,22,2,0,292.99,0.65
2018,2,22,3,0,88.63,0.56
2018,2,22,4,0,163.1,0.23
2018,2,22,5,0,146.62,0.91
2018,2,22,6,0,125.08,0.85
2018,2,22,7,0,138.02,1.81
2018,2,22,8,0,113.9,1.35
2018,2,22,9,0,89.13,1.43
2018,2,22,10,0,65.05,2.17
2018,2,22,11,0,58.69,2.7600000000000002
2018,2,22,12,0,72.7,2.69
2018,2,22,13,0,81.64,2.54
2018,2,22,14,0,77.05,2.33
2018,2,22,15,0,80.07000000000001,2.75
2018,2,22,16,0,79.65,2.07
2018,2,22,17,0,61.4,2.24
2018,2,22,18,0,70.07000000000001,2.82
2018,2,22,19,0,70.03,2.71
2018,2,22,20,0,65.35,3.8000000000000003
2018,2,22,21,0,66.94,3.0500000000000003
2018,2,22,22,0,52.97,3.38
2018,2,22,23,0,46.86,2.91
2018,2,23,0,0,45.08,3.16
2018,2,23,1,0,58.7,3.39
2018,2,23,2,0,63.9,2.81
2018,2,23,3,0,62.940000000000005,2.17
2018,2,23,4,0,61.050000000000004,2.5300000000000002
2018,2,23,5,0,68.22,2.42
2018,2,23,6,0,64.05,2.09
2018,2,23,7,0,74.99,1.6
2018,2,23,8,0,91.02,1.17
2018,2,23,9,0,128.3,0.64
2018,2,23,10,0,134.2,1.23
2018,2,23,11,0,131.92000000000002,1.52
2018,2,23,12,0,101.75,1.37
2018,2,23,13,0,74.41,1.44
2018,2,23,14,0,52.57,2.5300000000000002
2018,2,23,15,0,42.160000000000004,3.66
2018,2,23,16,0,48.88,5.05
2018,2,23,17,0,48.27,5.63
2018,2,23,18,0,48.68,5.75
2018,2,23,19,0,49.21,5.8100000000000005
2018,2,23,20,0,52.910000000000004,4.87
2018,2,23,21,0,47.11,4.45
2018,2,23,22,0,38.11,2.92
2018,2,23,23,0,47.29,1.37
2018,2,24,0,0,66.56,1.04
2018,2,24,1,0,82.83,0.8
2018,2,24,2,0,48.56,1.57
2018,2,24,3,0,47.800000000000004,2.92
2018,2,24,4,0,52.06,3.22
2018,2,24,5,0,30.970000000000002,3.14
2018,2,24,6,0,17.14,0.9500000000000001
2018,2,24,7,0,292.2,3.25
2018,2,24,8,0,287.03000000000003,17.68
2018,2,24,9,0,294.56,13.84
2018,2,24,10,0,313.21,12.3
2018,2,24,11,0,288.24,12.9
2018,2,24,12,0,156.38,4.84
2018,2,24,13,0,234.19,2.93
2018,2,24,14,0,308.49,3.87
2018,2,24,15,0,308.45,12.540000000000001
2018,2,24,16,0,342.39,7.59
2018,2,24,17,0,336.03000000000003,9.85
2018,2,24,18,0,293.21,9.22
2018,2,24,19,0,293.43,10.77
2018,2,24,20,0,293.28000000000003,15.34
2018,2,24,21,0,278.08,8.88
2018,2,24,22,0,180.89000000000001,8.06
2018,2,24,23,0,203.4,8.42
2018,2,25,0,0,186.83,8.97
2018,2,25,1,0,189.81,8.53
2018,2,25,2,0,224.62,7.87
2018,2,25,3,0,211.83,8.47
2018,2,25,4,0,184.83,6.58
2018,2,25,5,0,212.64000000000001,5.3100000000000005
2018,2,25,6,0,176.51,7.41
2018,2,25,7,0,201.61,5.75
2018,2,25,8,0,178.75,6.46
2018,2,25,9,0,160.97,5.59
2018,2,25,10,0,202.49,3.75
2018,2,25,11,0,41.85,1.7
2018,2,25,12,0,137.93,3.13
2018,2,25,13,0,134.16,1.71
2018,2,25,14,0,197.02,1.35
2018,2,25,15,0,26.560000000000002,1.68
2018,2,25,16,0,20.53,1.24
2018,2,25,17,0,159.64000000000001,1.71
2018,2,25,18,0,172.33,2.75
2018,2,25,19,0,203.51,9.05
2018,2,25,20,0,203.81,9.790000000000001
2018,2,25,21,0,196.02,8.91
2018,2,25,22,0,198.29,6.34
2018,2,25,23,0,211.61,6.55
2018,2,26,0,0,237.52,7.17
2018,2,26,1,0,241.04,6.23
2018,2,26,2,0,190.77,7.65
2018,2,26,3,0,202.91,7.22
2018,2,26,4,0,209.5,5.78
2018,2,26,5,0,222.84,7.53
2018,2,26,6,0,232.65,6.8100000000000005
2018,2,26,7,0,285.79,7.91
2018,2,26,8,0,280.82,8.09
2018,2,26,9,0,279.61,10.33
2018,2,26,10,0,265.21,6.88
2018,2,26,11,0,245.68,10.33
2018,2,26,12,0,332.96,2.11
2018,2,26,13,0,56.910000000000004,4.82
2018,2,26,14,0,67.76,4.23
2018,2,26,15,0,55.39,5.89
2018,2,26,16,0,24.62,6.96
2018,2,26,17,0,72.68,7.54
2018,2,26,18,0,97.88,6.63
2018,2,26,19,0,216.66,1.84
2018,2,26,20,0,169.75,5.3100000000000005
2018,2,26,21,0,111.14,3.86
2018,2,26,22,0,127.02,6.48
2018,2,26,23,0,133.63,7.03
2018,2,27,0,0,118.54,6.3
2018,2,27,1,0,68.92,4.89
2018,2,27,2,0,87.88,3.93
2018,2,27,3,0,89.57000000000001,4.39
2018,2,27,4,0,83.58,2.1
2018,2,27,5,0,89.07000000000001,4.25
2018,2,27,6,0,88.87,2.2800000000000002
2018,2,27,7,0,124.67,4.57
2018,2,27,8,0,128.26,2.54
2018,2,27,9,0,132.18,1.5
2018,2,27,10,0,67.02,2.09
2018,2,27,11,0,113.89,2.45
2018,2,27,12,0,94.16,1.68
2018,2,27,13,0,231.88,1.86
2018,2,27,14,0,220.41,1.26
2018,2,27,15,0,132.36,1.26
2018,2,27,16,0,115.43,1.41
2018,2,27,17,0,321.55,0.66
2018,2,27,18,0,15.83,1.6400000000000001
2018,2,27,19,0,53.49,0.88
2018,2,27,20,0,36.65,0.99
2018,2,27,21,0,290.57,0.42
2018,2,27,22,0,137.17000000000002,0.72
2018,2,27,23,0,155.70000000000002,2.04
2018,2,28,0,0,134.98,2.35
2018,2,28,1,0,137.38,1.04
2018,2,28,2,0,87.01,0.88
2018,2,28,3,0,81.64,1.28
2018,2,28,4,0,61.22,1.03
2018,2,28,5,0,105.59,1.43
2018,2,28,6,0,105.98,2.13
2018,2,28,7,0,99.95,2.19
2018,2,28,8,0,95.93,2.44
2018,2,28,9,0,65.48,1.93
2018,2,28,10,0,68.19,4.18
2018,2,28,11,0,67.07000000000001,4.0600000000000005
2018,2,28,12,0,73.11,3.8000000000000003
2018,2,28,13,0,59.56,3.58
2018,2,28,14,0,57.03,3.13
2018,2,28,15,0,61.35,3.0500000000000003
2018,2,28,16,0,68.41,3.2600000000000002
2018,2,28,17,0,74.96000000000001,3.39
2018,2,28,18,0,65.4,3.17
2018,2,28,19,0,68.58,3.36
2018,2,28,20,0,66.99,3.88
2018,2,28,21,0,60.120000000000005,3.85
2018,2,28,22,0,57.96,4
2018,2,28,23,0,45.01,4.18
2018,3,1,0,0,48.82,4.3
2018,3,1,1,0,44.550000000000004,4.08
2018,3,1,2,0,42.97,3.71
2018,3,1,3,0,29.79,3.13
2018,3,1,4,0,35.84,3.0100000000000002
2018,3,1,5,0,56.53,3.17
2018,3,1,6,0,78.54,3.12
2018,3,1,7,0,73.14,2.95
2018,3,1,8,0,73.7,2.63
2018,3,1,9,0,69.31,3.15
2018,3,1,10,0,57.120000000000005,3.42
2018,3,1,11,0,55.2,3.71
2018,3,1,12,0,74.8,3.37
2018,3,1,13,0,60.14,3.34
2018,3,1,14,0,65.3,3.5700000000000003
2018,3,1,15,0,51.97,3.66
2018,3,1,16,0,48.480000000000004,3.2600000000000002
2018,3,1,17,0,33.17,2.66
2018,3,1,18,0,30.36,3.65
2018,3,1,19,0,46.26,4.5
2018,3,1,20,0,67.31,3.47
2018,3,1,21,0,54.24,3.66
2018,3,1,22,0,57.02,3.38
2018,3,1,23,0,41.33,3.06
2018,3,2,0,0,25.46,3.7600000000000002
2018,3,2,1,0,19.73,2.65
2018,3,2,2,0,23.150000000000002,2.74
2018,3,2,3,0,38.11,2.62
2018,3,2,4,0,26.48,2.21
2018,3,2,5,0,28.580000000000002,2.37
2018,3,2,6,0,24.48,3.42
2018,3,2,7,0,24.45,3.09
2018,3,2,8,0,32.83,3.3000000000000003
2018,3,2,9,0,17.98,2.3000000000000003
2018,3,2,10,0,32.9,1.85
2018,3,2,11,0,68.53,1.6600000000000001
2018,3,2,12,0,107.21000000000001,0.79
2018,3,2,13,0,163.98,1.26
2018,3,2,14,0,163.88,1.09
2018,3,2,15,0,144.72,1.23
2018,3,2,16,0,53.81,2.0300000000000002
2018,3,2,17,0,37.42,2.89
2018,3,2,18,0,23.44,3
2018,3,2,19,0,21.47,3.31
2018,3,2,20,0,22.2,3.09
2018,3,2,21,0,18.02,2.88
2018,3,2,22,0,19.53,2.97
2018,3,2,23,0,41.45,2.94
2018,3,3,0,0,48.83,4.15
2018,3,3,1,0,65.58,3.89
2018,3,3,2,0,54.89,3.46
2018,3,3,3,0,33.27,2.66
2018,3,3,4,0,22.34,1.92
2018,3,3,5,0,67.32000000000001,0.79
2018,3,3,6,0,355.17,0.32
2018,3,3,7,0,344.17,2.33
2018,3,3,8,0,331.09000000000003,3.08
2018,3,3,9,0,344.55,3.99
2018,3,3,10,0,5.6000000000000005,4.29
2018,3,3,11,0,18.2,4.67
2018,3,3,12,0,2.31,5.04
2018,3,3,13,0,6.15,5.23
2018,3,3,14,0,15.98,5.61
2018,3,3,15,0,17.84,5.98
2018,3,3,16,0,10.55,5.28
2018,3,3,17,0,12.1,4.17
2018,3,3,18,0,9.11,3.83
2018,3,3,19,0,11.15,4.29
2018,3,3,20,0,18.23,3.98
2018,3,3,21,0,19.18,3.62
2018,3,3,22,0,22.01,3.41
2018,3,3,23,0,24.84,3.22
2018,3,4,0,0,36.730000000000004,2.61
2018,3,4,1,0,37.69,1.9000000000000001
2018,3,4,2,0,359.49,1.61
2018,3,4,3,0,14.32,1.72
2018,3,4,4,0,51.85,2.08
2018,3,4,5,0,46.63,0.35000000000000003
2018,3,4,6,0,314.40000000000003,1.8900000000000001
2018,3,4,7,0,305.09000000000003,1.36
2018,3,4,8,0,329.27,1.2
2018,3,4,9,0,268.98,0.16
2018,3,4,10,0,171.54,0.93
2018,3,4,11,0,116.57000000000001,0.8
2018,3,4,12,0,45.69,4.17
2018,3,4,13,0,335.89,2
2018,3,4,14,0,186.33,0.77
2018,3,4,15,0,300.7,2.88
2018,3,4,16,0,51.08,1.61
2018,3,4,17,0,90.54,0.45
2018,3,4,18,0,280.19,1.05
2018,3,4,19,0,215.17000000000002,0.41000000000000003
2018,3,4,20,0,244.76,0.2
2018,3,4,21,0,14.44,0.71
2018,3,4,22,0,7.8500000000000005,0.84
2018,3,4,23,0,350,0.99
2018,3,5,0,0,30.78,1.23
2018,3,5,1,0,14.75,2.08
2018,3,5,2,0,7.37,2.23
2018,3,5,3,0,345.38,2.12
2018,3,5,4,0,320.52,1.72
2018,3,5,5,0,351.47,1.3800000000000001
2018,3,5,6,0,71.94,0.96
2018,3,5,7,0,165.31,1.1300000000000001
2018,3,5,8,0,181.70000000000002,1.03
2018,3,5,9,0,164.95000000000002,1.68
2018,3,5,10,0,151.65,2.42
2018,3,5,11,0,138.41,2.37
2018,3,5,12,0,134.04,2.32
2018,3,5,13,0,118.01,2.09
2018,3,5,14,0,90.7,1.5
2018,3,5,15,0,79.68,1.1
2018,3,5,16,0,83.10000000000001,2.05
2018,3,5,17,0,85.53,2.2800000000000002
2018,3,5,18,0,87.27,2.25
2018,3,5,19,0,83.27,2.31
2018,3,5,20,0,73.43,2.5
2018,3,5,21,0,59.410000000000004,3.4
2018,3,5,22,0,49.21,2.74
2018,3,5,23,0,47.52,2.72
2018,3,6,0,0,45.14,1.82
2018,3,6,1,0,51.9,1.36
2018,3,6,2,0,87.83,0.63
2018,3,6,3,0,87.52,0.89
2018,3,6,4,0,166.56,1.18
2018,3,6,5,0,185.99,1.3900000000000001
2018,3,6,6,0,192.26,1.57
2018,3,6,7,0,182.68,1.6500000000000001
2018,3,6,8,0,223.74,1.22
2018,3,6,9,0,171.98,1.36
2018,3,6,10,0,134.44,3.16
2018,3,6,11,0,127.14,2.8000000000000003
2018,3,6,12,0,115.23,1.79
2018,3,6,13,0,101.7,2.11
2018,3,6,14,0,55.56,3.02
2018,3,6,15,0,61.160000000000004,4.39
2018,3,6,16,0,55.67,4.9
2018,3,6,17,0,46.15,4.96
2018,3,6,18,0,74.76,4.58
2018,3,6,19,0,63.43,5.7700000000000005
2018,3,6,20,0,63.45,6.26
2018,3,6,21,0,61.25,5.79
2018,3,6,22,0,46.76,5.75
2018,3,6,23,0,45.230000000000004,6.03
2018,3,7,0,0,31.37,7.1000000000000005
2018,3,7,1,0,24.580000000000002,6.8500000000000005
2018,3,7,2,0,13.97,6.7700000000000005
2018,3,7,3,0,11,6.29
2018,3,7,4,0,12.9,5.63
2018,3,7,5,0,13.88,4.54
2018,3,7,6,0,19.02,2.75
2018,3,7,7,0,355.07,1.53
2018,3,7,8,0,354.2,1.44
2018,3,7,9,0,11.84,1.21
2018,3,7,10,0,35.160000000000004,1.49
2018,3,7,11,0,38.79,2.23
2018,3,7,12,0,42.95,2.91
2018,3,7,13,0,34.45,3.6
2018,3,7,14,0,27.54,4.57
2018,3,7,15,0,22.84,4.04
2018,3,7,16,0,18.46,3.67
2018,3,7,17,0,26.490000000000002,3.92
2018,3,7,18,0,49.46,3.88
2018,3,7,19,0,51.120000000000005,4.53
2018,3,7,20,0,41.480000000000004,2.87
2018,3,7,21,0,38.36,2.14
2018,3,7,22,0,355.59000000000003,1.1500000000000001
2018,3,7,23,0,282.82,0.71
2018,3,8,0,0,187.36,0.74
2018,3,8,1,0,127.61,1.93
2018,3,8,2,0,153.41,1.55
2018,3,8,3,0,208.49,1.8
2018,3,8,4,0,261.67,1.33
2018,3,8,5,0,247.04,1.55
2018,3,8,6,0,233.14000000000001,1.57
2018,3,8,7,0,262.2,1.5
2018,3,8,8,0,253.3,0.36
2018,3,8,9,0,151.63,4.44
2018,3,8,10,0,156.71,3.77
2018,3,8,11,0,130.31,4.43
2018,3,8,12,0,123.26,4.65
2018,3,8,13,0,127.71000000000001,4.65
2018,3,8,14,0,120.9,3.52
2018,3,8,15,0,113.94,3.0300000000000002
2018,3,8,16,0,84.9,3.64
2018,3,8,17,0,41.050000000000004,4.47
2018,3,8,18,0,30.3,6.46
2018,3,8,19,0,25.71,10.53
2018,3,8,20,0,17.21,11.66
2018,3,8,21,0,25.8,10.33
2018,3,8,22,0,32.71,5.92
2018,3,8,23,0,70.83,8.86
2018,3,9,0,0,76.88,12.71
2018,3,9,1,0,69.47,12.39
2018,3,9,2,0,55.09,15.030000000000001
2018,3,9,3,0,52.370000000000005,18.28
2018,3,9,4,0,51.27,20.04
2018,3,9,5,0,41.12,18.23
2018,3,9,6,0,35.4,18.25
2018,3,9,7,0,46.03,19.77
2018,3,9,8,0,51.61,16.85
2018,3,9,9,0,59.71,15.73
2018,3,9,10,0,55.31,17.330000000000002
2018,3,9,11,0,60.9,15.02
2018,3,9,12,0,55.52,19.48
2018,3,9,13,0,46.11,22.3
2018,3,9,14,0,39.54,21.16
2018,3,9,15,0,21.09,18.57
2018,3,9,16,0,34.29,19.48
2018,3,9,17,0,10.65,12.31
2018,3,9,18,0,23.67,12.76
2018,3,9,19,0,33.4,13.08
2018,3,9,20,0,130.83,4.82
2018,3,9,21,0,176.99,13.67
2018,3,9,22,0,173.95000000000002,13.530000000000001
2018,3,9,23,0,162.88,9.700000000000001
2018,3,10,0,0,185.59,6.92
2018,3,10,1,0,155.24,3.91
2018,3,10,2,0,100.51,4.72
2018,3,10,3,0,158.72,7.0200000000000005
2018,3,10,4,0,144.44,7.8100000000000005
2018,3,10,5,0,169.26,5.07
2018,3,10,6,0,152.22,4.21
2018,3,10,7,0,110.66,3.84
2018,3,10,8,0,71.76,3.8000000000000003
2018,3,10,9,0,24.47,7.2
2018,3,10,10,0,14.8,7.0200000000000005
2018,3,10,11,0,14.700000000000001,8.03
2018,3,10,12,0,24,10.23
2018,3,10,13,0,30.47,12.02
2018,3,10,14,0,36.160000000000004,11.99
2018,3,10,15,0,41.36,11.73
2018,3,10,16,0,56.58,8.93
2018,3,10,17,0,102.31,5.3
2018,3,10,18,0,138.11,3.67
2018,3,10,19,0,123.29,1.97
2018,3,10,20,0,43.050000000000004,4.54
2018,3,10,21,0,23.78,7.58
2018,3,10,22,0,38.68,9.120000000000001
2018,3,10,23,0,27.66,7.84
2018,3,11,0,0,11.56,9.290000000000001
2018,3,11,1,0,13.46,10.13
2018,3,11,2,0,14.81,7.42
2018,3,11,3,0,55.15,3.71
2018,3,11,4,0,52.1,5.32
2018,3,11,5,0,26.32,8.84
2018,3,11,6,0,62.14,5.93
2018,3,11,7,0,40.28,7.87
2018,3,11,8,0,20.7,8.85
2018,3,11,9,0,45.9,6.6000000000000005
2018,3,11,10,0,28.310000000000002,9.11
2018,3,11,11,0,19.87,9.09
2018,3,11,12,0,34.42,9.22
2018,3,11,13,0,21.8,8.74
2018,3,11,14,0,15.81,8.99
2018,3,11,15,0,12.92,8.49
2018,3,11,16,0,10.870000000000001,8.8
2018,3,11,17,0,6.84,8.24
2018,3,11,18,0,4.55,8.950000000000001
2018,3,11,19,0,7.4,7.98
2018,3,11,20,0,350.41,5.42
2018,3,11,21,0,304.11,3.74
2018,3,11,22,0,246.70000000000002,4.42
2018,3,11,23,0,219.41,6.28
2018,3,12,0,0,209.5,7.2700000000000005
2018,3,12,1,0,201.65,9.07
2018,3,12,2,0,198.45000000000002,10.790000000000001
2018,3,12,3,0,200.45000000000002,12.16
2018,3,12,4,0,204.39000000000001,12.22
2018,3,12,5,0,208.31,12.26
2018,3,12,6,0,207.94,15
2018,3,12,7,0,207.05,12.69
2018,3,12,8,0,206.03,9.05
2018,3,12,9,0,186.31,6.53
2018,3,12,10,0,153.54,8.69
2018,3,12,11,0,156.11,8.36
2018,3,12,12,0,149.27,6.86
2018,3,12,13,0,158.8,7.63
2018,3,12,14,0,135.98,6.98
2018,3,12,15,0,151.95000000000002,5.22
2018,3,12,16,0,135.76,8.950000000000001
2018,3,12,17,0,137.44,7.17
2018,3,12,18,0,145.06,6.67
2018,3,12,19,0,144.34,5.22
2018,3,12,20,0,144.64000000000001,2.67
2018,3,12,21,0,58.22,3.16
2018,3,12,22,0,46.33,4.04
2018,3,12,23,0,77.22,4.24
2018,3,13,0,0,55.6,4.3500000000000005
2018,3,13,1,0,16.85,7.76
2018,3,13,2,0,40.4,8.17
2018,3,13,3,0,51.31,8.870000000000001
2018,3,13,4,0,26.37,7.48
2018,3,13,5,0,7.83,7.94
2018,3,13,6,0,7.09,9.65
2018,3,13,7,0,9.49,9.1
2018,3,13,8,0,6.8,9.39
2018,3,13,9,0,2.88,11.05
2018,3,13,10,0,5.93,10.26
2018,3,13,11,0,11.91,10.89
2018,3,13,12,0,20.12,10.82
2018,3,13,13,0,29.25,10.76
2018,3,13,14,0,40.87,10.73
2018,3,13,15,0,35.82,11.66
2018,3,13,16,0,20.01,11.61
2018,3,13,17,0,6.3100000000000005,11.93
2018,3,13,18,0,1.92,8.36
2018,3,13,19,0,22.080000000000002,8.26
2018,3,13,20,0,41.44,10.69
2018,3,13,21,0,40.99,9.21
2018,3,13,22,0,41.07,8.9
2018,3,13,23,0,30.650000000000002,7.79
2018,3,14,0,0,27.66,7.28
2018,3,14,1,0,28.29,6.47
2018,3,14,2,0,18.67,5.4
2018,3,14,3,0,10.790000000000001,4.04
2018,3,14,4,0,12.16,3.7600000000000002
2018,3,14,5,0,14.44,3.84
2018,3,14,6,0,7.13,2.7800000000000002
2018,3,14,7,0,9.92,2.11
2018,3,14,8,0,40.63,0.75
2018,3,14,9,0,217.37,0.7000000000000001
2018,3,14,10,0,238.59,2.69
2018,3,14,11,0,228.48000000000002,3.85
2018,3,14,12,0,214.64000000000001,3.92
2018,3,14,13,0,184.05,4.3100000000000005
2018,3,14,14,0,185.67000000000002,3.69
2018,3,14,15,0,179.24,2.2
2018,3,14,16,0,155.93,1.11
2018,3,14,17,0,51.410000000000004,1.3900000000000001
2018,3,14,18,0,109.05,2.83
2018,3,14,19,0,97.65,3.46
2018,3,14,20,0,98.83,2.77
2018,3,14,21,0,108.25,2.08
2018,3,14,22,0,143.59,0.5700000000000001
2018,3,14,23,0,223.73000000000002,1.28
2018,3,15,0,0,221.69,3.34
2018,3,15,1,0,165.95000000000002,1.69
2018,3,15,2,0,121.84,2.34
2018,3,15,3,0,98.35000000000001,3.09
2018,3,15,4,0,116.95,2.47
2018,3,15,5,0,141.55,2.07
2018,3,15,6,0,105.61,0.22
2018,3,15,7,0,8.42,1.21
2018,3,15,8,0,29.1,2.54
2018,3,15,9,0,31.720000000000002,3.6
2018,3,15,10,0,46.730000000000004,2.38
2018,3,15,11,0,72.38,0.52
2018,3,15,12,0,150.01,1.47
2018,3,15,13,0,158.73,2.12
2018,3,15,14,0,122.19,1.8800000000000001
2018,3,15,15,0,107.84,2.5500000000000003
2018,3,15,16,0,105.94,3.1
2018,3,15,17,0,68.68,3.2
2018,3,15,18,0,35.18,3.65
2018,3,15,19,0,34.480000000000004,4.03
2018,3,15,20,0,25.44,4.08
2018,3,15,21,0,28.51,4.03
2018,3,15,22,0,36.71,3.74
2018,3,15,23,0,41.22,3.2600000000000002
2018,3,16,0,0,44.11,3.8200000000000003
2018,3,16,1,0,55.32,5.29
2018,3,16,2,0,54.68,5.41
2018,3,16,3,0,47.11,6.16
2018,3,16,4,0,37.54,7.29
2018,3,16,5,0,29.6,8.16
2018,3,16,6,0,19.86,9.49
2018,3,16,7,0,4.92,10.59
2018,3,16,8,0,11.84,11.01
2018,3,16,9,0,17.44,11.13
2018,3,16,10,0,15.96,11.33
2018,3,16,11,0,14.05,11.36
2018,3,16,12,0,15.18,10.61
2018,3,16,13,0,10.85,9.75
2018,3,16,14,0,25.080000000000002,7.05
2018,3,16,15,0,35.52,3.4
2018,3,16,16,0,84.47,2.0100000000000002
2018,3,16,17,0,172.15,5.6000000000000005
2018,3,16,18,0,187.97,7.79
2018,3,16,19,0,188.44,6.2700000000000005
2018,3,16,20,0,186.28,7.83
2018,3,16,21,0,215.68,3.93
2018,3,16,22,0,203.88,4.38
2018,3,16,23,0,183.5,10.9
2018,3,17,0,0,203.9,11.5
2018,3,17,1,0,204.4,11.51
2018,3,17,2,0,196.68,12.11
2018,3,17,3,0,194.68,11.85
2018,3,17,4,0,199.35,9.44
2018,3,17,5,0,212.12,13.72
2018,3,17,6,0,210.45000000000002,12.33
2018,3,17,7,0,205.63,11.13
2018,3,17,8,0,206.5,10.89
2018,3,17,9,0,199.66,8.48
2018,3,17,10,0,205.64000000000001,9.39
2018,3,17,11,0,201.19,7.97
2018,3,17,12,0,202.82,7.7700000000000005
2018,3,17,13,0,200.44,6.75
2018,3,17,14,0,181.88,5.55
2018,3,17,15,0,175.24,5.25
2018,3,17,16,0,169.95000000000002,5.94
2018,3,17,17,0,178.53,4.25
2018,3,17,18,0,140.27,1.1500000000000001
2018,3,17,19,0,83.46000000000001,2.35
2018,3,17,20,0,92.58,3.3200000000000003
2018,3,17,21,0,78.07000000000001,2.64
2018,3,17,22,0,68.02,3.87
2018,3,17,23,0,71.34,3.64
2018,3,18,0,0,73.09,2.48
2018,3,18,1,0,66.1,1.58
2018,3,18,2,0,89.43,1.1300000000000001
2018,3,18,3,0,141.82,1.24
2018,3,18,4,0,174.25,1.57
2018,3,18,5,0,192.55,2.37
2018,3,18,6,0,196.9,2.83
2018,3,18,7,0,185.99,2.91
2018,3,18,8,0,187.46,3.64
2018,3,18,9,0,196.17000000000002,4.3
2018,3,18,10,0,196.6,4.9
2018,3,18,11,0,192.71,4.97
2018,3,18,12,0,181.74,5.0600000000000005
2018,3,18,13,0,190.1,6.84
2018,3,18,14,0,208.55,6.36
2018,3,18,15,0,193.98000000000002,5.58
2018,3,18,16,0,189.82,6.0200000000000005
2018,3,18,17,0,192.09,6.86
2018,3,18,18,0,204.52,7.17
2018,3,18,19,0,194.97,7.48
2018,3,18,20,0,197.52,7.07
2018,3,18,21,0,204.97,8.06
2018,3,18,22,0,206.59,9.21
2018,3,18,23,0,204.3,7.66
2018,3,19,0,0,204.20000000000002,9.57
2018,3,19,1,0,201.62,9
2018,3,19,2,0,204.93,8.64
2018,3,19,3,0,197.63,9.93
2018,3,19,4,0,195.6,9.44
2018,3,19,5,0,173.71,9.01
2018,3,19,6,0,195.44,7.37
2018,3,19,7,0,206.96,7.68
2018,3,19,8,0,200.12,12.17
2018,3,19,9,0,201.95000000000002,14.68
2018,3,19,10,0,197.97,14.59
2018,3,19,11,0,196.92000000000002,12.98
2018,3,19,12,0,202.54,15.32
2018,3,19,13,0,244.16,16.75
2018,3,19,14,0,258.97,14.69
2018,3,19,15,0,269.51,14.55
2018,3,19,16,0,287.76,16.7
2018,3,19,17,0,276.77,13.8
2018,3,19,18,0,279.28000000000003,19.29
2018,3,19,19,0,290.07,19.09
2018,3,19,20,0,290.66,16.330000000000002
2018,3,19,21,0,288.05,16.34
2018,3,19,22,0,287.74,13.98
2018,3,19,23,0,281.17,13.18
2018,3,20,0,0,273.15000000000003,12.25
2018,3,20,1,0,254.37,9.41
2018,3,20,2,0,260.66,9.790000000000001
2018,3,20,3,0,257.33,14.23
2018,3,20,4,0,252.55,15.540000000000001
2018,3,20,5,0,248.48000000000002,13.44
2018,3,20,6,0,276.79,18.75
2018,3,20,7,0,270.49,19.03
2018,3,20,8,0,264.92,19.35
2018,3,20,9,0,265.38,19.990000000000002
2018,3,20,10,0,265.52,20.75
2018,3,20,11,0,267.17,19.01
2018,3,20,12,0,271.13,16.53
2018,3,20,13,0,262.92,14.18
2018,3,20,14,0,294.2,14.44
2018,3,20,15,0,320.18,9.21
2018,3,20,16,0,304.47,12.58
2018,3,20,17,0,335.58,15.200000000000001
2018,3,20,18,0,336.83,18.7
2018,3,20,19,0,313.81,13.5
2018,3,20,20,0,321.13,13.86
2018,3,20,21,0,290.25,10.28
2018,3,20,22,0,322.5,16.92
2018,3,20,23,0,307.85,14.950000000000001
2018,3,21,0,0,325.69,19.94
2018,3,21,1,0,324.55,20.79
2018,3,21,2,0,322.51,18.41
2018,3,21,3,0,324.96,18.13
2018,3,21,4,0,330.34000000000003,17.87
2018,3,21,5,0,329.15000000000003,16.96
2018,3,21,6,0,319.94,9.93
2018,3,21,7,0,337.23,12.5
2018,3,21,8,0,328.75,10.58
2018,3,21,9,0,322.28000000000003,6.69
2018,3,21,10,0,1.87,3.17
2018,3,21,11,0,260.27,3.66
2018,3,21,12,0,228.19,2.75
2018,3,21,13,0,186.06,3.47
2018,3,21,14,0,141.71,2.22
2018,3,21,15,0,319.95,0.76
2018,3,21,16,0,53.07,3.33
2018,3,21,17,0,76.8,3.09
2018,3,21,18,0,43.06,5.36
2018,3,21,19,0,30.69,11.81
2018,3,21,20,0,20.98,17.95
2018,3,21,21,0,25.900000000000002,16.23
2018,3,21,22,0,35.07,15.81
2018,3,21,23,0,32.88,15.59
2018,3,22,0,0,27.560000000000002,12.15
2018,3,22,1,0,17.12,13.17
2018,3,22,2,0,21.03,13.3
2018,3,22,3,0,19.73,11.74
2018,3,22,4,0,17.650000000000002,12.88
2018,3,22,5,0,11.94,13.42
2018,3,22,6,0,17.79,13.74
2018,3,22,7,0,13.76,15.280000000000001
2018,3,22,8,0,16.240000000000002,13.33
2018,3,22,9,0,17.97,13.6
2018,3,22,10,0,23.740000000000002,14.56
2018,3,22,11,0,24.95,11.93
2018,3,22,12,0,14.700000000000001,11.55
2018,3,22,13,0,17.580000000000002,14.540000000000001
2018,3,22,14,0,24.12,15.67
2018,3,22,15,0,23.12,15.67
2018,3,22,16,0,25.84,15.76
2018,3,22,17,0,31.84,13.9
2018,3,22,18,0,26.650000000000002,15.67
2018,3,22,19,0,31.470000000000002,15.21
2018,3,22,20,0,31.32,14.620000000000001
2018,3,22,21,0,33.07,14.26
2018,3,22,22,0,33.4,14.18
2018,3,22,23,0,28.44,13.82
2018,3,23,0,0,25.82,14.63
2018,3,23,1,0,24.63,14.17
2018,3,23,2,0,25.01,13.13
2018,3,23,3,0,22.84,13.280000000000001
2018,3,23,4,0,20.92,12.94
2018,3,23,5,0,4.96,11.02
2018,3,23,6,0,8.43,10.27
2018,3,23,7,0,24.8,10.03
2018,3,23,8,0,28.53,9.13
2018,3,23,9,0,348.49,4.46
2018,3,23,10,0,281.67,4.15
2018,3,23,11,0,291.05,2.39
2018,3,23,12,0,271.18,3.66
2018,3,23,13,0,303.2,2.97
2018,3,23,14,0,301.76,2.84
2018,3,23,15,0,293.01,2.74
2018,3,23,16,0,266.5,3.63
2018,3,23,17,0,247.68,3.48
2018,3,23,18,0,253.93,2.61
2018,3,23,19,0,238.09,2.57
2018,3,23,20,0,220.6,3.13
2018,3,23,21,0,231.32,2.8000000000000003
2018,3,23,22,0,229.01,1.9100000000000001
2018,3,23,23,0,254.19,2.08
2018,3,24,0,0,238.24,2.24
2018,3,24,1,0,228.14000000000001,2.68
2018,3,24,2,0,217.38,3.2800000000000002
2018,3,24,3,0,214.93,3.83
2018,3,24,4,0,214.93,3.46
2018,3,24,5,0,224.88,2.13
2018,3,24,6,0,212.19,2.35
2018,3,24,7,0,223.67000000000002,2.23
2018,3,24,8,0,259.25,0.56
2018,3,24,9,0,103.58,1.03
2018,3,24,10,0,122.51,2.66
2018,3,24,11,0,52.02,5.64
2018,3,24,12,0,39.6,7.98
2018,3,24,13,0,42.68,6.0200000000000005
2018,3,24,14,0,62.32,5.14
2018,3,24,15,0,21.77,3.59
2018,3,24,16,0,326.53000000000003,2.48
2018,3,24,17,0,328.34000000000003,4.32
2018,3,24,18,0,329.77,3.74
2018,3,24,19,0,25.89,5.04
2018,3,24,20,0,31.88,6.66
2018,3,24,21,0,33.38,7.42
2018,3,24,22,0,24.63,6.5600000000000005
2018,3,24,23,0,302.07,2.57
2018,3,25,0,0,325.06,2.79
2018,3,25,1,0,335.88,3.54
2018,3,25,2,0,358.36,5.03
2018,3,25,3,0,14.68,6.38
2018,3,25,4,0,32.480000000000004,4.94
2018,3,25,5,0,22.43,5.82
2018,3,25,6,0,11.57,6.8100000000000005
2018,3,25,7,0,20.13,10.98
2018,3,25,8,0,23.09,13.25
2018,3,25,9,0,23.990000000000002,12.92
2018,3,25,10,0,29.59,14.370000000000001
2018,3,25,11,0,39.5,13.43
2018,3,25,12,0,37.51,12.870000000000001
2018,3,25,13,0,29.37,11.07
2018,3,25,14,0,28.62,10.93
2018,3,25,15,0,32.36,11.9
2018,3,25,16,0,32.45,12.31
2018,3,25,17,0,32.59,12.620000000000001
2018,3,25,18,0,31.62,13.01
2018,3,25,19,0,32.8,13.15
2018,3,25,20,0,34.43,12.49
2018,3,25,21,0,31.080000000000002,11.98
2018,3,25,22,0,32.93,11.790000000000001
2018,3,25,23,0,31.05,12
2018,3,26,0,0,31.12,11.31
2018,3,26,1,0,30.080000000000002,11.63
2018,3,26,2,0,27.48,11.99
2018,3,26,3,0,28.51,12.15
2018,3,26,4,0,26.900000000000002,12.38
2018,3,26,5,0,25.26,12.25
2018,3,26,6,0,27.39,12.11
2018,3,26,7,0,28.69,11.790000000000001
2018,3,26,8,0,26.91,11.700000000000001
2018,3,26,9,0,23.97,12.59
2018,3,26,10,0,24.37,13.08
2018,3,26,11,0,19.78,12.84
2018,3,26,12,0,23.42,12.56
2018,3,26,13,0,23.43,12.93
2018,3,26,14,0,24.060000000000002,13.530000000000001
2018,3,26,15,0,25.060000000000002,12.76
2018,3,26,16,0,27.47,12.700000000000001
2018,3,26,17,0,27.44,12.65
2018,3,26,18,0,24.79,13
2018,3,26,19,0,24.52,12.43
2018,3,26,20,0,22.02,10.82
2018,3,26,21,0,20.080000000000002,9.790000000000001
2018,3,26,22,0,25.650000000000002,9.15
2018,3,26,23,0,26.07,8.950000000000001
2018,3,27,0,0,29.8,7.86
2018,3,27,1,0,35.49,6.8
2018,3,27,2,0,36.410000000000004,6.23
2018,3,27,3,0,36.35,5.53
2018,3,27,4,0,33.76,5.08
2018,3,27,5,0,35.71,4.61
2018,3,27,6,0,13.200000000000001,3.5300000000000002
2018,3,27,7,0,339.35,3.61
2018,3,27,8,0,338.82,2.88
2018,3,27,9,0,339.06,2.2600000000000002
2018,3,27,10,0,348.90000000000003,2.05
2018,3,27,11,0,24.27,2.84
2018,3,27,12,0,27.38,3.87
2018,3,27,13,0,29.67,4.68
2018,3,27,14,0,35.1,4.67
2018,3,27,15,0,26.240000000000002,3.94
2018,3,27,16,0,10.99,4.1
2018,3,27,17,0,11.33,3.56
2018,3,27,18,0,19.900000000000002,3.5
2018,3,27,19,0,25.84,4.13
2018,3,27,20,0,26.61,5.3100000000000005
2018,3,27,21,0,47.4,5.76
2018,3,27,22,0,43.97,6.84
2018,3,27,23,0,33.08,5.97
2018,3,28,0,0,25.810000000000002,6.640000000000001
2018,3,28,1,0,26.12,5.75
2018,3,28,2,0,22.62,3.7800000000000002
2018,3,28,3,0,7.0600000000000005,1.25
2018,3,28,4,0,257.56,0.5700000000000001
2018,3,28,5,0,237.55,1.54
2018,3,28,6,0,224.55,1.92
2018,3,28,7,0,209.99,2.56
2018,3,28,8,0,215.42000000000002,3.21
2018,3,28,9,0,225.59,1.98
2018,3,28,10,0,254.52,1.6300000000000001
2018,3,28,11,0,223.97,1.62
2018,3,28,12,0,226.5,1.93
2018,3,28,13,0,232.9,2.96
2018,3,28,14,0,260.18,3.2
2018,3,28,15,0,274.55,5.91
2018,3,28,16,0,276.62,7
2018,3,28,17,0,277.53000000000003,6.61
2018,3,28,18,0,287.22,3.62
2018,3,28,19,0,349.46,3.0100000000000002
2018,3,28,20,0,358.81,2.4
2018,3,28,21,0,71.33,3.29
2018,3,28,22,0,129.3,2.73
2018,3,28,23,0,212.04,4.43
2018,3,29,0,0,174.18,3.7800000000000002
2018,3,29,1,0,208.61,2.43
2018,3,29,2,0,283.92,1.61
2018,3,29,3,0,22.37,1.57
2018,3,29,4,0,87.67,3.8000000000000003
2018,3,29,5,0,41.03,4.21
2018,3,29,6,0,14.92,5.55
2018,3,29,7,0,8.86,8.05
2018,3,29,8,0,42.72,5.58
2018,3,29,9,0,57.36,5.94
2018,3,29,10,0,96.72,3.5
2018,3,29,11,0,83.84,2.5300000000000002
2018,3,29,12,0,103.10000000000001,3.0500000000000003
2018,3,29,13,0,130.8,2.34
2018,3,29,14,0,133.2,2.08
2018,3,29,15,0,123.33,2.14
2018,3,29,16,0,132.16,1.27
2018,3,29,17,0,185.74,1.46
2018,3,29,18,0,196.42000000000002,1.6400000000000001
2018,3,29,19,0,246.06,1.3800000000000001
2018,3,29,20,0,247.07,0.61
2018,3,29,21,0,176.95000000000002,1.22
2018,3,29,22,0,195.78,1.79
2018,3,29,23,0,189.39000000000001,1.6
2018,3,30,0,0,210.13,1.6
2018,3,30,1,0,200.69,1.98
2018,3,30,2,0,195.63,1.42
2018,3,30,3,0,218.65,0.8
2018,3,30,4,0,258.84000000000003,1
2018,3,30,5,0,329.91,0.97
2018,3,30,6,0,345.84000000000003,2.4
2018,3,30,7,0,358.57,2.88
2018,3,30,8,0,33.31,4.93
2018,3,30,9,0,356.13,3.36
2018,3,30,10,0,320.29,3.97
2018,3,30,11,0,351.84000000000003,3.2800000000000002
2018,3,30,12,0,358.96,4.29
2018,3,30,13,0,358.09000000000003,7.71
2018,3,30,14,0,359.83,8.76
2018,3,30,15,0,4.96,9.200000000000001
2018,3,30,16,0,11.870000000000001,7.51
2018,3,30,17,0,22.54,9.23
2018,3,30,18,0,328.87,4.09
2018,3,30,19,0,316.08,4.17
2018,3,30,20,0,344.7,3
2018,3,30,21,0,22.62,6.75
2018,3,30,22,0,19.84,6.59
2018,3,30,23,0,13.17,7.16
2018,3,31,0,0,18.740000000000002,5.7
2018,3,31,1,0,14.9,4.82
2018,3,31,2,0,10.700000000000001,4.8500000000000005
2018,3,31,3,0,359.79,4.11
2018,3,31,4,0,346.3,3.2
2018,3,31,5,0,318.5,2.79
2018,3,31,6,0,357.98,4.22
2018,3,31,7,0,18.2,10.07
2018,3,31,8,0,15.67,11.59
2018,3,31,9,0,12.3,12.17
2018,3,31,10,0,15.42,10.25
2018,3,31,11,0,23.47,8.14
2018,3,31,12,0,19.36,7.11
2018,3,31,13,0,30.990000000000002,9.48
2018,3,31,14,0,26.37,7.99
2018,3,31,15,0,32.27,6.16
2018,3,31,16,0,17.91,3.31
2018,3,31,17,0,17.12,4.29
2018,3,31,18,0,21.26,4.66
2018,3,31,19,0,27.77,4.8
2018,3,31,20,0,32.62,5.48
2018,3,31,21,0,34,3.59
2018,3,31,22,0,304.88,1.97
2018,3,31,23,0,290.8,2.99
2018,4,1,0,0,267.64,3.14
2018,4,1,1,0,268.57,3.06
2018,4,1,2,0,283.72,2.11
2018,4,1,3,0,282.90000000000003,0.48
2018,4,1,4,0,260.27,1.01
2018,4,1,5,0,265.67,1.37
2018,4,1,6,0,267.92,2.04
2018,4,1,7,0,269.44,2.5
2018,4,1,8,0,258.46,2.42
2018,4,1,9,0,229.25,2.05
2018,4,1,10,0,222.13,1.9000000000000001
2018,4,1,11,0,208.08,1.94
2018,4,1,12,0,193.78,2.39
2018,4,1,13,0,204.57,2.39
2018,4,1,14,0,210.38,2.73
2018,4,1,15,0,201.11,2.7
2018,4,1,16,0,197.04,2.61
2018,4,1,17,0,191.21,2.04
2018,4,1,18,0,176.31,2.43
2018,4,1,19,0,174.37,2.2
2018,4,1,20,0,163.57,1.54
2018,4,1,21,0,193.20000000000002,1.1300000000000001
2018,4,1,22,0,258.39,0.72
2018,4,1,23,0,30.52,1.3
2018,4,2,0,0,34.86,1.83
2018,4,2,1,0,33.230000000000004,5.34
2018,4,2,2,0,3.15,3.67
2018,4,2,3,0,12.98,8.35
2018,4,2,4,0,34.57,5.2
2018,4,2,5,0,2.0300000000000002,4.43
2018,4,2,6,0,6.7,13.43
2018,4,2,7,0,5.66,13.17
2018,4,2,8,0,6.5200000000000005,13.85
2018,4,2,9,0,10.9,13.59
2018,4,2,10,0,19.23,11.74
2018,4,2,11,0,24.41,14.08
2018,4,2,12,0,19.56,13.5
2018,4,2,13,0,14.33,14.030000000000001
2018,4,2,14,0,14.77,17.36
2018,4,2,15,0,13.68,18.36
2018,4,2,16,0,14.77,18.8
2018,4,2,17,0,17.06,17.990000000000002
2018,4,2,18,0,18.25,17.8
2018,4,2,19,0,19.48,17.95
2018,4,2,20,0,19.78,17.25
2018,4,2,21,0,22.38,17.11
2018,4,2,22,0,22.86,17.22
2018,4,2,23,0,20.85,16.65
2018,4,3,0,0,19.330000000000002,16.68
2018,4,3,1,0,24.13,14.620000000000001
2018,4,3,2,0,30.76,13.32
2018,4,3,3,0,29.900000000000002,13.39
2018,4,3,4,0,24.09,13.43
2018,4,3,5,0,17.09,12.22
2018,4,3,6,0,22.080000000000002,13.93
2018,4,3,7,0,29.11,14.75
2018,4,3,8,0,29.19,15.18
2018,4,3,9,0,29.47,15.4
2018,4,3,10,0,30.5,13.89
2018,4,3,11,0,28.310000000000002,11.6
2018,4,3,12,0,28.76,10.620000000000001
2018,4,3,13,0,30.86,11.19
2018,4,3,14,0,30.28,12.27
2018,4,3,15,0,30.1,13.450000000000001
2018,4,3,16,0,25.66,13.66
2018,4,3,17,0,31.05,14
2018,4,3,18,0,32.69,13.11
2018,4,3,19,0,29.21,13.25
2018,4,3,20,0,34.65,12.41
2018,4,3,21,0,38.13,12.33
2018,4,3,22,0,33.05,11.8
2018,4,3,23,0,32.78,11.71
2018,4,4,0,0,27.01,13.32
2018,4,4,1,0,27.71,13.47
2018,4,4,2,0,25.61,14.11
2018,4,4,3,0,27.810000000000002,14.51
2018,4,4,4,0,27.71,14.81
2018,4,4,5,0,23.77,14.450000000000001
2018,4,4,6,0,23.63,13.77
2018,4,4,7,0,23.19,13.120000000000001
2018,4,4,8,0,30.44,12.58
2018,4,4,9,0,29.830000000000002,12.17
2018,4,4,10,0,30.34,12.530000000000001
2018,4,4,11,0,30.6,12.8
2018,4,4,12,0,25.87,13.120000000000001
2018,4,4,13,0,22.47,12.84
2018,4,4,14,0,27.2,12.61
2018,4,4,15,0,27.96,12.74
2018,4,4,16,0,26.8,11.83
2018,4,4,17,0,30.580000000000002,11.76
2018,4,4,18,0,30.92,12.64
2018,4,4,19,0,27.88,13.38
2018,4,4,20,0,26.48,12.94
2018,4,4,21,0,27.07,14.040000000000001
2018,4,4,22,0,30.77,14.65
2018,4,4,23,0,35.47,16.05
2018,4,5,0,0,40.35,16.68
2018,4,5,1,0,42.550000000000004,17.32
2018,4,5,2,0,43.910000000000004,16.990000000000002
2018,4,5,3,0,42.02,17.330000000000002
2018,4,5,4,0,42.79,16.95
2018,4,5,5,0,46.25,16.63
2018,4,5,6,0,59.85,11.98
2018,4,5,7,0,71.85000000000001,10.39
2018,4,5,8,0,74.42,3.7600000000000002
2018,4,5,9,0,81.88,5.14
2018,4,5,10,0,69.23,4.3100000000000005
2018,4,5,11,0,77.41,3.73
2018,4,5,12,0,103.87,3.52
2018,4,5,13,0,127.14,5.87
2018,4,5,14,0,95.57000000000001,4.42
2018,4,5,15,0,82.27,5.5
2018,4,5,16,0,91.8,7.69
2018,4,5,17,0,95.27,8.15
2018,4,5,18,0,79.79,6.04
2018,4,5,19,0,96.33,4.45
2018,4,5,20,0,111.8,4.44
2018,4,5,21,0,119.01,0.41000000000000003
2018,4,5,22,0,344.79,1.75
2018,4,5,23,0,87.08,4.32
2018,4,6,0,0,51.550000000000004,3.6
2018,4,6,1,0,37.84,5.17
2018,4,6,2,0,42,3.34
2018,4,6,3,0,50.410000000000004,4.25
2018,4,6,4,0,66.23,3.98
2018,4,6,5,0,66.49,5.1000000000000005
2018,4,6,6,0,69.58,4.78
2018,4,6,7,0,43.32,4.17
2018,4,6,8,0,24.85,5.43
2018,4,6,9,0,21.38,5.21
2018,4,6,10,0,25.53,6.63
2018,4,6,11,0,31.26,6.8
2018,4,6,12,0,40.34,8.31
2018,4,6,13,0,40.99,8.790000000000001
2018,4,6,14,0,35.22,8.290000000000001
2018,4,6,15,0,37.06,8.66
2018,4,6,16,0,28.240000000000002,8.61
2018,4,6,17,0,26.310000000000002,7.11
2018,4,6,18,0,13.74,6.99
2018,4,6,19,0,17.22,6.79
2018,4,6,20,0,18.71,6.73
2018,4,6,21,0,30.87,6.04
2018,4,6,22,0,32.15,5.0200000000000005
2018,4,6,23,0,34.160000000000004,4.69
2018,4,7,0,0,40.63,4.67
2018,4,7,1,0,38.5,4.82
2018,4,7,2,0,45.46,3.2
2018,4,7,3,0,42.39,2.88
2018,4,7,4,0,52.120000000000005,3.81
2018,4,7,5,0,53.59,3.27
2018,4,7,6,0,62.480000000000004,2.08
2018,4,7,7,0,53.38,1.41
2018,4,7,8,0,8.14,1.48
2018,4,7,9,0,4.99,2.39
2018,4,7,10,0,20.830000000000002,1.82
2018,4,7,11,0,8.44,3.47
2018,4,7,12,0,1.77,5.12
2018,4,7,13,0,8.4,5.24
2018,4,7,14,0,13.96,5.0600000000000005
2018,4,7,15,0,16.26,6.63
2018,4,7,16,0,11.02,5.87
2018,4,7,17,0,18.740000000000002,6.04
2018,4,7,18,0,18.17,6.72
2018,4,7,19,0,21.900000000000002,6.92
2018,4,7,20,0,21.42,6.8100000000000005
2018,4,7,21,0,20.490000000000002,6.97
2018,4,7,22,0,15.25,8.01
2018,4,7,23,0,20.56,7.32
2018,4,8,0,0,31.71,5.8
2018,4,8,1,0,34.06,3.75
2018,4,8,2,0,41.300000000000004,1.08
2018,4,8,3,0,320.66,0.8
2018,4,8,4,0,325.05,2
2018,4,8,5,0,349.94,3.0100000000000002
2018,4,8,6,0,9.61,3.18
2018,4,8,7,0,31.46,2.89
2018,4,8,8,0,51.620000000000005,1.82
2018,4,8,9,0,86.66,1.46
2018,4,8,10,0,134.66,0.55
2018,4,8,11,0,320.51,0.66
2018,4,8,12,0,4.79,0.61
2018,4,8,13,0,48.980000000000004,0.49
2018,4,8,14,0,336.05,1.21
2018,4,8,15,0,321.67,0.3
2018,4,8,16,0,53.64,1.18
2018,4,8,17,0,60.17,2.34
2018,4,8,18,0,52.35,2.54
2018,4,8,19,0,66.89,1.99
2018,4,8,20,0,38.26,2.83
2018,4,8,21,0,33.06,4.87
2018,4,8,22,0,41.410000000000004,4.98
2018,4,8,23,0,40.96,5.05
2018,4,9,0,0,41.94,5.16
2018,4,9,1,0,45.53,4.3
2018,4,9,2,0,49.03,2.83
2018,4,9,3,0,50.870000000000005,2.18
2018,4,9,4,0,31.76,1.8900000000000001
2018,4,9,5,0,29.3,2.47
2018,4,9,6,0,27.79,3
2018,4,9,7,0,5.23,3.7
2018,4,9,8,0,13.88,7.08
2018,4,9,9,0,23.21,8.47
2018,4,9,10,0,25.41,10.290000000000001
2018,4,9,11,0,27.42,10.25
2018,4,9,12,0,25.36,10.57
2018,4,9,13,0,24.64,11.040000000000001
2018,4,9,14,0,23.17,11.59
2018,4,9,15,0,22.57,11.81
2018,4,9,16,0,24.59,11.82
2018,4,9,17,0,32.55,12.02
2018,4,9,18,0,36.53,12.64
2018,4,9,19,0,37.14,14
2018,4,9,20,0,35.09,13.370000000000001
2018,4,9,21,0,35.69,15.09
2018,4,9,22,0,37.79,15.35
2018,4,9,23,0,38.29,14.75
2018,4,10,0,0,41.19,14.700000000000001
2018,4,10,1,0,40.27,14.620000000000001
2018,4,10,2,0,47.96,14.22
2018,4,10,3,0,57.65,14.93
2018,4,10,4,0,46.800000000000004,14.780000000000001
2018,4,10,5,0,46.06,14.27
2018,4,10,6,0,34.9,11.57
2018,4,10,7,0,29.580000000000002,13.84
2018,4,10,8,0,28.04,15.1
2018,4,10,9,0,30.060000000000002,16.41
2018,4,10,10,0,32.15,17.09
2018,4,10,11,0,16.830000000000002,17.07
2018,4,10,12,0,20.81,17.240000000000002
2018,4,10,13,0,30.67,19.45
2018,4,10,14,0,27.72,19.11
2018,4,10,15,0,22.52,19.62
2018,4,10,16,0,27.2,19.27
2018,4,10,17,0,20.94,18.02
2018,4,10,18,0,24.990000000000002,17.1
2018,4,10,19,0,27.1,16.76
2018,4,10,20,0,34.79,14.63
2018,4,10,21,0,37.11,14.22
2018,4,10,22,0,39.74,14.43
2018,4,10,23,0,37.96,15.31
2018,4,11,0,0,37.79,13.950000000000001
2018,4,11,1,0,34.99,13.06
2018,4,11,2,0,42.28,11.55
2018,4,11,3,0,41.050000000000004,10.27
2018,4,11,4,0,41.77,9.39
2018,4,11,5,0,27.37,6.19
2018,4,11,6,0,359.02,4.49
2018,4,11,7,0,325.52,5.41
2018,4,11,8,0,16.330000000000002,3.2800000000000002
2018,4,11,9,0,47.28,4.67
2018,4,11,10,0,38.99,4.37
2018,4,11,11,0,43.31,9.15
2018,4,11,12,0,44.480000000000004,9.66
2018,4,11,13,0,41.660000000000004,9.67
2018,4,11,14,0,37.65,9.19
2018,4,11,15,0,27.88,8.25
2018,4,11,16,0,29.57,8.15
2018,4,11,17,0,23.17,9.28
2018,4,11,18,0,26.76,9.03
2018,4,11,19,0,9.03,11.040000000000001
2018,4,11,20,0,23.44,12.280000000000001
2018,4,11,21,0,45.59,14.17
2018,4,11,22,0,39.99,15.92
2018,4,11,23,0,41.74,14.280000000000001
2018,4,12,0,0,80.68,7.5200000000000005
2018,4,12,1,0,157.64000000000001,3.2
2018,4,12,2,0,98.54,1.03
2018,4,12,3,0,60.15,2.7600000000000002
2018,4,12,4,0,106.85000000000001,2.81
2018,4,12,5,0,17.580000000000002,6.66
2018,4,12,6,0,13.46,8.47
2018,4,12,7,0,20.87,7.3
2018,4,12,8,0,29.59,6.42
2018,4,12,9,0,18.03,7.94
2018,4,12,10,0,14.93,8.94
2018,4,12,11,0,27.830000000000002,8.3
2018,4,12,12,0,20.79,8.33
2018,4,12,13,0,25.46,7.41
2018,4,12,14,0,35.83,6.26
2018,4,12,15,0,35.84,5.67
2018,4,12,16,0,32.67,5.16
2018,4,12,17,0,36.63,4.92
2018,4,12,18,0,23.98,6.38
2018,4,12,19,0,40.74,6.12
2018,4,12,20,0,36.99,7.07
2018,4,12,21,0,41.730000000000004,7.22
2018,4,12,22,0,44.36,7.390000000000001
2018,4,12,23,0,41.550000000000004,7.41
2018,4,13,0,0,39.6,6.8100000000000005
2018,4,13,1,0,35.29,5.8
2018,4,13,2,0,31.87,5.2
2018,4,13,3,0,28.8,4.91
2018,4,13,4,0,36.46,5.13
2018,4,13,5,0,50.6,6.62
2018,4,13,6,0,44.38,6.2700000000000005
2018,4,13,7,0,31.86,4.84
2018,4,13,8,0,27.26,3.49
2018,4,13,9,0,21.6,4.3100000000000005
2018,4,13,10,0,37.57,3.83
2018,4,13,11,0,42.97,3.72
2018,4,13,12,0,51,4.32
2018,4,13,13,0,50.4,3.94
2018,4,13,14,0,52.01,3.4
2018,4,13,15,0,60.22,3.92
2018,4,13,16,0,51.38,2.84
2018,4,13,17,0,18.1,2.14
2018,4,13,18,0,359.85,1.84
2018,4,13,19,0,32.07,2.71
2018,4,13,20,0,24.150000000000002,3.41
2018,4,13,21,0,10.18,3.41
2018,4,13,22,0,35.53,2.23
2018,4,13,23,0,16.79,1.5
2018,4,14,0,0,351.08,1.37
2018,4,14,1,0,323.8,1.21
2018,4,14,2,0,287.58,0.34
2018,4,14,3,0,275.86,1.29
2018,4,14,4,0,264.8,1.43
2018,4,14,5,0,250.81,2.2
2018,4,14,6,0,238.44,2.97
2018,4,14,7,0,225.20000000000002,3.06
2018,4,14,8,0,208.25,2.95
2018,4,14,9,0,194.09,3.25
2018,4,14,10,0,202.9,3.46
2018,4,14,11,0,212.74,3.81
2018,4,14,12,0,187.03,3.6
2018,4,14,13,0,190.96,3.77
2018,4,14,14,0,187.11,4.21
2018,4,14,15,0,183.51,3.42
2018,4,14,16,0,214.15,3.24
2018,4,14,17,0,222.24,3.1
2018,4,14,18,0,188.78,2.25
2018,4,14,19,0,199.83,2.06
2018,4,14,20,0,196.02,2.05
2018,4,14,21,0,196.75,2
2018,4,14,22,0,238.74,2.09
2018,4,14,23,0,258.79,1.6500000000000001
2018,4,15,0,0,327.59000000000003,0.43
2018,4,15,1,0,3.45,2.9
2018,4,15,2,0,0.37,3.74
2018,4,15,3,0,339.94,3.43
2018,4,15,4,0,352.74,3.5300000000000002
2018,4,15,5,0,11.22,4.1
2018,4,15,6,0,17.8,4.44
2018,4,15,7,0,35.68,4.66
2018,4,15,8,0,42.09,4.1
2018,4,15,9,0,43.42,4.49
2018,4,15,10,0,42.99,5.46
2018,4,15,11,0,46.84,5.5600000000000005
2018,4,15,12,0,54.51,7.45
2018,4,15,13,0,49.74,7.28
2018,4,15,14,0,42.25,6.49
2018,4,15,15,0,38.68,7.11
2018,4,15,16,0,43.47,5.86
2018,4,15,17,0,43.52,6.7
2018,4,15,18,0,37.92,6.8500000000000005
2018,4,15,19,0,39.6,6.34
2018,4,15,20,0,38.160000000000004,5.0200000000000005
2018,4,15,21,0,34.11,4.65
2018,4,15,22,0,41.39,3.93
2018,4,15,23,0,41.53,5.34
2018,4,16,0,0,35.24,4.95
2018,4,16,1,0,26.2,4.14
2018,4,16,2,0,29.900000000000002,4.3500000000000005
2018,4,16,3,0,33.18,4.63
2018,4,16,4,0,29.09,3.83
2018,4,16,5,0,32.160000000000004,4.24
2018,4,16,6,0,32.480000000000004,4.62
2018,4,16,7,0,16.22,5.42
2018,4,16,8,0,17.07,7.22
2018,4,16,9,0,25.27,7.22
2018,4,16,10,0,27.91,7.16
2018,4,16,11,0,24.46,7.87
2018,4,16,12,0,20.73,7.44
2018,4,16,13,0,22.330000000000002,7.8100000000000005
2018,4,16,14,0,23.35,8.25
2018,4,16,15,0,24.150000000000002,8.63
2018,4,16,16,0,27.71,8.57
2018,4,16,17,0,28.07,8.1
2018,4,16,18,0,28.68,7.8100000000000005
2018,4,16,19,0,31.830000000000002,7.3
2018,4,16,20,0,32.75,6.59
2018,4,16,21,0,33.730000000000004,5.84
2018,4,16,22,0,33.08,5.51
2018,4,16,23,0,33.160000000000004,4.3
2018,4,17,0,0,29.7,3.88
2018,4,17,1,0,18.84,3.49
2018,4,17,2,0,27.36,3.92
2018,4,17,3,0,29.78,4
2018,4,17,4,0,29.7,4.5200000000000005
2018,4,17,5,0,31.21,4.5
2018,4,17,6,0,28.580000000000002,4.78
2018,4,17,7,0,24.01,4.93
2018,4,17,8,0,16.330000000000002,5.4
2018,4,17,9,0,22.39,7.25
2018,4,17,10,0,27.04,8.72
2018,4,17,11,0,30.66,9.56
2018,4,17,12,0,25.68,10.42
2018,4,17,13,0,30.150000000000002,10.26
2018,4,17,14,0,40.11,10.870000000000001
2018,4,17,15,0,34.71,10.91
2018,4,17,16,0,34.26,10.6
2018,4,17,17,0,34.88,9.950000000000001
2018,4,17,18,0,33.72,9.790000000000001
2018,4,17,19,0,32,10.48
2018,4,17,20,0,33.25,11.1
2018,4,17,21,0,37.5,11.46
2018,4,17,22,0,37.04,11.63
2018,4,17,23,0,33.87,12.02
2018,4,18,0,0,32,12.47
2018,4,18,1,0,31.75,12.81
2018,4,18,2,0,31.3,13.34
2018,4,18,3,0,32.410000000000004,14.32
2018,4,18,4,0,32.79,15.02
2018,4,18,5,0,34.09,15.17
2018,4,18,6,0,34.36,15.040000000000001
2018,4,18,7,0,35.2,14.22
2018,4,18,8,0,36.14,14.6
2018,4,18,9,0,35.14,14.32
2018,4,18,10,0,34.22,14.790000000000001
2018,4,18,11,0,34.01,14.23
2018,4,18,12,0,35.03,13.77
2018,4,18,13,0,36.65,13.27
2018,4,18,14,0,35.49,12.6
2018,4,18,15,0,34.36,12.4
2018,4,18,16,0,31.27,12.59
2018,4,18,17,0,32.56,11.98
2018,4,18,18,0,34.56,11.88
2018,4,18,19,0,37,12.09
2018,4,18,20,0,35.62,11.84
2018,4,18,21,0,33.74,11.92
2018,4,18,22,0,36.42,12.74
2018,4,18,23,0,37.52,13.26
2018,4,19,0,0,35.92,13.94
2018,4,19,1,0,30.17,14.46
2018,4,19,2,0,23.41,12.64
2018,4,19,3,0,25.19,12.790000000000001
2018,4,19,4,0,25.66,12.51
2018,4,19,5,0,28.02,11.96
2018,4,19,6,0,31.44,14.46
2018,4,19,7,0,27.85,14.57
2018,4,19,8,0,22.72,14.09
2018,4,19,9,0,27.810000000000002,13.76
2018,4,19,10,0,27.41,14.15
2018,4,19,11,0,28.16,14.73
2018,4,19,12,0,27.64,14.35
2018,4,19,13,0,25.650000000000002,14.41
2018,4,19,14,0,17.12,14.86
2018,4,19,15,0,20.47,15.21
2018,4,19,16,0,25.75,15.36
2018,4,19,17,0,24.75,15.16
2018,4,19,18,0,29.13,14.22
2018,4,19,19,0,23.62,11.01
2018,4,19,20,0,31.45,8.58
2018,4,19,21,0,38.44,7.88
2018,4,19,22,0,40.29,8.86
2018,4,19,23,0,41.230000000000004,6.640000000000001
2018,4,20,0,0,50.25,5.87
2018,4,20,1,0,55.050000000000004,4.49
2018,4,20,2,0,56.120000000000005,3.62
2018,4,20,3,0,51.19,3.62
2018,4,20,4,0,54.43,4.12
2018,4,20,5,0,36.89,4.7700000000000005
2018,4,20,6,0,75.85000000000001,3.97
2018,4,20,7,0,96.48,2.02
2018,4,20,8,0,172.26,2.77
2018,4,20,9,0,198.18,4.03
2018,4,20,10,0,214.99,6.12
2018,4,20,11,0,200.52,6.08
2018,4,20,12,0,202.15,6.13
2018,4,20,13,0,199.6,4.39
2018,4,20,14,0,180.73,3.08
2018,4,20,15,0,155.87,3.73
2018,4,20,16,0,159.45000000000002,3.45
2018,4,20,17,0,161.28,2.9
2018,4,20,18,0,154.3,1.99
2018,4,20,19,0,105.02,1.29
2018,4,20,20,0,26.86,1.36
2018,4,20,21,0,13.61,4.4
2018,4,20,22,0,22.59,4.63
2018,4,20,23,0,21.32,4.7
2018,4,21,0,0,17.1,5.34
2018,4,21,1,0,32.660000000000004,5.41
2018,4,21,2,0,33.89,5.73
2018,4,21,3,0,22.580000000000002,5.5200000000000005
2018,4,21,4,0,12.780000000000001,4.5200000000000005
2018,4,21,5,0,4.21,3.86
2018,4,21,6,0,30.6,3.11
2018,4,21,7,0,107.42,4.96
2018,4,21,8,0,36.12,3.18
2018,4,21,9,0,36.980000000000004,5.49
2018,4,21,10,0,39.89,6.1000000000000005
2018,4,21,11,0,33.32,6.38
2018,4,21,12,0,32.61,6.63
2018,4,21,13,0,51.65,6.79
2018,4,21,14,0,70.61,9.76
2018,4,21,15,0,62.03,10.51
2018,4,21,16,0,64.92,12.13
2018,4,21,17,0,67.04,11.83
2018,4,21,18,0,62.92,12.73
2018,4,21,19,0,63.42,13.120000000000001
2018,4,21,20,0,56.050000000000004,11.93
2018,4,21,21,0,64.62,11.42
2018,4,21,22,0,58.21,12.71
2018,4,21,23,0,51.36,11.47
2018,4,22,0,0,64.83,7.69
2018,4,22,1,0,88.76,8.78
2018,4,22,2,0,107.60000000000001,5.87
2018,4,22,3,0,100.07000000000001,7.15
2018,4,22,4,0,105.71000000000001,7.42
2018,4,22,5,0,107,7.55
2018,4,22,6,0,84.7,5.8100000000000005
2018,4,22,7,0,73.67,9.28
2018,4,22,8,0,61.660000000000004,8.69
2018,4,22,9,0,76.58,6.5200000000000005
2018,4,22,10,0,65.78,7.2700000000000005
2018,4,22,11,0,68.39,10.06
2018,4,22,12,0,64.49,9.07
2018,4,22,13,0,75.95,10.69
2018,4,22,14,0,68.38,11.26
2018,4,22,15,0,62.6,10.790000000000001
2018,4,22,16,0,60.980000000000004,11.89
2018,4,22,17,0,54.35,12.27
2018,4,22,18,0,48.96,14.76
2018,4,22,19,0,47.52,16.94
2018,4,22,20,0,40.9,15.450000000000001
2018,4,22,21,0,31.86,14.26
2018,4,22,22,0,37.71,15.9
2018,4,22,23,0,30.560000000000002,14.51
2018,4,23,0,0,37.59,13.81
2018,4,23,1,0,35.67,13.17
2018,4,23,2,0,43.24,14.26
2018,4,23,3,0,47.410000000000004,13.08
2018,4,23,4,0,41.660000000000004,14.56
2018,4,23,5,0,50.17,8.55
2018,4,23,6,0,56.32,13.94
2018,4,23,7,0,48.56,14
2018,4,23,8,0,43.37,14.64
2018,4,23,9,0,52.870000000000005,13.55
2018,4,23,10,0,43.97,12.48
2018,4,23,11,0,46.44,11.72
2018,4,23,12,0,37.46,12.41
2018,4,23,13,0,28.87,11.74
2018,4,23,14,0,40.300000000000004,12.05
2018,4,23,15,0,40.88,12.96
2018,4,23,16,0,36.81,7.74
2018,4,23,17,0,55.7,9.92
2018,4,23,18,0,24.54,9.1
2018,4,23,19,0,38.15,7.65
2018,4,23,20,0,54.410000000000004,10.46
2018,4,23,21,0,52.68,7.5
2018,4,23,22,0,48.13,8.68
2018,4,23,23,0,170.99,0.51
2018,4,24,0,0,168.08,2.63
2018,4,24,1,0,185.64000000000001,7.59
2018,4,24,2,0,205.06,8.27
2018,4,24,3,0,206.20000000000002,7.03
2018,4,24,4,0,227.23000000000002,6.7
2018,4,24,5,0,227.5,6.92
2018,4,24,6,0,230.95000000000002,3.92
2018,4,24,7,0,259.44,2.36
2018,4,24,8,0,15.82,2.31
2018,4,24,9,0,69.5,2.99
2018,4,24,10,0,26.64,0.88
2018,4,24,11,0,5.7,3.16
2018,4,24,12,0,7.66,5.0600000000000005
2018,4,24,13,0,48.7,4.63
2018,4,24,14,0,71.06,4.53
2018,4,24,15,0,25.77,9.85
2018,4,24,16,0,20.44,12.280000000000001
2018,4,24,17,0,24.96,14.290000000000001
2018,4,24,18,0,22.53,14.8
2018,4,24,19,0,19.62,14.94
2018,4,24,20,0,20.52,14.59
2018,4,24,21,0,18.150000000000002,14.01
2018,4,24,22,0,21.94,12.68
2018,4,24,23,0,22.57,11.98
2018,4,25,0,0,18.22,12
2018,4,25,1,0,14.89,11.77
2018,4,25,2,0,11.72,11.77
2018,4,25,3,0,13.15,11.34
2018,4,25,4,0,16.6,11.24
2018,4,25,5,0,16.85,10.22
2018,4,25,6,0,18.28,8.63
2018,4,25,7,0,19.52,7.67
2018,4,25,8,0,21.39,7.24
2018,4,25,9,0,25.07,7.03
2018,4,25,10,0,23.81,6.53
2018,4,25,11,0,17.09,6.8
2018,4,25,12,0,14.93,7.08
2018,4,25,13,0,14.14,6.37
2018,4,25,14,0,10.26,5.73
2018,4,25,15,0,17.62,5.08
2018,4,25,16,0,22.72,3.7800000000000002
2018,4,25,17,0,23.72,2.7600000000000002
2018,4,25,18,0,23.2,1.73
2018,4,25,19,0,59.19,0.58
2018,4,25,20,0,171.71,0.25
2018,4,25,21,0,221.13,1.5
2018,4,25,22,0,247.94,2.27
2018,4,25,23,0,232.64000000000001,1.46
2018,4,26,0,0,229.70000000000002,1.35
2018,4,26,1,0,203.66,1.77
2018,4,26,2,0,168.04,1.86
2018,4,26,3,0,164.34,1.1400000000000001
2018,4,26,4,0,175.4,1.35
2018,4,26,5,0,208.65,1.16
2018,4,26,6,0,247.47,0.6900000000000001
2018,4,26,7,0,50.120000000000005,0.51
2018,4,26,8,0,42.53,1.05
2018,4,26,9,0,50.26,2.15
2018,4,26,10,0,37.59,2.14
2018,4,26,11,0,51.78,2.58
2018,4,26,12,0,65.72,3.41
2018,4,26,13,0,97.47,2.48
2018,4,26,14,0,103.26,2.58
2018,4,26,15,0,352.96,0.9400000000000001
2018,4,26,16,0,349.78000000000003,2.83
2018,4,26,17,0,14.370000000000001,6.5600000000000005
2018,4,26,18,0,32.910000000000004,3.67
2018,4,26,19,0,42.01,4.1
2018,4,26,20,0,48.120000000000005,5.88
2018,4,26,21,0,53.29,5.0600000000000005
2018,4,26,22,0,38.56,4.1
2018,4,26,23,0,31.09,2.91
2018,4,27,0,0,308.43,1.8
2018,4,27,1,0,289.66,3.5100000000000002
2018,4,27,2,0,313.12,2.34
2018,4,27,3,0,309.35,2.38
2018,4,27,4,0,310.87,2.29
2018,4,27,5,0,307.95,2.63
2018,4,27,6,0,308.26,2.93
2018,4,27,7,0,315.91,2.87
2018,4,27,8,0,336.53000000000003,1.77
2018,4,27,9,0,11.24,1.95
2018,4,27,10,0,19.29,2.29
2018,4,27,11,0,26.75,3.64
2018,4,27,12,0,27.84,4.13
2018,4,27,13,0,48.93,3.43
2018,4,27,14,0,52.51,3.89
2018,4,27,15,0,54.38,3.87
2018,4,27,16,0,36.4,3.7800000000000002
2018,4,27,17,0,29.36,3.09
2018,4,27,18,0,28.560000000000002,2.94
2018,4,27,19,0,28.43,3.3000000000000003
2018,4,27,20,0,33.53,3.77
2018,4,27,21,0,35.660000000000004,4.16
2018,4,27,22,0,37.38,4.3100000000000005
2018,4,27,23,0,23.02,4.5
2018,4,28,0,0,12.040000000000001,5.04
2018,4,28,1,0,0.56,5.16
2018,4,28,2,0,357.37,5.1000000000000005
2018,4,28,3,0,0.01,5.96
2018,4,28,4,0,12.3,5.91
2018,4,28,5,0,2,4.44
2018,4,28,6,0,0.84,3.41
2018,4,28,7,0,346.7,1.94
2018,4,28,8,0,255.11,2.46
2018,4,28,9,0,235.89000000000001,3.8000000000000003
2018,4,28,10,0,252.21,1.62
2018,4,28,11,0,308.63,0.81
2018,4,28,12,0,78.74,1.1
2018,4,28,13,0,72.17,3.17
2018,4,28,14,0,76.93,3.49
2018,4,28,15,0,51.17,3.24
2018,4,28,16,0,12.77,7.12
2018,4,28,17,0,17.45,8.63
2018,4,28,18,0,11.77,9.22
2018,4,28,19,0,10.950000000000001,8.88
2018,4,28,20,0,19.53,9.02
2018,4,28,21,0,14.88,9.23
2018,4,28,22,0,10.02,9.16
2018,4,28,23,0,17.84,10.24
2018,4,29,0,0,26.52,8.35
2018,4,29,1,0,28.3,8.28
2018,4,29,2,0,15.280000000000001,9.61
2018,4,29,3,0,5.2700000000000005,9.89
2018,4,29,4,0,5.38,9.78
2018,4,29,5,0,7.08,8.58
2018,4,29,6,0,1.52,8.92
2018,4,29,7,0,352.63,8.6
2018,4,29,8,0,354.08,7.54
2018,4,29,9,0,356.88,6.76
2018,4,29,10,0,0.27,5.21
2018,4,29,11,0,355.06,3.96
2018,4,29,12,0,357.66,2.95
2018,4,29,13,0,11.38,2.5300000000000002
2018,4,29,14,0,36.230000000000004,2.5500000000000003
2018,4,29,15,0,16.04,0.9
2018,4,29,16,0,50.32,0.26
2018,4,29,17,0,11.42,1.04
2018,4,29,18,0,341.77,1.11
2018,4,29,19,0,316.01,1.72
2018,4,29,20,0,12.870000000000001,2.64
2018,4,29,21,0,18,3.29
2018,4,29,22,0,351.08,3.02
2018,4,29,23,0,350.28000000000003,2.88
2018,4,30,0,0,12.21,2.7800000000000002
2018,4,30,1,0,359.83,2.1
2018,4,30,2,0,314.58,1.67
2018,4,30,3,0,305.54,2.17
2018,4,30,4,0,287.52,1.8900000000000001
2018,4,30,5,0,298.21,0.58
2018,4,30,6,0,267.36,2.68
2018,4,30,7,0,262.02,3.56
2018,4,30,8,0,255.11,3.73
2018,4,30,9,0,234.27,3.77
2018,4,30,10,0,222.96,5.29
2018,4,30,11,0,215.41,4.1
2018,4,30,12,0,203.58,3.5100000000000002
2018,4,30,13,0,171.75,3.2
2018,4,30,14,0,171.52,4.64
2018,4,30,15,0,166.98,5.42
2018,4,30,16,0,178.1,5
2018,4,30,17,0,215.16,2.59
2018,4,30,18,0,180.81,1.06
2018,4,30,19,0,172.12,2.5500000000000003
2018,4,30,20,0,193.24,2.62
2018,4,30,21,0,212.49,3.35
2018,4,30,22,0,201.58,3.97
2018,4,30,23,0,200.59,5.44
2018,5,1,0,0,207.04,6.13
2018,5,1,1,0,200.70000000000002,5.93
2018,5,1,2,0,192.66,6.32
2018,5,1,3,0,194.78,6.2
2018,5,1,4,0,198.29,5.18
2018,5,1,5,0,198.84,5.22
2018,5,1,6,0,194.78,5.62
2018,5,1,7,0,197.95000000000002,5.24
2018,5,1,8,0,191.44,6.49
2018,5,1,9,0,181.79,7.72
2018,5,1,10,0,187.56,8.18
2018,5,1,11,0,191.36,8.38
2018,5,1,12,0,194.23000000000002,6.8500000000000005
2018,5,1,13,0,212.14000000000001,4.34
2018,5,1,14,0,223.38,4.2700000000000005
2018,5,1,15,0,224.77,3.27
2018,5,1,16,0,226.20000000000002,3.06
2018,5,1,17,0,187.57,3.16
2018,5,1,18,0,188.25,5.12
2018,5,1,19,0,182.06,6.6000000000000005
2018,5,1,20,0,173.07,6.36
2018,5,1,21,0,166.15,6.1000000000000005
2018,5,1,22,0,169.05,5.82
2018,5,1,23,0,176.45000000000002,6.5200000000000005
2018,5,2,0,0,194.1,6.97
2018,5,2,1,0,174.25,7.61
2018,5,2,2,0,194.19,9.52
2018,5,2,3,0,200.41,10.86
2018,5,2,4,0,216.37,11.15
2018,5,2,5,0,203.70000000000002,13.88
2018,5,2,6,0,212.87,13.030000000000001
2018,5,2,7,0,209.04,13.81
2018,5,2,8,0,208.34,13.07
2018,5,2,9,0,208.18,12.4
2018,5,2,10,0,203.93,12.540000000000001
2018,5,2,11,0,230.62,10.19
2018,5,2,12,0,229.56,8.68
2018,5,2,13,0,206.94,6.74
2018,5,2,14,0,212.6,7.63
2018,5,2,15,0,269.07,6.37
2018,5,2,16,0,208.57,4.89
2018,5,2,17,0,208.28,3.94
2018,5,2,18,0,230.52,4.36
2018,5,2,19,0,198.34,6.45
2018,5,2,20,0,193.96,6.3100000000000005
2018,5,2,21,0,196.53,6.29
2018,5,2,22,0,215.03,4.84
2018,5,2,23,0,203.39000000000001,7
2018,5,3,0,0,194.8,7.25
2018,5,3,1,0,236.31,4.78
2018,5,3,2,0,220.15,5.45
2018,5,3,3,0,229.63,7.57
2018,5,3,4,0,233.72,5.93
2018,5,3,5,0,226.13,5.11
2018,5,3,6,0,190.96,2.36
2018,5,3,7,0,184.51,0.9
2018,5,3,8,0,48.620000000000005,1.85
2018,5,3,9,0,39.29,3.75
2018,5,3,10,0,37.29,6.75
2018,5,3,11,0,40.07,7.83
2018,5,3,12,0,38.21,6.95
2018,5,3,13,0,35.11,6.3
2018,5,3,14,0,35.03,6.13
2018,5,3,15,0,52.76,4.93
2018,5,3,16,0,63.99,3.96
2018,5,3,17,0,49.79,5.88
2018,5,3,18,0,48.29,6.07
2018,5,3,19,0,57.27,6.09
2018,5,3,20,0,50.27,8.34
2018,5,3,21,0,53.86,7.17
2018,5,3,22,0,117,1.3900000000000001
2018,5,3,23,0,208.25,1.57
2018,5,4,0,0,335.76,2.66
2018,5,4,1,0,52.76,5.65
2018,5,4,2,0,16.34,5.0600000000000005
2018,5,4,3,0,347.2,5.43
2018,5,4,4,0,354.47,5.92
2018,5,4,5,0,8.55,5.41
2018,5,4,6,0,10.89,4.93
2018,5,4,7,0,32.3,3.2800000000000002
2018,5,4,8,0,44.230000000000004,3.8200000000000003
2018,5,4,9,0,82.09,4.12
2018,5,4,10,0,140,3.71
2018,5,4,11,0,273.43,1.12
2018,5,4,12,0,84.34,1.71
2018,5,4,13,0,45.58,4.32
2018,5,4,14,0,40.12,7.09
2018,5,4,15,0,41.44,9.53
2018,5,4,16,0,100.98,11.42
2018,5,4,17,0,101.87,14.23
2018,5,4,18,0,102.13,15.49
2018,5,4,19,0,107.48,18.04
2018,5,4,20,0,111.66,15.56
2018,5,4,21,0,150.17000000000002,17.56
2018,5,4,22,0,165.27,14.08
2018,5,4,23,0,171.22,14.11
2018,5,5,0,0,162.33,11.950000000000001
2018,5,5,1,0,170.97,17.580000000000002
2018,5,5,2,0,170.33,18.990000000000002
2018,5,5,3,0,169.91,16.65
2018,5,5,4,0,168.85,16.76
2018,5,5,5,0,173.1,17.94
2018,5,5,6,0,168.56,17.67
2018,5,5,7,0,176.17000000000002,18.75
2018,5,5,8,0,174.1,19.19
2018,5,5,9,0,170.43,17.580000000000002
2018,5,5,10,0,171.89000000000001,18.7
2018,5,5,11,0,173.89000000000001,17.42
2018,5,5,12,0,170.56,18.06
2018,5,5,13,0,178.97,16.89
2018,5,5,14,0,178.49,16.64
2018,5,5,15,0,178.54,16.62
2018,5,5,16,0,178.85,15.77
2018,5,5,17,0,182.19,18.38
2018,5,5,18,0,182.51,16.7
2018,5,5,19,0,192.62,16.38
2018,5,5,20,0,198.22,15.72
2018,5,5,21,0,198.41,16.62
2018,5,5,22,0,201.34,16.64
2018,5,5,23,0,199.5,15.950000000000001
2018,5,6,0,0,200.56,16.03
2018,5,6,1,0,197.74,15.25
2018,5,6,2,0,198.58,14.17
2018,5,6,3,0,199.06,12.51
2018,5,6,4,0,198.04,11.120000000000001
2018,5,6,5,0,196.53,14.31
2018,5,6,6,0,193.79,12.9
2018,5,6,7,0,210.5,10.08
2018,5,6,8,0,207.72,12.870000000000001
2018,5,6,9,0,209.6,12.93
2018,5,6,10,0,213.88,10.84
2018,5,6,11,0,212.77,9.5
2018,5,6,12,0,212.53,9.99
2018,5,6,13,0,209.13,8.19
2018,5,6,14,0,211.43,6.0600000000000005
2018,5,6,15,0,208.04,5.17
2018,5,6,16,0,206.57,4.99
2018,5,6,17,0,177.65,3.88
2018,5,6,18,0,209.16,4.3100000000000005
2018,5,6,19,0,256.37,2.15
2018,5,6,20,0,163.01,0.86
2018,5,6,21,0,183.71,1.74
2018,5,6,22,0,258.36,3.31
2018,5,6,23,0,258.88,3.36
2018,5,7,0,0,265.84000000000003,3.06
2018,5,7,1,0,265.81,0.6
2018,5,7,2,0,133.97,1.97
2018,5,7,3,0,136.36,2.64
2018,5,7,4,0,157.59,5.25
2018,5,7,5,0,156.43,5.5600000000000005
2018,5,7,6,0,164.46,6.15
2018,5,7,7,0,184.52,5.29
2018,5,7,8,0,211.52,5.48
2018,5,7,9,0,168.02,1.75
2018,5,7,10,0,176.54,1.6300000000000001
2018,5,7,11,0,198.07,1.42
2018,5,7,12,0,28.26,1.71
2018,5,7,13,0,0.26,1.23
2018,5,7,14,0,8.81,2.86
2018,5,7,15,0,2,2.81
2018,5,7,16,0,13.370000000000001,3.41
2018,5,7,17,0,12.51,4.22
2018,5,7,18,0,19.16,5.75
2018,5,7,19,0,41.15,3.94
2018,5,7,20,0,20.92,4.72
2018,5,7,21,0,10.77,5.73
2018,5,7,22,0,2.2600000000000002,5.71
2018,5,7,23,0,357.48,5.55
2018,5,8,0,0,353.45,6.45
2018,5,8,1,0,0.42,6.99
2018,5,8,2,0,5.98,7.78
2018,5,8,3,0,10.9,7.12
2018,5,8,4,0,15.15,7.86
2018,5,8,5,0,13.790000000000001,8.44
2018,5,8,6,0,15.36,9.43
2018,5,8,7,0,26.12,8.27
2018,5,8,8,0,34.660000000000004,8.46
2018,5,8,9,0,39.59,8.53
2018,5,8,10,0,29.310000000000002,9.34
2018,5,8,11,0,30.38,9.93
2018,5,8,12,0,24.77,10.39
2018,5,8,13,0,29.62,10.790000000000001
2018,5,8,14,0,17.73,10.77
2018,5,8,15,0,22.25,11.3
2018,5,8,16,0,25.43,10.61
2018,5,8,17,0,30.27,10.93
2018,5,8,18,0,34.97,12.65
2018,5,8,19,0,34.53,12.27
2018,5,8,20,0,34.2,11.68
2018,5,8,21,0,34.32,11.370000000000001
2018,5,8,22,0,40.37,13.71
2018,5,8,23,0,37.980000000000004,13.64
2018,5,9,0,0,39.660000000000004,14.19
2018,5,9,1,0,41.14,13.530000000000001
2018,5,9,2,0,30.76,12.870000000000001
2018,5,9,3,0,21.71,12.4
2018,5,9,4,0,37.34,10.52
2018,5,9,5,0,31.93,12.65
2018,5,9,6,0,35.2,13.790000000000001
2018,5,9,7,0,38.730000000000004,14.34
2018,5,9,8,0,26.64,13.01
2018,5,9,9,0,38.27,12.84
2018,5,9,10,0,34.13,12.76
2018,5,9,11,0,32.21,13.18
2018,5,9,12,0,33.19,12.44
2018,5,9,13,0,32.43,11.93
2018,5,9,14,0,24.34,11.89
2018,5,9,15,0,32.62,12.07
2018,5,9,16,0,35.96,10.88
2018,5,9,17,0,26.580000000000002,9.33
2018,5,9,18,0,42.31,8.2
2018,5,9,19,0,40.660000000000004,7.84
2018,5,9,20,0,35.83,8.35
2018,5,9,21,0,23.2,7.930000000000001
2018,5,9,22,0,23.37,8.51
2018,5,9,23,0,25.09,8.53
2018,5,10,0,0,18.64,8.790000000000001
2018,5,10,1,0,20.990000000000002,9.44
2018,5,10,2,0,16.29,9.65
2018,5,10,3,0,17.16,11.03
2018,5,10,4,0,56.53,11.18
2018,5,10,5,0,66.62,11.26
2018,5,10,6,0,72.13,8.35
2018,5,10,7,0,207.11,10.97
2018,5,10,8,0,218.13,11.03
2018,5,10,9,0,200.76,9.03
2018,5,10,10,0,212.73000000000002,5.94
2018,5,10,11,0,207.05,3.92
2018,5,10,12,0,218.25,3.71
2018,5,10,13,0,224.33,2.19
2018,5,10,14,0,28.91,5.18
2018,5,10,15,0,32.86,6.17
2018,5,10,16,0,4.57,6.72
2018,5,10,17,0,35.480000000000004,7.65
2018,5,10,18,0,31.080000000000002,8.92
2018,5,10,19,0,54.9,10.74
2018,5,10,20,0,71.17,8.51
2018,5,10,21,0,91.78,12.32
2018,5,10,22,0,63.04,11.66
2018,5,10,23,0,51.550000000000004,11.64
2018,5,11,0,0,60.980000000000004,9.72
2018,5,11,1,0,95.91,11.94
2018,5,11,2,0,106.19,13.620000000000001
2018,5,11,3,0,108.19,16.97
2018,5,11,4,0,90.29,14.700000000000001
2018,5,11,5,0,91.09,13.72
2018,5,11,6,0,88.05,15.32
2018,5,11,7,0,84.67,14.14
2018,5,11,8,0,83.61,12.39
2018,5,11,9,0,61.29,9.9
2018,5,11,10,0,63.56,12.22
2018,5,11,11,0,62.15,11.17
2018,5,11,12,0,49.08,9.08
2018,5,11,13,0,70,3.31
2018,5,11,14,0,185.72,8.59
2018,5,11,15,0,203.67000000000002,14.18
2018,5,11,16,0,212.02,12.09
2018,5,11,17,0,195.07,17.77
2018,5,11,18,0,194.26,18.46
2018,5,11,19,0,193.13,16.9
2018,5,11,20,0,193.37,16.14
2018,5,11,21,0,193.6,14.870000000000001
2018,5,11,22,0,196.25,15.38
2018,5,11,23,0,194.9,14.09
2018,5,12,0,0,196.92000000000002,12.13
2018,5,12,1,0,207.47,9.290000000000001
2018,5,12,2,0,188.71,7.33
2018,5,12,3,0,230.37,5.36
2018,5,12,4,0,195.11,9.18
2018,5,12,5,0,179.93,11.5
2018,5,12,6,0,196.16,4.98
2018,5,12,7,0,185.23,10.17
2018,5,12,8,0,184.03,10.24
2018,5,12,9,0,188.44,7.930000000000001
2018,5,12,10,0,186.11,11.620000000000001
2018,5,12,11,0,183.99,12.14
2018,5,12,12,0,173.20000000000002,11.01
2018,5,12,13,0,177.36,11.41
2018,5,12,14,0,176.19,10.76
2018,5,12,15,0,175.67000000000002,11.200000000000001
2018,5,12,16,0,174.1,11.28
2018,5,12,17,0,177.85,10.73
2018,5,12,18,0,180.92000000000002,10.52
2018,5,12,19,0,186.84,10.200000000000001
2018,5,12,20,0,195.35,9.03
2018,5,12,21,0,190.31,8.43
2018,5,12,22,0,206.08,11.86
2018,5,12,23,0,203.76,9.89
2018,5,13,0,0,210.16,11.01
2018,5,13,1,0,240.67000000000002,8.65
2018,5,13,2,0,239.14000000000001,8
2018,5,13,3,0,238.97,8.83
2018,5,13,4,0,248.66,8.17
2018,5,13,5,0,248.34,5.21
2018,5,13,6,0,249.23000000000002,3.19
2018,5,13,7,0,66.24,2.36
2018,5,13,8,0,86.42,2.34
2018,5,13,9,0,54.730000000000004,1.8900000000000001
2018,5,13,10,0,41.660000000000004,3.25
2018,5,13,11,0,49.69,5.14
2018,5,13,12,0,40.76,5
2018,5,13,13,0,18.42,6.13
2018,5,13,14,0,10.74,7.17
2018,5,13,15,0,8.08,7.98
2018,5,13,16,0,16.98,8.09
2018,5,13,17,0,11.43,8.19
2018,5,13,18,0,6.0200000000000005,9.200000000000001
2018,5,13,19,0,8.56,10.17
2018,5,13,20,0,13.68,10.98
2018,5,13,21,0,13.31,11.57
2018,5,13,22,0,11.68,12.120000000000001
2018,5,13,23,0,11.1,11.94
2018,5,14,0,0,8.65,9.46
2018,5,14,1,0,2.5100000000000002,7.08
2018,5,14,2,0,2.38,5.25
2018,5,14,3,0,296.7,5.1000000000000005
2018,5,14,4,0,285.99,4.45
2018,5,14,5,0,283.71,4.61
2018,5,14,6,0,277.97,4.8500000000000005
2018,5,14,7,0,271.94,4.0200000000000005
2018,5,14,8,0,274.71,4.61
2018,5,14,9,0,273.03000000000003,4.6000000000000005
2018,5,14,10,0,248,3.29
2018,5,14,11,0,245.48000000000002,4.28
2018,5,14,12,0,245.04,4.04
2018,5,14,13,0,196.38,5.26
2018,5,14,14,0,218.84,3.95
2018,5,14,15,0,206.54,5.58
2018,5,14,16,0,205.08,5.3
2018,5,14,17,0,228.76,4.42
2018,5,14,18,0,221.19,6.2
2018,5,14,19,0,198.82,6.09
2018,5,14,20,0,234.81,5.36
2018,5,14,21,0,238.8,7.54
2018,5,14,22,0,202.22,7.5600000000000005
2018,5,14,23,0,200.21,11.77
2018,5,15,0,0,199.73000000000002,10.69
2018,5,15,1,0,192.20000000000002,12.3
2018,5,15,2,0,195.74,13.64
2018,5,15,3,0,198.89000000000001,13.540000000000001
2018,5,15,4,0,195.42000000000002,13.97
2018,5,15,5,0,192.65,13.65
2018,5,15,6,0,189.03,13.32
2018,5,15,7,0,185.11,12.27
2018,5,15,8,0,182.27,11.33
2018,5,15,9,0,193.54,12.780000000000001
2018,5,15,10,0,187.31,12.83
2018,5,15,11,0,196.78,11.99
2018,5,15,12,0,196.16,9.48
2018,5,15,13,0,183.75,7.930000000000001
2018,5,15,14,0,197.01,5.21
2018,5,15,15,0,178.08,8.82
2018,5,15,16,0,200.96,5.76
2018,5,15,17,0,191.29,6.2
2018,5,15,18,0,196.18,5
2018,5,15,19,0,188.47,6.05
2018,5,15,20,0,193.58,8.77
2018,5,15,21,0,197.16,7.61
2018,5,15,22,0,218.06,5.07
2018,5,15,23,0,241.92000000000002,3.41
2018,5,16,0,0,248.08,2
2018,5,16,1,0,186.3,1.24
2018,5,16,2,0,169.21,1.97
2018,5,16,3,0,198.14000000000001,1.68
2018,5,16,4,0,186.92000000000002,1.24
2018,5,16,5,0,176.44,1.02
2018,5,16,6,0,182.54,2.19
2018,5,16,7,0,201.35,3.23
2018,5,16,8,0,201.55,2.96
2018,5,16,9,0,192.11,2.4
2018,5,16,10,0,183.54,2.05
2018,5,16,11,0,170.64000000000001,0.78
2018,5,16,12,0,37.65,2.39
2018,5,16,13,0,42.92,2.75
2018,5,16,14,0,31.26,3.09
2018,5,16,15,0,17.8,4.04
2018,5,16,16,0,27.27,5.13
2018,5,16,17,0,21.5,5.15
2018,5,16,18,0,20.13,5.15
2018,5,16,19,0,18.45,5.39
2018,5,16,20,0,28.04,5.39
2018,5,16,21,0,35.07,6.07
2018,5,16,22,0,28.07,6.8500000000000005
2018,5,16,23,0,32.06,7.890000000000001
2018,5,17,0,0,34.03,8.620000000000001
2018,5,17,1,0,35.92,8.81
2018,5,17,2,0,34.2,8.76
2018,5,17,3,0,37.1,8.83
2018,5,17,4,0,27.57,7.94
2018,5,17,5,0,34.72,6.63
2018,5,17,6,0,69.95,6.57
2018,5,17,7,0,30.91,8.08
2018,5,17,8,0,37.050000000000004,10.11
2018,5,17,9,0,29.560000000000002,10.63
2018,5,17,10,0,27.52,11.040000000000001
2018,5,17,11,0,39.24,11.9
2018,5,17,12,0,26.52,10.59
2018,5,17,13,0,22.51,11.48
2018,5,17,14,0,24.27,11.66
2018,5,17,15,0,28.43,10.870000000000001
2018,5,17,16,0,31.53,11.6
2018,5,17,17,0,34.99,10.870000000000001
2018,5,17,18,0,29.46,10.66
2018,5,17,19,0,31.43,10.68
2018,5,17,20,0,30.48,11.26
2018,5,17,21,0,38.51,12.22
2018,5,17,22,0,42.300000000000004,12.75
2018,5,17,23,0,36.26,13.030000000000001
2018,5,18,0,0,33.88,12.56
2018,5,18,1,0,17.84,10.71
2018,5,18,2,0,17.16,10.6
2018,5,18,3,0,17.19,10.93
2018,5,18,4,0,24.8,10.68
2018,5,18,5,0,24.79,10.450000000000001
2018,5,18,6,0,21.05,10.57
2018,5,18,7,0,16.43,10.49
2018,5,18,8,0,24.82,11.1
2018,5,18,9,0,31.17,12.05
2018,5,18,10,0,16.19,7.95
2018,5,18,11,0,22.69,7.140000000000001
2018,5,18,12,0,31.84,10.19
2018,5,18,13,0,30.580000000000002,10.4
2018,5,18,14,0,30.95,10.18
2018,5,18,15,0,26.900000000000002,9.97
2018,5,18,16,0,21.96,10.17
2018,5,18,17,0,21.41,8.49
2018,5,18,18,0,21.8,6.96
2018,5,18,19,0,19.89,6.5600000000000005
2018,5,18,20,0,29.990000000000002,5.73
2018,5,18,21,0,45.79,5.44
2018,5,18,22,0,50.6,7.54
2018,5,18,23,0,53.29,7.17
2018,5,19,0,0,45.01,6.08
2018,5,19,1,0,41.52,6.28
2018,5,19,2,0,32,6.83
2018,5,19,3,0,31.04,8.43
2018,5,19,4,0,32.86,8.74
2018,5,19,5,0,11.61,11.6
2018,5,19,6,0,8.98,11.19
2018,5,19,7,0,13.870000000000001,12.700000000000001
2018,5,19,8,0,10.46,13.72
2018,5,19,9,0,29.310000000000002,14.43
2018,5,19,10,0,61.57,17.64
2018,5,19,11,0,92.23,15.19
2018,5,19,12,0,117.18,12.9
2018,5,19,13,0,110.94,13.86
2018,5,19,14,0,102.06,7.2
2018,5,19,15,0,92.52,9.870000000000001
2018,5,19,16,0,57.43,7.94
2018,5,19,17,0,53.14,6.32
2018,5,19,18,0,322.55,0.31
2018,5,19,19,0,338.36,1.85
2018,5,19,20,0,339.34000000000003,2.95
2018,5,19,21,0,331.76,3.06
2018,5,19,22,0,336.91,2.34
2018,5,19,23,0,290.1,4.23
2018,5,20,0,0,320.22,2.82
2018,5,20,1,0,322.26,2.56
2018,5,20,2,0,347.53000000000003,1.98
2018,5,20,3,0,336.03000000000003,2.81
2018,5,20,4,0,3.27,5.2700000000000005
2018,5,20,5,0,62.660000000000004,5.23
2018,5,20,6,0,57.68,6.23
2018,5,20,7,0,50.2,6.22
2018,5,20,8,0,44.1,5.99
2018,5,20,9,0,43.38,6.19
2018,5,20,10,0,61.870000000000005,7.5
2018,5,20,11,0,83.26,7.82
2018,5,20,12,0,65.18,10.16
2018,5,20,13,0,56.88,12.99
2018,5,20,14,0,56.58,12.52
2018,5,20,15,0,34.61,10.73
2018,5,20,16,0,51.94,12.790000000000001
2018,5,20,17,0,55.43,13.34
2018,5,20,18,0,56.870000000000005,13.96
2018,5,20,19,0,55.57,14.200000000000001
2018,5,20,20,0,43.94,12.39
2018,5,20,21,0,43.02,11.91
2018,5,20,22,0,47.52,14.84
2018,5,20,23,0,53.38,13.97
2018,5,21,0,0,49.43,13.790000000000001
2018,5,21,1,0,53.480000000000004,13.67
2018,5,21,2,0,50.92,13.56
2018,5,21,3,0,58.21,13.69
2018,5,21,4,0,58.25,13.51
2018,5,21,5,0,52.59,12.97
2018,5,21,6,0,42.43,12.36
2018,5,21,7,0,58.08,16.13
2018,5,21,8,0,32.730000000000004,12.23
2018,5,21,9,0,20.94,11.66
2018,5,21,10,0,42.56,13.68
2018,5,21,11,0,49.160000000000004,13.97
2018,5,21,12,0,40.1,14.870000000000001
2018,5,21,13,0,40.43,16.25
2018,5,21,14,0,53.410000000000004,15.59
2018,5,21,15,0,60.81,15.76
2018,5,21,16,0,7.07,10.51
2018,5,21,17,0,13.450000000000001,14.15
2018,5,21,18,0,22.67,14.41
2018,5,21,19,0,34.49,13.620000000000001
2018,5,21,20,0,49.120000000000005,13.35
2018,5,21,21,0,50.38,10.74
2018,5,21,22,0,38.74,6.32
2018,5,21,23,0,45.09,5.3100000000000005
2018,5,22,0,0,71.86,7.22
2018,5,22,1,0,55.49,4.45
2018,5,22,2,0,30.61,6.12
2018,5,22,3,0,20.54,7.43
2018,5,22,4,0,10.93,7.07
2018,5,22,5,0,10.96,6.48
2018,5,22,6,0,10.49,7.17
2018,5,22,7,0,8.49,5.51
2018,5,22,8,0,0.02,5.5600000000000005
2018,5,22,9,0,0.36,6.55
2018,5,22,10,0,2.54,5.69
2018,5,22,11,0,13.85,5.91
2018,5,22,12,0,42.74,5.58
2018,5,22,13,0,39.58,5.59
2018,5,22,14,0,30.44,5.3100000000000005
2018,5,22,15,0,23.990000000000002,5.76
2018,5,22,16,0,11.18,6.66
2018,5,22,17,0,15.25,6.8100000000000005
2018,5,22,18,0,11.5,7.98
2018,5,22,19,0,16.62,7.37
2018,5,22,20,0,21.75,7.24
2018,5,22,21,0,33.17,7.32
2018,5,22,22,0,40.38,9.49
2018,5,22,23,0,38.25,10.47
2018,5,23,0,0,37.43,11.78
2018,5,23,1,0,34.39,10.42
2018,5,23,2,0,39.61,10.25
2018,5,23,3,0,44.53,7.72
2018,5,23,4,0,90.9,5.91
2018,5,23,5,0,93.66,6.67
2018,5,23,6,0,102.09,6.0200000000000005
2018,5,23,7,0,191.04,2.18
2018,5,23,8,0,136.76,0.77
2018,5,23,9,0,83.52,1.29
2018,5,23,10,0,146.54,2.72
2018,5,23,11,0,188.73,2.16
2018,5,23,12,0,52.230000000000004,1.21
2018,5,23,13,0,53.660000000000004,1.82
2018,5,23,14,0,27.68,3.38
2018,5,23,15,0,33.83,5.48
2018,5,23,16,0,26.42,6.23
2018,5,23,17,0,25.34,6.67
2018,5,23,18,0,27.900000000000002,7.3100000000000005
2018,5,23,19,0,25.400000000000002,5.03
2018,5,23,20,0,42.410000000000004,8.08
2018,5,23,21,0,48.95,9.13
2018,5,23,22,0,89.12,3.02
2018,5,23,23,0,356.1,5.4
2018,5,24,0,0,9.14,5.99
2018,5,24,1,0,358.92,5.54
2018,5,24,2,0,50.34,7.6000000000000005
2018,5,24,3,0,35.7,7.25
2018,5,24,4,0,105.92,5.91
2018,5,24,5,0,143.66,5.26
2018,5,24,6,0,120.52,5.08
2018,5,24,7,0,116.85000000000001,6.7
2018,5,24,8,0,111.82000000000001,5.59
2018,5,24,9,0,85.92,3.83
2018,5,24,10,0,48.95,5.51
2018,5,24,11,0,48.14,5.9
2018,5,24,12,0,42.82,4.23
2018,5,24,13,0,17.28,5.42
2018,5,24,14,0,9.51,6.68
2018,5,24,15,0,16.18,7.57
2018,5,24,16,0,45.94,9.8
2018,5,24,17,0,38.480000000000004,9.870000000000001
2018,5,24,18,0,44.96,9.07
2018,5,24,19,0,48.52,13.950000000000001
2018,5,24,20,0,46.35,11.33
2018,5,24,21,0,45.26,14.07
2018,5,24,22,0,37.79,11.370000000000001
2018,5,24,23,0,34.7,10.44
2018,5,25,0,0,38.61,10.34
2018,5,25,1,0,54.85,7.67
2018,5,25,2,0,85.13,5.58
2018,5,25,3,0,55.46,10.31
2018,5,25,4,0,63.35,9.51
2018,5,25,5,0,60.480000000000004,9.51
2018,5,25,6,0,56.660000000000004,10.92
2018,5,25,7,0,54.33,9.63
2018,5,25,8,0,54.97,9.98
2018,5,25,9,0,61.120000000000005,10.85
2018,5,25,10,0,61.45,12.09
2018,5,25,11,0,63.27,14.11
2018,5,25,12,0,58.84,16.42
2018,5,25,13,0,34.9,12.19
2018,5,25,14,0,36.17,11.4
2018,5,25,15,0,35.660000000000004,12.07
2018,5,25,16,0,37.19,11.51
2018,5,25,17,0,43.22,12.31
2018,5,25,18,0,38.71,11.9
2018,5,25,19,0,43.92,11.01
2018,5,25,20,0,45.9,10.46
2018,5,25,21,0,51.77,10.67
2018,5,25,22,0,47.230000000000004,11.39
2018,5,25,23,0,44.37,12.67
2018,5,26,0,0,44.35,11.46
2018,5,26,1,0,34.37,9.8
2018,5,26,2,0,59.22,15.32
2018,5,26,3,0,62.92,14.49
2018,5,26,4,0,56.620000000000005,12.65
2018,5,26,5,0,67.55,11.22
2018,5,26,6,0,73.98,8.31
2018,5,26,7,0,51.5,8.72
2018,5,26,8,0,32.5,9.1
2018,5,26,9,0,56.2,12.24
2018,5,26,10,0,36.63,10.74
2018,5,26,11,0,48.92,10.85
2018,5,26,12,0,42.07,11.02
2018,5,26,13,0,46.02,8.73
2018,5,26,14,0,60.09,4.73
2018,5,26,15,0,76.32000000000001,4.76
2018,5,26,16,0,38.1,4.63
2018,5,26,17,0,43.14,4.61
2018,5,26,18,0,28.080000000000002,4.93
2018,5,26,19,0,26.73,4.0200000000000005
2018,5,26,20,0,35.64,3.89
2018,5,26,21,0,17.61,3.84
2018,5,26,22,0,40.69,3.25
2018,5,26,23,0,28.59,2.52
2018,5,27,0,0,258.37,0.92
2018,5,27,1,0,238.43,3.72
2018,5,27,2,0,236.64000000000001,4.23
2018,5,27,3,0,250.93,3.85
2018,5,27,4,0,258.38,2.48
2018,5,27,5,0,269.94,2.88
2018,5,27,6,0,285.32,5.41
2018,5,27,7,0,289.98,6.7700000000000005
2018,5,27,8,0,294.51,5.43
2018,5,27,9,0,313.37,4.14
2018,5,27,10,0,4.45,1.58
2018,5,27,11,0,107.88,1.92
2018,5,27,12,0,131.13,1.87
2018,5,27,13,0,146.91,2.5300000000000002
2018,5,27,14,0,179.6,2.5
2018,5,27,15,0,208.14000000000001,2.32
2018,5,27,16,0,227.42000000000002,3.0700000000000003
2018,5,27,17,0,209.41,3.0700000000000003
2018,5,27,18,0,227.34,2.5300000000000002
2018,5,27,19,0,234.67000000000002,3.54
2018,5,27,20,0,234.31,5.65
2018,5,27,21,0,243.61,8.8
2018,5,27,22,0,254.06,6.66
2018,5,27,23,0,264.07,6.3100000000000005
2018,5,28,0,0,265.22,6.22
2018,5,28,1,0,272.18,7.15
2018,5,28,2,0,278.03000000000003,6.45
2018,5,28,3,0,351.86,1.23
2018,5,28,4,0,284.08,0.68
2018,5,28,5,0,284.77,3.0300000000000002
2018,5,28,6,0,313.28000000000003,2.65
2018,5,28,7,0,31,1.47
2018,5,28,8,0,263.01,1.12
2018,5,28,9,0,246.57,1.05
2018,5,28,10,0,261.72,2.34
2018,5,28,11,0,236.33,1.49
2018,5,28,12,0,274.06,4.5200000000000005
2018,5,28,13,0,269.68,6.45
2018,5,28,14,0,261.75,7.74
2018,5,28,15,0,256.88,6.0600000000000005
2018,5,28,16,0,230.21,1.19
2018,5,28,17,0,15.85,1.19
2018,5,28,18,0,299.2,1.47
2018,5,28,19,0,262.94,3.5500000000000003
2018,5,28,20,0,264.44,3.87
2018,5,28,21,0,255.12,3.5700000000000003
2018,5,28,22,0,253.86,4.23
2018,5,28,23,0,238.09,4.09
2018,5,29,0,0,224.06,3.99
2018,5,29,1,0,194.34,4.53
2018,5,29,2,0,200.95000000000002,4.64
2018,5,29,3,0,206.03,6.12
2018,5,29,4,0,198.69,7.83
2018,5,29,5,0,219.07,6.8500000000000005
2018,5,29,6,0,217.27,6.46
2018,5,29,7,0,216.12,7.66
2018,5,29,8,0,214.21,7.3
2018,5,29,9,0,216.79,7.86
2018,5,29,10,0,213.49,8.02
2018,5,29,11,0,207.82,6.5600000000000005
2018,5,29,12,0,207.53,5.4
2018,5,29,13,0,208.97,2.98
2018,5,29,14,0,170.37,1.06
2018,5,29,15,0,189.99,1.03
2018,5,29,16,0,88.81,0.77
2018,5,29,17,0,43.49,1.37
2018,5,29,18,0,19.26,2.25
2018,5,29,19,0,14.34,2.94
2018,5,29,20,0,14.23,2.64
2018,5,29,21,0,342.65000000000003,0.28
2018,5,29,22,0,227.74,2.04
2018,5,29,23,0,254.08,4.49
2018,5,30,0,0,257.67,5.54
2018,5,30,1,0,259.38,5.22
2018,5,30,2,0,258.69,4.75
2018,5,30,3,0,248.55,4.46
2018,5,30,4,0,251.34,3.95
2018,5,30,5,0,262.15,3.54
2018,5,30,6,0,273.1,3.2
2018,5,30,7,0,289.32,2.71
2018,5,30,8,0,325.69,1.85
2018,5,30,9,0,348.5,1.5
2018,5,30,10,0,1.73,2.12
2018,5,30,11,0,11.85,3.22
2018,5,30,12,0,6.01,3.52
2018,5,30,13,0,359.23,3.8200000000000003
2018,5,30,14,0,2.14,4.43
2018,5,30,15,0,359.56,4.8100000000000005
2018,5,30,16,0,3.81,5.3
2018,5,30,17,0,8.07,5.09
2018,5,30,18,0,12.98,4.63
2018,5,30,19,0,12.55,3.7800000000000002
2018,5,30,20,0,8.76,2.6
2018,5,30,21,0,357.55,2.0100000000000002
2018,5,30,22,0,13.780000000000001,3.74
2018,5,30,23,0,24.02,4.2
2018,5,31,0,0,28.09,4.62
2018,5,31,1,0,32.33,4.03
2018,5,31,2,0,34.37,3.4
2018,5,31,3,0,60.7,4.74
2018,5,31,4,0,41.95,3.8200000000000003
2018,5,31,5,0,20.1,3.0700000000000003
2018,5,31,6,0,26.03,4.3100000000000005
2018,5,31,7,0,35.29,5
2018,5,31,8,0,41.56,5.75
2018,5,31,9,0,57.26,5.39
2018,5,31,10,0,45.45,4.6000000000000005
2018,5,31,11,0,40.32,6.24
2018,5,31,12,0,38.22,7.28
2018,5,31,13,0,34.1,8.67
2018,5,31,14,0,28.01,9.41
2018,5,31,15,0,33.88,9.68
2018,5,31,16,0,38.54,8.85
2018,5,31,17,0,48.29,9.03
2018,5,31,18,0,50.9,9.78
2018,5,31,19,0,47.02,8.76
2018,5,31,20,0,48.11,8.26
2018,5,31,21,0,39.46,7.34
2018,5,31,22,0,46.83,6.78
2018,5,31,23,0,44.01,6.8
2018,6,1,0,0,17.900000000000002,6.79
2018,6,1,1,0,1.35,5.89
2018,6,1,2,0,8.040000000000001,6.61
2018,6,1,3,0,2.3000000000000003,7.34
2018,6,1,4,0,357.87,7.12
2018,6,1,5,0,19.080000000000002,8.63
2018,6,1,6,0,8.67,7.26
2018,6,1,7,0,11.35,6.61
2018,6,1,8,0,356.90000000000003,2.99
2018,6,1,9,0,341.61,2.1
2018,6,1,10,0,346.02,1.95
2018,6,1,11,0,328.28000000000003,2.04
2018,6,1,12,0,7.23,1.68
2018,6,1,13,0,358,4.75
2018,6,1,14,0,7.09,6.54
2018,6,1,15,0,17.77,5.97
2018,6,1,16,0,347.74,1.67
2018,6,1,17,0,320,0.6900000000000001
2018,6,1,18,0,32.28,1.22
2018,6,1,19,0,74.15,1.57
2018,6,1,20,0,167.93,0.81
2018,6,1,21,0,237.39000000000001,2.4
2018,6,1,22,0,233.01,4.43
2018,6,1,23,0,248.75,4.07
2018,6,2,0,0,287.96,3.0300000000000002
2018,6,2,1,0,254.33,6.17
2018,6,2,2,0,266.23,5.76
2018,6,2,3,0,280.51,6.09
2018,6,2,4,0,295.73,5.69
2018,6,2,5,0,300.68,5.66
2018,6,2,6,0,309.54,4.47
2018,6,2,7,0,330.76,3.99
2018,6,2,8,0,348.13,5.65
2018,6,2,9,0,349.34000000000003,5.86
2018,6,2,10,0,344.17,3.9
2018,6,2,11,0,339.67,2.05
2018,6,2,12,0,341.87,1.02
2018,6,2,13,0,215.25,0.62
2018,6,2,14,0,46.59,1.74
2018,6,2,15,0,29.95,3.48
2018,6,2,16,0,350.24,3.2
2018,6,2,17,0,30.48,2.38
2018,6,2,18,0,307.26,0.85
2018,6,2,19,0,260.2,1.01
2018,6,2,20,0,252.4,2.21
2018,6,2,21,0,259.38,0.63
2018,6,2,22,0,259.1,1.3900000000000001
2018,6,2,23,0,234.59,1.22
2018,6,3,0,0,230.47,2.54
2018,6,3,1,0,245.87,2.37
2018,6,3,2,0,244.43,2.21
2018,6,3,3,0,211.52,1.8900000000000001
2018,6,3,4,0,202.03,2.73
2018,6,3,5,0,210.16,3.85
2018,6,3,6,0,222.62,4.42
2018,6,3,7,0,219.26,8.44
2018,6,3,8,0,220.45000000000002,8.67
2018,6,3,9,0,233.45000000000002,8.84
2018,6,3,10,0,229.29,9.71
2018,6,3,11,0,226.26,13.61
2018,6,3,12,0,222.38,12.77
2018,6,3,13,0,220.04,11.76
2018,6,3,14,0,217.82,10.85
2018,6,3,15,0,208.48000000000002,9.98
2018,6,3,16,0,204.9,9.43
2018,6,3,17,0,201.67000000000002,8.1
2018,6,3,18,0,207.74,8.040000000000001
2018,6,3,19,0,206.47,7.57
2018,6,3,20,0,204.06,6.61
2018,6,3,21,0,200.06,6.71
2018,6,3,22,0,207.87,6.65
2018,6,3,23,0,214.79,6.78
2018,6,4,0,0,227.4,7.05
2018,6,4,1,0,226.23000000000002,7.640000000000001
2018,6,4,2,0,220.89000000000001,5.67
2018,6,4,3,0,211.61,6.12
2018,6,4,4,0,218.04,6.38
2018,6,4,5,0,221.46,6.47
2018,6,4,6,0,210.23000000000002,6.33
2018,6,4,7,0,219.94,7.09
2018,6,4,8,0,216.94,7.86
2018,6,4,9,0,207.95000000000002,9.36
2018,6,4,10,0,211.84,9.56
2018,6,4,11,0,212.45000000000002,9.17
2018,6,4,12,0,210,8.76
2018,6,4,13,0,208.22,9.01
2018,6,4,14,0,199.29,9.38
2018,6,4,15,0,200.88,10.75
2018,6,4,16,0,186.43,9.790000000000001
2018,6,4,17,0,175.23,10.38
2018,6,4,18,0,190.75,8.72
2018,6,4,19,0,218.59,6.51
2018,6,4,20,0,238.09,4.18
2018,6,4,21,0,228.54,4
2018,6,4,22,0,211.55,3.31
2018,6,4,23,0,198.59,3.49
2018,6,5,0,0,206.85,3.73
2018,6,5,1,0,226.64000000000001,4.24
2018,6,5,2,0,229.51,5.16
2018,6,5,3,0,234.02,5.14
2018,6,5,4,0,241.56,5.3500000000000005
2018,6,5,5,0,238.21,4.59
2018,6,5,6,0,230.57,5.28
2018,6,5,7,0,234.25,5.41
2018,6,5,8,0,233.18,5.76
2018,6,5,9,0,221.07,5.79
2018,6,5,10,0,230.98000000000002,5.5600000000000005
2018,6,5,11,0,234.63,5.79
2018,6,5,12,0,237.70000000000002,5.93
2018,6,5,13,0,235.14000000000001,4.96
2018,6,5,14,0,221.83,4.79
2018,6,5,15,0,211.74,4.76
2018,6,5,16,0,187.23,6.54
2018,6,5,17,0,175.77,8.08
2018,6,5,18,0,187.9,6.9
2018,6,5,19,0,206.66,4.8100000000000005
2018,6,5,20,0,239.03,2.93
2018,6,5,21,0,232.70000000000002,2.87
2018,6,5,22,0,212.68,2.07
2018,6,5,23,0,205.55,2.77
2018,6,6,0,0,215.22,3.66
2018,6,6,1,0,204.67000000000002,3.45
2018,6,6,2,0,218.32,4.73
2018,6,6,3,0,219.01,5.03
2018,6,6,4,0,227.21,5.22
2018,6,6,5,0,221.86,4.51
2018,6,6,6,0,224.75,4.67
2018,6,6,7,0,221,4.8500000000000005
2018,6,6,8,0,209.85,4.93
2018,6,6,9,0,226.69,4.89
2018,6,6,10,0,223.75,4.89
2018,6,6,11,0,216.05,4.0200000000000005
2018,6,6,12,0,215.91,4.17
2018,6,6,13,0,214.95000000000002,3.29
2018,6,6,14,0,208.98000000000002,2.98
2018,6,6,15,0,192.46,3.93
2018,6,6,16,0,190.93,4.82
2018,6,6,17,0,188.22,4.8
2018,6,6,18,0,198.34,3.46
2018,6,6,19,0,204.34,2.35
2018,6,6,20,0,206.14000000000001,1.82
2018,6,6,21,0,191.29,1.33
2018,6,6,22,0,229.75,1.84
2018,6,6,23,0,250.86,1.28
2018,6,7,0,0,265.22,1.09
2018,6,7,1,0,39.31,0.45
2018,6,7,2,0,303.94,0.8300000000000001
2018,6,7,3,0,261.75,2.57
2018,6,7,4,0,260.89,3.48
2018,6,7,5,0,281.1,2.44
2018,6,7,6,0,299.88,2.88
2018,6,7,7,0,321.34000000000003,3.09
2018,6,7,8,0,52.6,2.37
2018,6,7,9,0,54.44,3.3200000000000003
2018,6,7,10,0,68.26,2.43
2018,6,7,11,0,183.55,1.09
2018,6,7,12,0,259.87,2.17
2018,6,7,13,0,248.42000000000002,4.2
2018,6,7,14,0,200.11,3.09
2018,6,7,15,0,178.04,4.23
2018,6,7,16,0,186.67000000000002,6.26
2018,6,7,17,0,197.79,7.92
2018,6,7,18,0,195.6,9.4
2018,6,7,19,0,194.94,7.0600000000000005
2018,6,7,20,0,195.72,7.930000000000001
2018,6,7,21,0,193.22,9.22
2018,6,7,22,0,194.93,11.9
2018,6,7,23,0,195.72,12.76
2018,6,8,0,0,197.62,13.82
2018,6,8,1,0,199.95000000000002,13.85
2018,6,8,2,0,200.6,13.39
2018,6,8,3,0,202.53,13.11
2018,6,8,4,0,201.17000000000002,12.56
2018,6,8,5,0,204.16,12.85
2018,6,8,6,0,202.3,13.41
2018,6,8,7,0,203.26,13.450000000000001
2018,6,8,8,0,206.77,12.86
2018,6,8,9,0,203.85,11.83
2018,6,8,10,0,204.96,10
2018,6,8,11,0,210.97,7.3100000000000005
2018,6,8,12,0,217.59,4.41
2018,6,8,13,0,214.89000000000001,1.5
2018,6,8,14,0,61.6,1.02
2018,6,8,15,0,51.99,1.6400000000000001
2018,6,8,16,0,63.35,2.24
2018,6,8,17,0,99.21000000000001,2.48
2018,6,8,18,0,102.7,2.65
2018,6,8,19,0,67.85,2.14
2018,6,8,20,0,64.43,2.05
2018,6,8,21,0,110.8,1.11
2018,6,8,22,0,183.49,1.72
2018,6,8,23,0,205.07,3.27
2018,6,9,0,0,220.26,4.33
2018,6,9,1,0,223.97,4.68
2018,6,9,2,0,224.72,4.15
2018,6,9,3,0,215.26,4.3500000000000005
2018,6,9,4,0,197.97,5.38
2018,6,9,5,0,200.31,6.54
2018,6,9,6,0,216.57,5.64
2018,6,9,7,0,210.20000000000002,7.43
2018,6,9,8,0,206.74,8.5
2018,6,9,9,0,205.98000000000002,7.82
2018,6,9,10,0,200.95000000000002,6.98
2018,6,9,11,0,203.07,7.34
2018,6,9,12,0,200.98000000000002,7.6000000000000005
2018,6,9,13,0,207.22,7.49
2018,6,9,14,0,217.13,6.13
2018,6,9,15,0,215.57,3.96
2018,6,9,16,0,200.98000000000002,2.63
2018,6,9,17,0,184.25,3.38
2018,6,9,18,0,192.42000000000002,3.04
2018,6,9,19,0,195.82,2.12
2018,6,9,20,0,190.54,3.31
2018,6,9,21,0,216.44,3.71
2018,6,9,22,0,209.76,4.34
2018,6,9,23,0,214.37,4.7700000000000005
2018,6,10,0,0,214.21,5.08
2018,6,10,1,0,216.74,5.66
2018,6,10,2,0,214.62,6.3500000000000005
2018,6,10,3,0,210.83,7.140000000000001
2018,6,10,4,0,211.20000000000002,6.09
2018,6,10,5,0,216.52,5.62
2018,6,10,6,0,206.21,5.64
2018,6,10,7,0,203.9,7.8
2018,6,10,8,0,203.33,8.43
2018,6,10,9,0,202.12,9.09
2018,6,10,10,0,204.86,7.6000000000000005
2018,6,10,11,0,205.54,6.86
2018,6,10,12,0,211.51,5.67
2018,6,10,13,0,212.26,5.5200000000000005
2018,6,10,14,0,222.83,5.24
2018,6,10,15,0,215.61,4.64
2018,6,10,16,0,213.72,3.47
2018,6,10,17,0,211.38,2.93
2018,6,10,18,0,211.07,2.0100000000000002
2018,6,10,19,0,198.58,2.11
2018,6,10,20,0,205.97,2.81
2018,6,10,21,0,203.24,3.97
2018,6,10,22,0,208.66,5.71
2018,6,10,23,0,212.5,6.37
2018,6,11,0,0,211.78,6.91
2018,6,11,1,0,207.14000000000001,9.05
2018,6,11,2,0,207.68,11.06
2018,6,11,3,0,204.35,11.82
2018,6,11,4,0,203.46,11.21
2018,6,11,5,0,213.78,9.31
2018,6,11,6,0,213.62,9.43
2018,6,11,7,0,217.89000000000001,6.65
2018,6,11,8,0,231.45000000000002,3.89
2018,6,11,9,0,267.67,5.95
2018,6,11,10,0,8.26,7.12
2018,6,11,11,0,30.72,5.76
2018,6,11,12,0,45.06,6.5200000000000005
2018,6,11,13,0,40.46,7.62
2018,6,11,14,0,61.33,8.31
2018,6,11,15,0,71.55,8.98
2018,6,11,16,0,49.88,10.14
2018,6,11,17,0,33.49,8.52
2018,6,11,18,0,31.6,4.12
2018,6,11,19,0,48.34,2.06
2018,6,11,20,0,44.94,2.31
2018,6,11,21,0,68.01,1.98
2018,6,11,22,0,348.06,0.91
2018,6,11,23,0,261.38,2.39
2018,6,12,0,0,281.25,2.07
2018,6,12,1,0,23.3,2.52
2018,6,12,2,0,44.300000000000004,8.51
2018,6,12,3,0,36.230000000000004,8.33
2018,6,12,4,0,20.32,12.52
2018,6,12,5,0,11.89,11.89
2018,6,12,6,0,34.71,10.9
2018,6,12,7,0,38.88,7.65
2018,6,12,8,0,29.32,8.3
2018,6,12,9,0,19.17,7.3500000000000005
2018,6,12,10,0,46.67,3.75
2018,6,12,11,0,131.69,5.15
2018,6,12,12,0,194.13,6.94
2018,6,12,13,0,141.08,3.79
2018,6,12,14,0,105.04,3.2600000000000002
2018,6,12,15,0,11.11,1.79
2018,6,12,16,0,31.26,4.53
2018,6,12,17,0,32.11,5.28
2018,6,12,18,0,17.240000000000002,6.22
2018,6,12,19,0,26.400000000000002,6.47
2018,6,12,20,0,35.21,7.68
2018,6,12,21,0,37.6,7.97
2018,6,12,22,0,26.34,7.17
2018,6,12,23,0,27.88,6.87
2018,6,13,0,0,60.13,5.19
2018,6,13,1,0,61.17,5.5
2018,6,13,2,0,56.75,4.46
2018,6,13,3,0,39.24,2.91
2018,6,13,4,0,39.76,2.94
2018,6,13,5,0,10.33,2.0100000000000002
2018,6,13,6,0,351.85,1.46
2018,6,13,7,0,339.15000000000003,1.41
2018,6,13,8,0,1.34,1.81
2018,6,13,9,0,9.4,2.16
2018,6,13,10,0,339.18,2.97
2018,6,13,11,0,311.69,2.37
2018,6,13,12,0,294.22,2.95
2018,6,13,13,0,319.84000000000003,2.02
2018,6,13,14,0,54.08,1.49
2018,6,13,15,0,21.28,2.5100000000000002
2018,6,13,16,0,15.97,2.48
2018,6,13,17,0,295.88,1.05
2018,6,13,18,0,251.74,2.97
2018,6,13,19,0,248.17000000000002,3.63
2018,6,13,20,0,240.72,4.5600000000000005
2018,6,13,21,0,237.38,6.01
2018,6,13,22,0,239.26,7.15
2018,6,13,23,0,240.89000000000001,7.37
2018,6,14,0,0,245.34,7.17
2018,6,14,1,0,250.41,7.57
2018,6,14,2,0,254.20000000000002,8.22
2018,6,14,3,0,257.25,7.12
2018,6,14,4,0,255.49,7.19
2018,6,14,5,0,255.28,6.5200000000000005
2018,6,14,6,0,262.61,5.15
2018,6,14,7,0,260.21,3.83
2018,6,14,8,0,265.68,2.93
2018,6,14,9,0,276.14,5.49
2018,6,14,10,0,288.94,1.95
2018,6,14,11,0,277.59000000000003,0.46
2018,6,14,12,0,207.97,1.5
2018,6,14,13,0,213.67000000000002,2.07
2018,6,14,14,0,214.62,2.66
2018,6,14,15,0,197.52,2.95
2018,6,14,16,0,204.22,3.09
2018,6,14,17,0,184.66,2.91
2018,6,14,18,0,191.28,3.27
2018,6,14,19,0,192.4,3.86
2018,6,14,20,0,193.9,4.1
2018,6,14,21,0,196.79,5.19
2018,6,14,22,0,205.81,5.32
2018,6,14,23,0,218.62,4.53
2018,6,15,0,0,216.39000000000001,5.7700000000000005
2018,6,15,1,0,221.72,6.74
2018,6,15,2,0,231.35,6.44
2018,6,15,3,0,223.16,5.8100000000000005
2018,6,15,4,0,217.06,5.58
2018,6,15,5,0,218.54,6.57
2018,6,15,6,0,209.72,5.42
2018,6,15,7,0,212.27,7.2
2018,6,15,8,0,203.99,9.16
2018,6,15,9,0,192.89000000000001,8.84
2018,6,15,10,0,208.64000000000001,8.59
2018,6,15,11,0,210.74,9.4
2018,6,15,12,0,208.9,6.2
2018,6,15,13,0,199.48000000000002,3.5
2018,6,15,14,0,200.26,5.11
2018,6,15,15,0,217.05,7.18
2018,6,15,16,0,221.78,9.32
2018,6,15,17,0,219.52,12.15
2018,6,15,18,0,220.84,12.25
2018,6,15,19,0,225.59,9.44
2018,6,15,20,0,228.03,7.42
2018,6,15,21,0,238.32,4.55
2018,6,15,22,0,224.43,3.5300000000000002
2018,6,15,23,0,309.24,2.2800000000000002
2018,6,16,0,0,10.57,4
2018,6,16,1,0,8.94,5.49
2018,6,16,2,0,16.41,7.46
2018,6,16,3,0,35.46,5.26
2018,6,16,4,0,21.22,5.3
2018,6,16,5,0,8.03,6.2700000000000005
2018,6,16,6,0,8.83,5.4
2018,6,16,7,0,13.01,4.96
2018,6,16,8,0,11.16,5.94
2018,6,16,9,0,7.6000000000000005,6.95
2018,6,16,10,0,7.890000000000001,8.6
2018,6,16,11,0,11.27,7.2700000000000005
2018,6,16,12,0,4.21,6.15
2018,6,16,13,0,359.94,5.03
2018,6,16,14,0,349.86,3.31
2018,6,16,15,0,340.08,2.35
2018,6,16,16,0,330.01,2.33
2018,6,16,17,0,276.23,3.06
2018,6,16,18,0,243.61,3.09
2018,6,16,19,0,216.27,4.54
2018,6,16,20,0,211,5.5600000000000005
2018,6,16,21,0,194.89000000000001,5.75
2018,6,16,22,0,196.43,8.38
2018,6,16,23,0,197.12,14.66
2018,6,17,0,0,192.63,14.41
2018,6,17,1,0,187.74,11.56
2018,6,17,2,0,187.92000000000002,9.77
2018,6,17,3,0,174.69,9.9
2018,6,17,4,0,168.5,9.05
2018,6,17,5,0,168.55,8.8
2018,6,17,6,0,168.98,8.84
2018,6,17,7,0,175.22,11.26
2018,6,17,8,0,166.35,10.83
2018,6,17,9,0,175.05,11.69
2018,6,17,10,0,180.53,12.41
2018,6,17,11,0,181.44,12.06
2018,6,17,12,0,183.86,12.620000000000001
2018,6,17,13,0,178.07,12.21
2018,6,17,14,0,176.57,12.4
2018,6,17,15,0,174.44,11.9
2018,6,17,16,0,184.11,12.38
2018,6,17,17,0,188.12,12.450000000000001
2018,6,17,18,0,195.29,13.52
2018,6,17,19,0,201.12,13.59
2018,6,17,20,0,207.99,9.81
2018,6,17,21,0,227.26,8.88
2018,6,17,22,0,241.21,6.76
2018,6,17,23,0,261.01,5.5200000000000005
2018,6,18,0,0,283.27,3.62
2018,6,18,1,0,20.830000000000002,2.79
2018,6,18,2,0,9.370000000000001,5.19
2018,6,18,3,0,24.79,7.63
2018,6,18,4,0,38.31,8.52
2018,6,18,5,0,91.19,8.64
2018,6,18,6,0,30.66,10.72
2018,6,18,7,0,41.54,9.3
2018,6,18,8,0,41.18,10.35
2018,6,18,9,0,54.96,14.22
2018,6,18,10,0,56.56,12.780000000000001
2018,6,18,11,0,67.83,9.9
2018,6,18,12,0,93.39,13.8
2018,6,18,13,0,73.34,10.32
2018,6,18,14,0,84.23,10.32
2018,6,18,15,0,90.63,14.74
2018,6,18,16,0,106.9,10.53
2018,6,18,17,0,85.82000000000001,10.76
2018,6,18,18,0,70.38,12.13
2018,6,18,19,0,73.12,10.040000000000001
2018,6,18,20,0,70.22,8.05
2018,6,18,21,0,68.71000000000001,6.2
2018,6,18,22,0,116.26,3.88
2018,6,18,23,0,213.87,4.5
2018,6,19,0,0,238.19,7.26
2018,6,19,1,0,226.54,5.1000000000000005
2018,6,19,2,0,204.69,4.05
2018,6,19,3,0,200.4,7.46
2018,6,19,4,0,212.23000000000002,11.19
2018,6,19,5,0,215.33,9.11
2018,6,19,6,0,226.89000000000001,9.36
2018,6,19,7,0,223.87,8.620000000000001
2018,6,19,8,0,201.22,6.43
2018,6,19,9,0,179.51,9.450000000000001
2018,6,19,10,0,174.43,12.35
2018,6,19,11,0,188.14000000000001,13.280000000000001
2018,6,19,12,0,179.38,12.040000000000001
2018,6,19,13,0,183.73,10.75
2018,6,19,14,0,188.72,9.61
2018,6,19,15,0,194.97,9.620000000000001
2018,6,19,16,0,208.19,9.57
2018,6,19,17,0,203.26,6.43
2018,6,19,18,0,217.51,6.23
2018,6,19,19,0,245.67000000000002,4.8
2018,6,19,20,0,245.69,4.5
2018,6,19,21,0,229.78,3.2800000000000002
2018,6,19,22,0,240.12,2.68
2018,6,19,23,0,260.15,2.29
2018,6,20,0,0,300.68,2.23
2018,6,20,1,0,20.16,2.82
2018,6,20,2,0,8.19,2.49
2018,6,20,3,0,325.40000000000003,2.61
2018,6,20,4,0,327.42,2.64
2018,6,20,5,0,338.77,3.46
2018,6,20,6,0,6.33,4.3100000000000005
2018,6,20,7,0,3.7800000000000002,5.69
2018,6,20,8,0,11.78,6.0200000000000005
2018,6,20,9,0,17.22,7.0600000000000005
2018,6,20,10,0,36.4,7.19
2018,6,20,11,0,23.3,7.5600000000000005
2018,6,20,12,0,11.63,7.58
2018,6,20,13,0,16.93,8.57
2018,6,20,14,0,22.48,8.28
2018,6,20,15,0,23.22,7.3500000000000005
2018,6,20,16,0,21.89,7.34
2018,6,20,17,0,47.56,4.49
2018,6,20,18,0,52.620000000000005,4.53
2018,6,20,19,0,56.5,4.17
2018,6,20,20,0,57.49,4.59
2018,6,20,21,0,51.9,4.63
2018,6,20,22,0,56.4,4.13
2018,6,20,23,0,47.61,3.87
2018,6,21,0,0,45.11,4.6000000000000005
2018,6,21,1,0,41.82,4.86
2018,6,21,2,0,43.35,3.67
2018,6,21,3,0,35.59,3.5700000000000003
2018,6,21,4,0,232.51,7.98
2018,6,21,5,0,223.63,7.51
2018,6,21,6,0,234.8,5.59
2018,6,21,7,0,227.49,4.03
2018,6,21,8,0,221.29,1.69
2018,6,21,9,0,182.93,1.29
2018,6,21,10,0,124.98,1.3
2018,6,21,11,0,129.14000000000001,2.91
2018,6,21,12,0,124.78,2.0100000000000002
2018,6,21,13,0,72.92,2.3000000000000003
2018,6,21,14,0,64.49,2.29
2018,6,21,15,0,62.120000000000005,2.0300000000000002
2018,6,21,16,0,33.87,0.81
2018,6,21,17,0,295.44,2.05
2018,6,21,18,0,249.1,2.31
2018,6,21,19,0,231.19,2.58
2018,6,21,20,0,271.45,3.59
2018,6,21,21,0,266.05,5.45
2018,6,21,22,0,267.83,6.26
2018,6,21,23,0,257.19,6.48
2018,6,22,0,0,252.37,7.18
2018,6,22,1,0,240.34,7.67
2018,6,22,2,0,211.53,7.47
2018,6,22,3,0,201.29,6.640000000000001
2018,6,22,4,0,205.13,7.22
2018,6,22,5,0,202,8.92
2018,6,22,6,0,193.20000000000002,8.38
2018,6,22,7,0,192.78,8.31
2018,6,22,8,0,198.93,8.92
2018,6,22,9,0,203.4,9.13
2018,6,22,10,0,208.73000000000002,10.47
2018,6,22,11,0,206.03,9.91
2018,6,22,12,0,202.41,9.22
2018,6,22,13,0,196.07,7.38
2018,6,22,14,0,193.04,6.5
2018,6,22,15,0,190,6.12
2018,6,22,16,0,192.52,6.2
2018,6,22,17,0,186.29,6.05
2018,6,22,18,0,173.93,5.59
2018,6,22,19,0,171.95000000000002,5.69
2018,6,22,20,0,168.44,6.01
2018,6,22,21,0,173.75,6.2700000000000005
2018,6,22,22,0,180.73,6.42
2018,6,22,23,0,187.13,7.26
2018,6,23,0,0,193.35,7.92
2018,6,23,1,0,202,9.23
2018,6,23,2,0,210.13,6.8100000000000005
2018,6,23,3,0,208.67000000000002,6.53
2018,6,23,4,0,207.68,6.63
2018,6,23,5,0,208.05,6.08
2018,6,23,6,0,196.85,6.5600000000000005
2018,6,23,7,0,194.53,7.44
2018,6,23,8,0,192.05,8.1
2018,6,23,9,0,200.82,8.98
2018,6,23,10,0,209.31,9.78
2018,6,23,11,0,199.06,9.19
2018,6,23,12,0,195.86,7.87
2018,6,23,13,0,193.44,7.68
2018,6,23,14,0,188.46,7.83
2018,6,23,15,0,185.32,7.47
2018,6,23,16,0,187.56,7.33
2018,6,23,17,0,195.18,6.7
2018,6,23,18,0,201.31,6.04
2018,6,23,19,0,203.4,5.45
2018,6,23,20,0,198.70000000000002,6.25
2018,6,23,21,0,194.21,6.29
2018,6,23,22,0,186.16,5.69
2018,6,23,23,0,189.76,5.2700000000000005
2018,6,24,0,0,207.26,4.8100000000000005
2018,6,24,1,0,232.70000000000002,4.09
2018,6,24,2,0,230.21,3.62
2018,6,24,3,0,227.58,4.5
2018,6,24,4,0,225.1,4.5
2018,6,24,5,0,211.63,3.9
2018,6,24,6,0,205.21,4.4
2018,6,24,7,0,214.92000000000002,4.05
2018,6,24,8,0,214.89000000000001,4.15
2018,6,24,9,0,209.78,4.38
2018,6,24,10,0,212.39000000000001,3.81
2018,6,24,11,0,200.72,4.61
2018,6,24,12,0,201.16,3.27
2018,6,24,13,0,199,3.42
2018,6,24,14,0,195.55,2.3000000000000003
2018,6,24,15,0,182.34,1.74
2018,6,24,16,0,149.84,1.17
2018,6,24,17,0,147.71,0.98
2018,6,24,18,0,109.02,0.56
2018,6,24,19,0,139.25,0.65
2018,6,24,20,0,155.25,0.9400000000000001
2018,6,24,21,0,171.46,1.08
2018,6,24,22,0,207.51,2.48
2018,6,24,23,0,217.05,4.1
2018,6,25,0,0,213.86,5.04
2018,6,25,1,0,220.46,5.76
2018,6,25,2,0,225.69,6.8100000000000005
2018,6,25,3,0,224.93,7.0600000000000005
2018,6,25,4,0,223.73000000000002,8.05
2018,6,25,5,0,215.52,7.38
2018,6,25,6,0,208.86,6.44
2018,6,25,7,0,207.72,8.49
2018,6,25,8,0,205.85,8.01
2018,6,25,9,0,201.94,8.700000000000001
2018,6,25,10,0,194.4,8.61
2018,6,25,11,0,198.74,7.7700000000000005
2018,6,25,12,0,201.93,7.96
2018,6,25,13,0,204.95000000000002,6.95
2018,6,25,14,0,206.72,5.88
2018,6,25,15,0,211.61,4.87
2018,6,25,16,0,213.76,4.53
2018,6,25,17,0,211.73000000000002,3.45
2018,6,25,18,0,210.53,3.33
2018,6,25,19,0,205.41,4.24
2018,6,25,20,0,201.85,6.04
2018,6,25,21,0,202.04,6.97
2018,6,25,22,0,218.37,6.99
2018,6,25,23,0,218.96,8.86
2018,6,26,0,0,214.53,8.97
2018,6,26,1,0,211.25,9.63
2018,6,26,2,0,211.32,9.16
2018,6,26,3,0,214.45000000000002,10.24
2018,6,26,4,0,218.33,11.88
2018,6,26,5,0,223.26,11.46
2018,6,26,6,0,223.47,10.09
2018,6,26,7,0,224.63,8.99
2018,6,26,8,0,224.86,8.49
2018,6,26,9,0,225.79,7.45
2018,6,26,10,0,220.97,5.71
2018,6,26,11,0,215.09,4.18
2018,6,26,12,0,210.92000000000002,3.31
2018,6,26,13,0,218.22,2.5
2018,6,26,14,0,195.29,1.01
2018,6,26,15,0,296.44,0.87
2018,6,26,16,0,18.36,2.16
2018,6,26,17,0,31.470000000000002,3.1
2018,6,26,18,0,34.68,4.18
2018,6,26,19,0,25.42,4.23
2018,6,26,20,0,30.07,4.8
2018,6,26,21,0,20.240000000000002,5.04
2018,6,26,22,0,21.77,4.96
2018,6,26,23,0,35.84,5.11
2018,6,27,0,0,21.46,5.22
2018,6,27,1,0,14.43,4.15
2018,6,27,2,0,4.7700000000000005,4.3100000000000005
2018,6,27,3,0,2.81,4.61
2018,6,27,4,0,1.69,5.5200000000000005
2018,6,27,5,0,3.61,5.5
2018,6,27,6,0,18.400000000000002,4.79
2018,6,27,7,0,13.51,4.08
2018,6,27,8,0,10.64,4.55
2018,6,27,9,0,24.7,2.71
2018,6,27,10,0,49.25,5.24
2018,6,27,11,0,106.45,6.91
2018,6,27,12,0,99.22,9.950000000000001
2018,6,27,13,0,89.06,11.28
2018,6,27,14,0,45.36,7.43
2018,6,27,15,0,57.730000000000004,6.5200000000000005
2018,6,27,16,0,72.51,9.67
2018,6,27,17,0,47.6,7.390000000000001
2018,6,27,18,0,61.22,8.01
2018,6,27,19,0,37.49,8.64
2018,6,27,20,0,22.650000000000002,8.41
2018,6,27,21,0,23.23,8.64
2018,6,27,22,0,30.03,8.31
2018,6,27,23,0,29.2,8.620000000000001
2018,6,28,0,0,31.64,7.67
2018,6,28,1,0,36.93,7.25
2018,6,28,2,0,38.06,7.19
2018,6,28,3,0,58.61,6.8100000000000005
2018,6,28,4,0,43.19,7.87
2018,6,28,5,0,71.45,7.44
2018,6,28,6,0,48.660000000000004,6.890000000000001
2018,6,28,7,0,43.61,7.17
2018,6,28,8,0,49.29,8.24
2018,6,28,9,0,57.160000000000004,8.49
2018,6,28,10,0,34.33,9.07
2018,6,28,11,0,32.43,11.75
2018,6,28,12,0,32.03,10.49
2018,6,28,13,0,40.47,9.39
2018,6,28,14,0,46.42,6.67
2018,6,28,15,0,61.21,5.29
2018,6,28,16,0,20.09,5.63
2018,6,28,17,0,42.6,6.01
2018,6,28,18,0,36.71,5.22
2018,6,28,19,0,28.43,6.5600000000000005
2018,6,28,20,0,34.49,7.01
2018,6,28,21,0,27.29,7.74
2018,6,28,22,0,30.09,7.8500000000000005
2018,6,28,23,0,37.78,8.17
2018,6,29,0,0,24.52,7.97
2018,6,29,1,0,31.89,6.38
2018,6,29,2,0,39.43,6.79
2018,6,29,3,0,38.88,5.82
2018,6,29,4,0,50.7,6.1000000000000005
2018,6,29,5,0,80.12,4.11
2018,6,29,6,0,105.7,3.48
2018,6,29,7,0,93.10000000000001,3.64
2018,6,29,8,0,91.79,4.9
2018,6,29,9,0,90.12,5.29
2018,6,29,10,0,128.29,3.46
2018,6,29,11,0,117.12,0.7000000000000001
2018,6,29,12,0,72.8,2.32
2018,6,29,13,0,52.95,3.06
2018,6,29,14,0,46.76,5.33
2018,6,29,15,0,55.46,5.51
2018,6,29,16,0,61.78,4.12
2018,6,29,17,0,56.95,3.38
2018,6,29,18,0,44.62,3.52
2018,6,29,19,0,40.52,3.08
2018,6,29,20,0,22.45,3.23
2018,6,29,21,0,26.68,3.79
2018,6,29,22,0,19.03,3.33
2018,6,29,23,0,42.99,2.1
2018,6,30,0,0,121.75,0.81
2018,6,30,1,0,270.46,2
2018,6,30,2,0,254.34,2.64
2018,6,30,3,0,222.41,2.56
2018,6,30,4,0,212.56,3.45
2018,6,30,5,0,214.44,3.95
2018,6,30,6,0,215.78,4.5
2018,6,30,7,0,208.36,4.97
2018,6,30,8,0,213.20000000000002,5.5200000000000005
2018,6,30,9,0,206.08,6.16
2018,6,30,10,0,195.6,5.79
2018,6,30,11,0,206.31,5.68
2018,6,30,12,0,219.54,7.46
2018,6,30,13,0,212.49,8.1
2018,6,30,14,0,209.45000000000002,7.96
2018,6,30,15,0,204.9,7.5
2018,6,30,16,0,204.41,6.01
2018,6,30,17,0,205.24,5.6000000000000005
2018,6,30,18,0,194.07,5.33
2018,6,30,19,0,192.21,6.47
2018,6,30,20,0,196.28,6.67
2018,6,30,21,0,195.4,6.67
2018,6,30,22,0,200.69,6.41
2018,6,30,23,0,205.58,5.93
2018,7,1,0,0,202.61,6.65
2018,7,1,1,0,204.66,7.09
2018,7,1,2,0,202.06,7.3100000000000005
2018,7,1,3,0,207.19,7.04
2018,7,1,4,0,206.1,6.88
2018,7,1,5,0,206.47,7.23
2018,7,1,6,0,209.06,7.95
2018,7,1,7,0,206.21,8.98
2018,7,1,8,0,203.43,9.870000000000001
2018,7,1,9,0,201.12,9.98
2018,7,1,10,0,200.86,9.97
2018,7,1,11,0,199.78,9.68
2018,7,1,12,0,198.08,9.27
2018,7,1,13,0,198.96,9.42
2018,7,1,14,0,199.92000000000002,8.03
2018,7,1,15,0,199.86,7.63
2018,7,1,16,0,196.47,6.58
2018,7,1,17,0,197.8,5.7
2018,7,1,18,0,209.32,3.33
2018,7,1,19,0,198.19,1.34
2018,7,1,20,0,232.44,0.52
2018,7,1,21,0,33.230000000000004,0.36
2018,7,1,22,0,48.13,0.48
2018,7,1,23,0,242.69,0.38
2018,7,2,0,0,201.15,1.17
2018,7,2,1,0,210.68,3.94
2018,7,2,2,0,214.48000000000002,4.54
2018,7,2,3,0,220.29,4.97
2018,7,2,4,0,233.12,5.71
2018,7,2,5,0,220.12,5.5200000000000005
2018,7,2,6,0,219.86,5.8
2018,7,2,7,0,214.48000000000002,5.16
2018,7,2,8,0,216.04,4.71
2018,7,2,9,0,214.04,5.53
2018,7,2,10,0,226.82,5.05
2018,7,2,11,0,234.42000000000002,3.6
2018,7,2,12,0,236.87,2.58
2018,7,2,13,0,240.1,1.11
2018,7,2,14,0,177.21,1.01
2018,7,2,15,0,11.77,2.11
2018,7,2,16,0,19.51,3.0500000000000003
2018,7,2,17,0,15,2.13
2018,7,2,18,0,30.64,1.21
2018,7,2,19,0,65.7,1.35
2018,7,2,20,0,45.74,1.11
2018,7,2,21,0,47.69,1.97
2018,7,2,22,0,71.74,1.29
2018,7,2,23,0,175.3,1.21
2018,7,3,0,0,233.93,2.21
2018,7,3,1,0,240.59,3.02
2018,7,3,2,0,248.69,4.88
2018,7,3,3,0,239.27,4.5200000000000005
2018,7,3,4,0,253.32,6.97
2018,7,3,5,0,247.28,7.15
2018,7,3,6,0,238.08,5.72
2018,7,3,7,0,230.48000000000002,6.640000000000001
2018,7,3,8,0,221.72,5.84
2018,7,3,9,0,214.92000000000002,5.8
2018,7,3,10,0,220.39000000000001,6.01
2018,7,3,11,0,223.69,5.29
2018,7,3,12,0,238.25,3.27
2018,7,3,13,0,239.65,0.65
2018,7,3,14,0,232.63,0.01
2018,7,3,15,0,139.82,0.47000000000000003
2018,7,3,16,0,8.6,1.4000000000000001
2018,7,3,17,0,41.78,2.11
2018,7,3,18,0,69.15,2.91
2018,7,3,19,0,83.32000000000001,2.63
2018,7,3,20,0,86.17,1.01
2018,7,3,21,0,210.55,1.36
2018,7,3,22,0,216.88,1.67
2018,7,3,23,0,226.05,2.87
2018,7,4,0,0,231.27,3.34
2018,7,4,1,0,233.02,3.63
2018,7,4,2,0,232.4,4.14
2018,7,4,3,0,231.64000000000001,4.88
2018,7,4,4,0,229.59,5.64
2018,7,4,5,0,215.69,4.61
2018,7,4,6,0,208.96,5
2018,7,4,7,0,205.93,7.8100000000000005
2018,7,4,8,0,205.01,7.930000000000001
2018,7,4,9,0,205.78,7.61
2018,7,4,10,0,209.61,7.68
2018,7,4,11,0,212.45000000000002,5.98
2018,7,4,12,0,211.29,5.44
2018,7,4,13,0,218.17000000000002,4.23
2018,7,4,14,0,222.99,3.19
2018,7,4,15,0,214.27,1.93
2018,7,4,16,0,236.19,0.63
2018,7,4,17,0,161.69,1.34
2018,7,4,18,0,213.34,1.54
2018,7,4,19,0,169.27,1.46
2018,7,4,20,0,183.13,2.69
2018,7,4,21,0,195.72,3.02
2018,7,4,22,0,189.33,3.81
2018,7,4,23,0,210.78,3.42
2018,7,5,0,0,226.53,3.89
2018,7,5,1,0,203.95000000000002,5.65
2018,7,5,2,0,212.81,6.38
2018,7,5,3,0,216.21,5.84
2018,7,5,4,0,213.34,7.03
2018,7,5,5,0,206.21,4.7700000000000005
2018,7,5,6,0,202.48000000000002,6.96
2018,7,5,7,0,210.83,6.15
2018,7,5,8,0,199.9,7.2
2018,7,5,9,0,206.65,5.04
2018,7,5,10,0,209.09,5
2018,7,5,11,0,218.06,3.63
2018,7,5,12,0,230.03,2.83
2018,7,5,13,0,248.07,3.23
2018,7,5,14,0,214.79,2.12
2018,7,5,15,0,230.45000000000002,2.25
2018,7,5,16,0,257.15,1.7
2018,7,5,17,0,18.89,0.42
2018,7,5,18,0,109.98,0.71
2018,7,5,19,0,60.9,1.01
2018,7,5,20,0,35.14,1.08
2018,7,5,21,0,301.14,1.1500000000000001
2018,7,5,22,0,273.74,3.5100000000000002
2018,7,5,23,0,275,4.91
2018,7,6,0,0,260.3,5.38
2018,7,6,1,0,254.72,5.89
2018,7,6,2,0,240.16,4.83
2018,7,6,3,0,245.97,6.09
2018,7,6,4,0,249.63,7.4
2018,7,6,5,0,256.12,7.24
2018,7,6,6,0,259.87,6.1000000000000005
2018,7,6,7,0,279.19,6
2018,7,6,8,0,297.84000000000003,4.64
2018,7,6,9,0,14.07,2.38
2018,7,6,10,0,0.5,5.26
2018,7,6,11,0,7.23,7.7700000000000005
2018,7,6,12,0,22.45,6.37
2018,7,6,13,0,31.26,5.63
2018,7,6,14,0,18.35,3.65
2018,7,6,15,0,6.7,4.16
2018,7,6,16,0,14.780000000000001,4.67
2018,7,6,17,0,33.160000000000004,4.45
2018,7,6,18,0,55.07,5.57
2018,7,6,19,0,70.45,4.54
2018,7,6,20,0,68.46000000000001,2.12
2018,7,6,21,0,225.86,0.71
2018,7,6,22,0,242.46,3.47
2018,7,6,23,0,260.43,3.87
2018,7,7,0,0,259.68,5.19
2018,7,7,1,0,255.35,5.36
2018,7,7,2,0,259.71,6.44
2018,7,7,3,0,266.95,6.45
2018,7,7,4,0,273.97,5.26
2018,7,7,5,0,281.45,4.65
2018,7,7,6,0,283.31,5.23
2018,7,7,7,0,291.64,6.26
2018,7,7,8,0,297.62,5.6000000000000005
2018,7,7,9,0,331.24,2.35
2018,7,7,10,0,301.14,1.1400000000000001
2018,7,7,11,0,291.16,2.02
2018,7,7,12,0,226.37,3.23
2018,7,7,13,0,207.4,3.8200000000000003
2018,7,7,14,0,201.87,4.11
2018,7,7,15,0,202.66,4.03
2018,7,7,16,0,224.15,4.23
2018,7,7,17,0,224.63,3.1
2018,7,7,18,0,205.4,2.15
2018,7,7,19,0,207.81,2.67
2018,7,7,20,0,210.81,3.06
2018,7,7,21,0,210.84,4.78
2018,7,7,22,0,209.57,5.22
2018,7,7,23,0,222.4,5.2
2018,7,8,0,0,221.25,9.66
2018,7,8,1,0,214.71,6.83
2018,7,8,2,0,210.61,6.83
2018,7,8,3,0,203.65,7.0200000000000005
2018,7,8,4,0,206.83,10.63
2018,7,8,5,0,207.14000000000001,12.5
2018,7,8,6,0,210.88,16.1
2018,7,8,7,0,214.99,17.31
2018,7,8,8,0,211.98000000000002,13.24
2018,7,8,9,0,211.14000000000001,15.49
2018,7,8,10,0,215.31,14.85
2018,7,8,11,0,215.35,15.27
2018,7,8,12,0,218.20000000000002,15.59
2018,7,8,13,0,216.05,15.280000000000001
2018,7,8,14,0,211.55,12.51
2018,7,8,15,0,205.49,12.38
2018,7,8,16,0,205.65,13.83
2018,7,8,17,0,205.52,15.540000000000001
2018,7,8,18,0,205.94,15.39
2018,7,8,19,0,203.21,14.23
2018,7,8,20,0,202.34,12.3
2018,7,8,21,0,205.98000000000002,14.06
2018,7,8,22,0,210.21,13.36
2018,7,8,23,0,208.56,10.48
2018,7,9,0,0,204.97,10.07
2018,7,9,1,0,207.61,9.07
2018,7,9,2,0,208.11,8.09
2018,7,9,3,0,200.72,9.07
2018,7,9,4,0,191.41,11.53
2018,7,9,5,0,179.25,13.88
2018,7,9,6,0,165.26,3.61
2018,7,9,7,0,17.91,3.99
2018,7,9,8,0,3.61,5.58
2018,7,9,9,0,60.36,3.17
2018,7,9,10,0,122.94,4.46
2018,7,9,11,0,126.08,7.45
2018,7,9,12,0,127.18,9.870000000000001
2018,7,9,13,0,128.75,7.7
2018,7,9,14,0,114.13,1.74
2018,7,9,15,0,76.32000000000001,3.04
2018,7,9,16,0,83.75,1.96
2018,7,9,17,0,147.08,9.24
2018,7,9,18,0,139.1,6.21
2018,7,9,19,0,143.68,6.82
2018,7,9,20,0,155.05,6.47
2018,7,9,21,0,188.09,7.11
2018,7,9,22,0,157.19,5.87
2018,7,9,23,0,163.78,8.49
2018,7,10,0,0,173.92000000000002,6.62
2018,7,10,1,0,160.61,8.16
2018,7,10,2,0,156.46,5.36
2018,7,10,3,0,175.13,2.73
2018,7,10,4,0,160.69,5.0200000000000005
2018,7,10,5,0,148.35,3.18
2018,7,10,6,0,154.65,7.46
2018,7,10,7,0,123.95,6.2
2018,7,10,8,0,68.44,4.54
2018,7,10,9,0,102.53,3.4
2018,7,10,10,0,111.93,4.42
2018,7,10,11,0,106.71000000000001,3.95
2018,7,10,12,0,100.42,3.25
2018,7,10,13,0,135.25,4.2700000000000005
2018,7,10,14,0,130.93,4
2018,7,10,15,0,118.89,3.99
2018,7,10,16,0,111.31,3.8200000000000003
2018,7,10,17,0,146.14000000000001,3.13
2018,7,10,18,0,76.3,3.25
2018,7,10,19,0,121.39,3.42
2018,7,10,20,0,101.86,4.11
2018,7,10,21,0,107.48,3.4
2018,7,10,22,0,167.6,2.83
2018,7,10,23,0,174.20000000000002,5.25
2018,7,11,0,0,185.69,5.95
2018,7,11,1,0,194.63,5.72
2018,7,11,2,0,190.28,7.86
2018,7,11,3,0,194.86,8.68
2018,7,11,4,0,193.91,9.24
2018,7,11,5,0,188.61,11.08
2018,7,11,6,0,186.29,12.02
2018,7,11,7,0,185.38,11.58
2018,7,11,8,0,186.53,11.42
2018,7,11,9,0,188.14000000000001,10.72
2018,7,11,10,0,189.9,10.44
2018,7,11,11,0,189.9,9.74
2018,7,11,12,0,199.03,9.24
2018,7,11,13,0,201.97,9.67
2018,7,11,14,0,201.89000000000001,10.53
2018,7,11,15,0,199.68,10.25
2018,7,11,16,0,191.05,10.81
2018,7,11,17,0,197.4,10.32
2018,7,11,18,0,197.19,10.53
2018,7,11,19,0,196.63,11.13
2018,7,11,20,0,195.21,11.27
2018,7,11,21,0,193.97,10.68
2018,7,11,22,0,193.71,10.84
2018,7,11,23,0,197.19,10.65
2018,7,12,0,0,202.53,10.32
2018,7,12,1,0,205.64000000000001,8.23
2018,7,12,2,0,209.92000000000002,7.15
2018,7,12,3,0,199.72,10.56
2018,7,12,4,0,203.58,10.47
2018,7,12,5,0,200.88,10.02
2018,7,12,6,0,205.14000000000001,9.77
2018,7,12,7,0,200.88,11.34
2018,7,12,8,0,198.3,10.71
2018,7,12,9,0,201.75,9.74
2018,7,12,10,0,207.21,10.58
2018,7,12,11,0,212.05,8.25
2018,7,12,12,0,204.95000000000002,8.950000000000001
2018,7,12,13,0,202.63,8.73
2018,7,12,14,0,199.95000000000002,8.14
2018,7,12,15,0,199.84,8.24
2018,7,12,16,0,197.04,7.72
2018,7,12,17,0,196.32,7.91
2018,7,12,18,0,195.12,7.36
2018,7,12,19,0,196.23000000000002,6.3100000000000005
2018,7,12,20,0,203.8,5.2700000000000005
2018,7,12,21,0,208.97,4.67
2018,7,12,22,0,229.83,4.08
2018,7,12,23,0,230.66,4.59
2018,7,13,0,0,230.20000000000002,5.21
2018,7,13,1,0,227.16,5.62
2018,7,13,2,0,222.29,4.83
2018,7,13,3,0,224.23000000000002,4.8500000000000005
2018,7,13,4,0,219,3.09
2018,7,13,5,0,204.74,1.61
2018,7,13,6,0,193.38,1.72
2018,7,13,7,0,209.99,1.8
2018,7,13,8,0,199.49,4.55
2018,7,13,9,0,234.83,4.93
2018,7,13,10,0,217.77,6.73
2018,7,13,11,0,218.21,7.74
2018,7,13,12,0,223.43,7.1000000000000005
2018,7,13,13,0,224.97,7.29
2018,7,13,14,0,224.56,6.91
2018,7,13,15,0,228.13,6.78
2018,7,13,16,0,230.27,6.16
2018,7,13,17,0,230.24,5.13
2018,7,13,18,0,235.87,3.91
2018,7,13,19,0,236.24,2.0300000000000002
2018,7,13,20,0,175.98,0.9400000000000001
2018,7,13,21,0,261.33,1.25
2018,7,13,22,0,298.53000000000003,1.9100000000000001
2018,7,13,23,0,33.410000000000004,1.55
2018,7,14,0,0,55.56,3.7600000000000002
2018,7,14,1,0,41.11,4.45
2018,7,14,2,0,72.89,4.79
2018,7,14,3,0,159.91,5.21
2018,7,14,4,0,130.32,6.38
2018,7,14,5,0,111.43,3.4
2018,7,14,6,0,83.16,7.22
2018,7,14,7,0,106.37,8.26
2018,7,14,8,0,102.35000000000001,10.38
2018,7,14,9,0,102.69,13.43
2018,7,14,10,0,101.4,12.69
2018,7,14,11,0,56.160000000000004,8.59
2018,7,14,12,0,89.15,12.93
2018,7,14,13,0,182.37,6.74
2018,7,14,14,0,170.78,6.2700000000000005
2018,7,14,15,0,172.46,6.0200000000000005
2018,7,14,16,0,176.83,6.7
2018,7,14,17,0,179.58,5.91
2018,7,14,18,0,195.14000000000001,4.96
2018,7,14,19,0,197.77,4.45
2018,7,14,20,0,203.06,3.61
2018,7,14,21,0,241.22,2.44
2018,7,14,22,0,246.15,1.67
2018,7,14,23,0,232.92000000000002,1.93
2018,7,15,0,0,218.26,0.67
2018,7,15,1,0,81.62,2.86
2018,7,15,2,0,74.35000000000001,2.5300000000000002
2018,7,15,3,0,222.52,2.72
2018,7,15,4,0,318.93,1.51
2018,7,15,5,0,304.68,2.09
2018,7,15,6,0,331.96,1.86
2018,7,15,7,0,355.74,2.73
2018,7,15,8,0,23.29,4.38
2018,7,15,9,0,50.81,5.9
2018,7,15,10,0,51.13,6.11
2018,7,15,11,0,32.730000000000004,8.07
2018,7,15,12,0,20,8.35
2018,7,15,13,0,23.68,9.83
2018,7,15,14,0,17.61,10.31
2018,7,15,15,0,24.04,9.42
2018,7,15,16,0,8.38,7.42
2018,7,15,17,0,358.92,5.36
2018,7,15,18,0,357.79,6.59
2018,7,15,19,0,6.34,5.6000000000000005
2018,7,15,20,0,15.67,3.85
2018,7,15,21,0,359.17,3.0500000000000003
2018,7,15,22,0,343.99,2.7600000000000002
2018,7,15,23,0,311.46,1.17
2018,7,16,0,0,278.57,2.25
2018,7,16,1,0,250.87,2.24
2018,7,16,2,0,241.24,3.86
2018,7,16,3,0,229.82,4.86
2018,7,16,4,0,234.03,6.38
2018,7,16,5,0,236.58,6.91
2018,7,16,6,0,235.20000000000002,6.07
2018,7,16,7,0,218.65,6.5
2018,7,16,8,0,219.64000000000001,7.18
2018,7,16,9,0,205.67000000000002,6.84
2018,7,16,10,0,196.52,9.47
2018,7,16,11,0,195.33,9.19
2018,7,16,12,0,189.63,9.53
2018,7,16,13,0,193.55,9.14
2018,7,16,14,0,196.38,7.3100000000000005
2018,7,16,15,0,224.17000000000002,4.03
2018,7,16,16,0,253.26000000000002,3.25
2018,7,16,17,0,235.81,1.96
2018,7,16,18,0,250.51000000000002,4.3100000000000005
2018,7,16,19,0,223.23000000000002,6.42
2018,7,16,20,0,208.61,7.930000000000001
2018,7,16,21,0,196.92000000000002,7.99
2018,7,16,22,0,201.72,6.59
2018,7,16,23,0,212.43,6.05
2018,7,17,0,0,221.35,5.78
2018,7,17,1,0,207.34,4.16
2018,7,17,2,0,238.15,8.870000000000001
2018,7,17,3,0,227.13,9.09
2018,7,17,4,0,224.96,7.890000000000001
2018,7,17,5,0,223.5,5.72
2018,7,17,6,0,270.65,6.87
2018,7,17,7,0,275.32,3.87
2018,7,17,8,0,66.13,4.66
2018,7,17,9,0,118.4,6.0200000000000005
2018,7,17,10,0,107.19,3.35
2018,7,17,11,0,109.12,3.75
2018,7,17,12,0,10.46,5.3500000000000005
2018,7,17,13,0,18.85,8.41
2018,7,17,14,0,9.94,7.86
2018,7,17,15,0,6.07,7.08
2018,7,17,16,0,16.2,8.22
2018,7,17,17,0,34.45,7.2700000000000005
2018,7,17,18,0,38.43,3.93
2018,7,17,19,0,19.240000000000002,2.73
2018,7,17,20,0,358.13,2.99
2018,7,17,21,0,349.22,1.74
2018,7,17,22,0,332.56,0.81
2018,7,17,23,0,225.91,0.73
2018,7,18,0,0,225.28,1.69
2018,7,18,1,0,213.67000000000002,2.06
2018,7,18,2,0,201.78,3.0100000000000002
2018,7,18,3,0,212.8,6.11
2018,7,18,4,0,221.57,5.2
2018,7,18,5,0,221.28,6.41
2018,7,18,6,0,216.53,6.38
2018,7,18,7,0,211.84,5.69
2018,7,18,8,0,202.31,7.09
2018,7,18,9,0,201.54,7.5
2018,7,18,10,0,200.69,7.83
2018,7,18,11,0,193.12,7.15
2018,7,18,12,0,199.11,6.94
2018,7,18,13,0,201.16,6.84
2018,7,18,14,0,203.07,6.78
2018,7,18,15,0,207.11,5.47
2018,7,18,16,0,201.46,3.72
2018,7,18,17,0,199.84,3.34
2018,7,18,18,0,191.99,1.81
2018,7,18,19,0,178.25,2.7
2018,7,18,20,0,199.45000000000002,1.97
2018,7,18,21,0,193.78,1.99
2018,7,18,22,0,186.29,3.27
2018,7,18,23,0,186.64000000000001,4.16
2018,7,19,0,0,195.72,5.2
2018,7,19,1,0,199.09,6.2700000000000005
2018,7,19,2,0,207,6.11
2018,7,19,3,0,209.87,5.98
2018,7,19,4,0,211.72,5.48
2018,7,19,5,0,209.78,5.97
2018,7,19,6,0,207.13,7.9
2018,7,19,7,0,202.43,9.75
2018,7,19,8,0,199.67000000000002,11.02
2018,7,19,9,0,198.12,11.55
2018,7,19,10,0,196.23000000000002,10.540000000000001
2018,7,19,11,0,197.58,9.48
2018,7,19,12,0,199.82,8.55
2018,7,19,13,0,204.43,8.08
2018,7,19,14,0,203.70000000000002,6.99
2018,7,19,15,0,199.20000000000002,6.79
2018,7,19,16,0,199.23000000000002,6.72
2018,7,19,17,0,199.25,6.66
2018,7,19,18,0,194.28,6.3500000000000005
2018,7,19,19,0,191.93,6.15
2018,7,19,20,0,194.62,6.04
2018,7,19,21,0,195.13,6.43
2018,7,19,22,0,194.33,6.76
2018,7,19,23,0,198.57,7.38
2018,7,20,0,0,202.15,7.2
2018,7,20,1,0,203.75,7.45
2018,7,20,2,0,201.78,8.55
2018,7,20,3,0,202.45000000000002,8.56
2018,7,20,4,0,201.14000000000001,9.52
2018,7,20,5,0,202.74,9.69
2018,7,20,6,0,201.43,10.040000000000001
2018,7,20,7,0,202.11,10.6
2018,7,20,8,0,203.56,10.4
2018,7,20,9,0,204.52,9.94
2018,7,20,10,0,207.49,8.92
2018,7,20,11,0,203.63,8.27
2018,7,20,12,0,204.97,7.930000000000001
2018,7,20,13,0,202.76,7.4
2018,7,20,14,0,202.52,6.9
2018,7,20,15,0,203.03,5.99
2018,7,20,16,0,203.35,5.21
2018,7,20,17,0,199.8,4.29
2018,7,20,18,0,194.61,4.63
2018,7,20,19,0,196.84,4.18
2018,7,20,20,0,193.5,4.62
2018,7,20,21,0,194.27,5.6000000000000005
2018,7,20,22,0,197.44,5.3100000000000005
2018,7,20,23,0,205.88,4.87
2018,7,21,0,0,211.70000000000002,4.3500000000000005
2018,7,21,1,0,218.11,4.67
2018,7,21,2,0,220.12,4.5600000000000005
2018,7,21,3,0,214.64000000000001,4.59
2018,7,21,4,0,211.61,5.51
2018,7,21,5,0,206.06,6.41
2018,7,21,6,0,201.65,6.65
2018,7,21,7,0,203.43,6.48
2018,7,21,8,0,200.69,8.31
2018,7,21,9,0,201,8.49
2018,7,21,10,0,196.34,8.33
2018,7,21,11,0,198.86,7.44
2018,7,21,12,0,200.41,6.42
2018,7,21,13,0,191.44,5.07
2018,7,21,14,0,183.86,4.71
2018,7,21,15,0,185.22,4.57
2018,7,21,16,0,185.41,3.65
2018,7,21,17,0,187.9,3.47
2018,7,21,18,0,195.77,3.41
2018,7,21,19,0,183.75,2.95
2018,7,21,20,0,179.6,2.87
2018,7,21,21,0,183.25,2.93
2018,7,21,22,0,184.35,3.17
2018,7,21,23,0,190.55,3.87
2018,7,22,0,0,194.25,3.94
2018,7,22,1,0,210.92000000000002,3.62
2018,7,22,2,0,207.56,4.53
2018,7,22,3,0,209.22,5.34
2018,7,22,4,0,211.24,5.61
2018,7,22,5,0,210.35,5.76
2018,7,22,6,0,212.33,6.66
2018,7,22,7,0,212.33,8.09
2018,7,22,8,0,212.37,9.93
2018,7,22,9,0,213.19,10.82
2018,7,22,10,0,215.04,10.82
2018,7,22,11,0,212.67000000000002,10.34
2018,7,22,12,0,210.67000000000002,9.46
2018,7,22,13,0,210.43,8.96
2018,7,22,14,0,211.57,8.32
2018,7,22,15,0,206.19,8.06
2018,7,22,16,0,211.46,6.6000000000000005
2018,7,22,17,0,206.79,5.29
2018,7,22,18,0,202.99,4.53
2018,7,22,19,0,194.16,3.5100000000000002
2018,7,22,20,0,191.25,3.2
2018,7,22,21,0,186.84,2.83
2018,7,22,22,0,198,2.25
2018,7,22,23,0,214.13,2.36
2018,7,23,0,0,241.99,2.35
2018,7,23,1,0,234.56,4.16
2018,7,23,2,0,218.70000000000002,3.74
2018,7,23,3,0,219.12,7.09
2018,7,23,4,0,215.63,8.32
2018,7,23,5,0,220.23000000000002,8.34
2018,7,23,6,0,216.09,9.44
2018,7,23,7,0,225.03,8.36
2018,7,23,8,0,220.72,7.140000000000001
2018,7,23,9,0,218.36,5.67
2018,7,23,10,0,223.41,4.72
2018,7,23,11,0,237.74,2.9
2018,7,23,12,0,253.28,1.12
2018,7,23,13,0,319.47,1.57
2018,7,23,14,0,21.29,2.2
2018,7,23,15,0,36.63,3.81
2018,7,23,16,0,48.53,4.83
2018,7,23,17,0,28.91,5.84
2018,7,23,18,0,23.45,7.01
2018,7,23,19,0,21.66,6.9
2018,7,23,20,0,21.07,7.36
2018,7,23,21,0,20.12,6.99
2018,7,23,22,0,23.580000000000002,6.84
2018,7,23,23,0,18.29,7.32
2018,7,24,0,0,16.21,7.97
2018,7,24,1,0,50.93,5.8500000000000005
2018,7,24,2,0,46.730000000000004,5.68
2018,7,24,3,0,42.45,5.15
2018,7,24,4,0,44.550000000000004,6.09
2018,7,24,5,0,45.160000000000004,6.51
2018,7,24,6,0,45.79,6.68
2018,7,24,7,0,35.57,7.3500000000000005
2018,7,24,8,0,29.42,9.31
2018,7,24,9,0,28.68,10.13
2018,7,24,10,0,34.69,8.99
2018,7,24,11,0,43.51,7.21
2018,7,24,12,0,50.95,7.41
2018,7,24,13,0,43.64,7.67
2018,7,24,14,0,53.92,8.25
2018,7,24,15,0,46.08,8.11
2018,7,24,16,0,46.17,10.85
2018,7,24,17,0,24.39,9.99
2018,7,24,18,0,16.080000000000002,10.38
2018,7,24,19,0,34.22,6.72
2018,7,24,20,0,48.57,8.28
2018,7,24,21,0,42.36,7.23
2018,7,24,22,0,42.14,7.96
2018,7,24,23,0,43.85,9.47
2018,7,25,0,0,33.480000000000004,10.3
2018,7,25,1,0,35.550000000000004,9.200000000000001
2018,7,25,2,0,51.02,10.53
2018,7,25,3,0,49.94,10.59
2018,7,25,4,0,40.47,8.05
2018,7,25,5,0,52.300000000000004,8.85
2018,7,25,6,0,19.240000000000002,7.1000000000000005
2018,7,25,7,0,27.080000000000002,7.21
2018,7,25,8,0,28.43,6.9
2018,7,25,9,0,16.5,6.73
2018,7,25,10,0,48.67,8.92
2018,7,25,11,0,43.99,13.86
2018,7,25,12,0,25.95,8.11
2018,7,25,13,0,29.13,9.44
2018,7,25,14,0,30.66,11.620000000000001
2018,7,25,15,0,20.84,10.31
2018,7,25,16,0,56.870000000000005,12.55
2018,7,25,17,0,38.57,10.22
2018,7,25,18,0,22.67,10.25
2018,7,25,19,0,24.91,11
2018,7,25,20,0,33.09,11.15
2018,7,25,21,0,36.24,11.67
2018,7,25,22,0,42.35,12.67
2018,7,25,23,0,49.95,7.46
2018,7,26,0,0,49.22,8.3
2018,7,26,1,0,41.89,8.3
2018,7,26,2,0,38.1,8.950000000000001
2018,7,26,3,0,40.17,9.75
2018,7,26,4,0,46.11,12.74
2018,7,26,5,0,36.46,12.47
2018,7,26,6,0,25.45,11.39
2018,7,26,7,0,40.13,12.15
2018,7,26,8,0,29.560000000000002,11.15
2018,7,26,9,0,37.9,10.63
2018,7,26,10,0,43.38,7.8500000000000005
2018,7,26,11,0,165.54,7.11
2018,7,26,12,0,211.08,12.07
2018,7,26,13,0,209.82,10.19
2018,7,26,14,0,219.87,10.35
2018,7,26,15,0,220.14000000000001,8.16
2018,7,26,16,0,220.28,7.1000000000000005
2018,7,26,17,0,225.57,4.98
2018,7,26,18,0,223.47,4.0600000000000005
2018,7,26,19,0,223.99,2.9
2018,7,26,20,0,220.84,2.92
2018,7,26,21,0,230.54,4.33
2018,7,26,22,0,239.77,4.07
2018,7,26,23,0,251.11,4.36
2018,7,27,0,0,256.2,4.93
2018,7,27,1,0,272.25,4.12
2018,7,27,2,0,267.88,3.41
2018,7,27,3,0,290.81,2.42
2018,7,27,4,0,354.7,2.19
2018,7,27,5,0,19.35,4.37
2018,7,27,6,0,18.73,6.23
2018,7,27,7,0,4.14,8.58
2018,7,27,8,0,3.33,11.55
2018,7,27,9,0,21.830000000000002,7.61
2018,7,27,10,0,55.26,12.64
2018,7,27,11,0,43.83,12.94
2018,7,27,12,0,37.730000000000004,11.38
2018,7,27,13,0,68.27,6.82
2018,7,27,14,0,91.67,6.26
2018,7,27,15,0,123.3,6.0200000000000005
2018,7,27,16,0,152.06,3.14
2018,7,27,17,0,166.23,1.97
2018,7,27,18,0,171.63,3.5100000000000002
2018,7,27,19,0,208.22,10.870000000000001
2018,7,27,20,0,206.88,8.370000000000001
2018,7,27,21,0,204.29,9.8
2018,7,27,22,0,205.63,8.85
2018,7,27,23,0,224.12,7.61
2018,7,28,0,0,228.64000000000001,10.3
2018,7,28,1,0,227.98000000000002,10.120000000000001
2018,7,28,2,0,226.3,9.88
2018,7,28,3,0,224.24,11
2018,7,28,4,0,218.18,11.44
2018,7,28,5,0,224.16,10.31
2018,7,28,6,0,216.83,9.5
2018,7,28,7,0,217.87,9.200000000000001
2018,7,28,8,0,215.32,9.14
2018,7,28,9,0,214.22,8.19
2018,7,28,10,0,211.45000000000002,7.5200000000000005
2018,7,28,11,0,217.01,4.67
2018,7,28,12,0,192.18,1.94
2018,7,28,13,0,178.59,1.34
2018,7,28,14,0,142.49,1.11
2018,7,28,15,0,90.22,2.09
2018,7,28,16,0,46.410000000000004,2.5300000000000002
2018,7,28,17,0,33,4.01
2018,7,28,18,0,13.76,5.04
2018,7,28,19,0,15.69,6.8
2018,7,28,20,0,14.98,7.2700000000000005
2018,7,28,21,0,17.43,8.23
2018,7,28,22,0,19.64,8.74
2018,7,28,23,0,24.13,9.17
2018,7,29,0,0,11.65,8.99
2018,7,29,1,0,24.150000000000002,12.07
2018,7,29,2,0,34.980000000000004,13.49
2018,7,29,3,0,29.310000000000002,11.63
2018,7,29,4,0,42.97,10.32
2018,7,29,5,0,51.120000000000005,9.27
2018,7,29,6,0,50.39,7.930000000000001
2018,7,29,7,0,61.03,4.69
2018,7,29,8,0,97.52,3.18
2018,7,29,9,0,144.39000000000001,1.76
2018,7,29,10,0,43.76,2.29
2018,7,29,11,0,61.15,2.15
2018,7,29,12,0,20.400000000000002,4.43
2018,7,29,13,0,17.3,7.97
2018,7,29,14,0,20.72,7.34
2018,7,29,15,0,42.89,6.45
2018,7,29,16,0,43.17,9.6
2018,7,29,17,0,25.32,9.57
2018,7,29,18,0,26.060000000000002,8.48
2018,7,29,19,0,22.67,9.09
2018,7,29,20,0,17.830000000000002,9.38
2018,7,29,21,0,16.43,9.99
2018,7,29,22,0,28.14,8.08
2018,7,29,23,0,36.68,10.17
2018,7,30,0,0,20.400000000000002,9.34
2018,7,30,1,0,7.75,8.02
2018,7,30,2,0,9.620000000000001,5.64
2018,7,30,3,0,18.650000000000002,4.28
2018,7,30,4,0,213.44,7.74
2018,7,30,5,0,225.18,12.31
2018,7,30,6,0,224.45000000000002,14.47
2018,7,30,7,0,221.66,12.700000000000001
2018,7,30,8,0,222.70000000000002,11.13
2018,7,30,9,0,225.69,10.81
2018,7,30,10,0,222.33,9.58
2018,7,30,11,0,225.64000000000001,9.26
2018,7,30,12,0,222.37,7.82
2018,7,30,13,0,218.39000000000001,8.27
2018,7,30,14,0,218.83,7.75
2018,7,30,15,0,214.69,6.61
2018,7,30,16,0,212.8,6.41
2018,7,30,17,0,211.55,5.42
2018,7,30,18,0,196.36,4
2018,7,30,19,0,198.28,3.2800000000000002
2018,7,30,20,0,203.19,2.84
2018,7,30,21,0,205.71,1.6300000000000001
2018,7,30,22,0,147.57,1.28
2018,7,30,23,0,151.26,0.79
2018,7,31,0,0,212.95000000000002,0.31
2018,7,31,1,0,228.06,0.87
2018,7,31,2,0,246.13,1.46
2018,7,31,3,0,204.35,2.95
2018,7,31,4,0,210.9,4.58
2018,7,31,5,0,211.21,4.54
2018,7,31,6,0,211.29,5.62
2018,7,31,7,0,217.02,4.68
2018,7,31,8,0,215.87,4.5600000000000005
2018,7,31,9,0,222.22,5.12
2018,7,31,10,0,229.67000000000002,4.57
2018,7,31,11,0,216.6,3.56
2018,7,31,12,0,220.54,3.56
2018,7,31,13,0,216.97,3.31
2018,7,31,14,0,214.76,3.19
2018,7,31,15,0,206.51,2.19
2018,7,31,16,0,210.47,2.2
2018,7,31,17,0,207.33,2.14
2018,7,31,18,0,185.47,1.61
2018,7,31,19,0,221.14000000000001,1.08
2018,7,31,20,0,222.32,1.1
2018,7,31,21,0,253.63,1.01
2018,7,31,22,0,245.91,1.25
2018,7,31,23,0,302.95,0.3
2018,8,1,0,0,283.90000000000003,0.62
2018,8,1,1,0,238.99,2.8000000000000003
2018,8,1,2,0,241.9,4.03
2018,8,1,3,0,229.66,3.46
2018,8,1,4,0,205.6,4.66
2018,8,1,5,0,225.64000000000001,6.84
2018,8,1,6,0,229.69,6.7
2018,8,1,7,0,228.04,6.57
2018,8,1,8,0,216.36,7.5600000000000005
2018,8,1,9,0,200.20000000000002,10.28
2018,8,1,10,0,194.96,11.5
2018,8,1,11,0,196.1,12.870000000000001
2018,8,1,12,0,186.89000000000001,13.61
2018,8,1,13,0,186.92000000000002,12.63
2018,8,1,14,0,191.01,10.84
2018,8,1,15,0,192.95000000000002,9.6
2018,8,1,16,0,185.55,9.02
2018,8,1,17,0,190.98,5.5600000000000005
2018,8,1,18,0,211.02,4.71
2018,8,1,19,0,201.26,7.71
2018,8,1,20,0,190.33,8.65
2018,8,1,21,0,197.49,8.17
2018,8,1,22,0,197.06,8.69
2018,8,1,23,0,195.16,9.78
2018,8,2,0,0,195.27,11.39
2018,8,2,1,0,197.61,11.66
2018,8,2,2,0,199.45000000000002,11.71
2018,8,2,3,0,198.52,11.46
2018,8,2,4,0,200.03,11.620000000000001
2018,8,2,5,0,199.44,11.86
2018,8,2,6,0,202.59,10.75
2018,8,2,7,0,204.06,10.3
2018,8,2,8,0,200.6,11.05
2018,8,2,9,0,199.73000000000002,12.51
2018,8,2,10,0,199,12.200000000000001
2018,8,2,11,0,204.79,12.9
2018,8,2,12,0,208.08,11.55
2018,8,2,13,0,201.95000000000002,9.94
2018,8,2,14,0,200.35,9.06
2018,8,2,15,0,197.23000000000002,8.5
2018,8,2,16,0,195.37,8.08
2018,8,2,17,0,192.84,7.25
2018,8,2,18,0,184.47,6.79
2018,8,2,19,0,193.34,5.68
2018,8,2,20,0,182.65,3.13
2018,8,2,21,0,130.16,1.17
2018,8,2,22,0,64.04,1.73
2018,8,2,23,0,17.47,2.79
2018,8,3,0,0,19.490000000000002,4.23
2018,8,3,1,0,16.51,4.39
2018,8,3,2,0,27.330000000000002,5.55
2018,8,3,3,0,25.6,5.22
2018,8,3,4,0,12.16,6.13
2018,8,3,5,0,27.25,6.26
2018,8,3,6,0,67.05,4.61
2018,8,3,7,0,110.33,7.5600000000000005
2018,8,3,8,0,112.92,6.5200000000000005
2018,8,3,9,0,75.96000000000001,8.75
2018,8,3,10,0,80.26,8.4
2018,8,3,11,0,49.22,9.33
2018,8,3,12,0,45.33,9.870000000000001
2018,8,3,13,0,60.68,12.61
2018,8,3,14,0,22.32,12.5
2018,8,3,15,0,29.92,10.68
2018,8,3,16,0,25.41,10.34
2018,8,3,17,0,19.55,10.02
2018,8,3,18,0,18.35,8.05
2018,8,3,19,0,32.03,7.96
2018,8,3,20,0,16.67,8.040000000000001
2018,8,3,21,0,21.03,4.89
2018,8,3,22,0,74.05,3.48
2018,8,3,23,0,75.53,2.82
2018,8,4,0,0,70.69,2.29
2018,8,4,1,0,208.88,0.96
2018,8,4,2,0,240.08,2.62
2018,8,4,3,0,267.25,6.68
2018,8,4,4,0,268.03000000000003,5.63
2018,8,4,5,0,272.91,5.03
2018,8,4,6,0,262.26,4.64
2018,8,4,7,0,271.27,4.3100000000000005
2018,8,4,8,0,262.03000000000003,4.12
2018,8,4,9,0,257.3,4.07
2018,8,4,10,0,291.49,2.21
2018,8,4,11,0,81.32000000000001,0.78
2018,8,4,12,0,155.73,0.99
2018,8,4,13,0,125.25,1.25
2018,8,4,14,0,141.59,1.29
2018,8,4,15,0,162.05,2.8000000000000003
2018,8,4,16,0,213.22,2.69
2018,8,4,17,0,218.05,1.34
2018,8,4,18,0,244.89000000000001,2.9
2018,8,4,19,0,192.18,2.06
2018,8,4,20,0,204.93,2.2600000000000002
2018,8,4,21,0,210.28,2.98
2018,8,4,22,0,217.73000000000002,3.9
2018,8,4,23,0,212.95000000000002,4.36
2018,8,5,0,0,209.91,5.74
2018,8,5,1,0,205.20000000000002,7.28
2018,8,5,2,0,217.68,8.23
2018,8,5,3,0,222.36,11.26
2018,8,5,4,0,211.4,9.46
2018,8,5,5,0,209.47,12.96
2018,8,5,6,0,208.81,14.72
2018,8,5,7,0,205.81,15.64
2018,8,5,8,0,203.69,16.01
2018,8,5,9,0,203.84,15.56
2018,8,5,10,0,203.18,16.7
2018,8,5,11,0,201.03,16.37
2018,8,5,12,0,201.93,16.79
2018,8,5,13,0,201.74,17.75
2018,8,5,14,0,198.79,16.61
2018,8,5,15,0,201.71,16.02
2018,8,5,16,0,203.63,19.45
2018,8,5,17,0,194.37,17.75
2018,8,5,18,0,200.25,17.92
2018,8,5,19,0,201.89000000000001,17.76
2018,8,5,20,0,204.43,16.38
2018,8,5,21,0,200.57,15.42
2018,8,5,22,0,203.73000000000002,17.05
2018,8,5,23,0,200.01,18.23
2018,8,6,0,0,197.6,17.94
2018,8,6,1,0,197.59,16.93
2018,8,6,2,0,200.88,19.54
2018,8,6,3,0,197.01,20.82
2018,8,6,4,0,195.33,17.19
2018,8,6,5,0,201.48000000000002,20.66
2018,8,6,6,0,202.3,22.04
2018,8,6,7,0,199.19,19.61
2018,8,6,8,0,203.20000000000002,17.76
2018,8,6,9,0,203.9,20.080000000000002
2018,8,6,10,0,188.70000000000002,15.23
2018,8,6,11,0,205.67000000000002,13.93
2018,8,6,12,0,210.16,13.450000000000001
2018,8,6,13,0,216.75,11.25
2018,8,6,14,0,260.23,7.19
2018,8,6,15,0,225.73000000000002,3.94
2018,8,6,16,0,202.26,4.41
2018,8,6,17,0,277.49,0.99
2018,8,6,18,0,194.8,1.17
2018,8,6,19,0,37.27,0.85
2018,8,6,20,0,317.1,0.43
2018,8,6,21,0,149.3,2.13
2018,8,6,22,0,262.98,11.26
2018,8,6,23,0,242.45000000000002,9.82
2018,8,7,0,0,235.62,6.71
2018,8,7,1,0,242.45000000000002,6.8100000000000005
2018,8,7,2,0,225.95000000000002,6.66
2018,8,7,3,0,236.88,6.93
2018,8,7,4,0,240.49,7.49
2018,8,7,5,0,244.66,7.5
2018,8,7,6,0,215.71,9.34
2018,8,7,7,0,189.83,7.88
2018,8,7,8,0,207.36,6.82
2018,8,7,9,0,189.61,8.17
2018,8,7,10,0,186.09,5.61
2018,8,7,11,0,202.8,3.42
2018,8,7,12,0,174.76,3.7800000000000002
2018,8,7,13,0,186.32,7.140000000000001
2018,8,7,14,0,238.1,3.3000000000000003
2018,8,7,15,0,270.5,0.92
2018,8,7,16,0,184.28,4.5600000000000005
2018,8,7,17,0,231.28,1.37
2018,8,7,18,0,94.94,0.93
2018,8,7,19,0,144.46,2.45
2018,8,7,20,0,180.01,1.3900000000000001
2018,8,7,21,0,228.08,1.56
2018,8,7,22,0,231.81,2.65
2018,8,7,23,0,216.99,4.34
2018,8,8,0,0,233.1,4.97
2018,8,8,1,0,219.78,4.44
2018,8,8,2,0,37.88,3.44
2018,8,8,3,0,66.32000000000001,4.76
2018,8,8,4,0,69.85000000000001,1.9100000000000001
2018,8,8,5,0,276.09000000000003,1.49
2018,8,8,6,0,278.96,4.13
2018,8,8,7,0,287.17,4.98
2018,8,8,8,0,292.39,5.17
2018,8,8,9,0,313.44,5.4
2018,8,8,10,0,338.64,5.14
2018,8,8,11,0,350.08,3.5100000000000002
2018,8,8,12,0,327.23,2.11
2018,8,8,13,0,348.57,4.37
2018,8,8,14,0,318.65000000000003,3.58
2018,8,8,15,0,339.14,2.94
2018,8,8,16,0,342.47,1.71
2018,8,8,17,0,14.05,1.87
2018,8,8,18,0,357.67,2.91
2018,8,8,19,0,17.77,4.99
2018,8,8,20,0,38.46,5.26
2018,8,8,21,0,66.79,2.08
2018,8,8,22,0,193.34,2.38
2018,8,8,23,0,237.33,3.6
2018,8,9,0,0,243.06,5.3
2018,8,9,1,0,241,5.34
2018,8,9,2,0,239.58,5.61
2018,8,9,3,0,266.92,5.0600000000000005
2018,8,9,4,0,268.29,6.32
2018,8,9,5,0,298.81,4.34
2018,8,9,6,0,14.39,4.8500000000000005
2018,8,9,7,0,3.84,6.86
2018,8,9,8,0,354.39,6
2018,8,9,9,0,342.75,5.87
2018,8,9,10,0,356.91,5.24
2018,8,9,11,0,313.33,4.96
2018,8,9,12,0,308.21,4.34
2018,8,9,13,0,309.37,4.39
2018,8,9,14,0,301.2,4.3
2018,8,9,15,0,315.69,4.05
2018,8,9,16,0,295.98,3.5700000000000003
2018,8,9,17,0,290.51,3.5500000000000003
2018,8,9,18,0,4.03,1.01
2018,8,9,19,0,233.5,1.82
2018,8,9,20,0,212.65,3.2
2018,8,9,21,0,221.29,3.67
2018,8,9,22,0,232.3,5.68
2018,8,9,23,0,238.04,6.8500000000000005
2018,8,10,0,0,233.13,6.1000000000000005
2018,8,10,1,0,242.83,6.3100000000000005
2018,8,10,2,0,241.25,6.44
2018,8,10,3,0,237.49,6.11
2018,8,10,4,0,240.27,5.84
2018,8,10,5,0,261.63,5.41
2018,8,10,6,0,262.53000000000003,4.93
2018,8,10,7,0,263.16,4.91
2018,8,10,8,0,273.57,4.44
2018,8,10,9,0,291.68,3.96
2018,8,10,10,0,15.81,1.16
2018,8,10,11,0,102.69,2.69
2018,8,10,12,0,145.45000000000002,2.17
2018,8,10,13,0,200.73000000000002,2.69
2018,8,10,14,0,243.99,1.83
2018,8,10,15,0,235.49,1.09
2018,8,10,16,0,50.52,1.28
2018,8,10,17,0,57.78,1.55
2018,8,10,18,0,148.6,1.5
2018,8,10,19,0,173.89000000000001,1.36
2018,8,10,20,0,199.56,3.08
2018,8,10,21,0,193.84,4.65
2018,8,10,22,0,194.53,5.28
2018,8,10,23,0,191.17000000000002,5.71
2018,8,11,0,0,227.02,4.9
2018,8,11,1,0,218.74,7.33
2018,8,11,2,0,214.87,7.73
2018,8,11,3,0,217.44,7.8
2018,8,11,4,0,214.88,5.69
2018,8,11,5,0,194.70000000000002,3.39
2018,8,11,6,0,139.79,1.17
2018,8,11,7,0,93.89,3.13
2018,8,11,8,0,87.04,2.83
2018,8,11,9,0,96.71000000000001,2.04
2018,8,11,10,0,174.20000000000002,2.65
2018,8,11,11,0,185.44,4.98
2018,8,11,12,0,192.1,11.51
2018,8,11,13,0,194.65,11.38
2018,8,11,14,0,200.05,10.96
2018,8,11,15,0,204.51,10.22
2018,8,11,16,0,200,11.290000000000001
2018,8,11,17,0,199.34,11.01
2018,8,11,18,0,193.63,11.81
2018,8,11,19,0,192.59,12.030000000000001
2018,8,11,20,0,195.77,11.94
2018,8,11,21,0,200.9,11.61
2018,8,11,22,0,208.91,10.65
2018,8,11,23,0,208.81,10.41
2018,8,12,0,0,207.04,8.19
2018,8,12,1,0,194.01,6.83
2018,8,12,2,0,198.06,5.8
2018,8,12,3,0,172.06,3.5100000000000002
2018,8,12,4,0,158.43,3.66
2018,8,12,5,0,165.6,5.69
2018,8,12,6,0,195.45000000000002,9.83
2018,8,12,7,0,205.23000000000002,11.47
2018,8,12,8,0,202.92000000000002,12.66
2018,8,12,9,0,203.45000000000002,12.74
2018,8,12,10,0,205.46,14.16
2018,8,12,11,0,204.13,14.38
2018,8,12,12,0,221.78,11.74
2018,8,12,13,0,212.55,13.3
2018,8,12,14,0,217.53,11.77
2018,8,12,15,0,208.85,13.58
2018,8,12,16,0,193.23000000000002,11.200000000000001
2018,8,12,17,0,157.19,9.51
2018,8,12,18,0,151.8,11.91
2018,8,12,19,0,160.42000000000002,11.620000000000001
2018,8,12,20,0,174.20000000000002,9.78
2018,8,12,21,0,182.81,17.04
2018,8,12,22,0,182.81,18.05
2018,8,12,23,0,180.09,13.98
2018,8,13,0,0,184.05,11.3
2018,8,13,1,0,179.75,14.15
2018,8,13,2,0,193.02,14.01
2018,8,13,3,0,193.83,22.32
2018,8,13,4,0,190.45000000000002,19.53
2018,8,13,5,0,192.83,22.14
2018,8,13,6,0,193.07,21.59
2018,8,13,7,0,193.04,21.56
2018,8,13,8,0,195.19,19.64
2018,8,13,9,0,202.83,18.84
2018,8,13,10,0,205.89000000000001,17.88
2018,8,13,11,0,203.81,17.26
2018,8,13,12,0,198.28,18.6
2018,8,13,13,0,193.73000000000002,18.79
2018,8,13,14,0,193.29,16.92
2018,8,13,15,0,196.27,16.13
2018,8,13,16,0,196.74,13.75
2018,8,13,17,0,194.15,13.870000000000001
2018,8,13,18,0,198.14000000000001,11.09
2018,8,13,19,0,257.82,7.51
2018,8,13,20,0,244.39000000000001,9.88
2018,8,13,21,0,224.59,9.86
2018,8,13,22,0,207.49,11.51
2018,8,13,23,0,211.21,13.82
2018,8,14,0,0,197.62,16.62
2018,8,14,1,0,202.98000000000002,15.540000000000001
2018,8,14,2,0,198.70000000000002,16.1
2018,8,14,3,0,199.3,14.530000000000001
2018,8,14,4,0,205.69,15.51
2018,8,14,5,0,208.68,14.120000000000001
2018,8,14,6,0,228.45000000000002,9.99
2018,8,14,7,0,206.6,9.25
2018,8,14,8,0,210.96,7.98
2018,8,14,9,0,191.58,9.35
2018,8,14,10,0,202.52,14.88
2018,8,14,11,0,199.92000000000002,14.76
2018,8,14,12,0,203.36,15.88
2018,8,14,13,0,201.42000000000002,14.96
2018,8,14,14,0,197.1,14.11
2018,8,14,15,0,191.94,13.06
2018,8,14,16,0,190.62,12.38
2018,8,14,17,0,184.48,10.51
2018,8,14,18,0,185.74,11.33
2018,8,14,19,0,176.3,10.46
2018,8,14,20,0,170.32,7.97
2018,8,14,21,0,163.03,7.23
2018,8,14,22,0,160.72,5.38
2018,8,14,23,0,154.67000000000002,0.9400000000000001
2018,8,15,0,0,55.63,0.16
2018,8,15,1,0,315.34000000000003,1.58
2018,8,15,2,0,351.86,3.3000000000000003
2018,8,15,3,0,339.14,4.19
2018,8,15,4,0,350.49,5.5200000000000005
2018,8,15,5,0,357.79,5.55
2018,8,15,6,0,4.89,6.0200000000000005
2018,8,15,7,0,19.88,5.95
2018,8,15,8,0,155.9,4.82
2018,8,15,9,0,153.17000000000002,7.09
2018,8,15,10,0,134.1,7.5600000000000005
2018,8,15,11,0,136.96,8.11
2018,8,15,12,0,108.49000000000001,6.99
2018,8,15,13,0,213.36,2.83
2018,8,15,14,0,262.1,3.43
2018,8,15,15,0,261.37,4.4
2018,8,15,16,0,229.35,2.5
2018,8,15,17,0,347.79,0.89
2018,8,15,18,0,179.03,5.33
2018,8,15,19,0,174.93,6.2
2018,8,15,20,0,178.53,6.65
2018,8,15,21,0,180.61,4.43
2018,8,15,22,0,189.54,3.96
2018,8,15,23,0,168.16,2.11
2018,8,16,0,0,143.14000000000001,1.3900000000000001
2018,8,16,1,0,90.26,1.75
2018,8,16,2,0,49.1,2.56
2018,8,16,3,0,31.080000000000002,2.5
2018,8,16,4,0,47.25,2.48
2018,8,16,5,0,24.61,2.64
2018,8,16,6,0,359.82,2.94
2018,8,16,7,0,326.41,1.3900000000000001
2018,8,16,8,0,338.3,4.46
2018,8,16,9,0,349.49,4.13
2018,8,16,10,0,357.68,6.66
2018,8,16,11,0,8.13,5.89
2018,8,16,12,0,16.77,5.0600000000000005
2018,8,16,13,0,187.77,1.84
2018,8,16,14,0,203.49,2.38
2018,8,16,15,0,205.93,6.9
2018,8,16,16,0,210.21,7.99
2018,8,16,17,0,207.9,6.88
2018,8,16,18,0,209.67000000000002,6.71
2018,8,16,19,0,209.13,5.37
2018,8,16,20,0,201.28,4.69
2018,8,16,21,0,195.28,4.21
2018,8,16,22,0,205.20000000000002,3.49
2018,8,16,23,0,218.81,2.87
2018,8,17,0,0,234.55,2.84
2018,8,17,1,0,161.19,1.54
2018,8,17,2,0,158.74,2.09
2018,8,17,3,0,168.5,3.29
2018,8,17,4,0,187.75,4.41
2018,8,17,5,0,209.46,6.47
2018,8,17,6,0,215.66,6.4
2018,8,17,7,0,213.3,6.17
2018,8,17,8,0,206.54,6.73
2018,8,17,9,0,205.32,6.69
2018,8,17,10,0,207.22,7.08
2018,8,17,11,0,207.96,7.15
2018,8,17,12,0,203.41,7.5600000000000005
2018,8,17,13,0,207.27,6.92
2018,8,17,14,0,208.06,6.22
2018,8,17,15,0,203.42000000000002,5.96
2018,8,17,16,0,201.13,5.28
2018,8,17,17,0,193.86,5.2
2018,8,17,18,0,195.96,5.93
2018,8,17,19,0,201.74,5.36
2018,8,17,20,0,197.61,5.04
2018,8,17,21,0,189.67000000000002,4.84
2018,8,17,22,0,189.04,4.12
2018,8,17,23,0,202.13,4.14
2018,8,18,0,0,204.23000000000002,4.36
2018,8,18,1,0,203.68,4.99
2018,8,18,2,0,203.62,5.76
2018,8,18,3,0,208,5.68
2018,8,18,4,0,215.14000000000001,4.5
2018,8,18,5,0,208.82,4.95
2018,8,18,6,0,209.61,5.49
2018,8,18,7,0,215.45000000000002,5.2700000000000005
2018,8,18,8,0,194.05,4.93
2018,8,18,9,0,186.89000000000001,4.66
2018,8,18,10,0,180.59,3.5100000000000002
2018,8,18,11,0,162.75,3.11
2018,8,18,12,0,144.12,1.57
2018,8,18,13,0,106.44,2.64
2018,8,18,14,0,37.01,1.84
2018,8,18,15,0,8.91,4.42
2018,8,18,16,0,9.71,5.95
2018,8,18,17,0,10.55,6.73
2018,8,18,18,0,15.88,5.2
2018,8,18,19,0,14.26,5.7
2018,8,18,20,0,13.39,6.46
2018,8,18,21,0,17.95,6.1000000000000005
2018,8,18,22,0,21.25,6.5200000000000005
2018,8,18,23,0,31.080000000000002,5.69
2018,8,19,0,0,9.200000000000001,7.44
2018,8,19,1,0,1.6400000000000001,8.97
2018,8,19,2,0,4.04,9.99
2018,8,19,3,0,5.8500000000000005,10.22
2018,8,19,4,0,7.19,10.02
2018,8,19,5,0,7.72,9.86
2018,8,19,6,0,15.22,9.46
2018,8,19,7,0,59.26,6.18
2018,8,19,8,0,52.28,6.67
2018,8,19,9,0,54.94,7.91
2018,8,19,10,0,60.120000000000005,7.61
2018,8,19,11,0,58.09,8.9
2018,8,19,12,0,52.08,9.56
2018,8,19,13,0,41.79,9.52
2018,8,19,14,0,45.4,11.36
2018,8,19,15,0,41.61,12.86
2018,8,19,16,0,42.35,12.57
2018,8,19,17,0,38.050000000000004,13.88
2018,8,19,18,0,43.12,15.16
2018,8,19,19,0,39.83,13.01
2018,8,19,20,0,34.58,12.47
2018,8,19,21,0,33.480000000000004,11.76
2018,8,19,22,0,36.24,10.13
2018,8,19,23,0,33.36,8.64
2018,8,20,0,0,40.22,10.91
2018,8,20,1,0,48.95,12.32
2018,8,20,2,0,45.59,10.8
2018,8,20,3,0,47.69,12.27
2018,8,20,4,0,54.36,12.030000000000001
2018,8,20,5,0,65.63,10.790000000000001
2018,8,20,6,0,91.46000000000001,8.21
2018,8,20,7,0,130.75,11.33
2018,8,20,8,0,150.96,7.930000000000001
2018,8,20,9,0,226.29,5.73
2018,8,20,10,0,236.84,6.63
2018,8,20,11,0,238.54,6.93
2018,8,20,12,0,220.81,6
2018,8,20,13,0,221.28,5.84
2018,8,20,14,0,223.38,5.84
2018,8,20,15,0,222.73000000000002,3.85
2018,8,20,16,0,224.01,3.45
2018,8,20,17,0,204.17000000000002,3.5
2018,8,20,18,0,239.91,2
2018,8,20,19,0,288.22,0.79
2018,8,20,20,0,14.63,3.83
2018,8,20,21,0,14.24,6.86
2018,8,20,22,0,11.950000000000001,7.69
2018,8,20,23,0,11.96,8.620000000000001
2018,8,21,0,0,33.95,12.49
2018,8,21,1,0,28.91,14.98
2018,8,21,2,0,29.060000000000002,14.59
2018,8,21,3,0,33.99,14.38
2018,8,21,4,0,38.65,12.370000000000001
2018,8,21,5,0,112.79,4.5
2018,8,21,6,0,157.89000000000001,5.4
2018,8,21,7,0,166.86,7.67
2018,8,21,8,0,162.78,10.85
2018,8,21,9,0,174.41,10.72
2018,8,21,10,0,180.88,11
2018,8,21,11,0,192.18,11.950000000000001
2018,8,21,12,0,189.83,10.790000000000001
2018,8,21,13,0,187.49,11.4
2018,8,21,14,0,191.21,10.46
2018,8,21,15,0,194.24,9.71
2018,8,21,16,0,193.98000000000002,9.06
2018,8,21,17,0,197.20000000000002,8.78
2018,8,21,18,0,195.52,7.36
2018,8,21,19,0,196.39000000000001,6.32
2018,8,21,20,0,198.79,4.54
2018,8,21,21,0,190.33,3.99
2018,8,21,22,0,170.8,4.92
2018,8,21,23,0,190.03,5.55
2018,8,22,0,0,202.91,5.51
2018,8,22,1,0,208.31,5.15
2018,8,22,2,0,211.47,5.23
2018,8,22,3,0,209.37,2.97
2018,8,22,4,0,180.16,3.43
2018,8,22,5,0,178.5,4.33
2018,8,22,6,0,205.92000000000002,3.65
2018,8,22,7,0,255.19,3.14
2018,8,22,8,0,255.4,4.8100000000000005
2018,8,22,9,0,264.53000000000003,6.0200000000000005
2018,8,22,10,0,264.57,3.5700000000000003
2018,8,22,11,0,195.38,6.0200000000000005
2018,8,22,12,0,207.46,3.31
2018,8,22,13,0,244.98000000000002,0.42
2018,8,22,14,0,203.63,4.62
2018,8,22,15,0,207.73000000000002,2.9
2018,8,22,16,0,256.63,2.72
2018,8,22,17,0,202.84,2.05
2018,8,22,18,0,194.28,4.15
2018,8,22,19,0,179.27,5.4
2018,8,22,20,0,183.74,7.74
2018,8,22,21,0,189.12,8.89
2018,8,22,22,0,191.64000000000001,8.76
2018,8,22,23,0,193.4,9.39
2018,8,23,0,0,193.99,10.35
2018,8,23,1,0,191.06,10.34
2018,8,23,2,0,197.22,11.24
2018,8,23,3,0,196.93,9.84
2018,8,23,4,0,197.32,10.040000000000001
2018,8,23,5,0,195.79,10.83
2018,8,23,6,0,196.73000000000002,10.46
2018,8,23,7,0,194.45000000000002,10.200000000000001
2018,8,23,8,0,196.98000000000002,10.39
2018,8,23,9,0,200.23000000000002,9.66
2018,8,23,10,0,203.78,9.85
2018,8,23,11,0,203.23000000000002,9.21
2018,8,23,12,0,192.85,8.84
2018,8,23,13,0,188.47,8.1
2018,8,23,14,0,182.58,8.040000000000001
2018,8,23,15,0,187.06,8.26
2018,8,23,16,0,196.43,6.49
2018,8,23,17,0,192.28,7.930000000000001
2018,8,23,18,0,195.72,6.57
2018,8,23,19,0,194.01,4.98
2018,8,23,20,0,193.51,4.19
2018,8,23,21,0,151.97,3.16
2018,8,23,22,0,171.61,3.81
2018,8,23,23,0,163.87,3.81
2018,8,24,0,0,161.61,3.5
2018,8,24,1,0,172.9,4.75
2018,8,24,2,0,166.67000000000002,5.58
2018,8,24,3,0,150.01,5.4
2018,8,24,4,0,169.22,6.4
2018,8,24,5,0,204.34,8.28
2018,8,24,6,0,204.69,8.61
2018,8,24,7,0,202.64000000000001,8.53
2018,8,24,8,0,206.01,9.24
2018,8,24,9,0,203.54,9.02
2018,8,24,10,0,200.76,8.99
2018,8,24,11,0,200.31,9.49
2018,8,24,12,0,202.88,9.15
2018,8,24,13,0,204.29,7.97
2018,8,24,14,0,199.07,7.96
2018,8,24,15,0,270.82,4.9
2018,8,24,16,0,271.55,8.32
2018,8,24,17,0,252.83,11.22
2018,8,24,18,0,243.8,9.35
2018,8,24,19,0,184.28,9.73
2018,8,24,20,0,179.51,7.67
2018,8,24,21,0,228.32,4.3500000000000005
2018,8,24,22,0,190.57,8.48
2018,8,24,23,0,231.20000000000002,6.96
2018,8,25,0,0,248.57,6.23
2018,8,25,1,0,212.11,8.16
2018,8,25,2,0,197.61,9.25
2018,8,25,3,0,189.61,9.18
2018,8,25,4,0,216.05,6.48
2018,8,25,5,0,202.27,7.66
2018,8,25,6,0,216.72,3.66
2018,8,25,7,0,244.44,4.79
2018,8,25,8,0,222.3,6.09
2018,8,25,9,0,196.25,7.7
2018,8,25,10,0,232.33,4.0600000000000005
2018,8,25,11,0,214.54,5.99
2018,8,25,12,0,190.56,7.68
2018,8,25,13,0,184.98,6.99
2018,8,25,14,0,186.55,6.97
2018,8,25,15,0,198.75,7.05
2018,8,25,16,0,199.79,7.15
2018,8,25,17,0,197.14000000000001,5.95
2018,8,25,18,0,187.06,3.96
2018,8,25,19,0,157.36,3.19
2018,8,25,20,0,135.16,1.93
2018,8,25,21,0,136.55,0.6900000000000001
2018,8,25,22,0,15.58,1.33
2018,8,25,23,0,5.19,2.23
2018,8,26,0,0,13.47,1.85
2018,8,26,1,0,11.46,1.5
2018,8,26,2,0,11.56,1.22
2018,8,26,3,0,217.59,0.1
2018,8,26,4,0,164.77,1.54
2018,8,26,5,0,166.5,2.98
2018,8,26,6,0,166.48,3.63
2018,8,26,7,0,178.73,3.27
2018,8,26,8,0,163.17000000000002,3.23
2018,8,26,9,0,157.09,2.71
2018,8,26,10,0,140.81,3.47
2018,8,26,11,0,129.14000000000001,3.0300000000000002
2018,8,26,12,0,125.96000000000001,2.83
2018,8,26,13,0,153.8,3.34
2018,8,26,14,0,175.54,5.17
2018,8,26,15,0,179.02,7.24
2018,8,26,16,0,180.41,9.06
2018,8,26,17,0,197.34,18.21
2018,8,26,18,0,194.03,18.740000000000002
2018,8,26,19,0,188.99,15.83
2018,8,26,20,0,187.63,14.8
2018,8,26,21,0,187.83,15.94
2018,8,26,22,0,196.78,15.71
2018,8,26,23,0,201.4,16.32
2018,8,27,0,0,200.85,14.89
2018,8,27,1,0,198.98000000000002,18.05
2018,8,27,2,0,198.13,17
2018,8,27,3,0,207.26,15.01
2018,8,27,4,0,247.57,13.35
2018,8,27,5,0,251.29,6.13
2018,8,27,6,0,233.87,7.58
2018,8,27,7,0,259.88,6.1000000000000005
2018,8,27,8,0,176.98,9.3
2018,8,27,9,0,184.27,7.47
2018,8,27,10,0,206.21,7.78
2018,8,27,11,0,199.09,9.55
2018,8,27,12,0,203.99,4.55
2018,8,27,13,0,186.47,10.64
2018,8,27,14,0,193.35,10.3
2018,8,27,15,0,182.85,9.33
2018,8,27,16,0,192.70000000000002,8.71
2018,8,27,17,0,190.5,4.8100000000000005
2018,8,27,18,0,172.66,4
2018,8,27,19,0,166.83,3.58
2018,8,27,20,0,162.53,3.13
2018,8,27,21,0,150.81,2.1
2018,8,27,22,0,117.49000000000001,2.2
2018,8,27,23,0,132.02,1.5
2018,8,28,0,0,179.44,1.5
2018,8,28,1,0,225.22,1.09
2018,8,28,2,0,242.82,1.56
2018,8,28,3,0,236.4,2.33
2018,8,28,4,0,243.73000000000002,2.63
2018,8,28,5,0,262.12,3.1
2018,8,28,6,0,276.36,3.12
2018,8,28,7,0,292.98,4.44
2018,8,28,8,0,9.31,5.0600000000000005
2018,8,28,9,0,13.1,4.91
2018,8,28,10,0,40.9,2.74
2018,8,28,11,0,87.49,1.94
2018,8,28,12,0,142.11,3.77
2018,8,28,13,0,151.57,5.4
2018,8,28,14,0,141.19,5.22
2018,8,28,15,0,149.53,3.27
2018,8,28,16,0,159.5,4.05
2018,8,28,17,0,172.88,4.39
2018,8,28,18,0,186.64000000000001,5.64
2018,8,28,19,0,196.06,6.5200000000000005
2018,8,28,20,0,197.24,5.5
2018,8,28,21,0,191.42000000000002,4.98
2018,8,28,22,0,205.21,3.15
2018,8,28,23,0,30.48,4.0200000000000005
2018,8,29,0,0,39.1,3.47
2018,8,29,1,0,63.56,2.5100000000000002
2018,8,29,2,0,157.5,1.72
2018,8,29,3,0,151.14000000000001,2.39
2018,8,29,4,0,106.46000000000001,2.06
2018,8,29,5,0,81.88,2.19
2018,8,29,6,0,52.7,4.63
2018,8,29,7,0,135,5.74
2018,8,29,8,0,97.9,6.08
2018,8,29,9,0,113.84,5.47
2018,8,29,10,0,101.46000000000001,6.36
2018,8,29,11,0,105.09,5.69
2018,8,29,12,0,112.77,4.2
2018,8,29,13,0,111.02,3.21
2018,8,29,14,0,131.84,2.58
2018,8,29,15,0,159.25,0.84
2018,8,29,16,0,291.43,1.8800000000000001
2018,8,29,17,0,342.85,2.91
2018,8,29,18,0,10.17,2.89
2018,8,29,19,0,14.700000000000001,2.35
2018,8,29,20,0,7.44,2.15
2018,8,29,21,0,51.08,2.5100000000000002
2018,8,29,22,0,71.41,1.77
2018,8,29,23,0,114.73,0.81
2018,8,30,0,0,174.44,0.65
2018,8,30,1,0,114.72,1.19
2018,8,30,2,0,92.01,1.2
2018,8,30,3,0,86.14,0.45
2018,8,30,4,0,325.12,0.79
2018,8,30,5,0,75.23,0.79
2018,8,30,6,0,185.93,1.03
2018,8,30,7,0,180.08,1.9100000000000001
2018,8,30,8,0,180.94,3.75
2018,8,30,9,0,184.91,6.61
2018,8,30,10,0,200.02,9.81
2018,8,30,11,0,201.71,13.93
2018,8,30,12,0,198.97,15.030000000000001
2018,8,30,13,0,209.20000000000002,13.67
2018,8,30,14,0,208.32,13.89
2018,8,30,15,0,248.46,16.85
2018,8,30,16,0,264.1,16.91
2018,8,30,17,0,269.24,13.06
2018,8,30,18,0,276.36,14.21
2018,8,30,19,0,268.77,12.99
2018,8,30,20,0,259.02,13.08
2018,8,30,21,0,260.62,12.6
2018,8,30,22,0,260.46,13.86
2018,8,30,23,0,250.82,13.67
2018,8,31,0,0,256.51,15.49
2018,8,31,1,0,243.21,12.94
2018,8,31,2,0,242.20000000000002,12.780000000000001
2018,8,31,3,0,238.33,13.47
2018,8,31,4,0,240.55,13.870000000000001
2018,8,31,5,0,236.83,14.73
2018,8,31,6,0,235.17000000000002,13.92
2018,8,31,7,0,234.38,11.77
2018,8,31,8,0,227.95000000000002,13.38
2018,8,31,9,0,246.84,10.96
2018,8,31,10,0,260.69,11.63
2018,8,31,11,0,272.71,11.93
2018,8,31,12,0,274.68,13.38
2018,8,31,13,0,269.32,9.81
2018,8,31,14,0,259.13,10.21
2018,8,31,15,0,250.65,12.74
2018,8,31,16,0,244.23000000000002,9.55
2018,8,31,17,0,228.37,5.58
2018,8,31,18,0,241.76,4.23
2018,8,31,19,0,250.70000000000002,3.86
2018,8,31,20,0,203.96,2.77
2018,8,31,21,0,187.73,7.19
2018,8,31,22,0,189.48,7.23
2018,8,31,23,0,176.91,8.05
2018,9,1,0,0,182.37,7.3
2018,9,1,1,0,187,4.78
2018,9,1,2,0,174.08,4
2018,9,1,3,0,185.70000000000002,3.29
2018,9,1,4,0,182.92000000000002,3.8200000000000003
2018,9,1,5,0,180.52,4.47
2018,9,1,6,0,192.35,3.99
2018,9,1,7,0,193.44,2.86
2018,9,1,8,0,186.13,2.24
2018,9,1,9,0,209.33,0.99
2018,9,1,10,0,33.97,0.96
2018,9,1,11,0,106.87,0.97
2018,9,1,12,0,61.81,2.44
2018,9,1,13,0,40.86,2.32
2018,9,1,14,0,7.29,3.06
2018,9,1,15,0,7.94,3.77
2018,9,1,16,0,41.36,4.11
2018,9,1,17,0,55.82,2.92
2018,9,1,18,0,17.71,2.5100000000000002
2018,9,1,19,0,13.38,3.17
2018,9,1,20,0,34.42,2.35
2018,9,1,21,0,54.11,1.84
2018,9,1,22,0,75.94,1.77
2018,9,1,23,0,132.33,1.46
2018,9,2,0,0,192.78,2.3000000000000003
2018,9,2,1,0,205.37,2.62
2018,9,2,2,0,218.87,2.89
2018,9,2,3,0,223.22,3.44
2018,9,2,4,0,222.47,2.64
2018,9,2,5,0,229.76,4.25
2018,9,2,6,0,221.05,4.09
2018,9,2,7,0,215.01,3.48
2018,9,2,8,0,212.87,3.99
2018,9,2,9,0,212.44,3.79
2018,9,2,10,0,205.02,3.39
2018,9,2,11,0,188.87,3.45
2018,9,2,12,0,187.91,3.25
2018,9,2,13,0,190.88,2.79
2018,9,2,14,0,181.71,2.14
2018,9,2,15,0,186.82,1.71
2018,9,2,16,0,167.85,0.89
2018,9,2,17,0,117.22,1.75
2018,9,2,18,0,133,1.62
2018,9,2,19,0,113.69,1.17
2018,9,2,20,0,71.5,1.1500000000000001
2018,9,2,21,0,53.92,2.05
2018,9,2,22,0,55.65,2.2600000000000002
2018,9,2,23,0,42.82,2.46
2018,9,3,0,0,47.47,1.32
2018,9,3,1,0,27.82,0.09
2018,9,3,2,0,260.26,1.17
2018,9,3,3,0,261.81,1.3900000000000001
2018,9,3,4,0,274.13,2.31
2018,9,3,5,0,278.07,2.41
2018,9,3,6,0,305.36,2.84
2018,9,3,7,0,314.99,2.2
2018,9,3,8,0,359.91,2.71
2018,9,3,9,0,38.37,3.5500000000000003
2018,9,3,10,0,42.69,3.47
2018,9,3,11,0,35.43,2.93
2018,9,3,12,0,39.660000000000004,3.7
2018,9,3,13,0,37.85,4.03
2018,9,3,14,0,37.33,3.66
2018,9,3,15,0,35.31,3.56
2018,9,3,16,0,49.04,3.66
2018,9,3,17,0,68.9,2.94
2018,9,3,18,0,47.19,3.36
2018,9,3,19,0,53.57,2.73
2018,9,3,20,0,56.39,2.17
2018,9,3,21,0,33.38,1.59
2018,9,3,22,0,46.09,1.1
2018,9,3,23,0,174.18,0.93
2018,9,4,0,0,217.47,1.6400000000000001
2018,9,4,1,0,217.67000000000002,2.07
2018,9,4,2,0,207.34,2.57
2018,9,4,3,0,218.66,2.87
2018,9,4,4,0,196.9,3.16
2018,9,4,5,0,197.67000000000002,4.8500000000000005
2018,9,4,6,0,194.18,3.98
2018,9,4,7,0,185.38,4.13
2018,9,4,8,0,189.36,5.19
2018,9,4,9,0,189.86,5.48
2018,9,4,10,0,189.97,4.5600000000000005
2018,9,4,11,0,186.71,3.56
2018,9,4,12,0,189.77,2.48
2018,9,4,13,0,172.8,1.18
2018,9,4,14,0,172.34,0.47000000000000003
2018,9,4,15,0,20.28,2.96
2018,9,4,16,0,22.52,3.17
2018,9,4,17,0,61.71,3.19
2018,9,4,18,0,41.27,4.13
2018,9,4,19,0,35.92,3.94
2018,9,4,20,0,29.92,3.5100000000000002
2018,9,4,21,0,33.65,2.75
2018,9,4,22,0,16.11,2.16
2018,9,4,23,0,4.08,2.5300000000000002
2018,9,5,0,0,26.2,2.97
2018,9,5,1,0,44.81,2.49
2018,9,5,2,0,59.64,2.39
2018,9,5,3,0,78.3,1.24
2018,9,5,4,0,309.16,0.4
2018,9,5,5,0,285.72,1.53
2018,9,5,6,0,281.68,3.24
2018,9,5,7,0,325.99,3.65
2018,9,5,8,0,10.71,2.42
2018,9,5,9,0,41.410000000000004,3.52
2018,9,5,10,0,68.47,2.61
2018,9,5,11,0,109.33,2.83
2018,9,5,12,0,318.82,2.88
2018,9,5,13,0,8.53,5.12
2018,9,5,14,0,357.63,4.97
2018,9,5,15,0,4.13,5.51
2018,9,5,16,0,31.55,3.61
2018,9,5,17,0,8.56,1.62
2018,9,5,18,0,28.830000000000002,1.6300000000000001
2018,9,5,19,0,41.89,5.08
2018,9,5,20,0,47.58,5.88
2018,9,5,21,0,59.6,4.55
2018,9,5,22,0,59.54,2.73
2018,9,5,23,0,65.55,1.25
2018,9,6,0,0,230.47,1.98
2018,9,6,1,0,235.89000000000001,1.9000000000000001
2018,9,6,2,0,237.26,2.49
2018,9,6,3,0,252.96,2.68
2018,9,6,4,0,256.34000000000003,3.5
2018,9,6,5,0,280.82,2.98
2018,9,6,6,0,273.66,2.74
2018,9,6,7,0,272.38,2.75
2018,9,6,8,0,278.41,2.12
2018,9,6,9,0,273.33,1.3800000000000001
2018,9,6,10,0,266.33,0.6
2018,9,6,11,0,78.44,0.22
2018,9,6,12,0,121.98,0.29
2018,9,6,13,0,142.9,1.44
2018,9,6,14,0,73.36,1.76
2018,9,6,15,0,46.51,3.45
2018,9,6,16,0,55.47,6.01
2018,9,6,17,0,37.47,5.62
2018,9,6,18,0,48.42,2.45
2018,9,6,19,0,44.050000000000004,6.15
2018,9,6,20,0,33.44,2.5300000000000002
2018,9,6,21,0,307.96,2.7600000000000002
2018,9,6,22,0,329,4.28
2018,9,6,23,0,341.85,3.34
2018,9,7,0,0,0.79,7.69
2018,9,7,1,0,358.63,6.01
2018,9,7,2,0,353.31,7.55
2018,9,7,3,0,354.35,8.83
2018,9,7,4,0,355.53000000000003,8.07
2018,9,7,5,0,356.95,8.51
2018,9,7,6,0,356.42,8.4
2018,9,7,7,0,357.41,10.14
2018,9,7,8,0,358.78000000000003,11.89
2018,9,7,9,0,1.12,13.15
2018,9,7,10,0,5.36,13.96
2018,9,7,11,0,6.32,12.120000000000001
2018,9,7,12,0,9.08,14.68
2018,9,7,13,0,6.48,17.13
2018,9,7,14,0,7.28,20.2
2018,9,7,15,0,9.1,18.67
2018,9,7,16,0,12.4,19.05
2018,9,7,17,0,12.65,18.32
2018,9,7,18,0,12.88,18.51
2018,9,7,19,0,10.97,18.07
2018,9,7,20,0,9.78,16.84
2018,9,7,21,0,12.57,16.580000000000002
2018,9,7,22,0,19.150000000000002,15.16
2018,9,7,23,0,21.17,15
2018,9,8,0,0,18.330000000000002,14.700000000000001
2018,9,8,1,0,5.26,15.05
2018,9,8,2,0,7.45,17.54
2018,9,8,3,0,8.950000000000001,17.03
2018,9,8,4,0,21.17,15.58
2018,9,8,5,0,9.63,18.1
2018,9,8,6,0,12.1,19.21
2018,9,8,7,0,10.27,19.28
2018,9,8,8,0,10.3,19.48
2018,9,8,9,0,13.22,19.47
2018,9,8,10,0,14.58,17.6
2018,9,8,11,0,13.48,18.900000000000002
2018,9,8,12,0,14.94,17.84
2018,9,8,13,0,16.1,18.1
2018,9,8,14,0,15.39,16.45
2018,9,8,15,0,21.14,15.98
2018,9,8,16,0,15.860000000000001,17.17
2018,9,8,17,0,14.18,14.69
2018,9,8,18,0,17.25,12.65
2018,9,8,19,0,18.37,16.66
2018,9,8,20,0,24.45,14.1
2018,9,8,21,0,28.650000000000002,12.48
2018,9,8,22,0,32.97,11.26
2018,9,8,23,0,36.46,10.08
2018,9,9,0,0,35.09,8.94
2018,9,9,1,0,34.03,9.13
2018,9,9,2,0,38.74,7.0600000000000005
2018,9,9,3,0,32.82,6.99
2018,9,9,4,0,6.5,5.38
2018,9,9,5,0,337.96,5.48
2018,9,9,6,0,345.24,5.95
2018,9,9,7,0,357.84000000000003,6.890000000000001
2018,9,9,8,0,69.89,1.7
2018,9,9,9,0,10.05,3.54
2018,9,9,10,0,14.67,6.98
2018,9,9,11,0,25.34,10.09
2018,9,9,12,0,0.8,5.41
2018,9,9,13,0,10.16,5.29
2018,9,9,14,0,22.46,7.98
2018,9,9,15,0,5.66,4.03
2018,9,9,16,0,319.05,2.59
2018,9,9,17,0,42.79,1.95
2018,9,9,18,0,4.22,0.93
2018,9,9,19,0,2.36,1.35
2018,9,9,20,0,6.41,3.1
2018,9,9,21,0,41.15,1.1300000000000001
2018,9,9,22,0,112.83,0.2
2018,9,9,23,0,237.71,1.34
2018,9,10,0,0,241.26,2.56
2018,9,10,1,0,228.62,3.59
2018,9,10,2,0,239.12,4.5200000000000005
2018,9,10,3,0,252.11,4.82
2018,9,10,4,0,268.1,4.3500000000000005
2018,9,10,5,0,273.71,4
2018,9,10,6,0,324.21,2.7600000000000002
2018,9,10,7,0,355.69,2.74
2018,9,10,8,0,41.24,2.38
2018,9,10,9,0,7.5600000000000005,3.79
2018,9,10,10,0,17.2,13.19
2018,9,10,11,0,15.74,13.52
2018,9,10,12,0,22.76,12.870000000000001
2018,9,10,13,0,27.45,11.84
2018,9,10,14,0,29.830000000000002,11.48
2018,9,10,15,0,30.78,10.49
2018,9,10,16,0,32.75,10.71
2018,9,10,17,0,40.72,10.57
2018,9,10,18,0,37.95,9
2018,9,10,19,0,34.59,6.75
2018,9,10,20,0,43.39,6.33
2018,9,10,21,0,51.61,5.87
2018,9,10,22,0,67.68,2.92
2018,9,10,23,0,71.25,1.47
2018,9,11,0,0,156.46,0.47000000000000003
2018,9,11,1,0,235.93,2.57
2018,9,11,2,0,247.24,3.2
2018,9,11,3,0,244.95000000000002,3.74
2018,9,11,4,0,251.42000000000002,4.3500000000000005
2018,9,11,5,0,246.34,4.55
2018,9,11,6,0,245.77,5.36
2018,9,11,7,0,251.3,5.12
2018,9,11,8,0,264.32,3.21
2018,9,11,9,0,281.15000000000003,1.3800000000000001
2018,9,11,10,0,62.45,0.63
2018,9,11,11,0,216.99,0.77
2018,9,11,12,0,324.26,0.39
2018,9,11,13,0,54.300000000000004,1.6400000000000001
2018,9,11,14,0,62.56,0.9500000000000001
2018,9,11,15,0,29.3,2.35
2018,9,11,16,0,34.9,4.94
2018,9,11,17,0,45.18,4.84
2018,9,11,18,0,65.88,2.77
2018,9,11,19,0,62.79,2.46
2018,9,11,20,0,68.22,3.54
2018,9,11,21,0,61.870000000000005,2.6
2018,9,11,22,0,105.13,1.48
2018,9,11,23,0,223.03,1.72
2018,9,12,0,0,224.29,3.02
2018,9,12,1,0,226.33,3.92
2018,9,12,2,0,236.02,4.89
2018,9,12,3,0,241.48000000000002,5.61
2018,9,12,4,0,242.85,5.41
2018,9,12,5,0,239.11,5.24
2018,9,12,6,0,235.83,4.99
2018,9,12,7,0,237.54,4.7
2018,9,12,8,0,240.3,3.5500000000000003
2018,9,12,9,0,228.75,2.6
2018,9,12,10,0,214.99,1.56
2018,9,12,11,0,251.34,1.1
2018,9,12,12,0,212.04,1.79
2018,9,12,13,0,249.16,1.55
2018,9,12,14,0,192.42000000000002,1.03
2018,9,12,15,0,86.15,0.97
2018,9,12,16,0,60.04,2.84
2018,9,12,17,0,45.34,2.71
2018,9,12,18,0,30.16,2.12
2018,9,12,19,0,32.72,2.94
2018,9,12,20,0,38.74,3.33
2018,9,12,21,0,30.970000000000002,2.2
2018,9,12,22,0,49.51,2.15
2018,9,12,23,0,315.21,0.86
2018,9,13,0,0,274.74,2.5500000000000003
2018,9,13,1,0,269.85,3.83
2018,9,13,2,0,282.43,2.83
2018,9,13,3,0,285.8,3.09
2018,9,13,4,0,281.87,4.69
2018,9,13,5,0,272.17,4.1
2018,9,13,6,0,281.67,3.66
2018,9,13,7,0,288.34000000000003,4.01
2018,9,13,8,0,309.35,3.6
2018,9,13,9,0,26.84,3.73
2018,9,13,10,0,70.07000000000001,2.34
2018,9,13,11,0,64.59,2.99
2018,9,13,12,0,69.03,2.19
2018,9,13,13,0,40.81,2.04
2018,9,13,14,0,28.38,2.7
2018,9,13,15,0,41.71,4.33
2018,9,13,16,0,44.42,4.13
2018,9,13,17,0,22.52,3.42
2018,9,13,18,0,16.68,2.84
2018,9,13,19,0,32.92,2.72
2018,9,13,20,0,55.02,0.88
2018,9,13,21,0,43.550000000000004,2.7600000000000002
2018,9,13,22,0,60.96,1.53
2018,9,13,23,0,57.46,3.29
2018,9,14,0,0,81.9,3
2018,9,14,1,0,84.45,1.95
2018,9,14,2,0,76.23,2.2800000000000002
2018,9,14,3,0,56.11,2.04
2018,9,14,4,0,38.62,1.76
2018,9,14,5,0,9.97,1.77
2018,9,14,6,0,312.38,1.6600000000000001
2018,9,14,7,0,301.44,2.25
2018,9,14,8,0,351.94,3.2
2018,9,14,9,0,15.860000000000001,3.59
2018,9,14,10,0,18.96,5.11
2018,9,14,11,0,16.27,5.03
2018,9,14,12,0,23.1,6.51
2018,9,14,13,0,24.14,6.78
2018,9,14,14,0,22.55,8.93
2018,9,14,15,0,22.89,9.43
2018,9,14,16,0,27.45,8.91
2018,9,14,17,0,35.230000000000004,8.09
2018,9,14,18,0,36.45,7.1000000000000005
2018,9,14,19,0,40.97,6.74
2018,9,14,20,0,43.95,6.34
2018,9,14,21,0,40.02,5.43
2018,9,14,22,0,38.910000000000004,5.41
2018,9,14,23,0,53.53,4.89
2018,9,15,0,0,46.78,4.55
2018,9,15,1,0,45.77,3.16
2018,9,15,2,0,28.7,3.0100000000000002
2018,9,15,3,0,23.82,2.83
2018,9,15,4,0,30.990000000000002,2.42
2018,9,15,5,0,49.5,1.77
2018,9,15,6,0,344.8,0.73
2018,9,15,7,0,289.78000000000003,0.68
2018,9,15,8,0,262.97,1.58
2018,9,15,9,0,289.66,1.6400000000000001
2018,9,15,10,0,42.18,0.52
2018,9,15,11,0,97.98,1.6
2018,9,15,12,0,176.67000000000002,2.22
2018,9,15,13,0,172.62,2.5100000000000002
2018,9,15,14,0,151.5,2.2800000000000002
2018,9,15,15,0,114.63,1.8
2018,9,15,16,0,94.33,1.86
2018,9,15,17,0,71.89,2.15
2018,9,15,18,0,84.31,1.31
2018,9,15,19,0,52.2,2.04
2018,9,15,20,0,44.730000000000004,2.66
2018,9,15,21,0,33.27,2.72
2018,9,15,22,0,23.740000000000002,2.61
2018,9,15,23,0,351.72,2.0100000000000002
2018,9,16,0,0,322.83,2.41
2018,9,16,1,0,324.78000000000003,2.64
2018,9,16,2,0,0.72,2.08
2018,9,16,3,0,14.75,3.49
2018,9,16,4,0,39.910000000000004,3.25
2018,9,16,5,0,61.9,2.68
2018,9,16,6,0,51.82,2.37
2018,9,16,7,0,47.050000000000004,2.29
2018,9,16,8,0,32.5,2.0300000000000002
2018,9,16,9,0,11.99,3.21
2018,9,16,10,0,4.43,4.93
2018,9,16,11,0,4.8,5.72
2018,9,16,12,0,9.89,6.0600000000000005
2018,9,16,13,0,46.1,4.25
2018,9,16,14,0,40.82,3.77
2018,9,16,15,0,11.32,5.8
2018,9,16,16,0,6.12,6.2
2018,9,16,17,0,8.77,5.84
2018,9,16,18,0,8.65,6.15
2018,9,16,19,0,6.5600000000000005,5.66
2018,9,16,20,0,356.96,5.94
2018,9,16,21,0,37.1,3.56
2018,9,16,22,0,10.71,5.61
2018,9,16,23,0,10.59,6.34
2018,9,17,0,0,19.28,3.63
2018,9,17,1,0,25.94,6.63
2018,9,17,2,0,16.3,7.43
2018,9,17,3,0,25.12,7.140000000000001
2018,9,17,4,0,26.68,6.53
2018,9,17,5,0,28.07,6.8
2018,9,17,6,0,24.68,5.3500000000000005
2018,9,17,7,0,23.490000000000002,5.38
2018,9,17,8,0,24.76,5
2018,9,17,9,0,21.73,4.5600000000000005
2018,9,17,10,0,25.12,4.01
2018,9,17,11,0,35.59,2.91
2018,9,17,12,0,171.12,1.04
2018,9,17,13,0,179.34,2.33
2018,9,17,14,0,171.53,2.98
2018,9,17,15,0,202.48000000000002,2.44
2018,9,17,16,0,254.49,1.57
2018,9,17,17,0,282.97,2.23
2018,9,17,18,0,287.81,0.9
2018,9,17,19,0,207.59,1.29
2018,9,17,20,0,202.44,6.48
2018,9,17,21,0,223.69,4.97
2018,9,17,22,0,210.89000000000001,6.15
2018,9,17,23,0,202.14000000000001,6.93
2018,9,18,0,0,204.77,7.13
2018,9,18,1,0,202.71,7.78
2018,9,18,2,0,201.07,7.65
2018,9,18,3,0,201.58,6.8
2018,9,18,4,0,197.74,6.8100000000000005
2018,9,18,5,0,194.29,7.61
2018,9,18,6,0,198.11,7.3
2018,9,18,7,0,194,7.45
2018,9,18,8,0,193.68,7.58
2018,9,18,9,0,192.93,7.8100000000000005
2018,9,18,10,0,193.68,7.61
2018,9,18,11,0,192.6,7.0600000000000005
2018,9,18,12,0,193.83,6.82
2018,9,18,13,0,189.28,6.96
2018,9,18,14,0,194.68,7.48
2018,9,18,15,0,207.51,7.5
2018,9,18,16,0,206.28,6.76
2018,9,18,17,0,200.94,6.73
2018,9,18,18,0,194.54,6.65
2018,9,18,19,0,192.85,6.53
2018,9,18,20,0,193.87,6.29
2018,9,18,21,0,194.18,6.05
2018,9,18,22,0,180.81,5.49
2018,9,18,23,0,196.07,5.25
2018,9,19,0,0,206.83,4.69
2018,9,19,1,0,195.12,6
2018,9,19,2,0,193.36,5.24
2018,9,19,3,0,190.57,4.87
2018,9,19,4,0,199.4,5.12
2018,9,19,5,0,198.79,5.3
2018,9,19,6,0,200.22,5.37
2018,9,19,7,0,193.61,6.09
2018,9,19,8,0,195.3,5.66
2018,9,19,9,0,197.46,3.06
2018,9,19,10,0,275.34000000000003,1.8800000000000001
2018,9,19,11,0,277.53000000000003,1.31
2018,9,19,12,0,282.38,1.76
2018,9,19,13,0,248.53,0.56
2018,9,19,14,0,98.02,1.8900000000000001
2018,9,19,15,0,151.61,3.0100000000000002
2018,9,19,16,0,135.29,3.75
2018,9,19,17,0,94.83,1.3
2018,9,19,18,0,351.55,3.1
2018,9,19,19,0,358.92,6.2700000000000005
2018,9,19,20,0,353.75,5.46
2018,9,19,21,0,358.23,5.11
2018,9,19,22,0,1.19,3.64
2018,9,19,23,0,3.74,2.81
2018,9,20,0,0,19.06,1.69
2018,9,20,1,0,34.11,1.7
2018,9,20,2,0,58.08,0.86
2018,9,20,3,0,6.32,0.8300000000000001
2018,9,20,4,0,28.04,4.78
2018,9,20,5,0,16.62,7.17
2018,9,20,6,0,29.02,6.42
2018,9,20,7,0,58.51,6.7
2018,9,20,8,0,16.65,8.620000000000001
2018,9,20,9,0,2.59,10.040000000000001
2018,9,20,10,0,23.75,10.58
2018,9,20,11,0,20.94,10.25
2018,9,20,12,0,25.93,11.01
2018,9,20,13,0,31.57,12.13
2018,9,20,14,0,30.400000000000002,10.33
2018,9,20,15,0,30.45,10.64
2018,9,20,16,0,37.230000000000004,10.55
2018,9,20,17,0,41.18,8.89
2018,9,20,18,0,38.71,7.23
2018,9,20,19,0,24.02,6.74
2018,9,20,20,0,33.96,6.37
2018,9,20,21,0,38.17,5.3100000000000005
2018,9,20,22,0,43.72,4.59
2018,9,20,23,0,48.31,3.18
2018,9,21,0,0,54.99,1.85
2018,9,21,1,0,80.31,0.85
2018,9,21,2,0,238.56,1.19
2018,9,21,3,0,215.91,1.28
2018,9,21,4,0,213.67000000000002,1.32
2018,9,21,5,0,254.35,1.8900000000000001
2018,9,21,6,0,283.19,1.92
2018,9,21,7,0,306.84000000000003,2.24
2018,9,21,8,0,355.90000000000003,1.45
2018,9,21,9,0,343.62,1.45
2018,9,21,10,0,12.450000000000001,1.7
2018,9,21,11,0,351.38,0.68
2018,9,21,12,0,26.57,1.36
2018,9,21,13,0,191.27,0.75
2018,9,21,14,0,185.89000000000001,1.41
2018,9,21,15,0,187.78,2.85
2018,9,21,16,0,177.88,3.7
2018,9,21,17,0,153.21,3.89
2018,9,21,18,0,162.64000000000001,3.98
2018,9,21,19,0,172.15,4.2
2018,9,21,20,0,174.51,2.5500000000000003
2018,9,21,21,0,178.96,1.67
2018,9,21,22,0,177.95000000000002,2.92
2018,9,21,23,0,200.06,2.7600000000000002
2018,9,22,0,0,181.06,1.1
2018,9,22,1,0,176.15,0.88
2018,9,22,2,0,165.31,1.17
2018,9,22,3,0,178.49,3.77
2018,9,22,4,0,181.93,5.11
2018,9,22,5,0,196.33,6.09
2018,9,22,6,0,188.9,6.58
2018,9,22,7,0,201.27,7.54
2018,9,22,8,0,200.96,8.3
2018,9,22,9,0,197.25,8.98
2018,9,22,10,0,198.75,8.9
2018,9,22,11,0,174.94,6.66
2018,9,22,12,0,143.61,6.0600000000000005
2018,9,22,13,0,178.91,9.39
2018,9,22,14,0,164.78,9.96
2018,9,22,15,0,169.96,11.27
2018,9,22,16,0,169.22,12.01
2018,9,22,17,0,170.52,11.91
2018,9,22,18,0,192.79,11.27
2018,9,22,19,0,187.1,11.6
2018,9,22,20,0,187.77,13.030000000000001
2018,9,22,21,0,185.96,12.93
2018,9,22,22,0,196.38,10.94
2018,9,22,23,0,201.02,9.81
2018,9,23,0,0,201.86,8.68
2018,9,23,1,0,198.56,8.1
2018,9,23,2,0,189.42000000000002,8.02
2018,9,23,3,0,189,7.42
2018,9,23,4,0,179.75,7.55
2018,9,23,5,0,178.86,6.26
2018,9,23,6,0,186.06,4.1
2018,9,23,7,0,185.29,5.65
2018,9,23,8,0,165.31,8.99
2018,9,23,9,0,161.74,7.83
2018,9,23,10,0,181.3,7.5
2018,9,23,11,0,193.19,7.4
2018,9,23,12,0,202.48000000000002,6.8
2018,9,23,13,0,214.78,5.8
2018,9,23,14,0,252.45000000000002,4.33
2018,9,23,15,0,347.89,3.85
2018,9,23,16,0,16.43,6.890000000000001
2018,9,23,17,0,19.5,6.13
2018,9,23,18,0,15.8,5.04
2018,9,23,19,0,27.830000000000002,4.03
2018,9,23,20,0,33.37,3.02
2018,9,23,21,0,29.240000000000002,2
2018,9,23,22,0,69.19,0.64
2018,9,23,23,0,150.53,2.05
2018,9,24,0,0,159.78,1.69
2018,9,24,1,0,169.41,5.79
2018,9,24,2,0,164.08,5.91
2018,9,24,3,0,188.96,8.8
2018,9,24,4,0,202.31,8.33
2018,9,24,5,0,205.03,7.13
2018,9,24,6,0,220.69,5.3500000000000005
2018,9,24,7,0,160.19,2.66
2018,9,24,8,0,89.39,1.84
2018,9,24,9,0,70.66,4.6000000000000005
2018,9,24,10,0,70.85000000000001,6.51
2018,9,24,11,0,77.8,7.46
2018,9,24,12,0,85.61,5.51
2018,9,24,13,0,153.48,18.32
2018,9,24,14,0,158.49,19.62
2018,9,24,15,0,196.13,18.47
2018,9,24,16,0,189.88,20.580000000000002
2018,9,24,17,0,190.96,20.39
2018,9,24,18,0,211.08,18.990000000000002
2018,9,24,19,0,219.89000000000001,17.44
2018,9,24,20,0,214.70000000000002,18.79
2018,9,24,21,0,222.21,18.23
2018,9,24,22,0,229.51,16.45
2018,9,24,23,0,226.29,13.85
2018,9,25,0,0,218.4,14.64
2018,9,25,1,0,219.76,14.17
2018,9,25,2,0,217.3,14.46
2018,9,25,3,0,219.16,14.96
2018,9,25,4,0,218.66,15.34
2018,9,25,5,0,215.42000000000002,14.33
2018,9,25,6,0,220.07,13.18
2018,9,25,7,0,211.53,13.98
2018,9,25,8,0,211.56,13.1
2018,9,25,9,0,212.37,11.34
2018,9,25,10,0,213.47,12.91
2018,9,25,11,0,222.18,12.73
2018,9,25,12,0,212.75,9.41
2018,9,25,13,0,223.5,10.950000000000001
2018,9,25,14,0,210.83,10.700000000000001
2018,9,25,15,0,204.53,11.57
2018,9,25,16,0,205.08,11.78
2018,9,25,17,0,210.65,11.51
2018,9,25,18,0,203.74,11.41
2018,9,25,19,0,205.43,12.73
2018,9,25,20,0,204.32,12.71
2018,9,25,21,0,202.42000000000002,11.74
2018,9,25,22,0,202.45000000000002,11.24
2018,9,25,23,0,204.6,10.28
2018,9,26,0,0,206.01,8.17
2018,9,26,1,0,198.24,7.95
2018,9,26,2,0,198.20000000000002,8.42
2018,9,26,3,0,201.89000000000001,5.97
2018,9,26,4,0,237.57,4.15
2018,9,26,5,0,262.6,5.75
2018,9,26,6,0,253.18,3.42
2018,9,26,7,0,247,0.8200000000000001
2018,9,26,8,0,184.54,1.3
2018,9,26,9,0,179.24,4.34
2018,9,26,10,0,165.61,2.86
2018,9,26,11,0,114.3,3.38
2018,9,26,12,0,95.48,5.79
2018,9,26,13,0,89.66,5.29
2018,9,26,14,0,13.59,6.0200000000000005
2018,9,26,15,0,22,5.92
2018,9,26,16,0,14.040000000000001,6.82
2018,9,26,17,0,15.27,7.0200000000000005
2018,9,26,18,0,20.69,6.37
2018,9,26,19,0,26.62,6
2018,9,26,20,0,35.83,5.72
2018,9,26,21,0,38.62,5.51
2018,9,26,22,0,41.28,4.64
2018,9,26,23,0,41.08,4.69
2018,9,27,0,0,43.410000000000004,4.83
2018,9,27,1,0,48.44,3.64
2018,9,27,2,0,23.35,2.7600000000000002
2018,9,27,3,0,10.03,2.86
2018,9,27,4,0,0.04,4.11
2018,9,27,5,0,16.68,7.54
2018,9,27,6,0,33.480000000000004,10.42
2018,9,27,7,0,27.48,9.85
2018,9,27,8,0,25.96,11.1
2018,9,27,9,0,21.95,10.78
2018,9,27,10,0,25.52,10.49
2018,9,27,11,0,26.59,11
2018,9,27,12,0,31.19,11.47
2018,9,27,13,0,33.97,11.32
2018,9,27,14,0,33.33,11.86
2018,9,27,15,0,34.83,11.83
2018,9,27,16,0,39.54,11.27
2018,9,27,17,0,42.660000000000004,9.84
2018,9,27,18,0,41.64,9.78
2018,9,27,19,0,54.7,10.23
2018,9,27,20,0,48.46,9.28
2018,9,27,21,0,36.18,10.78
2018,9,27,22,0,29.69,10.81
2018,9,27,23,0,23.36,11.26
2018,9,28,0,0,15.14,11.72
2018,9,28,1,0,45.95,7.54
2018,9,28,2,0,37.87,9.74
2018,9,28,3,0,30.98,12.68
2018,9,28,4,0,36.06,14.06
2018,9,28,5,0,38.78,13.17
2018,9,28,6,0,29.89,13
2018,9,28,7,0,28.39,12.49
2018,9,28,8,0,28.490000000000002,11.870000000000001
2018,9,28,9,0,25.990000000000002,11.58
2018,9,28,10,0,24.3,11.120000000000001
2018,9,28,11,0,22.03,10.72
2018,9,28,12,0,25.580000000000002,10.55
2018,9,28,13,0,25.650000000000002,9.89
2018,9,28,14,0,27.71,9.93
2018,9,28,15,0,26.69,9.31
2018,9,28,16,0,26.71,9.02
2018,9,28,17,0,27.310000000000002,8.27
2018,9,28,18,0,28.2,7.84
2018,9,28,19,0,29.8,7.58
2018,9,28,20,0,32.15,7.28
2018,9,28,21,0,38.800000000000004,6.78
2018,9,28,22,0,39.14,6.62
2018,9,28,23,0,41.78,6.54
2018,9,29,0,0,40.49,6.21
2018,9,29,1,0,40.59,5.89
2018,9,29,2,0,35.43,5.7700000000000005
2018,9,29,3,0,34.24,6.2
2018,9,29,4,0,32.62,6.19
2018,9,29,5,0,24.16,5.16
2018,9,29,6,0,19.36,4.12
2018,9,29,7,0,7.5600000000000005,2.69
2018,9,29,8,0,14.76,3.21
2018,9,29,9,0,10.4,3.27
2018,9,29,10,0,7.71,3.13
2018,9,29,11,0,12.05,3.38
2018,9,29,12,0,14.83,3.11
2018,9,29,13,0,1.96,2.75
2018,9,29,14,0,17.2,2.25
2018,9,29,15,0,40.01,1.47
2018,9,29,16,0,50.54,1.1300000000000001
2018,9,29,17,0,42.65,1.22
2018,9,29,18,0,65.69,2.04
2018,9,29,19,0,49.29,3.39
2018,9,29,20,0,21.66,2.8000000000000003
2018,9,29,21,0,1.29,2.31
2018,9,29,22,0,359.52,2.05
2018,9,29,23,0,14.34,1.23
2018,9,30,0,0,68.45,0.23
2018,9,30,1,0,24.54,0.24
2018,9,30,2,0,257.66,0.51
2018,9,30,3,0,245.65,1.8800000000000001
2018,9,30,4,0,243.5,1.67
2018,9,30,5,0,208.92000000000002,2.09
2018,9,30,6,0,208.54,2.7600000000000002
2018,9,30,7,0,207.53,2.96
2018,9,30,8,0,205.31,2.9
2018,9,30,9,0,211.95000000000002,2.79
2018,9,30,10,0,222.11,2.71
2018,9,30,11,0,226.83,2.36
2018,9,30,12,0,208.35,1.6400000000000001
2018,9,30,13,0,194.59,2.4
2018,9,30,14,0,198.20000000000002,2.5300000000000002
2018,9,30,15,0,199.28,2.95
2018,9,30,16,0,205.89000000000001,2.54
2018,9,30,17,0,205.5,1.98
2018,9,30,18,0,187.89000000000001,2.17
2018,9,30,19,0,182.54,2.52
2018,9,30,20,0,175.23,2.5500000000000003
2018,9,30,21,0,182.52,2.48
2018,9,30,22,0,177.96,2.37
2018,9,30,23,0,186.62,2.7600000000000002
2018,10,1,0,0,181.72,1.79
2018,10,1,1,0,204.61,1.44
2018,10,1,2,0,242.47,1.31
2018,10,1,3,0,255.88,1.53
2018,10,1,4,0,254.23000000000002,1.71
2018,10,1,5,0,241.53,1.6400000000000001
2018,10,1,6,0,219.02,0.8200000000000001
2018,10,1,7,0,187.47,0.54
2018,10,1,8,0,131.29,1.07
2018,10,1,9,0,148.83,1.73
2018,10,1,10,0,151.81,1.71
2018,10,1,11,0,95.84,0.8300000000000001
2018,10,1,12,0,31.580000000000002,1.05
2018,10,1,13,0,29.990000000000002,3.22
2018,10,1,14,0,33.08,3.52
2018,10,1,15,0,37.09,1.47
2018,10,1,16,0,12.51,1.79
2018,10,1,17,0,10.51,2.65
2018,10,1,18,0,41.410000000000004,3.5100000000000002
2018,10,1,19,0,49.81,2.96
2018,10,1,20,0,49.63,3.34
2018,10,1,21,0,47.4,3.5300000000000002
2018,10,1,22,0,46.54,4.21
2018,10,1,23,0,42.95,3.91
2018,10,2,0,0,37.28,4.7
2018,10,2,1,0,29.93,4.76
2018,10,2,2,0,24.04,5.97
2018,10,2,3,0,26.77,6.04
2018,10,2,4,0,33.32,7.12
2018,10,2,5,0,22.52,5.84
2018,10,2,6,0,117.69,4.59
2018,10,2,7,0,141.65,5.33
2018,10,2,8,0,78.5,2.37
2018,10,2,9,0,122.41,1.52
2018,10,2,10,0,98.55,1.5
2018,10,2,11,0,160.91,0.66
2018,10,2,12,0,134.69,1.31
2018,10,2,13,0,46.480000000000004,1.6300000000000001
2018,10,2,14,0,112.25,7.3
2018,10,2,15,0,95.13,11.53
2018,10,2,16,0,65.4,8.99
2018,10,2,17,0,76.82000000000001,8.46
2018,10,2,18,0,95.28,9.200000000000001
2018,10,2,19,0,100,7.79
2018,10,2,20,0,107.23,3.83
2018,10,2,21,0,248.87,5.48
2018,10,2,22,0,327.14,3.85
2018,10,2,23,0,343.64,3.91
2018,10,3,0,0,6.92,3.67
2018,10,3,1,0,52.120000000000005,2.68
2018,10,3,2,0,132.14000000000001,7.75
2018,10,3,3,0,106.97,7.25
2018,10,3,4,0,102.8,9.040000000000001
2018,10,3,5,0,86.35000000000001,4.78
2018,10,3,6,0,87.08,5.36
2018,10,3,7,0,37.980000000000004,4.7700000000000005
2018,10,3,8,0,14.89,4.73
2018,10,3,9,0,6.36,5.68
2018,10,3,10,0,11.01,6.18
2018,10,3,11,0,25.86,4.57
2018,10,3,12,0,97.02,2.86
2018,10,3,13,0,124.62,3.45
2018,10,3,14,0,103.79,6.95
2018,10,3,15,0,99.78,7.930000000000001
2018,10,3,16,0,81.71000000000001,8.58
2018,10,3,17,0,84.16,9.31
2018,10,3,18,0,73.83,7.7700000000000005
2018,10,3,19,0,61.82,8.31
2018,10,3,20,0,70.14,8.86
2018,10,3,21,0,70.17,9.040000000000001
2018,10,3,22,0,50.31,13.38
2018,10,3,23,0,102.76,10.52
2018,10,4,0,0,108.60000000000001,12.43
2018,10,4,1,0,112.07000000000001,9.78
2018,10,4,2,0,98.93,12.370000000000001
2018,10,4,3,0,107.48,12.76
2018,10,4,4,0,128.62,6.41
2018,10,4,5,0,115.06,5.43
2018,10,4,6,0,103.57000000000001,6.49
2018,10,4,7,0,90.60000000000001,8.96
2018,10,4,8,0,96.78,8.66
2018,10,4,9,0,91.72,9.1
2018,10,4,10,0,104.44,9.55
2018,10,4,11,0,48.95,2.64
2018,10,4,12,0,62.43,4.8500000000000005
2018,10,4,13,0,92.96000000000001,9.03
2018,10,4,14,0,74.26,4.26
2018,10,4,15,0,77.13,8.43
2018,10,4,16,0,89.06,14.82
2018,10,4,17,0,83.19,10.31
2018,10,4,18,0,81.12,6.2
2018,10,4,19,0,101.85000000000001,10.55
2018,10,4,20,0,116.84,8.6
2018,10,4,21,0,98.12,6.87
2018,10,4,22,0,43.63,7.2700000000000005
2018,10,4,23,0,72.24,9.19
2018,10,5,0,0,72.9,7.890000000000001
2018,10,5,1,0,95.76,4.79
2018,10,5,2,0,172.41,3.46
2018,10,5,3,0,178.54,3.6
2018,10,5,4,0,169.78,2.64
2018,10,5,5,0,177.33,1.4000000000000001
2018,10,5,6,0,68.31,1.03
2018,10,5,7,0,91.43,4.33
2018,10,5,8,0,104.37,1.85
2018,10,5,9,0,12.46,2.92
2018,10,5,10,0,359.74,3.39
2018,10,5,11,0,2.0300000000000002,2.47
2018,10,5,12,0,1.99,1.48
2018,10,5,13,0,47.19,0.55
2018,10,5,14,0,207.37,0.73
2018,10,5,15,0,126.29,1.16
2018,10,5,16,0,171.88,3.5700000000000003
2018,10,5,17,0,196.31,3.1
2018,10,5,18,0,188.48,2.33
2018,10,5,19,0,153.58,1.69
2018,10,5,20,0,203.13,0.9
2018,10,5,21,0,274.01,1.28
2018,10,5,22,0,258.36,2.67
2018,10,5,23,0,253.04,2.18
2018,10,6,0,0,238.20000000000002,1.84
2018,10,6,1,0,213.55,1.41
2018,10,6,2,0,211.37,1.51
2018,10,6,3,0,246.76000000000002,1.48
2018,10,6,4,0,278.76,1.68
2018,10,6,5,0,330.68,1.09
2018,10,6,6,0,15.11,2.24
2018,10,6,7,0,21.14,2.58
2018,10,6,8,0,19.46,2.36
2018,10,6,9,0,71.7,0.88
2018,10,6,10,0,85.42,1.31
2018,10,6,11,0,68.04,1.68
2018,10,6,12,0,76.62,2.11
2018,10,6,13,0,83.55,2.19
2018,10,6,14,0,54.33,3.52
2018,10,6,15,0,54.4,4.44
2018,10,6,16,0,45.68,5.53
2018,10,6,17,0,47.81,4.38
2018,10,6,18,0,55.07,5.71
2018,10,6,19,0,49.71,6.72
2018,10,6,20,0,46.21,7.11
2018,10,6,21,0,47.51,7.140000000000001
2018,10,6,22,0,42.910000000000004,6.91
2018,10,6,23,0,42.24,6.3
2018,10,7,0,0,41.980000000000004,6.16
2018,10,7,1,0,44.72,5.55
2018,10,7,2,0,48.09,5.55
2018,10,7,3,0,43.71,5.82
2018,10,7,4,0,48.75,6.2
2018,10,7,5,0,45.5,5.93
2018,10,7,6,0,43.34,6.3
2018,10,7,7,0,39.39,7.74
2018,10,7,8,0,29.35,7.25
2018,10,7,9,0,27.88,7.13
2018,10,7,10,0,27.13,8.25
2018,10,7,11,0,32.81,8.620000000000001
2018,10,7,12,0,41.58,7.8100000000000005
2018,10,7,13,0,43.02,7.21
2018,10,7,14,0,33.480000000000004,7.05
2018,10,7,15,0,31.37,6.76
2018,10,7,16,0,23.03,6.890000000000001
2018,10,7,17,0,15.5,5.73
2018,10,7,18,0,12.98,5.3100000000000005
2018,10,7,19,0,22.78,4.46
2018,10,7,20,0,36.38,3.7
2018,10,7,21,0,31.810000000000002,2.74
2018,10,7,22,0,43.45,1.69
2018,10,7,23,0,51.61,1.16
2018,10,8,0,0,130.97,0.76
2018,10,8,1,0,187.22,1.6300000000000001
2018,10,8,2,0,180.92000000000002,2.58
2018,10,8,3,0,219.87,3.37
2018,10,8,4,0,200.27,3.99
2018,10,8,5,0,190.23,2.09
2018,10,8,6,0,114.61,1.33
2018,10,8,7,0,120.29,1.49
2018,10,8,8,0,153.3,1.36
2018,10,8,9,0,161.94,1.6400000000000001
2018,10,8,10,0,213.77,2.62
2018,10,8,11,0,14.05,1.16
2018,10,8,12,0,79.68,2.36
2018,10,8,13,0,134.66,2.42
2018,10,8,14,0,138.64000000000001,4
2018,10,8,15,0,150.46,3.7600000000000002
2018,10,8,16,0,117.64,2.99
2018,10,8,17,0,65.37,2.73
2018,10,8,18,0,80.10000000000001,2.75
2018,10,8,19,0,77.88,2
2018,10,8,20,0,46.27,3.63
2018,10,8,21,0,32.58,3.0500000000000003
2018,10,8,22,0,37.29,4.41
2018,10,8,23,0,37.61,4.8
2018,10,9,0,0,35.87,5.37
2018,10,9,1,0,38.45,6.48
2018,10,9,2,0,40.07,6.68
2018,10,9,3,0,37.58,7.08
2018,10,9,4,0,31.63,8.6
2018,10,9,5,0,23.81,7.23
2018,10,9,6,0,35.33,9.22
2018,10,9,7,0,35.26,7.87
2018,10,9,8,0,33.38,8.23
2018,10,9,9,0,34.84,7.65
2018,10,9,10,0,34.37,9.51
2018,10,9,11,0,38.82,9.26
2018,10,9,12,0,38.1,9.120000000000001
2018,10,9,13,0,39.09,8.25
2018,10,9,14,0,32.35,9.41
2018,10,9,15,0,45.69,9.870000000000001
2018,10,9,16,0,42.71,9.67
2018,10,9,17,0,45.160000000000004,10.28
2018,10,9,18,0,36.93,8.15
2018,10,9,19,0,77.73,6.49
2018,10,9,20,0,50.86,5.37
2018,10,9,21,0,26.61,5.73
2018,10,9,22,0,66.81,6.01
2018,10,9,23,0,70.92,7.84
2018,10,10,0,0,73.46000000000001,8.57
2018,10,10,1,0,75.91,12.52
2018,10,10,2,0,70.94,11.61
2018,10,10,3,0,58.49,10.39
2018,10,10,4,0,55.94,9.74
2018,10,10,5,0,66.85,9.13
2018,10,10,6,0,66.27,9.9
2018,10,10,7,0,68.21000000000001,9.790000000000001
2018,10,10,8,0,67.16,8.49
2018,10,10,9,0,72.74,8.96
2018,10,10,10,0,85.22,10.58
2018,10,10,11,0,58.1,12.09
2018,10,10,12,0,52.06,13.33
2018,10,10,13,0,51.94,15.21
2018,10,10,14,0,60.620000000000005,13.35
2018,10,10,15,0,68.13,12.4
2018,10,10,16,0,106.96000000000001,21.5
2018,10,10,17,0,109.79,16.92
2018,10,10,18,0,152.85,17.59
2018,10,10,19,0,161.09,17.39
2018,10,10,20,0,172.23,18.73
2018,10,10,21,0,201.77,22.84
2018,10,10,22,0,205.75,24.55
2018,10,10,23,0,208.43,20.580000000000002
2018,10,11,0,0,204.99,19.69
2018,10,11,1,0,206.01,19.69
2018,10,11,2,0,205.27,19.72
2018,10,11,3,0,207.13,18.73
2018,10,11,4,0,206.45000000000002,17.01
2018,10,11,5,0,205.65,16.11
2018,10,11,6,0,208.39000000000001,13.72
2018,10,11,7,0,208.88,14.370000000000001
2018,10,11,8,0,206.95000000000002,12.88
2018,10,11,9,0,206.73000000000002,13.08
2018,10,11,10,0,205.77,11.74
2018,10,11,11,0,205.81,11.92
2018,10,11,12,0,201.14000000000001,10.36
2018,10,11,13,0,202.56,10.72
2018,10,11,14,0,202.67000000000002,12.450000000000001
2018,10,11,15,0,206.11,11.05
2018,10,11,16,0,205.95000000000002,9.61
2018,10,11,17,0,196.24,8.81
2018,10,11,18,0,196.35,9.02
2018,10,11,19,0,195.13,10.950000000000001
2018,10,11,20,0,198.07,10.84
2018,10,11,21,0,197.4,9.77
2018,10,11,22,0,197.91,11.41
2018,10,11,23,0,195.01,10.31
2018,10,12,0,0,194.72,10.450000000000001
2018,10,12,1,0,186.32,9.39
2018,10,12,2,0,174.48,7.71
2018,10,12,3,0,164.22,7.930000000000001
2018,10,12,4,0,152.69,9.31
2018,10,12,5,0,156.77,9.81
2018,10,12,6,0,161.39000000000001,11.76
2018,10,12,7,0,164.23,14.370000000000001
2018,10,12,8,0,163.22,13.74
2018,10,12,9,0,158.99,13.71
2018,10,12,10,0,146.8,13.34
2018,10,12,11,0,144.91,12.89
2018,10,12,12,0,154.84,15.76
2018,10,12,13,0,156.20000000000002,17.12
2018,10,12,14,0,155.74,16.64
2018,10,12,15,0,151.73,16.81
2018,10,12,16,0,153.15,18.97
2018,10,12,17,0,152.62,18.080000000000002
2018,10,12,18,0,189.36,13.24
2018,10,12,19,0,189.43,11.88
2018,10,12,20,0,192.12,11.11
2018,10,12,21,0,192.56,10.98
2018,10,12,22,0,197.81,9.88
2018,10,12,23,0,196.44,9.91
2018,10,13,0,0,195.78,9.58
2018,10,13,1,0,197.38,8.86
2018,10,13,2,0,199.9,6.73
2018,10,13,3,0,182.06,5.6000000000000005
2018,10,13,4,0,180.62,4.48
2018,10,13,5,0,172.41,5.86
2018,10,13,6,0,146.3,4.75
2018,10,13,7,0,131.51,6.33
2018,10,13,8,0,118.47,4.91
2018,10,13,9,0,125.67,5.5200000000000005
2018,10,13,10,0,134.79,4.58
2018,10,13,11,0,129.97,3.24
2018,10,13,12,0,308.34000000000003,0.27
2018,10,13,13,0,338.88,3.29
2018,10,13,14,0,351.84000000000003,4.68
2018,10,13,15,0,343.28000000000003,5.61
2018,10,13,16,0,345.29,4.79
2018,10,13,17,0,349.79,3.29
2018,10,13,18,0,327.26,1.93
2018,10,13,19,0,273.55,1.41
2018,10,13,20,0,248.61,2.62
2018,10,13,21,0,235.96,2.08
2018,10,13,22,0,199.16,2.3000000000000003
2018,10,13,23,0,192.04,4.03
2018,10,14,0,0,192.09,7.96
2018,10,14,1,0,214.05,7.9
2018,10,14,2,0,196.22,11.88
2018,10,14,3,0,199.27,12.11
2018,10,14,4,0,196.29,12.52
2018,10,14,5,0,197.38,14.55
2018,10,14,6,0,191.03,11.92
2018,10,14,7,0,188.86,8.66
2018,10,14,8,0,201.95000000000002,10.76
2018,10,14,9,0,202.29,9.66
2018,10,14,10,0,203.24,9.24
2018,10,14,11,0,209.35,8.43
2018,10,14,12,0,214.21,6.84
2018,10,14,13,0,207.72,6.74
2018,10,14,14,0,216.5,5.89
2018,10,14,15,0,249.19,2.81
2018,10,14,16,0,335.52,2.08
2018,10,14,17,0,12.42,6.0600000000000005
2018,10,14,18,0,28.93,3.81
2018,10,14,19,0,153.70000000000002,3.75
2018,10,14,20,0,135.84,2.57
2018,10,14,21,0,48.15,4.26
2018,10,14,22,0,32.49,7.61
2018,10,14,23,0,33.160000000000004,7.65
2018,10,15,0,0,35.64,8.120000000000001
2018,10,15,1,0,35.03,8.61
2018,10,15,2,0,27.400000000000002,9.6
2018,10,15,3,0,25.13,9.98
2018,10,15,4,0,26.51,10.21
2018,10,15,5,0,26.62,10.5
2018,10,15,6,0,24.95,10.74
2018,10,15,7,0,24.17,10.83
2018,10,15,8,0,23.79,12.1
2018,10,15,9,0,25.41,12.620000000000001
2018,10,15,10,0,28.46,13.27
2018,10,15,11,0,31.05,13.530000000000001
2018,10,15,12,0,30.05,14.030000000000001
2018,10,15,13,0,31.48,14.01
2018,10,15,14,0,31.240000000000002,14.43
2018,10,15,15,0,31.42,14.19
2018,10,15,16,0,31.36,13.93
2018,10,15,17,0,28.810000000000002,14.63
2018,10,15,18,0,28.13,14.870000000000001
2018,10,15,19,0,29.78,15.32
2018,10,15,20,0,31.04,15.450000000000001
2018,10,15,21,0,30.26,15.75
2018,10,15,22,0,31.25,16.580000000000002
2018,10,15,23,0,21.97,17.09
2018,10,16,0,0,20,18.6
2018,10,16,1,0,20.2,18.73
2018,10,16,2,0,22.13,17.1
2018,10,16,3,0,27.330000000000002,17.12
2018,10,16,4,0,27.69,14.99
2018,10,16,5,0,31.19,13.72
2018,10,16,6,0,33.05,13.61
2018,10,16,7,0,44.19,12.61
2018,10,16,8,0,43.03,11.53
2018,10,16,9,0,66.84,7.03
2018,10,16,10,0,76.02,3.74
2018,10,16,11,0,125.92,3.54
2018,10,16,12,0,158.76,4.97
2018,10,16,13,0,200.5,7.3100000000000005
2018,10,16,14,0,202.24,8.290000000000001
2018,10,16,15,0,171.47,9.99
2018,10,16,16,0,179.76,11.31
2018,10,16,17,0,172.46,8.21
2018,10,16,18,0,176.44,8.700000000000001
2018,10,16,19,0,172.28,7.91
2018,10,16,20,0,166.16,7.57
2018,10,16,21,0,158.72,6.92
2018,10,16,22,0,160.51,9.32
2018,10,16,23,0,177.33,8.02
2018,10,17,0,0,169,7.11
2018,10,17,1,0,174.46,8.3
2018,10,17,2,0,172.41,9.47
2018,10,17,3,0,168.22,10.08
2018,10,17,4,0,174.02,9.67
2018,10,17,5,0,178.53,10.35
2018,10,17,6,0,176.52,9.75
2018,10,17,7,0,178.54,10.47
2018,10,17,8,0,186.77,10.36
2018,10,17,9,0,180.77,10.77
2018,10,17,10,0,181.54,9.84
2018,10,17,11,0,182.48,10.26
2018,10,17,12,0,174.02,8.86
2018,10,17,13,0,183.18,9.99
2018,10,17,14,0,184.55,10.49
2018,10,17,15,0,186.48,10.96
2018,10,17,16,0,187.26,11.17
2018,10,17,17,0,190.87,11.94
2018,10,17,18,0,187.41,10.09
2018,10,17,19,0,182.96,10.69
2018,10,17,20,0,181.19,10.42
2018,10,17,21,0,178.9,10.02
2018,10,17,22,0,173.64000000000001,9.07
2018,10,17,23,0,180.84,9.790000000000001
2018,10,18,0,0,191.64000000000001,12.11
2018,10,18,1,0,189.57,9.14
2018,10,18,2,0,188.27,9.69
2018,10,18,3,0,175.20000000000002,8.5
2018,10,18,4,0,176.59,7.6000000000000005
2018,10,18,5,0,168.74,6.0200000000000005
2018,10,18,6,0,177.02,6.59
2018,10,18,7,0,176.43,5.25
2018,10,18,8,0,162.39000000000001,4.79
2018,10,18,9,0,138.17000000000002,5.23
2018,10,18,10,0,167.86,7.33
2018,10,18,11,0,147.81,6.86
2018,10,18,12,0,112.71000000000001,4.79
2018,10,18,13,0,143.54,8.21
2018,10,18,14,0,145.11,8.92
2018,10,18,15,0,143.86,7.68
2018,10,18,16,0,134.45,7.46
2018,10,18,17,0,159.59,6.0600000000000005
2018,10,18,18,0,139.66,5.04
2018,10,18,19,0,124.03,4.67
2018,10,18,20,0,115.33,4.3500000000000005
2018,10,18,21,0,104.48,3.62
2018,10,18,22,0,84.54,2.12
2018,10,18,23,0,109.36,5.78
2018,10,19,0,0,108.61,7.79
2018,10,19,1,0,100.86,9.52
2018,10,19,2,0,91.9,8.61
2018,10,19,3,0,59,8.91
2018,10,19,4,0,50.65,10.17
2018,10,19,5,0,66.4,17.54
2018,10,19,6,0,48.34,15.05
2018,10,19,7,0,51.120000000000005,15.16
2018,10,19,8,0,32.39,16.1
2018,10,19,9,0,29.48,17.04
2018,10,19,10,0,28.42,16.95
2018,10,19,11,0,23.41,18.35
2018,10,19,12,0,20.85,18.14
2018,10,19,13,0,14.66,18.03
2018,10,19,14,0,11.27,22.150000000000002
2018,10,19,15,0,9.17,25.68
2018,10,19,16,0,6.66,25.240000000000002
2018,10,19,17,0,8.3,23.63
2018,10,19,18,0,10.61,22.27
2018,10,19,19,0,9.16,22.32
2018,10,19,20,0,9.75,19.76
2018,10,19,21,0,5.6000000000000005,21.51
2018,10,19,22,0,349.16,18.6
2018,10,19,23,0,3.83,12.01
2018,10,20,0,0,47.07,6.3100000000000005
2018,10,20,1,0,116.38,4.88
2018,10,20,2,0,163.35,9.49
2018,10,20,3,0,169.79,11.11
2018,10,20,4,0,202.5,8.22
2018,10,20,5,0,273.48,8.9
2018,10,20,6,0,268.32,9.1
2018,10,20,7,0,259,4.44
2018,10,20,8,0,119.87,3.38
2018,10,20,9,0,211.08,2.71
2018,10,20,10,0,261.56,9.27
2018,10,20,11,0,263.19,10.42
2018,10,20,12,0,269.55,8.59
2018,10,20,13,0,266.09000000000003,9.49
2018,10,20,14,0,260.59000000000003,15.66
2018,10,20,15,0,253.01000000000002,9.02
2018,10,20,16,0,273.90000000000003,6.36
2018,10,20,17,0,179.66,12.64
2018,10,20,18,0,191.83,11.57
2018,10,20,19,0,197.38,14.42
2018,10,20,20,0,204.24,10.1
2018,10,20,21,0,184.16,10.370000000000001
2018,10,20,22,0,190.82,7.12
2018,10,20,23,0,164.99,3.95
2018,10,21,0,0,86.94,2.5100000000000002
2018,10,21,1,0,43.33,7.16
2018,10,21,2,0,57.52,8.3
2018,10,21,3,0,37,10.07
2018,10,21,4,0,47.1,12.19
2018,10,21,5,0,59.69,15.3
2018,10,21,6,0,48.47,22.44
2018,10,21,7,0,39.36,20.06
2018,10,21,8,0,45.01,20.41
2018,10,21,9,0,59.870000000000005,21.76
2018,10,21,10,0,46.96,17.97
2018,10,21,11,0,41.71,17.31
2018,10,21,12,0,52.43,16.09
2018,10,21,13,0,73.15,15.75
2018,10,21,14,0,89.68,15.18
2018,10,21,15,0,96.97,14.88
2018,10,21,16,0,128.44,14.290000000000001
2018,10,21,17,0,137.64000000000001,9.99
2018,10,21,18,0,144.45000000000002,11.92
2018,10,21,19,0,144.31,13.36
2018,10,21,20,0,139.06,14.57
2018,10,21,21,0,153,18.53
2018,10,21,22,0,159.19,16.7
2018,10,21,23,0,170.23,11.71
2018,10,22,0,0,142.88,9.02
2018,10,22,1,0,151.86,11.35
2018,10,22,2,0,151.04,10.1
2018,10,22,3,0,148.56,6.69
2018,10,22,4,0,158.07,6.9
2018,10,22,5,0,157.48,5.8100000000000005
2018,10,22,6,0,153.38,10.68
2018,10,22,7,0,161.11,6.3100000000000005
2018,10,22,8,0,159.91,7.66
2018,10,22,9,0,148.92000000000002,5.8
2018,10,22,10,0,151.12,6.8
2018,10,22,11,0,99.53,4.5
2018,10,22,12,0,110.28,3.25
2018,10,22,13,0,88.69,3.02
2018,10,22,14,0,114.11,3.36
2018,10,22,15,0,99.01,2.57
2018,10,22,16,0,40.06,2.59
2018,10,22,17,0,69.27,3.4
2018,10,22,18,0,82.06,5.73
2018,10,22,19,0,82.06,6.79
2018,10,22,20,0,57.160000000000004,9.48
2018,10,22,21,0,50.27,10.6
2018,10,22,22,0,44.89,10.81
2018,10,22,23,0,39.050000000000004,10.88
2018,10,23,0,0,32.86,10.26
2018,10,23,1,0,27.61,10
2018,10,23,2,0,27.75,11.02
2018,10,23,3,0,24.01,11.200000000000001
2018,10,23,4,0,25.060000000000002,11.72
2018,10,23,5,0,25.07,11.620000000000001
2018,10,23,6,0,27.38,11.88
2018,10,23,7,0,29.97,12.3
2018,10,23,8,0,29.59,12.85
2018,10,23,9,0,25.48,13.040000000000001
2018,10,23,10,0,21.09,13.82
2018,10,23,11,0,22.95,14.26
2018,10,23,12,0,23.39,13.81
2018,10,23,13,0,13.65,14.4
2018,10,23,14,0,13.46,15.99
2018,10,23,15,0,13.61,17.8
2018,10,23,16,0,13.99,19.580000000000002
2018,10,23,17,0,11.51,19.990000000000002
2018,10,23,18,0,8.22,22.44
2018,10,23,19,0,5.23,22.93
2018,10,23,20,0,8.11,24.02
2018,10,23,21,0,14.31,22.43
2018,10,23,22,0,17.11,19.93
2018,10,23,23,0,39.01,24.63
2018,10,24,0,0,27.38,21.150000000000002
2018,10,24,1,0,34.72,16.34
2018,10,24,2,0,10.56,16.79
2018,10,24,3,0,12.92,8.2
2018,10,24,4,0,152.65,2.75
2018,10,24,5,0,299.72,2.23
2018,10,24,6,0,200.94,10.07
2018,10,24,7,0,177.22,17.29
2018,10,24,8,0,183.3,18.400000000000002
2018,10,24,9,0,181.81,18.86
2018,10,24,10,0,179.28,18.900000000000002
2018,10,24,11,0,185.43,17.47
2018,10,24,12,0,195.23000000000002,14.66
2018,10,24,13,0,199.93,14.11
2018,10,24,14,0,202.72,10.85
2018,10,24,15,0,180.92000000000002,9.36
2018,10,24,16,0,180.44,9.93
2018,10,24,17,0,181.22,11.74
2018,10,24,18,0,184.83,10.11
2018,10,24,19,0,164.03,7
2018,10,24,20,0,162.14000000000001,6.36
2018,10,24,21,0,147.67000000000002,5.49
2018,10,24,22,0,179.32,5.26
2018,10,24,23,0,210.46,4.11
2018,10,25,0,0,352.54,2.13
2018,10,25,1,0,58.42,2.5100000000000002
2018,10,25,2,0,35.800000000000004,2.82
2018,10,25,3,0,23.400000000000002,5.08
2018,10,25,4,0,27,6.38
2018,10,25,5,0,14.58,9.450000000000001
2018,10,25,6,0,24.66,9.24
2018,10,25,7,0,6.58,10.81
2018,10,25,8,0,18.18,13.07
2018,10,25,9,0,7.8100000000000005,13.450000000000001
2018,10,25,10,0,20.29,15.39
2018,10,25,11,0,16.01,14.620000000000001
2018,10,25,12,0,8.9,15.97
2018,10,25,13,0,9.74,17.07
2018,10,25,14,0,16.1,17.28
2018,10,25,15,0,15.57,15.85
2018,10,25,16,0,14.22,15.620000000000001
2018,10,25,17,0,8.57,15.24
2018,10,25,18,0,1.5,14.23
2018,10,25,19,0,0.59,13.99
2018,10,25,20,0,2.46,11.99
2018,10,25,21,0,5.66,10.43
2018,10,25,22,0,26.98,10.8
2018,10,25,23,0,11.950000000000001,14.19
2018,10,26,0,0,3.92,15.43
2018,10,26,1,0,11.09,14.99
2018,10,26,2,0,15.63,12.46
2018,10,26,3,0,31.59,9.120000000000001
2018,10,26,4,0,50.7,11.1
2018,10,26,5,0,48.95,10.370000000000001
2018,10,26,6,0,30.25,12.32
2018,10,26,7,0,35.95,10.31
2018,10,26,8,0,33.68,11.91
2018,10,26,9,0,20.96,9.72
2018,10,26,10,0,44.84,7.37
2018,10,26,11,0,105.55,17.45
2018,10,26,12,0,113.21000000000001,16.57
2018,10,26,13,0,102.52,14.38
2018,10,26,14,0,97.52,12.96
2018,10,26,15,0,71.96000000000001,8.040000000000001
2018,10,26,16,0,67.13,9.19
2018,10,26,17,0,58.88,10.870000000000001
2018,10,26,18,0,56.49,11.6
2018,10,26,19,0,57.59,11.870000000000001
2018,10,26,20,0,62.4,11.89
2018,10,26,21,0,57.84,11.28
2018,10,26,22,0,52.79,9.33
2018,10,26,23,0,48.08,10.02
2018,10,27,0,0,43.24,9.950000000000001
2018,10,27,1,0,37.550000000000004,8.9
2018,10,27,2,0,52.47,9.24
2018,10,27,3,0,64.41,9.290000000000001
2018,10,27,4,0,64.86,12.06
2018,10,27,5,0,39.730000000000004,11.41
2018,10,27,6,0,55.74,9.05
2018,10,27,7,0,46.4,10.74
2018,10,27,8,0,64.23,12.620000000000001
2018,10,27,9,0,34.44,12.790000000000001
2018,10,27,10,0,41.18,11.19
2018,10,27,11,0,43.42,11.26
2018,10,27,12,0,47.14,12.200000000000001
2018,10,27,13,0,39.550000000000004,11.83
2018,10,27,14,0,47.06,13.67
2018,10,27,15,0,42.58,13.41
2018,10,27,16,0,29.37,12.58
2018,10,27,17,0,55.43,14.66
2018,10,27,18,0,34.32,15.08
2018,10,27,19,0,47.42,9.120000000000001
2018,10,27,20,0,94.78,5.84
2018,10,27,21,0,114.88,8.24
2018,10,27,22,0,147.74,15.17
2018,10,27,23,0,163.54,11.8
2018,10,28,0,0,161.6,4.66
2018,10,28,1,0,15.55,2.34
2018,10,28,2,0,66.34,4.74
2018,10,28,3,0,39.33,7
2018,10,28,4,0,63.67,16.47
2018,10,28,5,0,27.11,17.03
2018,10,28,6,0,21.900000000000002,18.86
2018,10,28,7,0,24.67,20.48
2018,10,28,8,0,25.060000000000002,20.66
2018,10,28,9,0,30.62,18.46
2018,10,28,10,0,29.75,17.93
2018,10,28,11,0,26.62,16.47
2018,10,28,12,0,16.12,14.41
2018,10,28,13,0,19.17,12.71
2018,10,28,14,0,63.43,10.42
2018,10,28,15,0,77.22,7.55
2018,10,28,16,0,91.84,8.07
2018,10,28,17,0,83.71000000000001,10.55
2018,10,28,18,0,74.65,9.98
2018,10,28,19,0,52.21,8.370000000000001
2018,10,28,20,0,94.81,7.8500000000000005
2018,10,28,21,0,89.88,7.7
2018,10,28,22,0,96.11,9.93
2018,10,28,23,0,96.06,7.38
2018,10,29,0,0,94.36,5.73
2018,10,29,1,0,67.06,5.59
2018,10,29,2,0,74.57000000000001,3.2600000000000002
2018,10,29,3,0,94.33,7.33
2018,10,29,4,0,96.61,8.02
2018,10,29,5,0,100.56,5.59
2018,10,29,6,0,81.5,1.97
2018,10,29,7,0,53.14,4.11
2018,10,29,8,0,55.870000000000005,4.2
2018,10,29,9,0,47.54,4.69
2018,10,29,10,0,25.32,5.84
2018,10,29,11,0,21.7,5.36
2018,10,29,12,0,26.67,4.45
2018,10,29,13,0,15.97,4.1
2018,10,29,14,0,26.55,4.23
2018,10,29,15,0,33.36,4.72
2018,10,29,16,0,34.85,3.81
2018,10,29,17,0,31.93,4.3
2018,10,29,18,0,33.28,5.15
2018,10,29,19,0,19.38,4.65
2018,10,29,20,0,13.35,4.58
2018,10,29,21,0,7.34,4.5600000000000005
2018,10,29,22,0,331.35,3.31
2018,10,29,23,0,305.28000000000003,2.71
2018,10,30,0,0,288.57,3.0500000000000003
2018,10,30,1,0,328.35,0.9
2018,10,30,2,0,77.24,1.37
2018,10,30,3,0,32.65,4.75
2018,10,30,4,0,35.36,5.89
2018,10,30,5,0,0.02,6.99
2018,10,30,6,0,355.59000000000003,7.54
2018,10,30,7,0,1.25,7.07
2018,10,30,8,0,359.99,4.23
2018,10,30,9,0,301.29,3.14
2018,10,30,10,0,296.09000000000003,3.47
2018,10,30,11,0,310.36,3.52
2018,10,30,12,0,332.21,4.0200000000000005
2018,10,30,13,0,8.18,6.6000000000000005
2018,10,30,14,0,359.71,10.28
2018,10,30,15,0,327.78000000000003,6.67
2018,10,30,16,0,331.96,6.95
2018,10,30,17,0,335.6,5.55
2018,10,30,18,0,351.21,7.61
2018,10,30,19,0,358.54,6.72
2018,10,30,20,0,330.96,4.26
2018,10,30,21,0,310.93,3.4
2018,10,30,22,0,255.93,3.5500000000000003
2018,10,30,23,0,265.26,2.5100000000000002
2018,10,31,0,0,257.15,1.55
2018,10,31,1,0,207.87,1.43
2018,10,31,2,0,98.08,1.28
2018,10,31,3,0,61.72,2.11
2018,10,31,4,0,21.19,2.95
2018,10,31,5,0,18.38,2.09
2018,10,31,6,0,242.92000000000002,3.49
2018,10,31,7,0,231,3.09
2018,10,31,8,0,116.79,2.74
2018,10,31,9,0,108.84,4.24
2018,10,31,10,0,125.97,2.91
2018,10,31,11,0,146.14000000000001,4.79
2018,10,31,12,0,148.79,4.93
2018,10,31,13,0,129.4,3.12
2018,10,31,14,0,107.09,3.31
2018,10,31,15,0,95.03,3.73
2018,10,31,16,0,94.75,3.75
2018,10,31,17,0,94.69,3.3000000000000003
2018,10,31,18,0,79.06,2.46
2018,10,31,19,0,77.22,3.0700000000000003
2018,10,31,20,0,39.99,7.13
2018,10,31,21,0,41.01,7.55
2018,10,31,22,0,31.13,5.8
2018,10,31,23,0,27.41,8.01
2018,11,1,0,0,32.35,10.1
2018,11,1,1,0,33.09,8.22
2018,11,1,2,0,35.53,7.26
2018,11,1,3,0,32.7,8.42
2018,11,1,4,0,31.69,9.200000000000001
2018,11,1,5,0,28.67,8.9
2018,11,1,6,0,26.05,8.96
2018,11,1,7,0,24.3,9.26
2018,11,1,8,0,20.150000000000002,9.41
2018,11,1,9,0,26.55,8.8
2018,11,1,10,0,24.990000000000002,9.15
2018,11,1,11,0,22.81,9.39
2018,11,1,12,0,20.42,9.24
2018,11,1,13,0,19.29,8.99
2018,11,1,14,0,22.63,9.15
2018,11,1,15,0,22.01,9.27
2018,11,1,16,0,19.06,9.07
2018,11,1,17,0,16.16,8.58
2018,11,1,18,0,12.55,7.95
2018,11,1,19,0,15.97,7.87
2018,11,1,20,0,19.22,7.21
2018,11,1,21,0,20.03,6.8100000000000005
2018,11,1,22,0,19.5,6.15
2018,11,1,23,0,14.86,5.2700000000000005
2018,11,2,0,0,13.63,4.9
2018,11,2,1,0,329.14,2.31
2018,11,2,2,0,341.85,2.87
2018,11,2,3,0,337.53000000000003,3.44
2018,11,2,4,0,17.990000000000002,3.0500000000000003
2018,11,2,5,0,27.12,5.41
2018,11,2,6,0,26.75,8.33
2018,11,2,7,0,8.75,5.45
2018,11,2,8,0,28.04,6.04
2018,11,2,9,0,44.44,7.4
2018,11,2,10,0,46.39,5.8500000000000005
2018,11,2,11,0,54.25,5.82
2018,11,2,12,0,46.4,6.4
2018,11,2,13,0,42.21,7.21
2018,11,2,14,0,42.08,9.03
2018,11,2,15,0,43.36,9.48
2018,11,2,16,0,41.59,7.84
2018,11,2,17,0,43.52,8.040000000000001
2018,11,2,18,0,44.88,8.78
2018,11,2,19,0,38.56,10.94
2018,11,2,20,0,42.47,10.66
2018,11,2,21,0,41.85,11.71
2018,11,2,22,0,45.19,10.86
2018,11,2,23,0,48.980000000000004,11.49
2018,11,3,0,0,55.1,11.120000000000001
2018,11,3,1,0,58.870000000000005,9.950000000000001
2018,11,3,2,0,49.26,8.67
2018,11,3,3,0,47.75,11.63
2018,11,3,4,0,60.46,13.030000000000001
2018,11,3,5,0,49.21,13.4
2018,11,3,6,0,46.82,13.77
2018,11,3,7,0,39.49,13.81
2018,11,3,8,0,32.69,14.68
2018,11,3,9,0,39.4,12.61
2018,11,3,10,0,28.97,13.31
2018,11,3,11,0,31.92,12.56
2018,11,3,12,0,36.18,12.83
2018,11,3,13,0,31.05,12.82
2018,11,3,14,0,38,12.950000000000001
2018,11,3,15,0,34.2,12.88
2018,11,3,16,0,26.44,12.57
2018,11,3,17,0,38.29,12.98
2018,11,3,18,0,34.44,13.97
2018,11,3,19,0,33.59,13.39
2018,11,3,20,0,31.93,12.64
2018,11,3,21,0,33.25,11.84
2018,11,3,22,0,31.43,12.34
2018,11,3,23,0,26.26,11.76
2018,11,4,0,0,33.38,11.43
2018,11,4,1,0,30.89,11.32
2018,11,4,2,0,33.1,10.700000000000001
2018,11,4,3,0,28.52,10.07
2018,11,4,4,0,29.19,10.92
2018,11,4,5,0,26.41,10.09
2018,11,4,6,0,20.03,9.44
2018,11,4,7,0,16.3,9.14
2018,11,4,8,0,18.11,7.9
2018,11,4,9,0,27.19,6.36
2018,11,4,10,0,33.19,5.51
2018,11,4,11,0,26.66,5
2018,11,4,12,0,22.07,4.63
2018,11,4,13,0,11.870000000000001,3.22
2018,11,4,14,0,9.65,2.82
2018,11,4,15,0,20.2,2.37
2018,11,4,16,0,37.61,2.18
2018,11,4,17,0,24.36,0.84
2018,11,4,18,0,299.40000000000003,1.25
2018,11,4,19,0,258.81,1.54
2018,11,4,20,0,241.5,1.41
2018,11,4,21,0,275.51,2.3000000000000003
2018,11,4,22,0,269.81,2.82
2018,11,4,23,0,208.32,2.8000000000000003
2018,11,5,0,0,220.6,1.99
2018,11,5,1,0,222.51,2.11
2018,11,5,2,0,215.71,1.81
2018,11,5,3,0,246.08,1.6
2018,11,5,4,0,287.99,1.1300000000000001
2018,11,5,5,0,340.87,0.85
2018,11,5,6,0,12.99,0.77
2018,11,5,7,0,26.07,2.15
2018,11,5,8,0,43.85,2.64
2018,11,5,9,0,71.59,2.73
2018,11,5,10,0,83.39,3.34
2018,11,5,11,0,64.29,3.95
2018,11,5,12,0,57.800000000000004,3.74
2018,11,5,13,0,75.09,3.17
2018,11,5,14,0,89.01,2.74
2018,11,5,15,0,89.28,1.9000000000000001
2018,11,5,16,0,91.22,1.59
2018,11,5,17,0,95.53,1.75
2018,11,5,18,0,102.73,1.99
2018,11,5,19,0,97.07000000000001,1.97
2018,11,5,20,0,98.61,1.72
2018,11,5,21,0,93.22,1.74
2018,11,5,22,0,87.01,0.79
2018,11,5,23,0,69.5,0.67
2018,11,6,0,0,55.74,1.19
2018,11,6,1,0,60.18,1.28
2018,11,6,2,0,43.18,1.34
2018,11,6,3,0,21.61,1.43
2018,11,6,4,0,358.15000000000003,1.4000000000000001
2018,11,6,5,0,6.59,1.86
2018,11,6,6,0,36.22,2.5100000000000002
2018,11,6,7,0,58.97,2.25
2018,11,6,8,0,78.49,1.85
2018,11,6,9,0,51.18,2.16
2018,11,6,10,0,62.93,2.97
2018,11,6,11,0,63.51,2.86
2018,11,6,12,0,60.31,2.95
2018,11,6,13,0,34.61,3.9
2018,11,6,14,0,33.230000000000004,3.92
2018,11,6,15,0,33.49,4.17
2018,11,6,16,0,30.03,3.77
2018,11,6,17,0,28.19,3.0300000000000002
2018,11,6,18,0,7.22,2.9
2018,11,6,19,0,16.67,3.46
2018,11,6,20,0,30.98,3.35
2018,11,6,21,0,25.98,5.2
2018,11,6,22,0,30.11,5.91
2018,11,6,23,0,25.13,5.7
2018,11,7,0,0,23.64,6.05
2018,11,7,1,0,21.76,6.09
2018,11,7,2,0,12.91,7.54
2018,11,7,3,0,17.61,6.99
2018,11,7,4,0,11.75,8.03
2018,11,7,5,0,9.49,7.72
2018,11,7,6,0,7.03,7.83
2018,11,7,7,0,11.81,8.950000000000001
2018,11,7,8,0,12.07,9.55
2018,11,7,9,0,13.99,10.4
2018,11,7,10,0,34.550000000000004,9.96
2018,11,7,11,0,31.86,9.67
2018,11,7,12,0,30.060000000000002,9.9
2018,11,7,13,0,32.34,9.91
2018,11,7,14,0,28.88,9.92
2018,11,7,15,0,21.62,9.15
2018,11,7,16,0,26.310000000000002,9.83
2018,11,7,17,0,29.93,10.1
2018,11,7,18,0,26.54,9.75
2018,11,7,19,0,23.98,9.67
2018,11,7,20,0,28.150000000000002,10.17
2018,11,7,21,0,37.6,10.88
2018,11,7,22,0,39.37,11.57
2018,11,7,23,0,40.04,11.36
2018,11,8,0,0,41.32,11.36
2018,11,8,1,0,35.34,10.71
2018,11,8,2,0,34.65,10.870000000000001
2018,11,8,3,0,31.220000000000002,11.05
2018,11,8,4,0,14.82,9.53
2018,11,8,5,0,12.15,9.290000000000001
2018,11,8,6,0,19.39,10.01
2018,11,8,7,0,23.580000000000002,11.1
2018,11,8,8,0,20.61,10.22
2018,11,8,9,0,20.830000000000002,10
2018,11,8,10,0,20.740000000000002,8.700000000000001
2018,11,8,11,0,27.810000000000002,9.56
2018,11,8,12,0,12.73,9.950000000000001
2018,11,8,13,0,13.92,8.19
2018,11,8,14,0,22.990000000000002,8.18
2018,11,8,15,0,19.75,7
2018,11,8,16,0,356.34000000000003,4.5600000000000005
2018,11,8,17,0,317.39,1.58
2018,11,8,18,0,214.11,3.0300000000000002
2018,11,8,19,0,239.81,4.07
2018,11,8,20,0,218.24,5.29
2018,11,8,21,0,189.67000000000002,4.78
2018,11,8,22,0,201.75,4.91
2018,11,8,23,0,204.64000000000001,3.88
2018,11,9,0,0,205.5,2.7600000000000002
2018,11,9,1,0,244.01,1.36
2018,11,9,2,0,344.90000000000003,1.2
2018,11,9,3,0,320.59000000000003,1.1300000000000001
2018,11,9,4,0,259.94,0.8200000000000001
2018,11,9,5,0,202.20000000000002,1.03
2018,11,9,6,0,256.96,2.65
2018,11,9,7,0,239.4,3.5700000000000003
2018,11,9,8,0,263.01,3.79
2018,11,9,9,0,295.96,2.19
2018,11,9,10,0,0.51,0.84
2018,11,9,11,0,54.42,0.66
2018,11,9,12,0,233.4,1.07
2018,11,9,13,0,262.11,1.01
2018,11,9,14,0,217.11,2.13
2018,11,9,15,0,257.84000000000003,5.87
2018,11,9,16,0,283.89,3.6
2018,11,9,17,0,251.21,4.79
2018,11,9,18,0,263.62,4.03
2018,11,9,19,0,244.92000000000002,2.29
2018,11,9,20,0,262.72,1.79
2018,11,9,21,0,257.63,9.96
2018,11,9,22,0,270.04,5.04
2018,11,9,23,0,283.52,9.620000000000001
2018,11,10,0,0,295.63,9
2018,11,10,1,0,279.91,12.92
2018,11,10,2,0,257.42,8.92
2018,11,10,3,0,272.61,10.47
2018,11,10,4,0,285.05,7.5600000000000005
2018,11,10,5,0,296.6,5.25
2018,11,10,6,0,32.27,6.46
2018,11,10,7,0,45.42,5.72
2018,11,10,8,0,57.74,5.09
2018,11,10,9,0,54.14,5.19
2018,11,10,10,0,41.82,5.01
2018,11,10,11,0,43.94,5.7
2018,11,10,12,0,42.93,6.890000000000001
2018,11,10,13,0,31.37,8.290000000000001
2018,11,10,14,0,32.69,9.8
2018,11,10,15,0,35.14,9.77
2018,11,10,16,0,35.730000000000004,10.49
2018,11,10,17,0,27.310000000000002,11.55
2018,11,10,18,0,28.52,12.16
2018,11,10,19,0,26.080000000000002,12.98
2018,11,10,20,0,24.84,14.38
2018,11,10,21,0,30.560000000000002,14.97
2018,11,10,22,0,34.27,15.55
2018,11,10,23,0,35.42,16.73
2018,11,11,0,0,35.43,17.19
2018,11,11,1,0,37.28,16.54
2018,11,11,2,0,36.35,16.990000000000002
2018,11,11,3,0,36.08,17.44
2018,11,11,4,0,34.22,17.44
2018,11,11,5,0,29.990000000000002,17.900000000000002
2018,11,11,6,0,27.09,19.88
2018,11,11,7,0,24.86,20.8
2018,11,11,8,0,25.42,22.12
2018,11,11,9,0,26.97,20.88
2018,11,11,10,0,23.37,20.63
2018,11,11,11,0,20.78,19.86
2018,11,11,12,0,20.36,18.6
2018,11,11,13,0,21.2,17.72
2018,11,11,14,0,20.12,17.48
2018,11,11,15,0,17.72,17.28
2018,11,11,16,0,16.13,17.64
2018,11,11,17,0,15.93,18.25
2018,11,11,18,0,16.830000000000002,17.36
2018,11,11,19,0,18.29,17.240000000000002
2018,11,11,20,0,17.51,17.45
2018,11,11,21,0,16.580000000000002,17.68
2018,11,11,22,0,17.19,17.75
2018,11,11,23,0,17.82,17.03
2018,11,12,0,0,19.03,16.39
2018,11,12,1,0,20.85,15.700000000000001
2018,11,12,2,0,27.13,16.42
2018,11,12,3,0,27.69,16.55
2018,11,12,4,0,24.91,15.3
2018,11,12,5,0,24.13,14.92
2018,11,12,6,0,21.25,15.52
2018,11,12,7,0,27.12,14.91
2018,11,12,8,0,32.28,14.67
2018,11,12,9,0,33.76,15.22
2018,11,12,10,0,48.120000000000005,14.35
2018,11,12,11,0,59.44,11.51
2018,11,12,12,0,104.12,12.48
2018,11,12,13,0,113.87,11.57
2018,11,12,14,0,146.82,9.14
2018,11,12,15,0,132.99,5.07
2018,11,12,16,0,358.83,1.92
2018,11,12,17,0,356.84000000000003,5.58
2018,11,12,18,0,1.76,7.21
2018,11,12,19,0,41.61,9.36
2018,11,12,20,0,28.34,11.120000000000001
2018,11,12,21,0,34.57,12.22
2018,11,12,22,0,41.89,16.41
2018,11,12,23,0,31.09,14.8
2018,11,13,0,0,44.5,17.03
2018,11,13,1,0,53.660000000000004,16.87
2018,11,13,2,0,52.88,19.73
2018,11,13,3,0,49.28,19.14
2018,11,13,4,0,49.36,20.990000000000002
2018,11,13,5,0,51.6,20.89
2018,11,13,6,0,47.13,19.84
2018,11,13,7,0,54.370000000000005,20.47
2018,11,13,8,0,65.15,15.38
2018,11,13,9,0,87.88,11.78
2018,11,13,10,0,193.41,6.2
2018,11,13,11,0,197.77,10.35
2018,11,13,12,0,204.68,7.73
2018,11,13,13,0,202.09,3.69
2018,11,13,14,0,252.41,2.05
2018,11,13,15,0,322.15000000000003,3.16
2018,11,13,16,0,44.2,3.02
2018,11,13,17,0,32.04,4.33
2018,11,13,18,0,54.08,5.47
2018,11,13,19,0,42.18,6.140000000000001
2018,11,13,20,0,54.76,6.86
2018,11,13,21,0,9.700000000000001,7.45
2018,11,13,22,0,13.57,7.25
2018,11,13,23,0,13.19,7.68
2018,11,14,0,0,21.71,7.71
2018,11,14,1,0,29.52,8.5
2018,11,14,2,0,19.34,8.39
2018,11,14,3,0,13.52,8.32
2018,11,14,4,0,13.46,8.38
2018,11,14,5,0,17.03,8.4
2018,11,14,6,0,15.25,8.13
2018,11,14,7,0,20.52,7.140000000000001
2018,11,14,8,0,21.330000000000002,6.6000000000000005
2018,11,14,9,0,22.650000000000002,6.5200000000000005
2018,11,14,10,0,18.32,6.38
2018,11,14,11,0,18.47,5.26
2018,11,14,12,0,35.480000000000004,4.75
2018,11,14,13,0,34.63,4.5200000000000005
2018,11,14,14,0,21.48,4.11
2018,11,14,15,0,31.38,4.8500000000000005
2018,11,14,16,0,342.44,2.16
2018,11,14,17,0,314.27,2.72
2018,11,14,18,0,347.48,2.59
2018,11,14,19,0,19.18,1.04
2018,11,14,20,0,148.84,0.43
2018,11,14,21,0,166.46,0.81
2018,11,14,22,0,162.33,0.91
2018,11,14,23,0,177.98,0.78
2018,11,15,0,0,193.8,0.49
2018,11,15,1,0,224.95000000000002,0.41000000000000003
2018,11,15,2,0,249.81,0.42
2018,11,15,3,0,258.1,0.46
2018,11,15,4,0,12.59,0.66
2018,11,15,5,0,28.88,0.49
2018,11,15,6,0,338.97,0.33
2018,11,15,7,0,32.89,0.25
2018,11,15,8,0,354.76,0.64
2018,11,15,9,0,5.99,2.15
2018,11,15,10,0,36.230000000000004,4.5200000000000005
2018,11,15,11,0,36.04,5.1000000000000005
2018,11,15,12,0,52.2,4.55
2018,11,15,13,0,74.11,2.98
2018,11,15,14,0,64.44,2.65
2018,11,15,15,0,53.97,3.09
2018,11,15,16,0,44.45,4.7700000000000005
2018,11,15,17,0,43.64,6.13
2018,11,15,18,0,29.990000000000002,5.46
2018,11,15,19,0,26.21,5.78
2018,11,15,20,0,33.94,6.87
2018,11,15,21,0,31.560000000000002,6.96
2018,11,15,22,0,23.35,5.97
2018,11,15,23,0,24.04,6.640000000000001
2018,11,16,0,0,30.88,7.68
2018,11,16,1,0,28.43,8.32
2018,11,16,2,0,23.34,8.88
2018,11,16,3,0,25.43,10.28
2018,11,16,4,0,25.810000000000002,11.040000000000001
2018,11,16,5,0,25.51,10.9
2018,11,16,6,0,26.23,12.14
2018,11,16,7,0,28.52,12.49
2018,11,16,8,0,34.71,12.43
2018,11,16,9,0,33.82,13.01
2018,11,16,10,0,37.18,14.120000000000001
2018,11,16,11,0,41.92,13.540000000000001
2018,11,16,12,0,43.21,14.370000000000001
2018,11,16,13,0,37.29,14.530000000000001
2018,11,16,14,0,39.13,14.620000000000001
2018,11,16,15,0,36.050000000000004,15.540000000000001
2018,11,16,16,0,48.92,16.81
2018,11,16,17,0,50.57,17.59
2018,11,16,18,0,52.03,16.39
2018,11,16,19,0,52.35,16.62
2018,11,16,20,0,52.35,15.74
2018,11,16,21,0,55.4,14.05
2018,11,16,22,0,44.660000000000004,11.89
2018,11,16,23,0,52.72,14.64
2018,11,17,0,0,50.980000000000004,14.69
2018,11,17,1,0,50.14,16
2018,11,17,2,0,45.050000000000004,15.89
2018,11,17,3,0,42.69,15.24
2018,11,17,4,0,44.85,14.85
2018,11,17,5,0,44.5,13.85
2018,11,17,6,0,45.6,13.32
2018,11,17,7,0,48.910000000000004,13.64
2018,11,17,8,0,39.86,13.81
2018,11,17,9,0,34.05,12.85
2018,11,17,10,0,42.63,12.77
2018,11,17,11,0,43.53,12.82
2018,11,17,12,0,32.36,10.55
2018,11,17,13,0,21.19,9.11
2018,11,17,14,0,16.36,8.93
2018,11,17,15,0,18.580000000000002,8.58
2018,11,17,16,0,23.5,7.73
2018,11,17,17,0,22.64,8.11
2018,11,17,18,0,27.42,9.41
2018,11,17,19,0,35.25,8.45
2018,11,17,20,0,33.99,7.5
2018,11,17,21,0,37.47,6.9
2018,11,17,22,0,49.03,6.47
2018,11,17,23,0,34.67,6.46
2018,11,18,0,0,29.1,7.03
2018,11,18,1,0,29.13,8.77
2018,11,18,2,0,23.13,8.64
2018,11,18,3,0,29.3,9.01
2018,11,18,4,0,36.51,8.290000000000001
2018,11,18,5,0,42.04,6.65
2018,11,18,6,0,21.34,6.41
2018,11,18,7,0,18.44,8.33
2018,11,18,8,0,25.59,9.43
2018,11,18,9,0,5.04,9.85
2018,11,18,10,0,44.42,9.71
2018,11,18,11,0,100.87,6.22
2018,11,18,12,0,9.34,9.03
2018,11,18,13,0,2.3000000000000003,12.450000000000001
2018,11,18,14,0,8.81,11.120000000000001
2018,11,18,15,0,48.74,4.5
2018,11,18,16,0,113.06,8.370000000000001
2018,11,18,17,0,88.51,8.49
2018,11,18,18,0,117.23,8.51
2018,11,18,19,0,109.2,6.38
2018,11,18,20,0,84.52,4.92
2018,11,18,21,0,111.60000000000001,5.95
2018,11,18,22,0,118.08,8.53
2018,11,18,23,0,107.67,5.9
2018,11,19,0,0,119.89,7.16
2018,11,19,1,0,98.24000000000001,6.88
2018,11,19,2,0,98.52,12.06
2018,11,19,3,0,62.18,9.25
2018,11,19,4,0,55.5,8.040000000000001
2018,11,19,5,0,100.34,7.43
2018,11,19,6,0,89.87,9.16
2018,11,19,7,0,51.2,9.9
2018,11,19,8,0,45.2,10.97
2018,11,19,9,0,32.2,9.450000000000001
2018,11,19,10,0,15.620000000000001,9.040000000000001
2018,11,19,11,0,19.88,9.25
2018,11,19,12,0,33.65,9.540000000000001
2018,11,19,13,0,30.44,10.92
2018,11,19,14,0,22.650000000000002,10.88
2018,11,19,15,0,31.990000000000002,11.05
2018,11,19,16,0,24.37,10.97
2018,11,19,17,0,3.64,11.07
2018,11,19,18,0,3.36,11.78
2018,11,19,19,0,357.31,12.11
2018,11,19,20,0,2.5100000000000002,11.96
2018,11,19,21,0,5.95,12.88
2018,11,19,22,0,16.4,9.78
2018,11,19,23,0,352.53000000000003,5.54
2018,11,20,0,0,267.77,5.5
2018,11,20,1,0,293.46,7.82
2018,11,20,2,0,283.01,5.49
2018,11,20,3,0,275.56,3.91
2018,11,20,4,0,218.29,0.85
2018,11,20,5,0,240.34,3.45
2018,11,20,6,0,232.84,4.51
2018,11,20,7,0,229.49,4.67
2018,11,20,8,0,273.92,1.98
2018,11,20,9,0,218.22,1.77
2018,11,20,10,0,116.77,0.38
2018,11,20,11,0,88.79,2.11
2018,11,20,12,0,77.7,2.87
2018,11,20,13,0,83.08,5.62
2018,11,20,14,0,83.45,5.47
2018,11,20,15,0,93.74,4.5600000000000005
2018,11,20,16,0,101.74000000000001,4.79
2018,11,20,17,0,109.33,4.84
2018,11,20,18,0,107.03,4.11
2018,11,20,19,0,109.82000000000001,3.58
2018,11,20,20,0,131.1,2.4
2018,11,20,21,0,119.85000000000001,2.15
2018,11,20,22,0,93.24,1.24
2018,11,20,23,0,42.69,1.68
2018,11,21,0,0,29.91,3.0100000000000002
2018,11,21,1,0,11.3,4.8500000000000005
2018,11,21,2,0,5.05,5.62
2018,11,21,3,0,1.26,6.17
2018,11,21,4,0,6.37,5.84
2018,11,21,5,0,17.07,6.44
2018,11,21,6,0,49.46,4.36
2018,11,21,7,0,22.06,5.23
2018,11,21,8,0,26.490000000000002,8.25
2018,11,21,9,0,29.22,6.97
2018,11,21,10,0,32.76,8.42
2018,11,21,11,0,26.98,8.18
2018,11,21,12,0,30.51,8.21
2018,11,21,13,0,28.2,8.72
2018,11,21,14,0,20.09,8.790000000000001
2018,11,21,15,0,12.46,8.48
2018,11,21,16,0,9.16,8.41
2018,11,21,17,0,7.29,8.96
2018,11,21,18,0,8.540000000000001,8.870000000000001
2018,11,21,19,0,10.84,10.540000000000001
2018,11,21,20,0,11.65,10.74
2018,11,21,21,0,10.67,11.52
2018,11,21,22,0,11.74,12.02
2018,11,21,23,0,13.01,12.96
2018,11,22,0,0,16.35,12.84
2018,11,22,1,0,16.66,11.93
2018,11,22,2,0,13.52,11.450000000000001
2018,11,22,3,0,19.46,11.620000000000001
2018,11,22,4,0,29.12,13.18
2018,11,22,5,0,27.88,12.620000000000001
2018,11,22,6,0,35.25,12.42
2018,11,22,7,0,35.59,12.73
2018,11,22,8,0,36.51,12.5
2018,11,22,9,0,39.03,11.89
2018,11,22,10,0,32.81,12.73
2018,11,22,11,0,33.19,12.08
2018,11,22,12,0,35.06,12.15
2018,11,22,13,0,35.34,11.51
2018,11,22,14,0,35.47,11.69
2018,11,22,15,0,31.8,11.290000000000001
2018,11,22,16,0,33.15,10.22
2018,11,22,17,0,34.4,10
2018,11,22,18,0,31.150000000000002,10.8
2018,11,22,19,0,27.92,10.11
2018,11,22,20,0,23.990000000000002,10.02
2018,11,22,21,0,20.55,9.3
2018,11,22,22,0,21.89,8.63
2018,11,22,23,0,22.75,8.83
2018,11,23,0,0,22.19,8.49
2018,11,23,1,0,18.88,8.45
2018,11,23,2,0,26.25,6.99
2018,11,23,3,0,23.07,7.05
2018,11,23,4,0,22.53,7.1000000000000005
2018,11,23,5,0,35.11,6.38
2018,11,23,6,0,48.5,5.97
2018,11,23,7,0,44.77,5.0200000000000005
2018,11,23,8,0,26.43,3.04
2018,11,23,9,0,13.42,2.17
2018,11,23,10,0,127.78,1.23
2018,11,23,11,0,145.82,2.94
2018,11,23,12,0,122.75,2.34
2018,11,23,13,0,118.68,1.42
2018,11,23,14,0,132.13,2.0300000000000002
2018,11,23,15,0,115.98,1.46
2018,11,23,16,0,88.60000000000001,1.69
2018,11,23,17,0,87.12,2.5500000000000003
2018,11,23,18,0,84.62,2.93
2018,11,23,19,0,94.62,3.13
2018,11,23,20,0,77.21000000000001,3.15
2018,11,23,21,0,69.60000000000001,3.42
2018,11,23,22,0,45.03,5.75
2018,11,23,23,0,50.53,5.19
2018,11,24,0,0,45.45,6.34
2018,11,24,1,0,38.72,5.66
2018,11,24,2,0,34.26,7.5
2018,11,24,3,0,35.83,7.84
2018,11,24,4,0,41.64,7.82
2018,11,24,5,0,30.830000000000002,7.76
2018,11,24,6,0,32.65,9.81
2018,11,24,7,0,35.480000000000004,11.47
2018,11,24,8,0,34.86,11.34
2018,11,24,9,0,36.19,11.63
2018,11,24,10,0,33.86,12.09
2018,11,24,11,0,36,12.530000000000001
2018,11,24,12,0,31.6,12.31
2018,11,24,13,0,30.740000000000002,12.27
2018,11,24,14,0,33.480000000000004,12.86
2018,11,24,15,0,37.36,13.8
2018,11,24,16,0,37.77,14.16
2018,11,24,17,0,43.85,15.15
2018,11,24,18,0,41.12,15.11
2018,11,24,19,0,37.34,14.73
2018,11,24,20,0,33.27,14.93
2018,11,24,21,0,28.46,15.44
2018,11,24,22,0,28.75,15.65
2018,11,24,23,0,20.36,16.78
2018,11,25,0,0,24.080000000000002,16.89
2018,11,25,1,0,23.69,17.89
2018,11,25,2,0,22.37,18.94
2018,11,25,3,0,21.47,19.41
2018,11,25,4,0,23.29,19.66
2018,11,25,5,0,20.18,19.36
2018,11,25,6,0,14.450000000000001,18.92
2018,11,25,7,0,11.63,18.63
2018,11,25,8,0,17.490000000000002,17.8
2018,11,25,9,0,21.38,14.97
2018,11,25,10,0,25.52,13.48
2018,11,25,11,0,38.160000000000004,9.75
2018,11,25,12,0,62.28,7.94
2018,11,25,13,0,100.79,5.97
2018,11,25,14,0,73.13,3.84
2018,11,25,15,0,25.78,3.8000000000000003
2018,11,25,16,0,26.57,8.540000000000001
2018,11,25,17,0,12.040000000000001,11.8
2018,11,25,18,0,28.21,10.19
2018,11,25,19,0,33.92,12.44
2018,11,25,20,0,28.92,12.52
2018,11,25,21,0,43.08,15.72
2018,11,25,22,0,56.370000000000005,20.97
2018,11,25,23,0,45.28,20.26
2018,11,26,0,0,51.78,21.87
2018,11,26,1,0,60.34,23.71
2018,11,26,2,0,54.35,22.240000000000002
2018,11,26,3,0,59.71,22.26
2018,11,26,4,0,54.99,22.18
2018,11,26,5,0,52.21,19.77
2018,11,26,6,0,46.39,13.05
2018,11,26,7,0,23.37,3.36
2018,11,26,8,0,27.02,7.65
2018,11,26,9,0,36.77,6.07
2018,11,26,10,0,25.95,7.69
2018,11,26,11,0,36.42,13.450000000000001
2018,11,26,12,0,43.71,14.69
2018,11,26,13,0,27.44,15.200000000000001
2018,11,26,14,0,38.34,16.17
2018,11,26,15,0,37.85,13.13
2018,11,26,16,0,19.97,14.66
2018,11,26,17,0,13.31,14.040000000000001
2018,11,26,18,0,6.390000000000001,12.94
2018,11,26,19,0,6.95,11.56
2018,11,26,20,0,12.55,8.53
2018,11,26,21,0,40.97,6.69
2018,11,26,22,0,54.18,2.14
2018,11,26,23,0,63.02,0.66
2018,11,27,0,0,116.92,2.2800000000000002
2018,11,27,1,0,77.93,4.96
2018,11,27,2,0,20.330000000000002,7.05
2018,11,27,3,0,61.88,7.66
2018,11,27,4,0,17.8,13.34
2018,11,27,5,0,45.35,11.55
2018,11,27,6,0,89.93,12.19
2018,11,27,7,0,90.06,12.33
2018,11,27,8,0,85.11,11.5
2018,11,27,9,0,93.57000000000001,11.32
2018,11,27,10,0,96.02,10.83
2018,11,27,11,0,90.18,10.88
2018,11,27,12,0,100.18,12.16
2018,11,27,13,0,95.94,12.43
2018,11,27,14,0,95.74000000000001,12.19
2018,11,27,15,0,103.59,10.84
2018,11,27,16,0,100.64,10.53
2018,11,27,17,0,91.27,10.16
2018,11,27,18,0,106.68,8.65
2018,11,27,19,0,103.51,6.36
2018,11,27,20,0,115.13,7.13
2018,11,27,21,0,173.39000000000001,0.8200000000000001
2018,11,27,22,0,62.51,3.44
2018,11,27,23,0,71.53,4.7
2018,11,28,0,0,87.22,4.71
2018,11,28,1,0,103.79,8.290000000000001
2018,11,28,2,0,79.79,6.59
2018,11,28,3,0,90.71000000000001,6.2700000000000005
2018,11,28,4,0,59.93,4.8500000000000005
2018,11,28,5,0,77.01,3.4
2018,11,28,6,0,102.41,1.25
2018,11,28,7,0,97.87,1.23
2018,11,28,8,0,161.55,3.6
2018,11,28,9,0,201,6.28
2018,11,28,10,0,145.62,1.6500000000000001
2018,11,28,11,0,161.23,6.04
2018,11,28,12,0,189.61,4.83
2018,11,28,13,0,231.42000000000002,3.62
2018,11,28,14,0,274.59000000000003,2.04
2018,11,28,15,0,300.66,1.53
2018,11,28,16,0,15.38,3.58
2018,11,28,17,0,3.99,2.2600000000000002
2018,11,28,18,0,351.38,4
2018,11,28,19,0,320.82,4.69
2018,11,28,20,0,57.870000000000005,4.28
2018,11,28,21,0,53.71,4.69
2018,11,28,22,0,39.83,5.07
2018,11,28,23,0,18.34,7.41
2018,11,29,0,0,93.51,5.66
2018,11,29,1,0,10.74,5.5
2018,11,29,2,0,8.040000000000001,8.65
2018,11,29,3,0,15.67,9.96
2018,11,29,4,0,52.230000000000004,5.98
2018,11,29,5,0,72.67,8.46
2018,11,29,6,0,62.2,8.97
2018,11,29,7,0,58.86,8.49
2018,11,29,8,0,76.99,7.07
2018,11,29,9,0,107.66,3.67
2018,11,29,10,0,87.79,1.6
2018,11,29,11,0,60.08,3.34
2018,11,29,12,0,16.1,2.84
2018,11,29,13,0,11.76,3.59
2018,11,29,14,0,354.01,3.16
2018,11,29,15,0,356.65000000000003,3.5500000000000003
2018,11,29,16,0,343.55,2.2800000000000002
2018,11,29,17,0,324.22,1.79
2018,11,29,18,0,301.56,2.11
2018,11,29,19,0,283.35,1.84
2018,11,29,20,0,282.59000000000003,2.08
2018,11,29,21,0,296.33,2.24
2018,11,29,22,0,265.54,1.46
2018,11,29,23,0,275.40000000000003,1.1300000000000001
2018,11,30,0,0,285.41,1.53
2018,11,30,1,0,318,1.95
2018,11,30,2,0,311.54,1.53
2018,11,30,3,0,328.96,1.68
2018,11,30,4,0,345.14,1.52
2018,11,30,5,0,356.14,1.22
2018,11,30,6,0,8.42,1.09
2018,11,30,7,0,30.84,1.27
2018,11,30,8,0,43.62,0.93
2018,11,30,9,0,12.99,1.18
2018,11,30,10,0,344.90000000000003,2.08
2018,11,30,11,0,302.29,1.46
2018,11,30,12,0,270.06,1.44
2018,11,30,13,0,243.86,1.37
2018,11,30,14,0,254.61,2.27
2018,11,30,15,0,243.44,2.63
2018,11,30,16,0,238.11,3.27
2018,11,30,17,0,213.58,1.94
2018,11,30,18,0,259.65,1.97
2018,11,30,19,0,246.96,1.46
2018,11,30,20,0,200.63,3.11
2018,11,30,21,0,182.99,8.05
2018,11,30,22,0,179.95000000000002,8.540000000000001
2018,11,30,23,0,180.02,8.88
2018,12,1,0,0,134.13,8.88
2018,12,1,1,0,182.48,13.32
2018,12,1,2,0,181.41,14.27
2018,12,1,3,0,180.44,15.69
2018,12,1,4,0,182.63,17.29
2018,12,1,5,0,180.08,17.12
2018,12,1,6,0,179.19,16.57
2018,12,1,7,0,180.61,16.61
2018,12,1,8,0,179.91,16.1
2018,12,1,9,0,178.73,15.32
2018,12,1,10,0,179.87,15.6
2018,12,1,11,0,180.76,16.79
2018,12,1,12,0,177.13,14.71
2018,12,1,13,0,179.63,18.28
2018,12,1,14,0,187.08,17.63
2018,12,1,15,0,182.45000000000002,15.4
2018,12,1,16,0,181.41,15.71
2018,12,1,17,0,176.64000000000001,18.080000000000002
2018,12,1,18,0,178.64000000000001,17.13
2018,12,1,19,0,179.57,18.73
2018,12,1,20,0,174.58,17.76
2018,12,1,21,0,166.29,17.78
2018,12,1,22,0,165.65,18.23
2018,12,1,23,0,171.11,21.67
2018,12,2,0,0,174.43,20.45
2018,12,2,1,0,203.79,16.27
2018,12,2,2,0,227.21,10.71
2018,12,2,3,0,242.9,9.74
2018,12,2,4,0,221.18,8.3
2018,12,2,5,0,233.46,7.98
2018,12,2,6,0,186.21,4.0200000000000005
2018,12,2,7,0,185.66,9.700000000000001
2018,12,2,8,0,198.41,10.32
2018,12,2,9,0,202.46,8.28
2018,12,2,10,0,198.48000000000002,7.890000000000001
2018,12,2,11,0,211.32,4.17
2018,12,2,12,0,144.78,3.89
2018,12,2,13,0,149.67000000000002,5
2018,12,2,14,0,152.16,4.73
2018,12,2,15,0,154.84,2.84
2018,12,2,16,0,34.95,4.03
2018,12,2,17,0,62.730000000000004,4.69
2018,12,2,18,0,69.31,6.63
2018,12,2,19,0,63.82,6.07
2018,12,2,20,0,49.79,4.22
2018,12,2,21,0,26.75,5.2
2018,12,2,22,0,31.75,6.4
2018,12,2,23,0,30.310000000000002,4.3
2018,12,3,0,0,357.46,3.25
2018,12,3,1,0,344.58,3.25
2018,12,3,2,0,6.04,2.87
2018,12,3,3,0,24.88,1.02
2018,12,3,4,0,173.79,0.78
2018,12,3,5,0,213.11,1.72
2018,12,3,6,0,245.88,2.2800000000000002
2018,12,3,7,0,235.51,3.74
2018,12,3,8,0,225.75,4.8
2018,12,3,9,0,244.12,9.3
2018,12,3,10,0,262.75,8.44
2018,12,3,11,0,278.95,9.65
2018,12,3,12,0,260.65,10.73
2018,12,3,13,0,263.98,9.89
2018,12,3,14,0,251.67000000000002,8.77
2018,12,3,15,0,260.69,4.92
2018,12,3,16,0,273.56,5.33
2018,12,3,17,0,271.25,11.08
2018,12,3,18,0,281.38,7.66
2018,12,3,19,0,113.44,2.85
2018,12,3,20,0,127.48,2.95
2018,12,3,21,0,63.46,4.2
2018,12,3,22,0,34.1,7.11
2018,12,3,23,0,35.44,7.04
2018,12,4,0,0,35.410000000000004,5.14
2018,12,4,1,0,34.45,3.64
2018,12,4,2,0,30.75,4.6000000000000005
2018,12,4,3,0,23.75,7.38
2018,12,4,4,0,24.51,7.67
2018,12,4,5,0,20.740000000000002,7.2
2018,12,4,6,0,33.31,7.75
2018,12,4,7,0,44.75,8.64
2018,12,4,8,0,36.79,10.61
2018,12,4,9,0,31.25,11.040000000000001
2018,12,4,10,0,29.2,11.83
2018,12,4,11,0,21.44,11.4
2018,12,4,12,0,28.91,12.02
2018,12,4,13,0,30.740000000000002,12.71
2018,12,4,14,0,34.43,12.92
2018,12,4,15,0,35.18,13.08
2018,12,4,16,0,35.79,13.23
2018,12,4,17,0,36.39,13.44
2018,12,4,18,0,35.01,13.39
2018,12,4,19,0,30.95,12.700000000000001
2018,12,4,20,0,29.96,13.82
2018,12,4,21,0,27.68,15.49
2018,12,4,22,0,32.77,13.120000000000001
2018,12,4,23,0,48.29,11.52
2018,12,5,0,0,68.17,10.790000000000001
2018,12,5,1,0,91.35000000000001,5.65
2018,12,5,2,0,1.68,6.28
2018,12,5,3,0,359.86,7.3500000000000005
2018,12,5,4,0,11.46,5.17
2018,12,5,5,0,19.55,4.5
2018,12,5,6,0,33.2,2.88
2018,12,5,7,0,44.07,2.14
2018,12,5,8,0,114.81,1.29
2018,12,5,9,0,137.47,2.05
2018,12,5,10,0,144.02,0.5
2018,12,5,11,0,306.43,1.2
2018,12,5,12,0,40.96,2.92
2018,12,5,13,0,6.51,2.08
2018,12,5,14,0,335.57,2.2
2018,12,5,15,0,7.18,2.24
2018,12,5,16,0,30.44,2.97
2018,12,5,17,0,20.91,2.16
2018,12,5,18,0,312.09000000000003,2.27
2018,12,5,19,0,343.52,2.91
2018,12,5,20,0,6.3,5.17
2018,12,5,21,0,3.81,4.57
2018,12,5,22,0,21.01,4.37
2018,12,5,23,0,19.86,4.92
2018,12,6,0,0,344.39,2.18
2018,12,6,1,0,284.32,2.39
2018,12,6,2,0,265.72,2.82
2018,12,6,3,0,273.44,1.83
2018,12,6,4,0,188.52,0.7000000000000001
2018,12,6,5,0,146.97,2.0100000000000002
2018,12,6,6,0,188.25,3.08
2018,12,6,7,0,225.52,4.32
2018,12,6,8,0,271.56,2.77
2018,12,6,9,0,274.69,3.0300000000000002
2018,12,6,10,0,285.34000000000003,2.02
2018,12,6,11,0,327.64,1.54
2018,12,6,12,0,353.88,2.7800000000000002
2018,12,6,13,0,2.27,3.61
2018,12,6,14,0,12.82,4.12
2018,12,6,15,0,15.11,5.15
2018,12,6,16,0,8.74,6.3100000000000005
2018,12,6,17,0,14.57,6.13
2018,12,6,18,0,15.620000000000001,6.46
2018,12,6,19,0,13.38,7.25
2018,12,6,20,0,5.97,7.94
2018,12,6,21,0,12.14,8.53
2018,12,6,22,0,38.61,9.07
2018,12,6,23,0,48.870000000000005,11.21
2018,12,7,0,0,44.02,10.1
2018,12,7,1,0,33.01,8.8
2018,12,7,2,0,33.93,10.88
2018,12,7,3,0,27.13,10.52
2018,12,7,4,0,10.700000000000001,8.870000000000001
2018,12,7,5,0,24.41,10.67
2018,12,7,6,0,21.080000000000002,11.03
2018,12,7,7,0,24.46,11.4
2018,12,7,8,0,23.13,13.02
2018,12,7,9,0,24.51,12.950000000000001
2018,12,7,10,0,45.71,13.4
2018,12,7,11,0,39.01,14.47
2018,12,7,12,0,34.660000000000004,15.5
2018,12,7,13,0,36.08,14.38
2018,12,7,14,0,53.49,11.98
2018,12,7,15,0,81.27,12.59
2018,12,7,16,0,93.21000000000001,14.35
2018,12,7,17,0,94.25,14.94
2018,12,7,18,0,94.15,14.57
2018,12,7,19,0,96.51,15.51
2018,12,7,20,0,87.26,12.75
2018,12,7,21,0,100.74000000000001,16.16
2018,12,7,22,0,89.33,14.94
2018,12,7,23,0,72.8,10.18
2018,12,8,0,0,86.5,12.52
2018,12,8,1,0,95.55,14.86
2018,12,8,2,0,96.87,17.66
2018,12,8,3,0,102.94,16.65
2018,12,8,4,0,96.97,13.46
2018,12,8,5,0,91.52,11.15
2018,12,8,6,0,82.4,7.55
2018,12,8,7,0,61.74,6.140000000000001
2018,12,8,8,0,51.660000000000004,9.51
2018,12,8,9,0,56.980000000000004,11.540000000000001
2018,12,8,10,0,55.9,12.26
2018,12,8,11,0,6.73,13.75
2018,12,8,12,0,1.35,13.030000000000001
2018,12,8,13,0,11.31,10.65
2018,12,8,14,0,20.21,11.05
2018,12,8,15,0,15.26,8.6
2018,12,8,16,0,335.79,7.16
2018,12,8,17,0,249.6,7.71
2018,12,8,18,0,232.55,8.2
2018,12,8,19,0,210.04,6.0200000000000005
2018,12,8,20,0,196.69,5.38
2018,12,8,21,0,192.36,5.07
2018,12,8,22,0,189.76,8.48
2018,12,8,23,0,188.82,10.61
2018,12,9,0,0,182.1,10.14
2018,12,9,1,0,189.38,9.19
2018,12,9,2,0,191.97,6.75
2018,12,9,3,0,200.26,5.89
2018,12,9,4,0,207.13,5.2700000000000005
2018,12,9,5,0,216.9,4.93
2018,12,9,6,0,203.15,5.71
2018,12,9,7,0,271.56,5.97
2018,12,9,8,0,262.63,6.13
2018,12,9,9,0,253.22,7.0600000000000005
2018,12,9,10,0,255.77,11.790000000000001
2018,12,9,11,0,251.3,9.06
2018,12,9,12,0,248.87,9.14
2018,12,9,13,0,262.33,4.72
2018,12,9,14,0,260.55,7.47
2018,12,9,15,0,251.87,4.49
2018,12,9,16,0,258.91,8.56
2018,12,9,17,0,198.9,8.41
2018,12,9,18,0,229.72,7.2
2018,12,9,19,0,228.49,5.12
2018,12,9,20,0,210.46,6.41
2018,12,9,21,0,173.70000000000002,5.61
2018,12,9,22,0,151,4.11
2018,12,9,23,0,95.56,5.15
2018,12,10,0,0,70.52,5.07
2018,12,10,1,0,47.76,5.8500000000000005
2018,12,10,2,0,30.89,6.75
2018,12,10,3,0,71.46000000000001,9.21
2018,12,10,4,0,61.910000000000004,9.65
2018,12,10,5,0,73.62,9.6
2018,12,10,6,0,164.05,9.94
2018,12,10,7,0,143.52,8.34
2018,12,10,8,0,168.32,13.55
2018,12,10,9,0,162.98,11.82
2018,12,10,10,0,161.49,11.1
2018,12,10,11,0,182.02,7.66
2018,12,10,12,0,169.41,9.61
2018,12,10,13,0,173.97,9.17
2018,12,10,14,0,142.56,7.75
2018,12,10,15,0,102.72,4.7700000000000005
2018,12,10,16,0,95.24,8.040000000000001
2018,12,10,17,0,85.84,9.14
2018,12,10,18,0,80.58,7.9
2018,12,10,19,0,106.98,8.540000000000001
2018,12,10,20,0,104.58,9.86
2018,12,10,21,0,92.25,13.66
2018,12,10,22,0,76.35000000000001,10.1
2018,12,10,23,0,61.620000000000005,11.64
2018,12,11,0,0,62.15,15.17
2018,12,11,1,0,45.51,16.47
2018,12,11,2,0,40.52,16.45
2018,12,11,3,0,37.160000000000004,15.84
2018,12,11,4,0,39.12,16.56
2018,12,11,5,0,41.21,14.14
2018,12,11,6,0,42.14,11.09
2018,12,11,7,0,47.36,9.53
2018,12,11,8,0,77.08,5.54
2018,12,11,9,0,134.61,1.43
2018,12,11,10,0,289.42,4
2018,12,11,11,0,273.62,5.03
2018,12,11,12,0,290.68,9.21
2018,12,11,13,0,284.52,10.56
2018,12,11,14,0,285.76,10.05
2018,12,11,15,0,290.88,11.73
2018,12,11,16,0,292.79,14.700000000000001
2018,12,11,17,0,294.07,15.700000000000001
2018,12,11,18,0,294.09000000000003,16.42
2018,12,11,19,0,295.11,15.48
2018,12,11,20,0,289.95,14.71
2018,12,11,21,0,292.48,13.99
2018,12,11,22,0,283.63,11.98
2018,12,11,23,0,277.58,10.01
2018,12,12,0,0,277.56,10.46
2018,12,12,1,0,265,11.44
2018,12,12,2,0,263.61,9.11
2018,12,12,3,0,281.92,6.79
2018,12,12,4,0,274.64,5.46
2018,12,12,5,0,268.58,5.94
2018,12,12,6,0,272.07,6.15
2018,12,12,7,0,267.94,4.55
2018,12,12,8,0,258.64,2.86
2018,12,12,9,0,243.56,3.87
2018,12,12,10,0,253.4,3.21
2018,12,12,11,0,250.16,3.34
2018,12,12,12,0,281.95,4.32
2018,12,12,13,0,308.97,4.16
2018,12,12,14,0,356.43,1.72
2018,12,12,15,0,216.76,3.0300000000000002
2018,12,12,16,0,252,4.48
2018,12,12,17,0,263.97,5.36
2018,12,12,18,0,264.07,4.7700000000000005
2018,12,12,19,0,261.52,5.03
2018,12,12,20,0,274.36,6.37
2018,12,12,21,0,269.32,5.49
2018,12,12,22,0,277.78000000000003,3.3200000000000003
2018,12,12,23,0,280.47,1.69
2018,12,13,0,0,291.09000000000003,1.82
2018,12,13,1,0,333.98,3.63
2018,12,13,2,0,326.74,2.83
2018,12,13,3,0,19.6,2.88
2018,12,13,4,0,13.450000000000001,4.89
2018,12,13,5,0,9.67,6.42
2018,12,13,6,0,9.18,6.8500000000000005
2018,12,13,7,0,22.23,5.91
2018,12,13,8,0,25.95,4.45
2018,12,13,9,0,29.54,4.98
2018,12,13,10,0,29.490000000000002,5.42
2018,12,13,11,0,29.16,6.17
2018,12,13,12,0,24.07,6
2018,12,13,13,0,25.43,6.18
2018,12,13,14,0,34.980000000000004,5.46
2018,12,13,15,0,44.230000000000004,4.89
2018,12,13,16,0,39.09,3.6
2018,12,13,17,0,23.91,4.4
2018,12,13,18,0,24.560000000000002,5.53
2018,12,13,19,0,43.89,4.64
2018,12,13,20,0,83.34,5.48
2018,12,13,21,0,91.68,5.34
2018,12,13,22,0,89.77,4.86
2018,12,13,23,0,83.54,5.15
2018,12,14,0,0,74.78,5.19
2018,12,14,1,0,78.64,4.9
2018,12,14,2,0,69.44,4.86
2018,12,14,3,0,60.72,5.63
2018,12,14,4,0,36.38,8.91
2018,12,14,5,0,32.68,7.92
2018,12,14,6,0,35.26,7.140000000000001
2018,12,14,7,0,38.54,6.73
2018,12,14,8,0,34.95,6.8100000000000005
2018,12,14,9,0,35.74,6.88
2018,12,14,10,0,31.84,7.7
2018,12,14,11,0,31.2,7.71
2018,12,14,12,0,30.89,8.540000000000001
2018,12,14,13,0,29.98,9.39
2018,12,14,14,0,21.12,10.02
2018,12,14,15,0,22.71,10.55
2018,12,14,16,0,31.13,11.14
2018,12,14,17,0,27.04,10.92
2018,12,14,18,0,21.37,11.76
2018,12,14,19,0,25.400000000000002,12.07
2018,12,14,20,0,24.080000000000002,12.43
2018,12,14,21,0,28.18,12.49
2018,12,14,22,0,33.43,12.73
2018,12,14,23,0,29.310000000000002,12.14
2018,12,15,0,0,28.48,11.22
2018,12,15,1,0,30.7,10.69
2018,12,15,2,0,21.68,10.68
2018,12,15,3,0,14.290000000000001,10.05
2018,12,15,4,0,20.13,10.47
2018,12,15,5,0,29.37,11.4
2018,12,15,6,0,25.57,11.22
2018,12,15,7,0,26.51,11.620000000000001
2018,12,15,8,0,24.69,11.34
2018,12,15,9,0,22.35,10.14
2018,12,15,10,0,15.040000000000001,9.74
2018,12,15,11,0,21.900000000000002,9.370000000000001
2018,12,15,12,0,24.04,9.76
2018,12,15,13,0,22.28,9.53
2018,12,15,14,0,20.68,9.92
2018,12,15,15,0,24.37,11.14
2018,12,15,16,0,17.38,11.040000000000001
2018,12,15,17,0,15.16,10.39
2018,12,15,18,0,21.37,11.61
2018,12,15,19,0,24.97,11.8
2018,12,15,20,0,21.44,12
2018,12,15,21,0,21.2,10.83
2018,12,15,22,0,29.42,11.55
2018,12,15,23,0,29.580000000000002,12.14
2018,12,16,0,0,21.56,12.35
2018,12,16,1,0,17.38,13.19
2018,12,16,2,0,17.85,14.21
2018,12,16,3,0,15.950000000000001,14.72
2018,12,16,4,0,12.370000000000001,14.950000000000001
2018,12,16,5,0,6.21,14.09
2018,12,16,6,0,10.540000000000001,16.02
2018,12,16,7,0,20.64,15.83
2018,12,16,8,0,23.92,14.950000000000001
2018,12,16,9,0,16.15,15.63
2018,12,16,10,0,13.88,18.13
2018,12,16,11,0,16.19,16.93
2018,12,16,12,0,16.330000000000002,15.82
2018,12,16,13,0,15.790000000000001,14.71
2018,12,16,14,0,15.76,13.1
2018,12,16,15,0,17.95,13.65
2018,12,16,16,0,19.47,14.21
2018,12,16,17,0,22.45,13.24
2018,12,16,18,0,26.69,12.81
2018,12,16,19,0,27.64,12.07
2018,12,16,20,0,30.16,11.370000000000001
2018,12,16,21,0,33.33,11.76
2018,12,16,22,0,32.78,10.76
2018,12,16,23,0,30.95,10.870000000000001
2018,12,17,0,0,17.44,11
2018,12,17,1,0,14.33,12.02
2018,12,17,2,0,7.48,11.98
2018,12,17,3,0,8.32,11.35
2018,12,17,4,0,9.57,11.81
2018,12,17,5,0,14.51,13.07
2018,12,17,6,0,20.01,12.48
2018,12,17,7,0,15.24,11.01
2018,12,17,8,0,9.77,8.23
2018,12,17,9,0,0.04,5.64
2018,12,17,10,0,1.6300000000000001,4.87
2018,12,17,11,0,15.860000000000001,6.43
2018,12,17,12,0,26.82,6.26
2018,12,17,13,0,8.28,3.13
2018,12,17,14,0,349.79,2.44
2018,12,17,15,0,341.22,1.46
2018,12,17,16,0,355.16,1.1300000000000001
2018,12,17,17,0,342.6,0.63
2018,12,17,18,0,319.77,0.52
2018,12,17,19,0,331.47,1.25
2018,12,17,20,0,286.40000000000003,1.09
2018,12,17,21,0,275.46,2.85
2018,12,17,22,0,277.33,3.48
2018,12,17,23,0,268.33,2.83
2018,12,18,0,0,181.49,2.73
2018,12,18,1,0,194.51,7.09
2018,12,18,2,0,186.09,9.76
2018,12,18,3,0,189.22,9.44
2018,12,18,4,0,191.98000000000002,9.93
2018,12,18,5,0,193.85,9.66
2018,12,18,6,0,194.09,9.32
2018,12,18,7,0,195.83,9.44
2018,12,18,8,0,193.72,9.1
2018,12,18,9,0,192.12,9.05
2018,12,18,10,0,192.35,9.32
2018,12,18,11,0,196.1,9.02
2018,12,18,12,0,194.15,8.88
2018,12,18,13,0,194.79,8.94
2018,12,18,14,0,190.65,8.58
2018,12,18,15,0,190.41,7.96
2018,12,18,16,0,193.18,7.6000000000000005
2018,12,18,17,0,192.94,7.23
2018,12,18,18,0,190.88,6.92
2018,12,18,19,0,187.21,6.37
2018,12,18,20,0,184.09,6.08
2018,12,18,21,0,188.06,5.5600000000000005
2018,12,18,22,0,190.12,5.42
2018,12,18,23,0,192.84,5.84
2018,12,19,0,0,191.73000000000002,6.8500000000000005
2018,12,19,1,0,187.49,7.04
2018,12,19,2,0,184.72,7.21
2018,12,19,3,0,180.69,7.4
2018,12,19,4,0,178.67000000000002,8.040000000000001
2018,12,19,5,0,174.34,7.99
2018,12,19,6,0,173.17000000000002,7.66
2018,12,19,7,0,170.37,8.45
2018,12,19,8,0,168.73,8.27
2018,12,19,9,0,171.65,8.33
2018,12,19,10,0,173.21,8.6
2018,12,19,11,0,166.74,10.49
2018,12,19,12,0,162.43,10
2018,12,19,13,0,155.95000000000002,8.03
2018,12,19,14,0,156.25,7.99
2018,12,19,15,0,158.48,7.73
2018,12,19,16,0,160.23,4.69
2018,12,19,17,0,139.41,4.4
2018,12,19,18,0,147.61,3.88
2018,12,19,19,0,150.04,2.89
2018,12,19,20,0,141.01,1.3800000000000001
2018,12,19,21,0,90.2,5.2
2018,12,19,22,0,92.89,4.86
2018,12,19,23,0,57.24,2.48
2018,12,20,0,0,6.47,7.3100000000000005
2018,12,20,1,0,352.32,5.74
2018,12,20,2,0,351.48,4.45
2018,12,20,3,0,12.96,5.1000000000000005
2018,12,20,4,0,342.65000000000003,4.86
2018,12,20,5,0,331.48,6.79
2018,12,20,6,0,64.68,6.04
2018,12,20,7,0,92.08,4.38
2018,12,20,8,0,34.88,8.66
2018,12,20,9,0,19.84,10.33
2018,12,20,10,0,9.35,11.27
2018,12,20,11,0,6.24,10.790000000000001
2018,12,20,12,0,23.69,13.120000000000001
2018,12,20,13,0,78.04,7
2018,12,20,14,0,69.84,7.83
2018,12,20,15,0,74.69,5.29
2018,12,20,16,0,83.26,3.27
2018,12,20,17,0,68.42,2.34
2018,12,20,18,0,100.13,2.13
2018,12,20,19,0,103.4,2.22
2018,12,20,20,0,91.79,1.1
2018,12,20,21,0,13.56,0.97
2018,12,20,22,0,299.73,2.13
2018,12,20,23,0,289.65000000000003,1.29
2018,12,21,0,0,312.36,2.2600000000000002
2018,12,21,1,0,339.37,3.37
2018,12,21,2,0,60.82,2.59
2018,12,21,3,0,67.69,4.47
2018,12,21,4,0,50.59,5.23
2018,12,21,5,0,40.82,7
2018,12,21,6,0,36.29,8.51
2018,12,21,7,0,27.54,8.76
2018,12,21,8,0,34.32,8.290000000000001
2018,12,21,9,0,41.27,8.01
2018,12,21,10,0,30.72,8.94
2018,12,21,11,0,31.04,9.39
2018,12,21,12,0,23.98,9.81
2018,12,21,13,0,31.25,10.43
2018,12,21,14,0,30.150000000000002,10.67
2018,12,21,15,0,26.38,10.98
2018,12,21,16,0,26.66,12.21
2018,12,21,17,0,29.92,12.89
2018,12,21,18,0,25.1,14.86
2018,12,21,19,0,26.37,16.490000000000002
2018,12,21,20,0,19.900000000000002,16.490000000000002
2018,12,21,21,0,17.51,17.3
2018,12,21,22,0,19.400000000000002,16.68
2018,12,21,23,0,17.62,16.05
2018,12,22,0,0,17.56,15.47
2018,12,22,1,0,18.68,15.5
2018,12,22,2,0,18.64,15.450000000000001
2018,12,22,3,0,18.22,14.67
2018,12,22,4,0,18.22,13.23
2018,12,22,5,0,22.04,12.94
2018,12,22,6,0,20.41,13.32
2018,12,22,7,0,15.65,12.530000000000001
2018,12,22,8,0,19.13,12.36
2018,12,22,9,0,17.6,12.950000000000001
2018,12,22,10,0,13.75,13.38
2018,12,22,11,0,18.34,12.96
2018,12,22,12,0,32.71,13.21
2018,12,22,13,0,25.95,14.200000000000001
2018,12,22,14,0,28.93,13.77
2018,12,22,15,0,19.580000000000002,13.32
2018,12,22,16,0,39.27,12.44
2018,12,22,17,0,35.97,14.3
2018,12,22,18,0,36.1,14.030000000000001
2018,12,22,19,0,28.03,13.94
2018,12,22,20,0,43.69,15.120000000000001
2018,12,22,21,0,42.78,10.06
2018,12,22,22,0,46.92,12.83
2018,12,22,23,0,48.33,11.83
2018,12,23,0,0,46.34,15.040000000000001
2018,12,23,1,0,47.410000000000004,16.23
2018,12,23,2,0,37.26,13.74
2018,12,23,3,0,35.79,13.06
2018,12,23,4,0,50.18,14.86
2018,12,23,5,0,45.87,13.64
2018,12,23,6,0,45.35,13.83
2018,12,23,7,0,40.83,13.77
2018,12,23,8,0,48.29,12.290000000000001
2018,12,23,9,0,54.2,10.93
2018,12,23,10,0,44.22,8.32
2018,12,23,11,0,67.24,13.21
2018,12,23,12,0,55.13,12.700000000000001
2018,12,23,13,0,46.04,11.27
2018,12,23,14,0,35,9.84
2018,12,23,15,0,36.93,10.34
2018,12,23,16,0,41.15,9.88
2018,12,23,17,0,39.09,8.3
2018,12,23,18,0,34.87,8.43
2018,12,23,19,0,36.43,8.06
2018,12,23,20,0,34.19,7.7700000000000005
2018,12,23,21,0,33.3,7.5600000000000005
2018,12,23,22,0,25.740000000000002,6.0600000000000005
2018,12,23,23,0,20.400000000000002,5.95
2018,12,24,0,0,36.27,5.65
2018,12,24,1,0,21,3.31
2018,12,24,2,0,342.28000000000003,1.6600000000000001
2018,12,24,3,0,327.16,0.68
2018,12,24,4,0,176.78,0.52
2018,12,24,5,0,171.05,1.87
2018,12,24,6,0,151.89000000000001,2
2018,12,24,7,0,152.70000000000002,2.12
2018,12,24,8,0,176.35,2.0100000000000002
2018,12,24,9,0,174.41,2.5500000000000003
2018,12,24,10,0,175.24,3.15
2018,12,24,11,0,167.73,3.3000000000000003
2018,12,24,12,0,176.23,3.68
2018,12,24,13,0,175.68,3.22
2018,12,24,14,0,165.59,3.61
2018,12,24,15,0,164.99,3.73
2018,12,24,16,0,162.70000000000002,3.4
2018,12,24,17,0,163.63,3.5300000000000002
2018,12,24,18,0,181.54,2.8000000000000003
2018,12,24,19,0,188.33,1.37
2018,12,24,20,0,144.1,0.92
2018,12,24,21,0,107.81,0.74
2018,12,24,22,0,132.94,2.38
2018,12,24,23,0,140.4,3.08
2018,12,25,0,0,114.5,3.68
2018,12,25,1,0,92.47,4.99
2018,12,25,2,0,84.33,4.7700000000000005
2018,12,25,3,0,69.21000000000001,4.72
2018,12,25,4,0,54.410000000000004,5.6000000000000005
2018,12,25,5,0,54.1,5.84
2018,12,25,6,0,44.46,7.13
2018,12,25,7,0,38.07,6.94
2018,12,25,8,0,26.47,6.0200000000000005
2018,12,25,9,0,32.86,6.67
2018,12,25,10,0,28.62,8.69
2018,12,25,11,0,39.33,7.29
2018,12,25,12,0,35.53,9.120000000000001
2018,12,25,13,0,34.160000000000004,8.620000000000001
2018,12,25,14,0,31.560000000000002,9.21
2018,12,25,15,0,30,9.790000000000001
2018,12,25,16,0,25.77,10.89
2018,12,25,17,0,23.71,12.22
2018,12,25,18,0,28.12,13.23
2018,12,25,19,0,32.1,13.540000000000001
2018,12,25,20,0,32.33,15.33
2018,12,25,21,0,32.76,14.96
2018,12,25,22,0,31.84,14.77
2018,12,25,23,0,31.89,14.64
2018,12,26,0,0,30.46,15.18
2018,12,26,1,0,34.34,15.49
2018,12,26,2,0,33.88,16.41
2018,12,26,3,0,38.82,16.22
2018,12,26,4,0,42.910000000000004,16.85
2018,12,26,5,0,43.35,16.34
2018,12,26,6,0,43.34,16.29
2018,12,26,7,0,43.27,15.8
2018,12,26,8,0,40.62,15.77
2018,12,26,9,0,38.97,15.49
2018,12,26,10,0,35.59,15.55
2018,12,26,11,0,35,15.26
2018,12,26,12,0,36.85,14.620000000000001
2018,12,26,13,0,35.27,14.3
2018,12,26,14,0,37.74,14.01
2018,12,26,15,0,37.83,14.08
2018,12,26,16,0,36.230000000000004,13.23
2018,12,26,17,0,35.53,12.6
2018,12,26,18,0,34.550000000000004,11.81
2018,12,26,19,0,34.31,10.790000000000001
2018,12,26,20,0,33.22,10.86
2018,12,26,21,0,35.4,10.68
2018,12,26,22,0,36.83,10.73
2018,12,26,23,0,38.160000000000004,10.450000000000001
2018,12,27,0,0,49.49,9.28
2018,12,27,1,0,68.17,7.5200000000000005
2018,12,27,2,0,73.9,4.82
2018,12,27,3,0,79.74,3.81
2018,12,27,4,0,68.09,2.5
2018,12,27,5,0,31.45,2.63
2018,12,27,6,0,15.63,5.92
2018,12,27,7,0,13.05,5.98
2018,12,27,8,0,354.41,5.29
2018,12,27,9,0,346.53000000000003,3.5500000000000003
2018,12,27,10,0,305.23,2.5300000000000002
2018,12,27,11,0,314.42,3.85
2018,12,27,12,0,321.09000000000003,4.22
2018,12,27,13,0,339.66,4.19
2018,12,27,14,0,330,3.46
2018,12,27,15,0,340.63,2.44
2018,12,27,16,0,7.8,2.3000000000000003
2018,12,27,17,0,352.63,2.93
2018,12,27,18,0,0.92,2.7800000000000002
2018,12,27,19,0,346.76,2.2800000000000002
2018,12,27,20,0,59.410000000000004,1.8800000000000001
2018,12,27,21,0,4.16,0.9500000000000001
2018,12,27,22,0,33.92,3.23
2018,12,27,23,0,73.41,1.53
2018,12,28,0,0,254.5,0.38
2018,12,28,1,0,322.8,0.87
2018,12,28,2,0,284.57,1.05
2018,12,28,3,0,265.83,1.78
2018,12,28,4,0,262.37,2.73
2018,12,28,5,0,251.02,2.48
2018,12,28,6,0,233.81,2.18
2018,12,28,7,0,209.67000000000002,6.0200000000000005
2018,12,28,8,0,214.09,6.25
2018,12,28,9,0,216.25,6.04
2018,12,28,10,0,216.83,5.62
2018,12,28,11,0,208.68,4.94
2018,12,28,12,0,220.70000000000002,4.26
2018,12,28,13,0,273.39,1.03
2018,12,28,14,0,6.57,1.3900000000000001
2018,12,28,15,0,24.740000000000002,4.34
2018,12,28,16,0,82.98,3.12
2018,12,28,17,0,104.27,4.11
2018,12,28,18,0,90.06,3.0700000000000003
2018,12,28,19,0,35.9,3.56
2018,12,28,20,0,56.89,6.12
2018,12,28,21,0,41.5,5.39
2018,12,28,22,0,35.300000000000004,8.82
2018,12,28,23,0,36.59,10.36
2018,12,29,0,0,27.830000000000002,11.57
2018,12,29,1,0,25.47,11.450000000000001
2018,12,29,2,0,23.96,11.97
2018,12,29,3,0,27.73,12.34
2018,12,29,4,0,34.89,12.82
2018,12,29,5,0,30.28,11.91
2018,12,29,6,0,29.11,11.450000000000001
2018,12,29,7,0,24.26,10.86
2018,12,29,8,0,24.32,10.75
2018,12,29,9,0,18.400000000000002,9.88
2018,12,29,10,0,15.75,8.45
2018,12,29,11,0,10.790000000000001,7.84
2018,12,29,12,0,10.21,7.07
2018,12,29,13,0,10.93,5.53
2018,12,29,14,0,359.76,3.81
2018,12,29,15,0,39.050000000000004,1.1400000000000001
2018,12,29,16,0,218.16,3.13
2018,12,29,17,0,215.43,5.3
2018,12,29,18,0,236.62,4.42
2018,12,29,19,0,258.87,10.19
2018,12,29,20,0,258.21,8.65
2018,12,29,21,0,251.66,6.23
2018,12,29,22,0,256.02,7.11
2018,12,29,23,0,272.17,5.57
2018,12,30,0,0,270.67,3.62
2018,12,30,1,0,228.37,1.84
2018,12,30,2,0,161.11,3.58
2018,12,30,3,0,226.68,1.46
2018,12,30,4,0,215.43,3.89
2018,12,30,5,0,201.42000000000002,5.38
2018,12,30,6,0,172.07,3.7
2018,12,30,7,0,159.74,5.5600000000000005
2018,12,30,8,0,170.47,6.15
2018,12,30,9,0,163.73,5.86
2018,12,30,10,0,156.49,4.97
2018,12,30,11,0,153.88,6.54
2018,12,30,12,0,148.04,4.2
2018,12,30,13,0,100.79,4.51
2018,12,30,14,0,80.87,5.9
2018,12,30,15,0,93.14,4.05
2018,12,30,16,0,81.9,3.91
2018,12,30,17,0,96.14,5.24
2018,12,30,18,0,125.5,3.06
2018,12,30,19,0,197.08,4.21
2018,12,30,20,0,172.4,3.25
2018,12,30,21,0,174.94,9.17
2018,12,30,22,0,156.99,8.83
2018,12,30,23,0,139.46,6.07
2018,12,31,0,0,93.23,5.94
2018,12,31,1,0,68.97,4.63
2018,12,31,2,0,61.39,5.37
2018,12,31,3,0,92.68,7.23
2018,12,31,4,0,102.63,9.17
2018,12,31,5,0,124.86,6.75
2018,12,31,6,0,86,4.54
2018,12,31,7,0,115.52,22.76
2018,12,31,8,0,100.32000000000001,21.11
2018,12,31,9,0,112.71000000000001,20.42
2018,12,31,10,0,148.53,29.87
2018,12,31,11,0,169.04,19.66
2018,12,31,12,0,183.83,17.330000000000002
2018,12,31,13,0,172.16,17.330000000000002
2018,12,31,14,0,176.49,22.54
2018,12,31,15,0,194.25,23.85
2018,12,31,16,0,199.62,22.16
2018,12,31,17,0,204.03,20.18
2018,12,31,18,0,203.64000000000001,20.22
2018,12,31,19,0,204.45000000000002,20.87
2018,12,31,20,0,207.8,19.14
2018,12,31,21,0,208.51,15.56
2018,12,31,22,0,207.96,15.950000000000001
2018,12,31,23,0,201.95000000000002,12.27
