SiteID,948526,Site Timezone,-9,Data Timezone,0,Longitude,-151.70409,Latitude,60.70251
Year,Month,Day,Hour,Minute,wind direction at 120m (deg),wind speed at 120m (m/s)
2018,1,1,0,0,61.33,16.35
2018,1,1,1,0,59.54,18.39
2018,1,1,2,0,61.730000000000004,21.89
2018,1,1,3,0,52.63,18.87
2018,1,1,4,0,46.59,18.330000000000002
2018,1,1,5,0,41.77,17.11
2018,1,1,6,0,33.4,16.14
2018,1,1,7,0,39.89,15.81
2018,1,1,8,0,36.17,16.22
2018,1,1,9,0,29.71,15.11
2018,1,1,10,0,28.86,14.43
2018,1,1,11,0,25.8,13.63
2018,1,1,12,0,25.46,12.39
2018,1,1,13,0,39.78,10.66
2018,1,1,14,0,28.93,10.16
2018,1,1,15,0,36.480000000000004,8.790000000000001
2018,1,1,16,0,58.95,4.7700000000000005
2018,1,1,17,0,41.97,6.51
2018,1,1,18,0,51.27,8.65
2018,1,1,19,0,53.75,9.78
2018,1,1,20,0,45.51,15.47
2018,1,1,21,0,46.87,20.2
2018,1,1,22,0,44.11,20.73
2018,1,1,23,0,40.65,21.76
2018,1,2,0,0,33.06,21.91
2018,1,2,1,0,23.5,22.82
2018,1,2,2,0,33.65,23.22
2018,1,2,3,0,27.21,23.68
2018,1,2,4,0,49.2,26.87
2018,1,2,5,0,46.65,22.18
2018,1,2,6,0,47.08,20.96
2018,1,2,7,0,67.29,14.17
2018,1,2,8,0,95.83,11.74
2018,1,2,9,0,119.4,8.08
2018,1,2,10,0,115.78,10.83
2018,1,2,11,0,121.78,1.9100000000000001
2018,1,2,12,0,135.34,10.05
2018,1,2,13,0,149.86,12.85
2018,1,2,14,0,166.72,24.240000000000002
2018,1,2,15,0,174.13,23.97
2018,1,2,16,0,172.96,24.51
2018,1,2,17,0,171.51,25.07
2018,1,2,18,0,161.89000000000001,22.01
2018,1,2,19,0,157.48,19.63
2018,1,2,20,0,153.25,16.53
2018,1,2,21,0,160.39000000000001,16
2018,1,2,22,0,172.89000000000001,19.990000000000002
2018,1,2,23,0,165.27,15.09
2018,1,3,0,0,173.11,18.27
2018,1,3,1,0,168.82,16.12
2018,1,3,2,0,170.13,14.47
2018,1,3,3,0,169.22,15.55
2018,1,3,4,0,169.42000000000002,9.97
2018,1,3,5,0,152.69,9.370000000000001
2018,1,3,6,0,163.73,10.85
2018,1,3,7,0,172.20000000000002,12.950000000000001
2018,1,3,8,0,170.29,10.200000000000001
2018,1,3,9,0,162.84,8.71
2018,1,3,10,0,168.43,9.23
2018,1,3,11,0,177.1,11.35
2018,1,3,12,0,197.02,12.46
2018,1,3,13,0,191.74,14.17
2018,1,3,14,0,194.32,11.93
2018,1,3,15,0,205.04,10.59
2018,1,3,16,0,187.84,7.83
2018,1,3,17,0,196.64000000000001,10.450000000000001
2018,1,3,18,0,205.22,9.52
2018,1,3,19,0,210.9,16.55
2018,1,3,20,0,210.37,17.080000000000002
2018,1,3,21,0,206.55,15.02
2018,1,3,22,0,214.59,16.87
2018,1,3,23,0,209.99,15.66
2018,1,4,0,0,212.70000000000002,14.99
2018,1,4,1,0,213.25,13.5
2018,1,4,2,0,215.83,11.88
2018,1,4,3,0,209.86,10.64
2018,1,4,4,0,206.38,10.120000000000001
2018,1,4,5,0,206.39000000000001,12.120000000000001
2018,1,4,6,0,218.57,11.49
2018,1,4,7,0,209.70000000000002,11.55
2018,1,4,8,0,217.20000000000002,11.99
2018,1,4,9,0,209.04,9.81
2018,1,4,10,0,217.97,7.29
2018,1,4,11,0,230.95000000000002,9.120000000000001
2018,1,4,12,0,201.19,7.13
2018,1,4,13,0,212.66,4.54
2018,1,4,14,0,235.75,5.5
2018,1,4,15,0,232.71,1.69
2018,1,4,16,0,118.13,1.34
2018,1,4,17,0,77.94,4.03
2018,1,4,18,0,57.36,6.61
2018,1,4,19,0,45.02,5.92
2018,1,4,20,0,55.08,6.48
2018,1,4,21,0,47.67,5.98
2018,1,4,22,0,44.65,5.96
2018,1,4,23,0,50.2,7.0200000000000005
2018,1,5,0,0,40.24,8.08
2018,1,5,1,0,35.38,8.66
2018,1,5,2,0,34.93,8.26
2018,1,5,3,0,35.07,7.2700000000000005
2018,1,5,4,0,37.61,6.43
2018,1,5,5,0,24.650000000000002,6.12
2018,1,5,6,0,33.160000000000004,6.86
2018,1,5,7,0,28.47,6.84
2018,1,5,8,0,14.450000000000001,3.56
2018,1,5,9,0,0.36,3.0500000000000003
2018,1,5,10,0,13.22,2.52
2018,1,5,11,0,32.61,2.75
2018,1,5,12,0,33.13,2.74
2018,1,5,13,0,49.97,3.89
2018,1,5,14,0,56.27,3.43
2018,1,5,15,0,52.09,1.9000000000000001
2018,1,5,16,0,22.240000000000002,2.5300000000000002
2018,1,5,17,0,28.13,3.74
2018,1,5,18,0,43.53,6.32
2018,1,5,19,0,53.01,9.4
2018,1,5,20,0,53.69,5.8100000000000005
2018,1,5,21,0,40.43,5.14
2018,1,5,22,0,44.29,4.7
2018,1,5,23,0,50.92,5.14
2018,1,6,0,0,50.64,4.68
2018,1,6,1,0,32.39,5.2700000000000005
2018,1,6,2,0,35.01,4.66
2018,1,6,3,0,31.43,9.040000000000001
2018,1,6,4,0,29.44,8.5
2018,1,6,5,0,33.88,10.02
2018,1,6,6,0,31.11,11.44
2018,1,6,7,0,33.82,11.700000000000001
2018,1,6,8,0,51.1,10.25
2018,1,6,9,0,60.89,14.14
2018,1,6,10,0,49.75,13
2018,1,6,11,0,49.7,14.030000000000001
2018,1,6,12,0,18.19,12.27
2018,1,6,13,0,23.17,12.14
2018,1,6,14,0,27.76,13.19
2018,1,6,15,0,34.300000000000004,13.75
2018,1,6,16,0,34.47,13.72
2018,1,6,17,0,34.09,13.74
2018,1,6,18,0,33.730000000000004,12.66
2018,1,6,19,0,38.45,10.72
2018,1,6,20,0,41.46,10.44
2018,1,6,21,0,41.77,10.9
2018,1,6,22,0,40.85,12.31
2018,1,6,23,0,37.050000000000004,12.32
2018,1,7,0,0,26.94,11.290000000000001
2018,1,7,1,0,22.84,10.76
2018,1,7,2,0,22.54,10.8
2018,1,7,3,0,22.89,9.77
2018,1,7,4,0,13.55,10.040000000000001
2018,1,7,5,0,13.56,9.53
2018,1,7,6,0,14.02,9.200000000000001
2018,1,7,7,0,14.41,8.31
2018,1,7,8,0,19.54,8.51
2018,1,7,9,0,19.55,9.620000000000001
2018,1,7,10,0,16.64,9.3
2018,1,7,11,0,14.57,8.93
2018,1,7,12,0,14.58,7.87
2018,1,7,13,0,11.73,5.15
2018,1,7,14,0,28.76,2.93
2018,1,7,15,0,7.2,3.3000000000000003
2018,1,7,16,0,358.37,2.87
2018,1,7,17,0,17.41,2.8000000000000003
2018,1,7,18,0,82.65,0.98
2018,1,7,19,0,48.35,1.8800000000000001
2018,1,7,20,0,64.76,2.72
2018,1,7,21,0,18.96,6.91
2018,1,7,22,0,18.96,6.93
2018,1,7,23,0,16.34,7.91
2018,1,8,0,0,14.63,7.1000000000000005
2018,1,8,1,0,21.44,6.18
2018,1,8,2,0,42.06,4.21
2018,1,8,3,0,45.4,2.63
2018,1,8,4,0,33.5,1.77
2018,1,8,5,0,55.69,1.79
2018,1,8,6,0,83.95,1.58
2018,1,8,7,0,61.85,1.22
2018,1,8,8,0,0.11,0.54
2018,1,8,9,0,243.88,0.23
2018,1,8,10,0,278.26,0.39
2018,1,8,11,0,307.08,0.68
2018,1,8,12,0,312.81,0.91
2018,1,8,13,0,240.76,0.56
2018,1,8,14,0,190.17000000000002,0.76
2018,1,8,15,0,204.74,0.87
2018,1,8,16,0,197.72,0.37
2018,1,8,17,0,77.51,0.35000000000000003
2018,1,8,18,0,340.86,0.81
2018,1,8,19,0,359.79,1.8800000000000001
2018,1,8,20,0,349.38,3.71
2018,1,8,21,0,6.07,6.41
2018,1,8,22,0,27.22,7.26
2018,1,8,23,0,36.32,5.9
2018,1,9,0,0,28.79,5.78
2018,1,9,1,0,30.26,6.640000000000001
2018,1,9,2,0,26.900000000000002,9.08
2018,1,9,3,0,30.150000000000002,8.77
2018,1,9,4,0,33.730000000000004,9.77
2018,1,9,5,0,29.580000000000002,9.370000000000001
2018,1,9,6,0,28.8,9.06
2018,1,9,7,0,30.6,9.99
2018,1,9,8,0,21.23,10.39
2018,1,9,9,0,27.53,9.68
2018,1,9,10,0,28.91,10.25
2018,1,9,11,0,29.21,10.81
2018,1,9,12,0,26.13,11.57
2018,1,9,13,0,27.05,11.700000000000001
2018,1,9,14,0,24.98,12.13
2018,1,9,15,0,21.13,13.17
2018,1,9,16,0,27.25,12.33
2018,1,9,17,0,24.52,13.42
2018,1,9,18,0,24.21,13.86
2018,1,9,19,0,23.2,13.26
2018,1,9,20,0,23.84,13.75
2018,1,9,21,0,23.28,12.91
2018,1,9,22,0,25.85,12.31
2018,1,9,23,0,25.55,11.620000000000001
2018,1,10,0,0,31.48,10.46
2018,1,10,1,0,31.41,10.77
2018,1,10,2,0,32.94,10.65
2018,1,10,3,0,29.060000000000002,10.65
2018,1,10,4,0,28.53,10.41
2018,1,10,5,0,24.810000000000002,10.1
2018,1,10,6,0,24.490000000000002,10.07
2018,1,10,7,0,24.38,9.450000000000001
2018,1,10,8,0,19.7,9.38
2018,1,10,9,0,18.17,8.84
2018,1,10,10,0,19.94,8.120000000000001
2018,1,10,11,0,23.81,9.27
2018,1,10,12,0,27.01,10.200000000000001
2018,1,10,13,0,27.1,10.3
2018,1,10,14,0,26.51,10.42
2018,1,10,15,0,26.41,11.51
2018,1,10,16,0,29.05,11.63
2018,1,10,17,0,26.13,11.15
2018,1,10,18,0,28,11.32
2018,1,10,19,0,26.69,11.4
2018,1,10,20,0,28.67,11.48
2018,1,10,21,0,26.490000000000002,11.15
2018,1,10,22,0,25.87,10.92
2018,1,10,23,0,25.19,11.44
2018,1,11,0,0,26.79,12.24
2018,1,11,1,0,27.71,12.35
2018,1,11,2,0,29.490000000000002,12.48
2018,1,11,3,0,28.09,12.73
2018,1,11,4,0,30.330000000000002,13.3
2018,1,11,5,0,30.13,13.57
2018,1,11,6,0,30.82,14.01
2018,1,11,7,0,32.64,14.120000000000001
2018,1,11,8,0,33,14.59
2018,1,11,9,0,34.34,14.8
2018,1,11,10,0,34.7,14.85
2018,1,11,11,0,35.65,14.26
2018,1,11,12,0,34.7,13.97
2018,1,11,13,0,37.35,13.540000000000001
2018,1,11,14,0,36.86,13.69
2018,1,11,15,0,35.94,14.14
2018,1,11,16,0,37.29,14.47
2018,1,11,17,0,36.31,14.99
2018,1,11,18,0,31.59,15.32
2018,1,11,19,0,32.62,15.02
2018,1,11,20,0,29.85,14.94
2018,1,11,21,0,30.580000000000002,15.46
2018,1,11,22,0,30.89,16.18
2018,1,11,23,0,30.26,16.53
2018,1,12,0,0,28.990000000000002,15.870000000000001
2018,1,12,1,0,30.04,17
2018,1,12,2,0,29.310000000000002,17.01
2018,1,12,3,0,27.42,16.91
2018,1,12,4,0,29.05,17.38
2018,1,12,5,0,28.86,17.39
2018,1,12,6,0,31.34,17.62
2018,1,12,7,0,29.88,18.12
2018,1,12,8,0,32.36,17.03
2018,1,12,9,0,34.06,17.71
2018,1,12,10,0,33.910000000000004,17.34
2018,1,12,11,0,29.51,17.55
2018,1,12,12,0,28.44,16.81
2018,1,12,13,0,34.2,17.080000000000002
2018,1,12,14,0,32.42,17.84
2018,1,12,15,0,33.03,18.35
2018,1,12,16,0,35.96,18.64
2018,1,12,17,0,40.88,18.97
2018,1,12,18,0,29.66,17.16
2018,1,12,19,0,39.72,19.240000000000002
2018,1,12,20,0,34.99,18.6
2018,1,12,21,0,34.34,17.75
2018,1,12,22,0,29.91,17.86
2018,1,12,23,0,31.42,18.41
2018,1,13,0,0,31.740000000000002,18.580000000000002
2018,1,13,1,0,26.82,19.79
2018,1,13,2,0,25.580000000000002,21.53
2018,1,13,3,0,25.85,21.53
2018,1,13,4,0,24.42,21.76
2018,1,13,5,0,33.88,21.740000000000002
2018,1,13,6,0,29.310000000000002,21.46
2018,1,13,7,0,37.27,20.84
2018,1,13,8,0,40.89,22.06
2018,1,13,9,0,59.95,21.1
2018,1,13,10,0,55.14,18.650000000000002
2018,1,13,11,0,65.12,14.4
2018,1,13,12,0,72.95,10.22
2018,1,13,13,0,74.84,10.05
2018,1,13,14,0,72.21000000000001,10.48
2018,1,13,15,0,63.34,10.75
2018,1,13,16,0,45.71,12.25
2018,1,13,17,0,54.52,16.240000000000002
2018,1,13,18,0,38.62,21.92
2018,1,13,19,0,45.910000000000004,23.76
2018,1,13,20,0,32.27,25.19
2018,1,13,21,0,27.85,24.19
2018,1,13,22,0,37.72,25.740000000000002
2018,1,13,23,0,26.19,28.44
2018,1,14,0,0,47.800000000000004,28.35
2018,1,14,1,0,53.870000000000005,26.990000000000002
2018,1,14,2,0,70.08,21.900000000000002
2018,1,14,3,0,187.92000000000002,12.21
2018,1,14,4,0,170.16,9.200000000000001
2018,1,14,5,0,134.35,7
2018,1,14,6,0,141.44,8.01
2018,1,14,7,0,99.75,7.8
2018,1,14,8,0,104.49000000000001,9.6
2018,1,14,9,0,117.42,12.1
2018,1,14,10,0,122.08,14.06
2018,1,14,11,0,127.29,13.6
2018,1,14,12,0,129.45,11.33
2018,1,14,13,0,138.06,12.66
2018,1,14,14,0,127.37,8.8
2018,1,14,15,0,141.51,12.89
2018,1,14,16,0,127.03,9.22
2018,1,14,17,0,126.92,5.5
2018,1,14,18,0,154.58,5.13
2018,1,14,19,0,127.52,3.77
2018,1,14,20,0,58.31,1.24
2018,1,14,21,0,99.64,3.22
2018,1,14,22,0,128.16,2.0100000000000002
2018,1,14,23,0,196.29,1.18
2018,1,15,0,0,78.2,4.58
2018,1,15,1,0,96.49000000000001,4.67
2018,1,15,2,0,104.9,2.91
2018,1,15,3,0,115.14,2.41
2018,1,15,4,0,98.9,2.08
2018,1,15,5,0,29.45,1.98
2018,1,15,6,0,12.46,4.49
2018,1,15,7,0,18.92,7.19
2018,1,15,8,0,14.27,5.76
2018,1,15,9,0,28.29,5.37
2018,1,15,10,0,36.11,5.91
2018,1,15,11,0,37.480000000000004,5.49
2018,1,15,12,0,49.88,4.82
2018,1,15,13,0,56.72,3.66
2018,1,15,14,0,72.03,1.8900000000000001
2018,1,15,15,0,137.32,0.65
2018,1,15,16,0,146.58,0.52
2018,1,15,17,0,141.51,1.43
2018,1,15,18,0,97.9,0.42
2018,1,15,19,0,185.48,0.21
2018,1,15,20,0,97.06,1.92
2018,1,15,21,0,83.42,1.8800000000000001
2018,1,15,22,0,72.62,2.49
2018,1,15,23,0,41.28,2.07
2018,1,16,0,0,9.75,3.11
2018,1,16,1,0,56.45,3.9
2018,1,16,2,0,51.230000000000004,5.19
2018,1,16,3,0,25.88,6.95
2018,1,16,4,0,28.53,5.14
2018,1,16,5,0,356.90000000000003,6.71
2018,1,16,6,0,8.77,7.08
2018,1,16,7,0,13.39,9.3
2018,1,16,8,0,14.950000000000001,12.23
2018,1,16,9,0,15.84,13.09
2018,1,16,10,0,21.72,16.75
2018,1,16,11,0,13.19,16.09
2018,1,16,12,0,15.05,17.45
2018,1,16,13,0,10.28,20.150000000000002
2018,1,16,14,0,11.16,20.47
2018,1,16,15,0,13.17,22.77
2018,1,16,16,0,15.790000000000001,21.3
2018,1,16,17,0,25.400000000000002,17.23
2018,1,16,18,0,40.800000000000004,16.26
2018,1,16,19,0,50,13.96
2018,1,16,20,0,43.6,14.07
2018,1,16,21,0,50.93,11.82
2018,1,16,22,0,36.5,12.09
2018,1,16,23,0,47.13,14.98
2018,1,17,0,0,37.99,15.85
2018,1,17,1,0,33.71,16.39
2018,1,17,2,0,42.77,19.17
2018,1,17,3,0,42.36,19.240000000000002
2018,1,17,4,0,51.74,21.52
2018,1,17,5,0,59.54,19.92
2018,1,17,6,0,61.77,21.03
2018,1,17,7,0,58.56,18.02
2018,1,17,8,0,57.31,18.240000000000002
2018,1,17,9,0,45.160000000000004,16.91
2018,1,17,10,0,46.83,18.67
2018,1,17,11,0,49.42,18.080000000000002
2018,1,17,12,0,42.97,18.19
2018,1,17,13,0,41.800000000000004,17.95
2018,1,17,14,0,39.02,16.84
2018,1,17,15,0,45.06,17.650000000000002
2018,1,17,16,0,42.39,17.63
2018,1,17,17,0,41.83,17.27
2018,1,17,18,0,24.51,14.22
2018,1,17,19,0,26.85,14.55
2018,1,17,20,0,34.65,14.3
2018,1,17,21,0,31.21,14.290000000000001
2018,1,17,22,0,35.29,13.11
2018,1,17,23,0,67.74,8.06
2018,1,18,0,0,94.46000000000001,4.5
2018,1,18,1,0,104.58,5.68
2018,1,18,2,0,112.9,12.030000000000001
2018,1,18,3,0,112.60000000000001,10.64
2018,1,18,4,0,117.89,8.01
2018,1,18,5,0,113.32000000000001,9.450000000000001
2018,1,18,6,0,62.620000000000005,4.41
2018,1,18,7,0,12.48,7.75
2018,1,18,8,0,47.01,6.140000000000001
2018,1,18,9,0,35.230000000000004,7.09
2018,1,18,10,0,34.4,7.69
2018,1,18,11,0,26.93,6.37
2018,1,18,12,0,12.05,7.5
2018,1,18,13,0,6.32,7.99
2018,1,18,14,0,9.64,6.8
2018,1,18,15,0,15.790000000000001,5.34
2018,1,18,16,0,22.68,3.59
2018,1,18,17,0,38.44,1.71
2018,1,18,18,0,49.95,1.19
2018,1,18,19,0,59.79,1.56
2018,1,18,20,0,104.34,1.58
2018,1,18,21,0,166.55,0.64
2018,1,18,22,0,225.94,0.88
2018,1,18,23,0,243.31,1.87
2018,1,19,0,0,247.97,2.2600000000000002
2018,1,19,1,0,238.62,2.82
2018,1,19,2,0,234.76,2.82
2018,1,19,3,0,223.61,2.67
2018,1,19,4,0,216.17000000000002,2.95
2018,1,19,5,0,210.08,2.5300000000000002
2018,1,19,6,0,219.69,2.97
2018,1,19,7,0,220.51,2.91
2018,1,19,8,0,236.07,2.25
2018,1,19,9,0,229.08,1.57
2018,1,19,10,0,266.49,0.73
2018,1,19,11,0,18.47,0.45
2018,1,19,12,0,67.19,2.3000000000000003
2018,1,19,13,0,42.95,3.67
2018,1,19,14,0,52.550000000000004,4.75
2018,1,19,15,0,41.83,5.15
2018,1,19,16,0,36.39,5.26
2018,1,19,17,0,38.980000000000004,5.55
2018,1,19,18,0,45.24,5.93
2018,1,19,19,0,50.69,6.69
2018,1,19,20,0,42.85,6.01
2018,1,19,21,0,40.84,4.82
2018,1,19,22,0,26.34,4.71
2018,1,19,23,0,30.22,4.98
2018,1,20,0,0,36.38,5.78
2018,1,20,1,0,39.35,5.3100000000000005
2018,1,20,2,0,38.050000000000004,6.18
2018,1,20,3,0,37.67,7.57
2018,1,20,4,0,25.03,5.88
2018,1,20,5,0,17.91,4.54
2018,1,20,6,0,17.89,4.98
2018,1,20,7,0,13.59,4.59
2018,1,20,8,0,27.91,4.39
2018,1,20,9,0,340.03000000000003,2.23
2018,1,20,10,0,290.26,1.8
2018,1,20,11,0,246.77,2.74
2018,1,20,12,0,240.13,3.39
2018,1,20,13,0,247.32,3.6
2018,1,20,14,0,260.3,3.09
2018,1,20,15,0,276.16,0.39
2018,1,20,16,0,165.57,3.5100000000000002
2018,1,20,17,0,165.22,5.13
2018,1,20,18,0,115.10000000000001,4.95
2018,1,20,19,0,95.21000000000001,5.11
2018,1,20,20,0,89.68,6.86
2018,1,20,21,0,97.33,8.07
2018,1,20,22,0,98.32000000000001,5.95
2018,1,20,23,0,116.07000000000001,3.08
2018,1,21,0,0,61.6,3.85
2018,1,21,1,0,81.96000000000001,6.01
2018,1,21,2,0,340.96,2.25
2018,1,21,3,0,350.19,5.17
2018,1,21,4,0,323.69,3.64
2018,1,21,5,0,287.32,4.24
2018,1,21,6,0,283.31,4.12
2018,1,21,7,0,278.92,3.89
2018,1,21,8,0,282.41,3.8000000000000003
2018,1,21,9,0,282.19,2.04
2018,1,21,10,0,259.61,1.28
2018,1,21,11,0,274.94,2.2
2018,1,21,12,0,151.45000000000002,2.13
2018,1,21,13,0,260.16,2.21
2018,1,21,14,0,282.82,1.59
2018,1,21,15,0,273.24,1.81
2018,1,21,16,0,293.48,2.38
2018,1,21,17,0,287.54,2.29
2018,1,21,18,0,289.27,1.72
2018,1,21,19,0,298.55,1.17
2018,1,21,20,0,140.87,1.58
2018,1,21,21,0,209.6,0.48
2018,1,21,22,0,308.18,1.05
2018,1,21,23,0,330.31,2.37
2018,1,22,0,0,340.21,2.4
2018,1,22,1,0,340.61,2.43
2018,1,22,2,0,341.85,3.17
2018,1,22,3,0,345.51,3.6
2018,1,22,4,0,6.45,4.03
2018,1,22,5,0,19.580000000000002,5.03
2018,1,22,6,0,47.35,2.88
2018,1,22,7,0,27.44,1.3900000000000001
2018,1,22,8,0,16.73,2.14
2018,1,22,9,0,34.550000000000004,3.5100000000000002
2018,1,22,10,0,26.490000000000002,3.66
2018,1,22,11,0,21.78,3.9
2018,1,22,12,0,20.51,4.01
2018,1,22,13,0,12.88,4.55
2018,1,22,14,0,27.1,7.62
2018,1,22,15,0,32.660000000000004,9.41
2018,1,22,16,0,8.03,10.28
2018,1,22,17,0,18.55,10.48
2018,1,22,18,0,24.2,10.31
2018,1,22,19,0,26.73,10.07
2018,1,22,20,0,24.35,10.86
2018,1,22,21,0,25.3,10.67
2018,1,22,22,0,25.59,10
2018,1,22,23,0,25.98,10.17
2018,1,23,0,0,24.34,10.200000000000001
2018,1,23,1,0,23.51,9.98
2018,1,23,2,0,25.85,7.15
2018,1,23,3,0,28.55,6.3100000000000005
2018,1,23,4,0,36.59,7.08
2018,1,23,5,0,29.77,6.53
2018,1,23,6,0,26.060000000000002,5.26
2018,1,23,7,0,9.32,4.63
2018,1,23,8,0,22.75,4.88
2018,1,23,9,0,33.78,5.01
2018,1,23,10,0,31.76,5.9
2018,1,23,11,0,29.3,5.39
2018,1,23,12,0,26.37,5.98
2018,1,23,13,0,27.66,5.78
2018,1,23,14,0,34.61,6.8100000000000005
2018,1,23,15,0,22.900000000000002,7.34
2018,1,23,16,0,31.03,7.19
2018,1,23,17,0,27.580000000000002,7.94
2018,1,23,18,0,18.32,6.05
2018,1,23,19,0,12.96,7.54
2018,1,23,20,0,4.5200000000000005,8.28
2018,1,23,21,0,8.61,8.48
2018,1,23,22,0,3.94,7.12
2018,1,23,23,0,21.93,6.51
2018,1,24,0,0,39.230000000000004,6.890000000000001
2018,1,24,1,0,37.81,6.390000000000001
2018,1,24,2,0,45.53,5.43
2018,1,24,3,0,46.4,4.54
2018,1,24,4,0,14.86,4.53
2018,1,24,5,0,352.63,4.11
2018,1,24,6,0,358.52,5.68
2018,1,24,7,0,20.53,4.32
2018,1,24,8,0,29.310000000000002,4.83
2018,1,24,9,0,25.86,5.7
2018,1,24,10,0,18.990000000000002,6.74
2018,1,24,11,0,1.05,5.38
2018,1,24,12,0,28.64,5.61
2018,1,24,13,0,348.67,2.22
2018,1,24,14,0,261.26,1.61
2018,1,24,15,0,211.27,0.62
2018,1,24,16,0,182.21,0.59
2018,1,24,17,0,202.65,0.84
2018,1,24,18,0,215.06,1.59
2018,1,24,19,0,251.49,2.11
2018,1,24,20,0,221.15,1.02
2018,1,24,21,0,122.95,3.66
2018,1,24,22,0,128.11,2.13
2018,1,24,23,0,33.8,1.53
2018,1,25,0,0,28.3,2.7
2018,1,25,1,0,301.69,4.72
2018,1,25,2,0,292.75,3.77
2018,1,25,3,0,332.3,4.46
2018,1,25,4,0,337.72,6.17
2018,1,25,5,0,345.78000000000003,9.19
2018,1,25,6,0,347.78000000000003,5.91
2018,1,25,7,0,351.39,7.75
2018,1,25,8,0,340.37,5.23
2018,1,25,9,0,347.76,6.23
2018,1,25,10,0,346.78000000000003,6.47
2018,1,25,11,0,342.53000000000003,5.51
2018,1,25,12,0,336.27,6.62
2018,1,25,13,0,327.86,4.4
2018,1,25,14,0,311.40000000000003,2.72
2018,1,25,15,0,307.14,3.08
2018,1,25,16,0,315.72,2.88
2018,1,25,17,0,308.28000000000003,3.91
2018,1,25,18,0,339.2,4.84
2018,1,25,19,0,11.24,11.540000000000001
2018,1,25,20,0,44.84,8.23
2018,1,25,21,0,58.58,5.43
2018,1,25,22,0,43.36,11.35
2018,1,25,23,0,26.04,13.6
2018,1,26,0,0,20.79,13.8
2018,1,26,1,0,29.92,15.34
2018,1,26,2,0,33.97,16.52
2018,1,26,3,0,29.28,15.58
2018,1,26,4,0,22.86,15.620000000000001
2018,1,26,5,0,21.400000000000002,15.77
2018,1,26,6,0,23.490000000000002,15.1
2018,1,26,7,0,27.03,14.85
2018,1,26,8,0,20.41,12.32
2018,1,26,9,0,22.18,12.3
2018,1,26,10,0,22,11.89
2018,1,26,11,0,22.21,11.67
2018,1,26,12,0,21.85,12.16
2018,1,26,13,0,22.46,10.870000000000001
2018,1,26,14,0,27.79,8.98
2018,1,26,15,0,26.85,8.03
2018,1,26,16,0,28.37,6.38
2018,1,26,17,0,22.13,4.54
2018,1,26,18,0,271,0.9500000000000001
2018,1,26,19,0,132.87,0.73
2018,1,26,20,0,97.72,2.37
2018,1,26,21,0,109.24000000000001,1.2
2018,1,26,22,0,138.61,0.2
2018,1,26,23,0,32.160000000000004,1.53
2018,1,27,0,0,313.41,1.42
2018,1,27,1,0,303.41,3.7
2018,1,27,2,0,343.61,3.31
2018,1,27,3,0,24.85,2.5100000000000002
2018,1,27,4,0,20.150000000000002,7.33
2018,1,27,5,0,25.18,8.73
2018,1,27,6,0,29.02,10.24
2018,1,27,7,0,25.39,12.49
2018,1,27,8,0,29.48,12.02
2018,1,27,9,0,24.060000000000002,12.15
2018,1,27,10,0,21.98,10.44
2018,1,27,11,0,20.86,10.41
2018,1,27,12,0,23.580000000000002,10.11
2018,1,27,13,0,27.150000000000002,8.98
2018,1,27,14,0,28.29,7.57
2018,1,27,15,0,32.230000000000004,7.79
2018,1,27,16,0,24.97,9.11
2018,1,27,17,0,25.25,8.540000000000001
2018,1,27,18,0,34.39,9.620000000000001
2018,1,27,19,0,32.92,8.69
2018,1,27,20,0,31.76,8.43
2018,1,27,21,0,32,7.95
2018,1,27,22,0,24.72,8.3
2018,1,27,23,0,24.2,8.78
2018,1,28,0,0,18.580000000000002,11.43
2018,1,28,1,0,22.07,12.200000000000001
2018,1,28,2,0,19.35,13.040000000000001
2018,1,28,3,0,21.03,14.91
2018,1,28,4,0,25.19,15.52
2018,1,28,5,0,26.240000000000002,15.610000000000001
2018,1,28,6,0,24.560000000000002,15.59
2018,1,28,7,0,23.96,15.3
2018,1,28,8,0,24.310000000000002,15.47
2018,1,28,9,0,27.47,14.780000000000001
2018,1,28,10,0,24.810000000000002,15.07
2018,1,28,11,0,26.27,15.02
2018,1,28,12,0,27.3,15.36
2018,1,28,13,0,27.990000000000002,15.280000000000001
2018,1,28,14,0,24.310000000000002,15.67
2018,1,28,15,0,28.85,14.84
2018,1,28,16,0,28.330000000000002,14.09
2018,1,28,17,0,26.37,11.08
2018,1,28,18,0,32.15,14.030000000000001
2018,1,28,19,0,27.67,11.71
2018,1,28,20,0,20.23,16.64
2018,1,28,21,0,13.69,15.88
2018,1,28,22,0,12.27,19.19
2018,1,28,23,0,15.17,19.5
2018,1,29,0,0,18.41,20.04
2018,1,29,1,0,19.47,21.41
2018,1,29,2,0,10.32,22.13
2018,1,29,3,0,9.44,24.77
2018,1,29,4,0,11.57,25.23
2018,1,29,5,0,14.07,25.72
2018,1,29,6,0,18.85,26.34
2018,1,29,7,0,14.21,28.6
2018,1,29,8,0,12.39,28.560000000000002
2018,1,29,9,0,13.68,29.87
2018,1,29,10,0,11.91,29.11
2018,1,29,11,0,6.11,29.84
2018,1,29,12,0,10.01,30.57
2018,1,29,13,0,10.4,28.44
2018,1,29,14,0,5.94,27
2018,1,29,15,0,6.2,28.37
2018,1,29,16,0,9.32,28.97
2018,1,29,17,0,11.05,27.94
2018,1,29,18,0,13.200000000000001,27.78
2018,1,29,19,0,12.790000000000001,27.44
2018,1,29,20,0,13.950000000000001,27.82
2018,1,29,21,0,13.38,28.57
2018,1,29,22,0,15.01,27.830000000000002
2018,1,29,23,0,14.86,27.8
2018,1,30,0,0,13.4,27.77
2018,1,30,1,0,12.71,28.11
2018,1,30,2,0,12.49,27.01
2018,1,30,3,0,10.14,26.88
2018,1,30,4,0,9.61,26.88
2018,1,30,5,0,8.05,26.17
2018,1,30,6,0,8.14,25.55
2018,1,30,7,0,9.49,25.740000000000002
2018,1,30,8,0,9.75,24.67
2018,1,30,9,0,13.63,23.7
2018,1,30,10,0,11.85,23.57
2018,1,30,11,0,13.5,24.38
2018,1,30,12,0,16.92,22.21
2018,1,30,13,0,16.85,24.21
2018,1,30,14,0,16.53,25.57
2018,1,30,15,0,15.860000000000001,25.11
2018,1,30,16,0,16.82,23.3
2018,1,30,17,0,15.32,25.67
2018,1,30,18,0,15.08,25.95
2018,1,30,19,0,11.38,26.13
2018,1,30,20,0,17.240000000000002,24.400000000000002
2018,1,30,21,0,13.58,26.400000000000002
2018,1,30,22,0,5.3,26.5
2018,1,30,23,0,8.98,26.92
2018,1,31,0,0,9.790000000000001,26.8
2018,1,31,1,0,10.65,26.19
2018,1,31,2,0,9.700000000000001,25.990000000000002
2018,1,31,3,0,18.47,24.67
2018,1,31,4,0,18.63,22.73
2018,1,31,5,0,18.02,22.1
2018,1,31,6,0,16.03,22.26
2018,1,31,7,0,15.950000000000001,22.81
2018,1,31,8,0,14.86,21.82
2018,1,31,9,0,14.96,22.27
2018,1,31,10,0,15.8,21.88
2018,1,31,11,0,15.370000000000001,22.14
2018,1,31,12,0,16.21,22.02
2018,1,31,13,0,16.01,21.67
2018,1,31,14,0,18.07,21.22
2018,1,31,15,0,18.92,20.42
2018,1,31,16,0,19.87,20.35
2018,1,31,17,0,20.47,19.61
2018,1,31,18,0,21.740000000000002,19.5
2018,1,31,19,0,23.86,19.55
2018,1,31,20,0,24.59,19.38
2018,1,31,21,0,25.75,19.6
2018,1,31,22,0,25.35,19.44
2018,1,31,23,0,25.34,19.68
2018,2,1,0,0,28.150000000000002,19.23
2018,2,1,1,0,26.52,19
2018,2,1,2,0,26.92,18.7
2018,2,1,3,0,25.29,18.68
2018,2,1,4,0,21.240000000000002,18.78
2018,2,1,5,0,20.87,18.89
2018,2,1,6,0,19.56,19.830000000000002
2018,2,1,7,0,20.69,19.44
2018,2,1,8,0,21.28,16.66
2018,2,1,9,0,18.11,19.59
2018,2,1,10,0,19.5,20.98
2018,2,1,11,0,15.16,21.02
2018,2,1,12,0,17.77,21.38
2018,2,1,13,0,23.17,20.26
2018,2,1,14,0,25.64,18.61
2018,2,1,15,0,23.86,18.3
2018,2,1,16,0,20.150000000000002,18.57
2018,2,1,17,0,20.17,18.48
2018,2,1,18,0,28.29,18.47
2018,2,1,19,0,25.32,18.17
2018,2,1,20,0,27.92,16.84
2018,2,1,21,0,31.1,16.28
2018,2,1,22,0,26.94,15.36
2018,2,1,23,0,25.42,15.14
2018,2,2,0,0,26.03,14.41
2018,2,2,1,0,26.52,14.36
2018,2,2,2,0,24.810000000000002,13.68
2018,2,2,3,0,25.73,13.6
2018,2,2,4,0,26.75,12.98
2018,2,2,5,0,27.48,12.14
2018,2,2,6,0,30.3,11.47
2018,2,2,7,0,24.55,12.49
2018,2,2,8,0,32.64,9.97
2018,2,2,9,0,33.230000000000004,12.13
2018,2,2,10,0,37.78,12.74
2018,2,2,11,0,34.49,12.200000000000001
2018,2,2,12,0,36.24,11.61
2018,2,2,13,0,27.59,11.120000000000001
2018,2,2,14,0,27.650000000000002,13.1
2018,2,2,15,0,24.63,14.24
2018,2,2,16,0,24.38,15.6
2018,2,2,17,0,24.3,16.56
2018,2,2,18,0,25.59,17.79
2018,2,2,19,0,29.29,19.05
2018,2,2,20,0,35.1,18.63
2018,2,2,21,0,32.230000000000004,17.92
2018,2,2,22,0,29.76,16.81
2018,2,2,23,0,36.96,16.39
2018,2,3,0,0,33.95,17.29
2018,2,3,1,0,35.24,15.74
2018,2,3,2,0,32.02,15.02
2018,2,3,3,0,29.92,15.16
2018,2,3,4,0,27.75,14.56
2018,2,3,5,0,28.09,15.14
2018,2,3,6,0,36.27,15.26
2018,2,3,7,0,46.86,15.64
2018,2,3,8,0,42.87,14
2018,2,3,9,0,28.85,10.870000000000001
2018,2,3,10,0,26.21,11.99
2018,2,3,11,0,29.98,13.040000000000001
2018,2,3,12,0,37.26,13.61
2018,2,3,13,0,38.68,13.51
2018,2,3,14,0,40.07,12.82
2018,2,3,15,0,38.45,12.19
2018,2,3,16,0,39.59,11.66
2018,2,3,17,0,37.82,10.72
2018,2,3,18,0,34.37,11.35
2018,2,3,19,0,33.39,11.44
2018,2,3,20,0,34.09,11.22
2018,2,3,21,0,31.650000000000002,11.620000000000001
2018,2,3,22,0,29.22,11.75
2018,2,3,23,0,33.05,11.370000000000001
2018,2,4,0,0,31.92,11.370000000000001
2018,2,4,1,0,33.22,11.27
2018,2,4,2,0,33.5,11.56
2018,2,4,3,0,27.41,11.19
2018,2,4,4,0,25.990000000000002,10.68
2018,2,4,5,0,25.7,10.24
2018,2,4,6,0,24.95,9.67
2018,2,4,7,0,29.68,8.75
2018,2,4,8,0,31.57,8.02
2018,2,4,9,0,38.04,7.0200000000000005
2018,2,4,10,0,31.84,7.61
2018,2,4,11,0,36.39,7.51
2018,2,4,12,0,50.74,6.04
2018,2,4,13,0,41.83,6.74
2018,2,4,14,0,37.39,7.5
2018,2,4,15,0,46.75,6.94
2018,2,4,16,0,41.72,5.17
2018,2,4,17,0,33.32,2.95
2018,2,4,18,0,17.09,1.8900000000000001
2018,2,4,19,0,26.54,1.8800000000000001
2018,2,4,20,0,60.980000000000004,1.1
2018,2,4,21,0,32.39,0.8
2018,2,4,22,0,49.9,0.9400000000000001
2018,2,4,23,0,188.15,0.7000000000000001
2018,2,5,0,0,238.22,0.5700000000000001
2018,2,5,1,0,238.32,0.49
2018,2,5,2,0,109.77,0.61
2018,2,5,3,0,108.42,0.71
2018,2,5,4,0,132.96,0.63
2018,2,5,5,0,114.9,0.61
2018,2,5,6,0,59.07,0.81
2018,2,5,7,0,87.98,0.52
2018,2,5,8,0,39.34,0.51
2018,2,5,9,0,27.09,2.15
2018,2,5,10,0,45.35,4.09
2018,2,5,11,0,45.57,4.46
2018,2,5,12,0,60.9,3.49
2018,2,5,13,0,51.75,2.66
2018,2,5,14,0,39,2.6
2018,2,5,15,0,38.09,4.21
2018,2,5,16,0,47.62,4.44
2018,2,5,17,0,42.74,4.2700000000000005
2018,2,5,18,0,41.56,4.64
2018,2,5,19,0,40.980000000000004,5.36
2018,2,5,20,0,38.09,7.68
2018,2,5,21,0,32.95,7.72
2018,2,5,22,0,30.560000000000002,9.4
2018,2,5,23,0,29.830000000000002,9.99
2018,2,6,0,0,33.480000000000004,10.14
2018,2,6,1,0,27.66,12.27
2018,2,6,2,0,32.09,11.4
2018,2,6,3,0,31.19,11.27
2018,2,6,4,0,30.080000000000002,11.78
2018,2,6,5,0,36.14,11.38
2018,2,6,6,0,46.12,12.38
2018,2,6,7,0,49.45,12.13
2018,2,6,8,0,47.58,10.59
2018,2,6,9,0,31.330000000000002,11
2018,2,6,10,0,17.86,11.36
2018,2,6,11,0,21.84,10.790000000000001
2018,2,6,12,0,32.24,10.450000000000001
2018,2,6,13,0,45.56,10.6
2018,2,6,14,0,54.35,10.66
2018,2,6,15,0,49.480000000000004,12.81
2018,2,6,16,0,41.58,11.88
2018,2,6,17,0,39.45,11.44
2018,2,6,18,0,29.52,10.58
2018,2,6,19,0,30.1,10.43
2018,2,6,20,0,30.66,9.17
2018,2,6,21,0,35.050000000000004,7.83
2018,2,6,22,0,35.88,6.67
2018,2,6,23,0,27.63,5.19
2018,2,7,0,0,9.870000000000001,3.7800000000000002
2018,2,7,1,0,4.93,3.19
2018,2,7,2,0,6.47,2.5500000000000003
2018,2,7,3,0,348.14,1.57
2018,2,7,4,0,6.58,1.54
2018,2,7,5,0,24.330000000000002,0.84
2018,2,7,6,0,205.20000000000002,0.12
2018,2,7,7,0,233.49,1.19
2018,2,7,8,0,244.37,2.07
2018,2,7,9,0,241.39000000000001,2.36
2018,2,7,10,0,235.27,2.75
2018,2,7,11,0,239.86,3.04
2018,2,7,12,0,232.29,2.83
2018,2,7,13,0,225.08,3.0500000000000003
2018,2,7,14,0,230.8,3.36
2018,2,7,15,0,225,3.22
2018,2,7,16,0,219.08,3.56
2018,2,7,17,0,216.73000000000002,3.75
2018,2,7,18,0,213.32,3.49
2018,2,7,19,0,207.3,2.67
2018,2,7,20,0,194.21,1.87
2018,2,7,21,0,100.46000000000001,1.02
2018,2,7,22,0,139.55,1.17
2018,2,7,23,0,123.8,0.76
2018,2,8,0,0,88.05,0.6900000000000001
2018,2,8,1,0,99.98,0.44
2018,2,8,2,0,292.09000000000003,0.18
2018,2,8,3,0,333.56,0.7000000000000001
2018,2,8,4,0,339.69,0.76
2018,2,8,5,0,20.12,0.89
2018,2,8,6,0,24.91,0.68
2018,2,8,7,0,45.13,0.66
2018,2,8,8,0,51.21,1.48
2018,2,8,9,0,36.26,2.36
2018,2,8,10,0,30.52,2.72
2018,2,8,11,0,32.3,3.19
2018,2,8,12,0,49.53,3.06
2018,2,8,13,0,30.36,2.32
2018,2,8,14,0,37.83,2.84
2018,2,8,15,0,39.1,3.67
2018,2,8,16,0,39.83,4.36
2018,2,8,17,0,41.69,3.93
2018,2,8,18,0,29.48,3.2
2018,2,8,19,0,22.48,2.69
2018,2,8,20,0,38.230000000000004,3.31
2018,2,8,21,0,63.32,3.8000000000000003
2018,2,8,22,0,55.2,4.91
2018,2,8,23,0,47.43,5.45
2018,2,9,0,0,43.57,4.9
2018,2,9,1,0,38.6,4.49
2018,2,9,2,0,40.46,3.5100000000000002
2018,2,9,3,0,43.52,2.92
2018,2,9,4,0,31.240000000000002,3.81
2018,2,9,5,0,28.52,4.68
2018,2,9,6,0,24.53,4.37
2018,2,9,7,0,23.69,3.86
2018,2,9,8,0,37.24,4.59
2018,2,9,9,0,38.02,5.5600000000000005
2018,2,9,10,0,41,6.7
2018,2,9,11,0,36.67,8.01
2018,2,9,12,0,36.92,8.2
2018,2,9,13,0,31.05,9.23
2018,2,9,14,0,29.28,7.8
2018,2,9,15,0,25.44,5.25
2018,2,9,16,0,29.96,5.48
2018,2,9,17,0,32.02,5.76
2018,2,9,18,0,32.36,5.7700000000000005
2018,2,9,19,0,36.24,7.0600000000000005
2018,2,9,20,0,36.78,7.32
2018,2,9,21,0,37.11,8.01
2018,2,9,22,0,38.87,8.31
2018,2,9,23,0,37.21,9.39
2018,2,10,0,0,36.88,9.27
2018,2,10,1,0,39.12,10
2018,2,10,2,0,40.68,9.68
2018,2,10,3,0,38.85,9.52
2018,2,10,4,0,44.34,9.94
2018,2,10,5,0,66.79,7.17
2018,2,10,6,0,71.36,7.36
2018,2,10,7,0,74.82000000000001,6.92
2018,2,10,8,0,73.02,9.8
2018,2,10,9,0,51.800000000000004,8.72
2018,2,10,10,0,30.14,10.14
2018,2,10,11,0,33.81,10.03
2018,2,10,12,0,44.52,10.93
2018,2,10,13,0,49.06,11
2018,2,10,14,0,30.63,10.86
2018,2,10,15,0,31.89,9.92
2018,2,10,16,0,29.36,9.790000000000001
2018,2,10,17,0,33.11,9.68
2018,2,10,18,0,40.18,12.26
2018,2,10,19,0,42.2,12.31
2018,2,10,20,0,32.97,11.33
2018,2,10,21,0,27.03,11.92
2018,2,10,22,0,23.1,12.01
2018,2,10,23,0,20.96,10.55
2018,2,11,0,0,22.19,10.58
2018,2,11,1,0,17.42,10.4
2018,2,11,2,0,17.67,9.5
2018,2,11,3,0,34.27,7.18
2018,2,11,4,0,30.41,7.32
2018,2,11,5,0,31.560000000000002,6.92
2018,2,11,6,0,33.39,7.08
2018,2,11,7,0,30.560000000000002,7.37
2018,2,11,8,0,26.44,7.24
2018,2,11,9,0,22.47,5.91
2018,2,11,10,0,20.6,5.15
2018,2,11,11,0,4.5600000000000005,5.15
2018,2,11,12,0,10.09,5.12
2018,2,11,13,0,20.48,4.26
2018,2,11,14,0,19.48,3.22
2018,2,11,15,0,27.63,1.54
2018,2,11,16,0,31.88,1.31
2018,2,11,17,0,51.42,1.68
2018,2,11,18,0,84.04,1.32
2018,2,11,19,0,80.49,1.3900000000000001
2018,2,11,20,0,71.19,1.93
2018,2,11,21,0,62.980000000000004,0.28
2018,2,11,22,0,262.69,0.13
2018,2,11,23,0,230.61,0.43
2018,2,12,0,0,194.94,1.2
2018,2,12,1,0,184.19,2.61
2018,2,12,2,0,188.68,5.51
2018,2,12,3,0,182.49,7.13
2018,2,12,4,0,178.6,6.7700000000000005
2018,2,12,5,0,175.62,7.930000000000001
2018,2,12,6,0,163.35,6.36
2018,2,12,7,0,145.55,2.95
2018,2,12,8,0,104.85000000000001,1.28
2018,2,12,9,0,82.55,2.83
2018,2,12,10,0,92.99,1.4000000000000001
2018,2,12,11,0,66.8,3.02
2018,2,12,12,0,109.44,1.76
2018,2,12,13,0,169.24,2.18
2018,2,12,14,0,184.48,6.61
2018,2,12,15,0,186.47,18.38
2018,2,12,16,0,192.01,17.38
2018,2,12,17,0,187.72,16.64
2018,2,12,18,0,193.95000000000002,16.53
2018,2,12,19,0,204.01,15.52
2018,2,12,20,0,233.41,11.44
2018,2,12,21,0,232.37,6.5
2018,2,12,22,0,238.44,9.96
2018,2,12,23,0,265.08,12.98
2018,2,13,0,0,262.49,3.8200000000000003
2018,2,13,1,0,305.49,10.67
2018,2,13,2,0,310.09000000000003,12.56
2018,2,13,3,0,306.65000000000003,12.52
2018,2,13,4,0,302.25,17.95
2018,2,13,5,0,300.56,19.81
2018,2,13,6,0,312.47,14.18
2018,2,13,7,0,283.55,8.83
2018,2,13,8,0,303.05,18.72
2018,2,13,9,0,296.46,12.6
2018,2,13,10,0,293,14.51
2018,2,13,11,0,290.06,22.830000000000002
2018,2,13,12,0,286.08,19.57
2018,2,13,13,0,295.16,16.03
2018,2,13,14,0,277.15000000000003,10.290000000000001
2018,2,13,15,0,304.31,13.530000000000001
2018,2,13,16,0,286.71,11.34
2018,2,13,17,0,32.08,5.61
2018,2,13,18,0,94.47,7.03
2018,2,13,19,0,118.95,6.92
2018,2,13,20,0,134.27,8.75
2018,2,13,21,0,125.59,8.65
2018,2,13,22,0,139.1,6.22
2018,2,13,23,0,179.37,1.22
2018,2,14,0,0,232.62,2.58
2018,2,14,1,0,186.71,3.42
2018,2,14,2,0,180.49,3.64
2018,2,14,3,0,319.87,5.7
2018,2,14,4,0,22.09,2.14
2018,2,14,5,0,234.14000000000001,0.09
2018,2,14,6,0,25.22,0.45
2018,2,14,7,0,67.78,2.06
2018,2,14,8,0,128.49,1.82
2018,2,14,9,0,157.55,1.84
2018,2,14,10,0,198.89000000000001,1.35
2018,2,14,11,0,176.37,0.86
2018,2,14,12,0,111.61,1.58
2018,2,14,13,0,73.99,0.99
2018,2,14,14,0,23.69,1.93
2018,2,14,15,0,15.41,4.37
2018,2,14,16,0,20.37,5.4
2018,2,14,17,0,35.59,4.23
2018,2,14,18,0,63.56,4.25
2018,2,14,19,0,89.87,3.0500000000000003
2018,2,14,20,0,65.91,2.62
2018,2,14,21,0,40.13,4.33
2018,2,14,22,0,42.9,4.96
2018,2,14,23,0,29.16,5.44
2018,2,15,0,0,30.63,5.29
2018,2,15,1,0,35.28,4.61
2018,2,15,2,0,41.04,3.12
2018,2,15,3,0,34.62,4.07
2018,2,15,4,0,48.07,3.13
2018,2,15,5,0,59.660000000000004,2.1
2018,2,15,6,0,51.910000000000004,2.11
2018,2,15,7,0,66.61,1.51
2018,2,15,8,0,75.98,2.83
2018,2,15,9,0,75.87,3.0100000000000002
2018,2,15,10,0,67.78,3.59
2018,2,15,11,0,61.04,2.87
2018,2,15,12,0,70.01,2.23
2018,2,15,13,0,58.99,2.84
2018,2,15,14,0,64.45,1.97
2018,2,15,15,0,32.980000000000004,1.07
2018,2,15,16,0,25.01,1.18
2018,2,15,17,0,38.730000000000004,1.74
2018,2,15,18,0,30.2,2.24
2018,2,15,19,0,332.49,0.63
2018,2,15,20,0,52.81,2.31
2018,2,15,21,0,19.79,1.1
2018,2,15,22,0,44.78,3.08
2018,2,15,23,0,42.75,5.46
2018,2,16,0,0,34.1,7.59
2018,2,16,1,0,56.38,5.9
2018,2,16,2,0,58.33,4.95
2018,2,16,3,0,49.81,5.57
2018,2,16,4,0,42.39,5.73
2018,2,16,5,0,33.45,5.18
2018,2,16,6,0,23.1,4.93
2018,2,16,7,0,14.74,3.71
2018,2,16,8,0,12.66,3.3200000000000003
2018,2,16,9,0,34.78,4.32
2018,2,16,10,0,40.300000000000004,7.3500000000000005
2018,2,16,11,0,49.07,8.15
2018,2,16,12,0,67.21000000000001,3.96
2018,2,16,13,0,44.25,2.8000000000000003
2018,2,16,14,0,33.56,2.12
2018,2,16,15,0,28.14,4.18
2018,2,16,16,0,8.68,2.87
2018,2,16,17,0,359.7,3.5100000000000002
2018,2,16,18,0,2.38,3.18
2018,2,16,19,0,357.73,1.83
2018,2,16,20,0,329.68,1.12
2018,2,16,21,0,339.61,0.48
2018,2,16,22,0,178.53,0.18
2018,2,16,23,0,185.74,1.5
2018,2,17,0,0,194.01,2.2
2018,2,17,1,0,180.59,2.22
2018,2,17,2,0,151.32,2.32
2018,2,17,3,0,219.62,2.73
2018,2,17,4,0,226.74,3.74
2018,2,17,5,0,209.02,2.6
2018,2,17,6,0,213.65,2.17
2018,2,17,7,0,225.03,3.37
2018,2,17,8,0,187.29,1.97
2018,2,17,9,0,165.28,2.32
2018,2,17,10,0,204.43,1.96
2018,2,17,11,0,197.49,1.1300000000000001
2018,2,17,12,0,168.45000000000002,0.19
2018,2,17,13,0,98.24000000000001,0.41000000000000003
2018,2,17,14,0,144.45000000000002,0.77
2018,2,17,15,0,214.37,0.45
2018,2,17,16,0,153.99,0.27
2018,2,17,17,0,78.19,1.3900000000000001
2018,2,17,18,0,87.43,2.14
2018,2,17,19,0,67.4,2.45
2018,2,17,20,0,32.26,2.83
2018,2,17,21,0,34.75,3.85
2018,2,17,22,0,32.81,3.63
2018,2,17,23,0,33.35,4.23
2018,2,18,0,0,45.660000000000004,4.26
2018,2,18,1,0,47.77,3.24
2018,2,18,2,0,41.93,2.91
2018,2,18,3,0,27.29,2.7600000000000002
2018,2,18,4,0,47.980000000000004,2.79
2018,2,18,5,0,38.31,3.13
2018,2,18,6,0,74.08,1.6600000000000001
2018,2,18,7,0,66.41,1.68
2018,2,18,8,0,36.57,0.64
2018,2,18,9,0,38.51,1.1400000000000001
2018,2,18,10,0,53.03,1.42
2018,2,18,11,0,68.42,1
2018,2,18,12,0,21.73,1.48
2018,2,18,13,0,37.46,2.32
2018,2,18,14,0,29.54,2.73
2018,2,18,15,0,33.97,2.96
2018,2,18,16,0,32.27,2.92
2018,2,18,17,0,48.43,1.51
2018,2,18,18,0,89.58,0.78
2018,2,18,19,0,106.06,0.65
2018,2,18,20,0,181.59,0.23
2018,2,18,21,0,188.31,1.05
2018,2,18,22,0,177.12,0.73
2018,2,18,23,0,247.68,1.34
2018,2,19,0,0,196.32,3.48
2018,2,19,1,0,197.81,3.47
2018,2,19,2,0,178.86,5.3100000000000005
2018,2,19,3,0,190.51,8.22
2018,2,19,4,0,183.86,6.84
2018,2,19,5,0,142.63,1.82
2018,2,19,6,0,40.59,5.5200000000000005
2018,2,19,7,0,36.09,7.3500000000000005
2018,2,19,8,0,26.73,5.78
2018,2,19,9,0,32.61,5.28
2018,2,19,10,0,39.69,5.2700000000000005
2018,2,19,11,0,44.56,4.7
2018,2,19,12,0,30.57,3.47
2018,2,19,13,0,41.97,3.45
2018,2,19,14,0,57.21,3.65
2018,2,19,15,0,52.43,4.34
2018,2,19,16,0,43.64,5.21
2018,2,19,17,0,40,5.3500000000000005
2018,2,19,18,0,34.24,5.07
2018,2,19,19,0,5.29,3.52
2018,2,19,20,0,29.54,3.33
2018,2,19,21,0,40.62,4.19
2018,2,19,22,0,36.82,3.14
2018,2,19,23,0,54.11,1.5
2018,2,20,0,0,81.09,1.49
2018,2,20,1,0,76.63,2.41
2018,2,20,2,0,73.44,2.88
2018,2,20,3,0,54.93,1.75
2018,2,20,4,0,36.92,2.7800000000000002
2018,2,20,5,0,28.77,2.61
2018,2,20,6,0,37.4,2.15
2018,2,20,7,0,72.83,2.63
2018,2,20,8,0,97.33,1.3900000000000001
2018,2,20,9,0,145.02,1.9000000000000001
2018,2,20,10,0,178.9,2.64
2018,2,20,11,0,176.86,3.7600000000000002
2018,2,20,12,0,158.4,3.94
2018,2,20,13,0,144.1,2.7600000000000002
2018,2,20,14,0,169.74,2.63
2018,2,20,15,0,103.91,2.04
2018,2,20,16,0,43.86,3.4
2018,2,20,17,0,45.02,4.88
2018,2,20,18,0,60.18,4.84
2018,2,20,19,0,55.71,4.87
2018,2,20,20,0,61.33,2.4
2018,2,20,21,0,319.34000000000003,1.24
2018,2,20,22,0,309.46,2.63
2018,2,20,23,0,323.40000000000003,0.92
2018,2,21,0,0,84.38,2.48
2018,2,21,1,0,74.42,2.86
2018,2,21,2,0,67.29,3.5700000000000003
2018,2,21,3,0,82.37,2.16
2018,2,21,4,0,66.97,1.54
2018,2,21,5,0,28.44,1.54
2018,2,21,6,0,31.43,2.41
2018,2,21,7,0,34.18,1.6600000000000001
2018,2,21,8,0,51.95,1.51
2018,2,21,9,0,83.55,1.27
2018,2,21,10,0,103.75,1.41
2018,2,21,11,0,87.31,2.57
2018,2,21,12,0,84.16,3.81
2018,2,21,13,0,68.08,3.35
2018,2,21,14,0,59.63,2.49
2018,2,21,15,0,38.81,1.98
2018,2,21,16,0,34.2,1.44
2018,2,21,17,0,15.07,0.88
2018,2,21,18,0,1.25,0.68
2018,2,21,19,0,76.31,0.99
2018,2,21,20,0,106.7,0.88
2018,2,21,21,0,131.48,1.22
2018,2,21,22,0,188.82,0.6900000000000001
2018,2,21,23,0,227.27,0.6900000000000001
2018,2,22,0,0,263.16,0.81
2018,2,22,1,0,306.59000000000003,0.7000000000000001
2018,2,22,2,0,329.7,0.29
2018,2,22,3,0,91.44,0.87
2018,2,22,4,0,116.43,0.64
2018,2,22,5,0,129.31,1.43
2018,2,22,6,0,119.99000000000001,1.21
2018,2,22,7,0,137.47,1.79
2018,2,22,8,0,111.06,1.1300000000000001
2018,2,22,9,0,88.07000000000001,1.44
2018,2,22,10,0,64.38,2.15
2018,2,22,11,0,52.52,2.7
2018,2,22,12,0,70.18,3
2018,2,22,13,0,72.29,3.13
2018,2,22,14,0,71.86,3.13
2018,2,22,15,0,72.11,3.59
2018,2,22,16,0,71.23,2.45
2018,2,22,17,0,57.84,2.47
2018,2,22,18,0,61.81,3.06
2018,2,22,19,0,68.59,2.9
2018,2,22,20,0,65.17,3.75
2018,2,22,21,0,66.61,3.0500000000000003
2018,2,22,22,0,53.09,3.38
2018,2,22,23,0,47.08,2.87
2018,2,23,0,0,45.480000000000004,3.13
2018,2,23,1,0,59.38,3.38
2018,2,23,2,0,65.05,2.79
2018,2,23,3,0,63.24,2.13
2018,2,23,4,0,61.61,2.5100000000000002
2018,2,23,5,0,67.78,2.39
2018,2,23,6,0,63.78,2.04
2018,2,23,7,0,74.32000000000001,1.55
2018,2,23,8,0,91.96000000000001,1.05
2018,2,23,9,0,137.62,0.65
2018,2,23,10,0,137.77,1.23
2018,2,23,11,0,140.29,1.48
2018,2,23,12,0,126.79,1.21
2018,2,23,13,0,101.91,0.89
2018,2,23,14,0,64.77,1.57
2018,2,23,15,0,45.27,3.06
2018,2,23,16,0,50.08,4.64
2018,2,23,17,0,49.17,5.2700000000000005
2018,2,23,18,0,48.83,5.51
2018,2,23,19,0,49.39,5.76
2018,2,23,20,0,53.4,4.68
2018,2,23,21,0,47.01,4.1
2018,2,23,22,0,32.25,2.08
2018,2,23,23,0,3.24,0.34
2018,2,24,0,0,39.43,0.05
2018,2,24,1,0,174.67000000000002,0.35000000000000003
2018,2,24,2,0,354.29,0.33
2018,2,24,3,0,45.39,1.68
2018,2,24,4,0,53.94,2.37
2018,2,24,5,0,4.99,3.12
2018,2,24,6,0,305.65000000000003,1.84
2018,2,24,7,0,289.5,5.55
2018,2,24,8,0,286.91,18.77
2018,2,24,9,0,294.69,15.38
2018,2,24,10,0,309.06,13.09
2018,2,24,11,0,286.77,13.32
2018,2,24,12,0,162.12,4.61
2018,2,24,13,0,249.72,3.3200000000000003
2018,2,24,14,0,301.62,5.84
2018,2,24,15,0,309.51,13.89
2018,2,24,16,0,330.26,9.200000000000001
2018,2,24,17,0,330,11.5
2018,2,24,18,0,300.38,8.18
2018,2,24,19,0,300.96,9.86
2018,2,24,20,0,295.41,15.44
2018,2,24,21,0,275.24,8.89
2018,2,24,22,0,181.14000000000001,8.120000000000001
2018,2,24,23,0,211.53,7.88
2018,2,25,0,0,200.96,8.02
2018,2,25,1,0,196.19,8
2018,2,25,2,0,235.01,7.84
2018,2,25,3,0,220.35,8.45
2018,2,25,4,0,197.81,6.140000000000001
2018,2,25,5,0,227.78,5.96
2018,2,25,6,0,190.64000000000001,6.37
2018,2,25,7,0,218.08,6.0200000000000005
2018,2,25,8,0,188.21,6.01
2018,2,25,9,0,176.52,4.8100000000000005
2018,2,25,10,0,210.78,2.9
2018,2,25,11,0,66.1,1.17
2018,2,25,12,0,133.43,2.7
2018,2,25,13,0,112.79,1.79
2018,2,25,14,0,166.31,1.33
2018,2,25,15,0,355.33,0.24
2018,2,25,16,0,351.76,0.6900000000000001
2018,2,25,17,0,173.13,1.92
2018,2,25,18,0,183.3,2.84
2018,2,25,19,0,206.59,9.74
2018,2,25,20,0,205.05,9.86
2018,2,25,21,0,201.49,7.47
2018,2,25,22,0,208.75,5.54
2018,2,25,23,0,223.89000000000001,7.24
2018,2,26,0,0,247.12,8.55
2018,2,26,1,0,246.11,6.2700000000000005
2018,2,26,2,0,194.81,5.73
2018,2,26,3,0,204.88,6.28
2018,2,26,4,0,216.88,6.0200000000000005
2018,2,26,5,0,237.38,8.35
2018,2,26,6,0,249.47,7.82
2018,2,26,7,0,281.46,7.87
2018,2,26,8,0,279.96,8.370000000000001
2018,2,26,9,0,285.5,10.74
2018,2,26,10,0,265.48,7.74
2018,2,26,11,0,247.23000000000002,10.88
2018,2,26,12,0,301.67,2.96
2018,2,26,13,0,56.34,4.75
2018,2,26,14,0,66.45,3.86
2018,2,26,15,0,46.06,5.5600000000000005
2018,2,26,16,0,18.63,8.14
2018,2,26,17,0,57.59,7.57
2018,2,26,18,0,96.5,6.44
2018,2,26,19,0,177.74,1.57
2018,2,26,20,0,168.93,5.97
2018,2,26,21,0,111.36,3.92
2018,2,26,22,0,133.05,6.44
2018,2,26,23,0,133.99,7.1000000000000005
2018,2,27,0,0,119.58,6.29
2018,2,27,1,0,69.07000000000001,4.9
2018,2,27,2,0,81.93,4.3500000000000005
2018,2,27,3,0,86.47,4.61
2018,2,27,4,0,79.24,2.11
2018,2,27,5,0,74.48,4.01
2018,2,27,6,0,75.44,1.93
2018,2,27,7,0,121.10000000000001,4.42
2018,2,27,8,0,121.78,2.74
2018,2,27,9,0,131.81,1.48
2018,2,27,10,0,65.66,2.08
2018,2,27,11,0,106.7,2.69
2018,2,27,12,0,91.78,1.7
2018,2,27,13,0,225.23000000000002,1.61
2018,2,27,14,0,203.12,1.19
2018,2,27,15,0,131.65,1.3900000000000001
2018,2,27,16,0,116.62,1.37
2018,2,27,17,0,334.86,0.27
2018,2,27,18,0,19.54,1.55
2018,2,27,19,0,74.3,0.8
2018,2,27,20,0,68.88,0.49
2018,2,27,21,0,280.99,0.36
2018,2,27,22,0,136.39000000000001,0.89
2018,2,27,23,0,156.28,2.08
2018,2,28,0,0,135.72,2.31
2018,2,28,1,0,138.87,1.07
2018,2,28,2,0,87.86,0.8300000000000001
2018,2,28,3,0,82.83,1.28
2018,2,28,4,0,64.55,1.01
2018,2,28,5,0,107.54,1.3800000000000001
2018,2,28,6,0,106.78,2.06
2018,2,28,7,0,100.36,2.16
2018,2,28,8,0,90.61,2
2018,2,28,9,0,63.440000000000005,1.95
2018,2,28,10,0,64.95,3.98
2018,2,28,11,0,63.47,4.0200000000000005
2018,2,28,12,0,70.97,3.75
2018,2,28,13,0,56.89,3.58
2018,2,28,14,0,53.75,3.13
2018,2,28,15,0,58.08,3.0300000000000002
2018,2,28,16,0,65.33,3.2
2018,2,28,17,0,72.44,3.34
2018,2,28,18,0,62.620000000000005,3.16
2018,2,28,19,0,64.87,3.37
2018,2,28,20,0,64.21000000000001,3.88
2018,2,28,21,0,58.39,3.84
2018,2,28,22,0,56.71,4.03
2018,2,28,23,0,44.96,4.18
2018,3,1,0,0,49.1,4.3100000000000005
2018,3,1,1,0,45.03,4.09
2018,3,1,2,0,43.28,3.7
2018,3,1,3,0,30.490000000000002,3.12
2018,3,1,4,0,36.53,3
2018,3,1,5,0,56.44,3.16
2018,3,1,6,0,76.17,3.0300000000000002
2018,3,1,7,0,71.55,2.98
2018,3,1,8,0,71.69,2.65
2018,3,1,9,0,65.68,3.15
2018,3,1,10,0,55.57,3.45
2018,3,1,11,0,53.64,3.73
2018,3,1,12,0,70.57000000000001,3.37
2018,3,1,13,0,57.64,3.4
2018,3,1,14,0,62.21,3.58
2018,3,1,15,0,51.050000000000004,3.69
2018,3,1,16,0,49.02,3.2800000000000002
2018,3,1,17,0,35.44,2.65
2018,3,1,18,0,30.26,3.66
2018,3,1,19,0,46.14,4.51
2018,3,1,20,0,64.96000000000001,3.49
2018,3,1,21,0,52.69,3.71
2018,3,1,22,0,55.47,3.42
2018,3,1,23,0,39.980000000000004,3.11
2018,3,2,0,0,25.76,3.77
2018,3,2,1,0,21.01,2.67
2018,3,2,2,0,24.46,2.79
2018,3,2,3,0,38.71,2.67
2018,3,2,4,0,27.32,2.23
2018,3,2,5,0,30.03,2.4
2018,3,2,6,0,26.42,3.47
2018,3,2,7,0,27.27,3.14
2018,3,2,8,0,39.07,3.35
2018,3,2,9,0,25.11,2.34
2018,3,2,10,0,36.2,1.84
2018,3,2,11,0,70.60000000000001,1.6500000000000001
2018,3,2,12,0,107.69,0.78
2018,3,2,13,0,166.63,1.22
2018,3,2,14,0,164,1.09
2018,3,2,15,0,146.14000000000001,1.18
2018,3,2,16,0,45.46,1.99
2018,3,2,17,0,34.85,3.0300000000000002
2018,3,2,18,0,26.810000000000002,3
2018,3,2,19,0,33.99,3.36
2018,3,2,20,0,27.26,3.21
2018,3,2,21,0,19.61,2.95
2018,3,2,22,0,29.71,3.5100000000000002
2018,3,2,23,0,46.75,3.39
2018,3,3,0,0,49.14,4.58
2018,3,3,1,0,65.55,4.14
2018,3,3,2,0,52.64,3.68
2018,3,3,3,0,33.19,3.09
2018,3,3,4,0,27.400000000000002,2.11
2018,3,3,5,0,69.79,1.17
2018,3,3,6,0,37.35,0.4
2018,3,3,7,0,356.14,2.43
2018,3,3,8,0,345.16,2.83
2018,3,3,9,0,357.2,3.91
2018,3,3,10,0,13.06,4.53
2018,3,3,11,0,19.3,4.72
2018,3,3,12,0,5.76,5.08
2018,3,3,13,0,9.44,5.34
2018,3,3,14,0,19.27,5.8
2018,3,3,15,0,20.05,6.25
2018,3,3,16,0,11.89,5.58
2018,3,3,17,0,13.49,4.41
2018,3,3,18,0,11.88,4.05
2018,3,3,19,0,14.67,4.54
2018,3,3,20,0,21.21,4.2700000000000005
2018,3,3,21,0,23.88,3.94
2018,3,3,22,0,28.69,3.62
2018,3,3,23,0,32.18,3.3200000000000003
2018,3,4,0,0,42.22,2.77
2018,3,4,1,0,41.56,2.06
2018,3,4,2,0,14.15,1.67
2018,3,4,3,0,17.71,2.2
2018,3,4,4,0,53.96,2.5100000000000002
2018,3,4,5,0,54.7,0.93
2018,3,4,6,0,328.83,1.44
2018,3,4,7,0,332.2,0.88
2018,3,4,8,0,4.36,0.87
2018,3,4,9,0,258.71,0.09
2018,3,4,10,0,164.22,0.96
2018,3,4,11,0,114.69,1.47
2018,3,4,12,0,46.46,4.17
2018,3,4,13,0,346.65000000000003,2.67
2018,3,4,14,0,184.3,0.71
2018,3,4,15,0,299.37,1.97
2018,3,4,16,0,55.59,1.72
2018,3,4,17,0,95.08,0.52
2018,3,4,18,0,266.2,0.77
2018,3,4,19,0,193,0.49
2018,3,4,20,0,302.28000000000003,0.07
2018,3,4,21,0,13.51,0.76
2018,3,4,22,0,7.29,0.8300000000000001
2018,3,4,23,0,1.32,1.23
2018,3,5,0,0,29,1.25
2018,3,5,1,0,14.91,2.12
2018,3,5,2,0,8.51,2.24
2018,3,5,3,0,356.46,2.08
2018,3,5,4,0,332.64,1.52
2018,3,5,5,0,7.54,1.41
2018,3,5,6,0,72.3,0.99
2018,3,5,7,0,166.65,1.1
2018,3,5,8,0,181.6,1.02
2018,3,5,9,0,165.73,1.6400000000000001
2018,3,5,10,0,154.03,2.3000000000000003
2018,3,5,11,0,138.77,2.29
2018,3,5,12,0,134.29,2.2600000000000002
2018,3,5,13,0,117.26,1.98
2018,3,5,14,0,85.39,1.44
2018,3,5,15,0,75.42,1.06
2018,3,5,16,0,82.05,1.93
2018,3,5,17,0,85.02,2.19
2018,3,5,18,0,86.10000000000001,2.2
2018,3,5,19,0,80.95,2.2600000000000002
2018,3,5,20,0,71.96000000000001,2.48
2018,3,5,21,0,58.370000000000005,3.36
2018,3,5,22,0,47.61,2.77
2018,3,5,23,0,46.52,2.75
2018,3,6,0,0,45.230000000000004,1.79
2018,3,6,1,0,52.09,1.33
2018,3,6,2,0,89.91,0.6
2018,3,6,3,0,90.38,0.88
2018,3,6,4,0,166.83,1.21
2018,3,6,5,0,186.94,1.44
2018,3,6,6,0,186.56,1.6400000000000001
2018,3,6,7,0,178.58,1.75
2018,3,6,8,0,205.46,1.11
2018,3,6,9,0,164.88,1.54
2018,3,6,10,0,138.89000000000001,2.86
2018,3,6,11,0,128.25,2.47
2018,3,6,12,0,111.88,1.36
2018,3,6,13,0,101.02,2.07
2018,3,6,14,0,53.86,2.98
2018,3,6,15,0,60.31,4.36
2018,3,6,16,0,56.17,4.89
2018,3,6,17,0,47.17,4.95
2018,3,6,18,0,72.72,4.54
2018,3,6,19,0,63.63,5.76
2018,3,6,20,0,63.86,6.26
2018,3,6,21,0,61.56,5.78
2018,3,6,22,0,47.02,5.76
2018,3,6,23,0,45.69,6.05
2018,3,7,0,0,31.63,7.11
2018,3,7,1,0,24.46,6.86
2018,3,7,2,0,14.24,6.79
2018,3,7,3,0,11.6,6.3100000000000005
2018,3,7,4,0,13.870000000000001,5.62
2018,3,7,5,0,14.44,4.51
2018,3,7,6,0,21.23,2.71
2018,3,7,7,0,11.27,1.4000000000000001
2018,3,7,8,0,16.29,1.16
2018,3,7,9,0,24.2,1.07
2018,3,7,10,0,38.74,1.48
2018,3,7,11,0,39.12,2.21
2018,3,7,12,0,43.01,2.89
2018,3,7,13,0,34.99,3.5500000000000003
2018,3,7,14,0,27.990000000000002,4.5200000000000005
2018,3,7,15,0,22.98,4.03
2018,3,7,16,0,19.17,3.63
2018,3,7,17,0,26.48,3.92
2018,3,7,18,0,49.95,3.92
2018,3,7,19,0,50.79,4.54
2018,3,7,20,0,41.980000000000004,2.88
2018,3,7,21,0,37,2.16
2018,3,7,22,0,359.04,1.1500000000000001
2018,3,7,23,0,284.61,0.63
2018,3,8,0,0,183.08,0.74
2018,3,8,1,0,127.81,1.93
2018,3,8,2,0,153.71,1.57
2018,3,8,3,0,208.13,1.79
2018,3,8,4,0,231.12,1.27
2018,3,8,5,0,224.71,1.6300000000000001
2018,3,8,6,0,212.12,1.85
2018,3,8,7,0,234.11,1.6
2018,3,8,8,0,186.64000000000001,0.8
2018,3,8,9,0,152.46,4.41
2018,3,8,10,0,157.79,3.7800000000000002
2018,3,8,11,0,130.93,4.38
2018,3,8,12,0,123.63000000000001,4.63
2018,3,8,13,0,128.23,4.66
2018,3,8,14,0,121.98,3.5100000000000002
2018,3,8,15,0,116.01,2.98
2018,3,8,16,0,85.56,3.56
2018,3,8,17,0,41.12,4.47
2018,3,8,18,0,31.5,6.53
2018,3,8,19,0,26.34,10.58
2018,3,8,20,0,18.35,11.700000000000001
2018,3,8,21,0,27.8,10.32
2018,3,8,22,0,39.57,5.82
2018,3,8,23,0,76.09,9.08
2018,3,9,0,0,78.8,13.34
2018,3,9,1,0,72.18,13.06
2018,3,9,2,0,56.59,14.92
2018,3,9,3,0,53.52,18.2
2018,3,9,4,0,52.03,20.28
2018,3,9,5,0,42.17,18.46
2018,3,9,6,0,36.84,18.71
2018,3,9,7,0,47.13,19.94
2018,3,9,8,0,53.730000000000004,16.84
2018,3,9,9,0,62.480000000000004,15.91
2018,3,9,10,0,58.59,17.38
2018,3,9,11,0,65.08,15.290000000000001
2018,3,9,12,0,57.9,19.650000000000002
2018,3,9,13,0,47.04,22.580000000000002
2018,3,9,14,0,41.04,21.63
2018,3,9,15,0,22.27,19.17
2018,3,9,16,0,34.89,20.35
2018,3,9,17,0,14.44,12.870000000000001
2018,3,9,18,0,24.75,13.19
2018,3,9,19,0,34.07,13.31
2018,3,9,20,0,129.63,4.75
2018,3,9,21,0,177.14000000000001,13.81
2018,3,9,22,0,173.97,13.780000000000001
2018,3,9,23,0,162.87,9.83
2018,3,10,0,0,185.52,7.0200000000000005
2018,3,10,1,0,155.14000000000001,3.96
2018,3,10,2,0,101.18,4.75
2018,3,10,3,0,158.85,7.07
2018,3,10,4,0,144.66,7.82
2018,3,10,5,0,169.4,5.14
2018,3,10,6,0,152.74,4.22
2018,3,10,7,0,112.93,3.65
2018,3,10,8,0,71.73,3.74
2018,3,10,9,0,26.68,7.2700000000000005
2018,3,10,10,0,21.96,7.18
2018,3,10,11,0,19.68,8.24
2018,3,10,12,0,24.98,10.34
2018,3,10,13,0,30.72,12.17
2018,3,10,14,0,36.64,12.24
2018,3,10,15,0,41.800000000000004,11.85
2018,3,10,16,0,57.14,8.98
2018,3,10,17,0,109.76,5.58
2018,3,10,18,0,138.77,3.74
2018,3,10,19,0,123.92,1.98
2018,3,10,20,0,43.25,4.5600000000000005
2018,3,10,21,0,24.87,7.5600000000000005
2018,3,10,22,0,38.84,9.16
2018,3,10,23,0,27.990000000000002,7.82
2018,3,11,0,0,12.24,9.34
2018,3,11,1,0,14.91,10.19
2018,3,11,2,0,21.02,7.05
2018,3,11,3,0,55.99,3.67
2018,3,11,4,0,55.94,5.71
2018,3,11,5,0,27.22,8.82
2018,3,11,6,0,66.51,5.79
2018,3,11,7,0,40.63,7.9
2018,3,11,8,0,22.67,8.89
2018,3,11,9,0,46.09,6.640000000000001
2018,3,11,10,0,28.740000000000002,9.21
2018,3,11,11,0,21.080000000000002,9.200000000000001
2018,3,11,12,0,34.71,9.32
2018,3,11,13,0,22.29,8.84
2018,3,11,14,0,17.31,9.16
2018,3,11,15,0,15.74,8.74
2018,3,11,16,0,12.36,9.07
2018,3,11,17,0,6.8500000000000005,8.4
2018,3,11,18,0,4.5,9.52
2018,3,11,19,0,7.3,8.63
2018,3,11,20,0,353.24,5.99
2018,3,11,21,0,310.52,3.8200000000000003
2018,3,11,22,0,247.67000000000002,4.23
2018,3,11,23,0,219.49,6.23
2018,3,12,0,0,209.59,7.32
2018,3,12,1,0,202.01,9.19
2018,3,12,2,0,198.82,10.96
2018,3,12,3,0,200.89000000000001,12.48
2018,3,12,4,0,204.48000000000002,12.48
2018,3,12,5,0,208.69,12.74
2018,3,12,6,0,208.64000000000001,15.74
2018,3,12,7,0,207.20000000000002,13.43
2018,3,12,8,0,205.46,9.44
2018,3,12,9,0,185.38,6.71
2018,3,12,10,0,155.48,8.86
2018,3,12,11,0,158.56,8.68
2018,3,12,12,0,152.42000000000002,7.09
2018,3,12,13,0,163.42000000000002,8.67
2018,3,12,14,0,144.3,7.33
2018,3,12,15,0,158.88,5.78
2018,3,12,16,0,138.07,9.21
2018,3,12,17,0,142.21,7.9
2018,3,12,18,0,149.4,7.640000000000001
2018,3,12,19,0,150.58,5.8500000000000005
2018,3,12,20,0,149.76,2.96
2018,3,12,21,0,64.7,3.08
2018,3,12,22,0,51.83,3.89
2018,3,12,23,0,80,4.46
2018,3,13,0,0,57.04,4.43
2018,3,13,1,0,20.31,8.02
2018,3,13,2,0,41.21,8.3
2018,3,13,3,0,52.13,9.33
2018,3,13,4,0,28.46,7.74
2018,3,13,5,0,9.23,8.11
2018,3,13,6,0,8.92,9.75
2018,3,13,7,0,11.34,9.52
2018,3,13,8,0,8.56,10.09
2018,3,13,9,0,5.19,11.8
2018,3,13,10,0,6.7,10.75
2018,3,13,11,0,12.64,11.57
2018,3,13,12,0,20.87,11.43
2018,3,13,13,0,29.080000000000002,11.120000000000001
2018,3,13,14,0,40.02,10.98
2018,3,13,15,0,35.33,11.96
2018,3,13,16,0,20.080000000000002,11.93
2018,3,13,17,0,6.72,12.280000000000001
2018,3,13,18,0,4.11,8.67
2018,3,13,19,0,24.07,8.91
2018,3,13,20,0,43.2,11.200000000000001
2018,3,13,21,0,41.99,9.89
2018,3,13,22,0,41.67,9.450000000000001
2018,3,13,23,0,32.15,8.19
2018,3,14,0,0,32.31,7.54
2018,3,14,1,0,33.09,6.7
2018,3,14,2,0,25.310000000000002,5.49
2018,3,14,3,0,18.27,4.03
2018,3,14,4,0,19.42,3.66
2018,3,14,5,0,17.67,3.7600000000000002
2018,3,14,6,0,8.24,2.77
2018,3,14,7,0,10.32,2.05
2018,3,14,8,0,35.19,0.63
2018,3,14,9,0,224.97,0.76
2018,3,14,10,0,238.54,2.4
2018,3,14,11,0,227.39000000000001,3.94
2018,3,14,12,0,216.14000000000001,4.13
2018,3,14,13,0,187.58,4.93
2018,3,14,14,0,188.37,3.63
2018,3,14,15,0,187.21,2.08
2018,3,14,16,0,159.53,1.22
2018,3,14,17,0,54.2,1.36
2018,3,14,18,0,105.83,2.5500000000000003
2018,3,14,19,0,87.18,3.6
2018,3,14,20,0,90.06,2.81
2018,3,14,21,0,100.03,1.95
2018,3,14,22,0,145.67000000000002,0.45
2018,3,14,23,0,226.92000000000002,1.32
2018,3,15,0,0,217.64000000000001,3.22
2018,3,15,1,0,186.26,1.21
2018,3,15,2,0,119.74000000000001,1.86
2018,3,15,3,0,98.68,3.0700000000000003
2018,3,15,4,0,117.18,2.62
2018,3,15,5,0,146.36,2.5
2018,3,15,6,0,145.89000000000001,0.88
2018,3,15,7,0,34.13,0.99
2018,3,15,8,0,34.230000000000004,2.09
2018,3,15,9,0,46.46,2.67
2018,3,15,10,0,71.91,1.78
2018,3,15,11,0,144.02,0.64
2018,3,15,12,0,151.64000000000001,1.55
2018,3,15,13,0,158.86,2.16
2018,3,15,14,0,122.47,1.86
2018,3,15,15,0,107.15,2.49
2018,3,15,16,0,105.26,3
2018,3,15,17,0,65.91,3.0100000000000002
2018,3,15,18,0,34.160000000000004,3.63
2018,3,15,19,0,33.71,4.0200000000000005
2018,3,15,20,0,25.64,4.07
2018,3,15,21,0,28.88,4.01
2018,3,15,22,0,37.34,3.73
2018,3,15,23,0,41.99,3.24
2018,3,16,0,0,44.69,3.83
2018,3,16,1,0,55.58,5.3100000000000005
2018,3,16,2,0,54.94,5.42
2018,3,16,3,0,47.28,6.18
2018,3,16,4,0,37.49,7.34
2018,3,16,5,0,29.34,8.25
2018,3,16,6,0,19.77,9.58
2018,3,16,7,0,6.3100000000000005,10.69
2018,3,16,8,0,13.9,11.1
2018,3,16,9,0,18.740000000000002,11.15
2018,3,16,10,0,17.43,11.28
2018,3,16,11,0,15.63,11.17
2018,3,16,12,0,16.98,10.61
2018,3,16,13,0,14.99,9.19
2018,3,16,14,0,29.330000000000002,6.67
2018,3,16,15,0,47.86,2.94
2018,3,16,16,0,116.06,2.42
2018,3,16,17,0,175.06,6.7700000000000005
2018,3,16,18,0,188.07,8.52
2018,3,16,19,0,186.59,7.59
2018,3,16,20,0,184.69,8.51
2018,3,16,21,0,204.28,5.2700000000000005
2018,3,16,22,0,196.92000000000002,6.29
2018,3,16,23,0,186.77,12.38
2018,3,17,0,0,203.07,12.36
2018,3,17,1,0,205.35,12.68
2018,3,17,2,0,197.98000000000002,13.41
2018,3,17,3,0,196.84,12.76
2018,3,17,4,0,204.58,10.52
2018,3,17,5,0,212.67000000000002,14.99
2018,3,17,6,0,212.65,13.48
2018,3,17,7,0,208.85,12.200000000000001
2018,3,17,8,0,207.53,11.74
2018,3,17,9,0,204.75,9.73
2018,3,17,10,0,209.71,10.8
2018,3,17,11,0,207.44,9.43
2018,3,17,12,0,209.78,9.06
2018,3,17,13,0,208.81,7.5600000000000005
2018,3,17,14,0,194.67000000000002,6.23
2018,3,17,15,0,189.67000000000002,5.61
2018,3,17,16,0,179.6,5.89
2018,3,17,17,0,180.8,4.48
2018,3,17,18,0,142.36,1.77
2018,3,17,19,0,98.61,2.36
2018,3,17,20,0,99.63,3.2600000000000002
2018,3,17,21,0,88.88,2.5100000000000002
2018,3,17,22,0,69.27,3.13
2018,3,17,23,0,74.03,3.3000000000000003
2018,3,18,0,0,80.66,2.29
2018,3,18,1,0,87.57000000000001,1.21
2018,3,18,2,0,122.92,0.99
2018,3,18,3,0,157.81,1.57
2018,3,18,4,0,178.32,1.96
2018,3,18,5,0,197.44,2.64
2018,3,18,6,0,196.18,3.06
2018,3,18,7,0,184.27,3.19
2018,3,18,8,0,183.97,3.88
2018,3,18,9,0,192.61,4.92
2018,3,18,10,0,197.34,5.14
2018,3,18,11,0,194.93,5.3
2018,3,18,12,0,187.51,5.48
2018,3,18,13,0,193.76,7.26
2018,3,18,14,0,211.69,7.17
2018,3,18,15,0,199.72,6.2
2018,3,18,16,0,192.04,6.7
2018,3,18,17,0,196.64000000000001,7.63
2018,3,18,18,0,205.96,8.06
2018,3,18,19,0,198.3,8.370000000000001
2018,3,18,20,0,199.14000000000001,7.88
2018,3,18,21,0,205.15,8.950000000000001
2018,3,18,22,0,208.41,9.71
2018,3,18,23,0,206.31,8.77
2018,3,19,0,0,204.9,10.68
2018,3,19,1,0,204.73000000000002,9.58
2018,3,19,2,0,206.18,9.76
2018,3,19,3,0,199.62,10.92
2018,3,19,4,0,195.65,10.68
2018,3,19,5,0,180.75,9.950000000000001
2018,3,19,6,0,199.79,8.23
2018,3,19,7,0,206.26,8.97
2018,3,19,8,0,200.68,13.33
2018,3,19,9,0,202.83,16.06
2018,3,19,10,0,199.25,15.63
2018,3,19,11,0,199.20000000000002,14.15
2018,3,19,12,0,205.9,15.97
2018,3,19,13,0,246.66,17.04
2018,3,19,14,0,260.38,15.59
2018,3,19,15,0,273.91,16.94
2018,3,19,16,0,289.27,17.830000000000002
2018,3,19,17,0,278.09000000000003,14.59
2018,3,19,18,0,281.36,20.26
2018,3,19,19,0,290.99,19.6
2018,3,19,20,0,291.86,16.98
2018,3,19,21,0,289.58,17.080000000000002
2018,3,19,22,0,288.77,14.69
2018,3,19,23,0,282.54,13.870000000000001
2018,3,20,0,0,276.64,12.870000000000001
2018,3,20,1,0,258.66,9.74
2018,3,20,2,0,265.85,9.76
2018,3,20,3,0,259.5,13.700000000000001
2018,3,20,4,0,255.48000000000002,15.43
2018,3,20,5,0,251.89000000000001,13.47
2018,3,20,6,0,278.22,20.16
2018,3,20,7,0,271.49,19.73
2018,3,20,8,0,265.28000000000003,19.88
2018,3,20,9,0,266.09000000000003,20.54
2018,3,20,10,0,266.12,21.06
2018,3,20,11,0,267.6,19.35
2018,3,20,12,0,272.41,16.64
2018,3,20,13,0,265.79,14.72
2018,3,20,14,0,294.89,15.77
2018,3,20,15,0,321.78000000000003,10.39
2018,3,20,16,0,305.14,11.91
2018,3,20,17,0,335.06,16.740000000000002
2018,3,20,18,0,337.04,20.06
2018,3,20,19,0,316.76,14.56
2018,3,20,20,0,322.23,15.01
2018,3,20,21,0,293.12,10.33
2018,3,20,22,0,323.67,18.3
2018,3,20,23,0,309.63,15.85
2018,3,21,0,0,325.99,21.56
2018,3,21,1,0,325.02,22.52
2018,3,21,2,0,323.24,20.09
2018,3,21,3,0,325.13,19.63
2018,3,21,4,0,329.8,19.37
2018,3,21,5,0,329.22,18.41
2018,3,21,6,0,321.45,10.870000000000001
2018,3,21,7,0,338.43,12.91
2018,3,21,8,0,330.75,11.13
2018,3,21,9,0,324.32,7.67
2018,3,21,10,0,356.23,3.12
2018,3,21,11,0,263.91,3.92
2018,3,21,12,0,231.5,2.71
2018,3,21,13,0,187.97,3.34
2018,3,21,14,0,139.22,2.14
2018,3,21,15,0,322.40000000000003,0.81
2018,3,21,16,0,53.02,3.27
2018,3,21,17,0,76.99,3.02
2018,3,21,18,0,42.82,5.2700000000000005
2018,3,21,19,0,29.96,11.92
2018,3,21,20,0,20.73,18.18
2018,3,21,21,0,25.7,16.5
2018,3,21,22,0,34.77,16
2018,3,21,23,0,32.56,15.82
2018,3,22,0,0,27.35,12.31
2018,3,22,1,0,17.45,13.44
2018,3,22,2,0,20.97,13.56
2018,3,22,3,0,19.64,12.09
2018,3,22,4,0,17.92,13.290000000000001
2018,3,22,5,0,12.32,13.75
2018,3,22,6,0,17.900000000000002,14.11
2018,3,22,7,0,14.15,15.65
2018,3,22,8,0,16.67,13.67
2018,3,22,9,0,18.31,13.950000000000001
2018,3,22,10,0,23.67,14.91
2018,3,22,11,0,24.650000000000002,12.21
2018,3,22,12,0,14.9,11.82
2018,3,22,13,0,17.54,14.94
2018,3,22,14,0,23.81,16.1
2018,3,22,15,0,22.93,16.09
2018,3,22,16,0,25.560000000000002,16.15
2018,3,22,17,0,31.03,14.19
2018,3,22,18,0,26.16,16.080000000000002
2018,3,22,19,0,30.86,15.610000000000001
2018,3,22,20,0,30.59,15
2018,3,22,21,0,32.39,14.65
2018,3,22,22,0,32.71,14.67
2018,3,22,23,0,27.73,14.47
2018,3,23,0,0,25.35,15.5
2018,3,23,1,0,24.12,15.09
2018,3,23,2,0,24.39,14.01
2018,3,23,3,0,22.400000000000002,14.200000000000001
2018,3,23,4,0,20.48,13.86
2018,3,23,5,0,6.34,12.02
2018,3,23,6,0,9.82,11.26
2018,3,23,7,0,23.97,10.83
2018,3,23,8,0,26.1,9.55
2018,3,23,9,0,352.27,4.75
2018,3,23,10,0,286.98,4
2018,3,23,11,0,296.47,2.22
2018,3,23,12,0,271.47,3.45
2018,3,23,13,0,317.38,2.92
2018,3,23,14,0,325.17,2.81
2018,3,23,15,0,308.43,2.41
2018,3,23,16,0,266.91,3.46
2018,3,23,17,0,245.96,3.41
2018,3,23,18,0,250.16,2.66
2018,3,23,19,0,233.82,2.67
2018,3,23,20,0,220.34,3.15
2018,3,23,21,0,231.82,2.7800000000000002
2018,3,23,22,0,228.85,1.8900000000000001
2018,3,23,23,0,253.74,2.07
2018,3,24,0,0,237.74,2.22
2018,3,24,1,0,227.63,2.64
2018,3,24,2,0,217.05,3.27
2018,3,24,3,0,214.42000000000002,3.85
2018,3,24,4,0,214.21,3.5300000000000002
2018,3,24,5,0,221.64000000000001,2.18
2018,3,24,6,0,209.98000000000002,2.47
2018,3,24,7,0,217.04,2.42
2018,3,24,8,0,266.03000000000003,0.52
2018,3,24,9,0,96.69,1.08
2018,3,24,10,0,117.63,2.39
2018,3,24,11,0,51.65,5.88
2018,3,24,12,0,39.11,8.05
2018,3,24,13,0,42.36,6.13
2018,3,24,14,0,60.81,5.28
2018,3,24,15,0,33.27,4.29
2018,3,24,16,0,350.75,1.87
2018,3,24,17,0,342.94,3.97
2018,3,24,18,0,345.1,4
2018,3,24,19,0,26.51,5.18
2018,3,24,20,0,31.36,6.74
2018,3,24,21,0,32.57,7.57
2018,3,24,22,0,24.330000000000002,6.63
2018,3,24,23,0,316.45,2.38
2018,3,25,0,0,329.63,2.81
2018,3,25,1,0,346.33,3.96
2018,3,25,2,0,359.74,5.2
2018,3,25,3,0,15.120000000000001,6.47
2018,3,25,4,0,31.95,5.03
2018,3,25,5,0,22.84,5.86
2018,3,25,6,0,14.68,6.88
2018,3,25,7,0,19.95,11.32
2018,3,25,8,0,22.92,13.43
2018,3,25,9,0,24.26,13.05
2018,3,25,10,0,29.77,14.540000000000001
2018,3,25,11,0,39.9,13.57
2018,3,25,12,0,37.63,13.040000000000001
2018,3,25,13,0,29.76,11.19
2018,3,25,14,0,29.11,11.07
2018,3,25,15,0,32.55,12.05
2018,3,25,16,0,32.5,12.450000000000001
2018,3,25,17,0,32.69,12.77
2018,3,25,18,0,31.77,13.17
2018,3,25,19,0,32.81,13.31
2018,3,25,20,0,34.52,12.66
2018,3,25,21,0,31.240000000000002,12.16
2018,3,25,22,0,33.01,11.96
2018,3,25,23,0,31.25,12.16
2018,3,26,0,0,31.37,11.450000000000001
2018,3,26,1,0,30.51,11.73
2018,3,26,2,0,27.86,12.09
2018,3,26,3,0,28.71,12.280000000000001
2018,3,26,4,0,27.25,12.51
2018,3,26,5,0,25.68,12.38
2018,3,26,6,0,27.810000000000002,12.24
2018,3,26,7,0,29.1,11.91
2018,3,26,8,0,27.37,11.83
2018,3,26,9,0,24.42,12.72
2018,3,26,10,0,24.740000000000002,13.200000000000001
2018,3,26,11,0,20.17,12.97
2018,3,26,12,0,23.650000000000002,12.69
2018,3,26,13,0,23.59,13.08
2018,3,26,14,0,24.26,13.69
2018,3,26,15,0,25.310000000000002,12.91
2018,3,26,16,0,27.79,12.83
2018,3,26,17,0,27.62,12.77
2018,3,26,18,0,24.8,13.16
2018,3,26,19,0,24.45,12.56
2018,3,26,20,0,21.900000000000002,10.96
2018,3,26,21,0,20.12,9.93
2018,3,26,22,0,25.78,9.28
2018,3,26,23,0,26.310000000000002,9.08
2018,3,27,0,0,30.03,7.99
2018,3,27,1,0,35.72,6.92
2018,3,27,2,0,36.49,6.33
2018,3,27,3,0,36.64,5.61
2018,3,27,4,0,34.15,5.14
2018,3,27,5,0,35.85,4.68
2018,3,27,6,0,17.830000000000002,3.6
2018,3,27,7,0,349.24,3.37
2018,3,27,8,0,351.95,2.63
2018,3,27,9,0,357.01,2.09
2018,3,27,10,0,0.7000000000000001,1.95
2018,3,27,11,0,25.45,2.82
2018,3,27,12,0,29.27,3.89
2018,3,27,13,0,31.16,4.73
2018,3,27,14,0,35.7,4.73
2018,3,27,15,0,27.66,3.99
2018,3,27,16,0,14.97,4.17
2018,3,27,17,0,12.8,3.63
2018,3,27,18,0,19.93,3.5700000000000003
2018,3,27,19,0,26.400000000000002,4.17
2018,3,27,20,0,27.650000000000002,5.37
2018,3,27,21,0,47.68,5.8500000000000005
2018,3,27,22,0,43.800000000000004,6.91
2018,3,27,23,0,32.9,6
2018,3,28,0,0,25.98,6.66
2018,3,28,1,0,26.13,5.76
2018,3,28,2,0,22.75,3.77
2018,3,28,3,0,7.11,1.22
2018,3,28,4,0,255.89000000000001,0.5700000000000001
2018,3,28,5,0,236.6,1.55
2018,3,28,6,0,217.6,2.08
2018,3,28,7,0,201.74,3.18
2018,3,28,8,0,210.37,3.66
2018,3,28,9,0,213.14000000000001,2.63
2018,3,28,10,0,232.25,2.19
2018,3,28,11,0,215.54,2.36
2018,3,28,12,0,216.44,2.75
2018,3,28,13,0,234.74,3.06
2018,3,28,14,0,262.66,3.86
2018,3,28,15,0,270.26,7.16
2018,3,28,16,0,271.83,8.17
2018,3,28,17,0,272.44,7.4
2018,3,28,18,0,284.88,2.65
2018,3,28,19,0,349.88,2.49
2018,3,28,20,0,4.04,2.43
2018,3,28,21,0,71.99,3.2800000000000002
2018,3,28,22,0,129.55,2.71
2018,3,28,23,0,209.32,4.61
2018,3,29,0,0,175.49,3.77
2018,3,29,1,0,207.36,2.43
2018,3,29,2,0,264.95,1.28
2018,3,29,3,0,25.09,1.4000000000000001
2018,3,29,4,0,88.15,3.8000000000000003
2018,3,29,5,0,44.660000000000004,4.07
2018,3,29,6,0,19.79,5.4
2018,3,29,7,0,10.620000000000001,8.040000000000001
2018,3,29,8,0,43.13,5.67
2018,3,29,9,0,57.83,5.99
2018,3,29,10,0,84.73,3.5
2018,3,29,11,0,77.27,2.63
2018,3,29,12,0,103.23,3.04
2018,3,29,13,0,131.24,2.3000000000000003
2018,3,29,14,0,133.92000000000002,2.04
2018,3,29,15,0,123.97,2.1
2018,3,29,16,0,134.15,1.17
2018,3,29,17,0,186.11,1.45
2018,3,29,18,0,195.75,1.6500000000000001
2018,3,29,19,0,234.22,1.31
2018,3,29,20,0,209.72,0.65
2018,3,29,21,0,176.27,1.29
2018,3,29,22,0,199.31,1.78
2018,3,29,23,0,190.13,1.62
2018,3,30,0,0,208.61,1.6400000000000001
2018,3,30,1,0,200.06,2.04
2018,3,30,2,0,196.61,1.46
2018,3,30,3,0,218.94,0.8300000000000001
2018,3,30,4,0,258.04,1.02
2018,3,30,5,0,330.92,0.96
2018,3,30,6,0,347.96,2.37
2018,3,30,7,0,2.24,2.98
2018,3,30,8,0,35.1,5.1000000000000005
2018,3,30,9,0,357.12,3.39
2018,3,30,10,0,320.82,4
2018,3,30,11,0,351.09000000000003,3.46
2018,3,30,12,0,359.21,4.43
2018,3,30,13,0,359.90000000000003,8.55
2018,3,30,14,0,0.54,9.21
2018,3,30,15,0,5.51,9.31
2018,3,30,16,0,12.52,7.67
2018,3,30,17,0,22.32,9.370000000000001
2018,3,30,18,0,341.95,4.5
2018,3,30,19,0,319.97,4.2700000000000005
2018,3,30,20,0,359.33,3.59
2018,3,30,21,0,22.36,6.84
2018,3,30,22,0,19.650000000000002,6.68
2018,3,30,23,0,12.93,7.2700000000000005
2018,3,31,0,0,18.7,5.79
2018,3,31,1,0,14.98,4.88
2018,3,31,2,0,11.06,4.93
2018,3,31,3,0,2.83,4.23
2018,3,31,4,0,353.89,3.45
2018,3,31,5,0,328.54,2.88
2018,3,31,6,0,1.9000000000000001,4.7
2018,3,31,7,0,17.400000000000002,10.57
2018,3,31,8,0,15.46,12.22
2018,3,31,9,0,12.76,12.69
2018,3,31,10,0,15.83,10.43
2018,3,31,11,0,23.29,8.27
2018,3,31,12,0,19.53,7.21
2018,3,31,13,0,29.330000000000002,10
2018,3,31,14,0,26.1,8.02
2018,3,31,15,0,32.01,6.16
2018,3,31,16,0,21.150000000000002,3.97
2018,3,31,17,0,21.06,4.8500000000000005
2018,3,31,18,0,22.92,5.2
2018,3,31,19,0,28.38,4.94
2018,3,31,20,0,32.11,5.5200000000000005
2018,3,31,21,0,33.5,3.62
2018,3,31,22,0,327.36,1.46
2018,3,31,23,0,294.57,2.82
2018,4,1,0,0,272.35,3.04
2018,4,1,1,0,280.71,2.64
2018,4,1,2,0,303.82,1.77
2018,4,1,3,0,22.69,0.8300000000000001
2018,4,1,4,0,273.12,0.36
2018,4,1,5,0,279.67,0.88
2018,4,1,6,0,277.74,1.29
2018,4,1,7,0,268.55,1.82
2018,4,1,8,0,256.54,1.8
2018,4,1,9,0,236.22,1.83
2018,4,1,10,0,222.37,1.84
2018,4,1,11,0,201.58,2.0100000000000002
2018,4,1,12,0,195.71,2.7800000000000002
2018,4,1,13,0,200.78,2.72
2018,4,1,14,0,204.52,3.0100000000000002
2018,4,1,15,0,196.67000000000002,3.12
2018,4,1,16,0,197.63,2.74
2018,4,1,17,0,193.95000000000002,2.09
2018,4,1,18,0,184.22,2.35
2018,4,1,19,0,192.85,2.1
2018,4,1,20,0,185.29,1.5
2018,4,1,21,0,200.79,1.43
2018,4,1,22,0,235.98000000000002,0.96
2018,4,1,23,0,42.87,0.84
2018,4,2,0,0,40.410000000000004,1.6500000000000001
2018,4,2,1,0,35.92,5.41
2018,4,2,2,0,12.83,3.84
2018,4,2,3,0,20.36,8.47
2018,4,2,4,0,31.42,5.47
2018,4,2,5,0,6.34,5.32
2018,4,2,6,0,10.85,14.51
2018,4,2,7,0,8.88,14.07
2018,4,2,8,0,7.5600000000000005,14.56
2018,4,2,9,0,11.81,14.21
2018,4,2,10,0,19.87,12.16
2018,4,2,11,0,24.39,14.59
2018,4,2,12,0,19.81,13.92
2018,4,2,13,0,14.93,14.540000000000001
2018,4,2,14,0,15.370000000000001,18.42
2018,4,2,15,0,13.99,19.580000000000002
2018,4,2,16,0,14.870000000000001,19.91
2018,4,2,17,0,17.09,18.93
2018,4,2,18,0,18.36,18.6
2018,4,2,19,0,19.51,18.66
2018,4,2,20,0,19.84,17.94
2018,4,2,21,0,22.150000000000002,17.75
2018,4,2,22,0,22.54,17.8
2018,4,2,23,0,20.650000000000002,17.23
2018,4,3,0,0,19.38,17.22
2018,4,3,1,0,24.34,15.200000000000001
2018,4,3,2,0,30.68,13.82
2018,4,3,3,0,30,14.040000000000001
2018,4,3,4,0,24.35,13.950000000000001
2018,4,3,5,0,17.5,12.59
2018,4,3,6,0,22.47,14.370000000000001
2018,4,3,7,0,28.830000000000002,15.11
2018,4,3,8,0,29.02,15.51
2018,4,3,9,0,29.310000000000002,15.68
2018,4,3,10,0,30.21,14.1
2018,4,3,11,0,28.05,11.77
2018,4,3,12,0,28.21,10.77
2018,4,3,13,0,30.38,11.33
2018,4,3,14,0,29.59,12.51
2018,4,3,15,0,29.73,13.72
2018,4,3,16,0,25.41,13.92
2018,4,3,17,0,30.560000000000002,14.280000000000001
2018,4,3,18,0,31.93,13.290000000000001
2018,4,3,19,0,28.7,13.44
2018,4,3,20,0,34.08,12.59
2018,4,3,21,0,37.56,12.530000000000001
2018,4,3,22,0,32.49,11.94
2018,4,3,23,0,32.230000000000004,11.89
2018,4,4,0,0,26.68,13.540000000000001
2018,4,4,1,0,27.400000000000002,13.71
2018,4,4,2,0,25.54,14.33
2018,4,4,3,0,27.79,14.68
2018,4,4,4,0,27.61,15.040000000000001
2018,4,4,5,0,23.84,14.59
2018,4,4,6,0,23.77,13.88
2018,4,4,7,0,23.35,13.24
2018,4,4,8,0,30.7,12.67
2018,4,4,9,0,29.97,12.24
2018,4,4,10,0,30.55,12.64
2018,4,4,11,0,30.63,12.92
2018,4,4,12,0,25.97,13.280000000000001
2018,4,4,13,0,22.69,12.99
2018,4,4,14,0,27.23,12.72
2018,4,4,15,0,28.13,12.83
2018,4,4,16,0,27.13,11.91
2018,4,4,17,0,30.830000000000002,11.85
2018,4,4,18,0,31.14,12.780000000000001
2018,4,4,19,0,28.13,13.49
2018,4,4,20,0,26.75,13.06
2018,4,4,21,0,27.41,14.19
2018,4,4,22,0,31.19,14.85
2018,4,4,23,0,36,16.3
2018,4,5,0,0,40.88,17
2018,4,5,1,0,43.09,17.6
2018,4,5,2,0,44.34,17.31
2018,4,5,3,0,42.46,17.6
2018,4,5,4,0,43.19,17.19
2018,4,5,5,0,46.99,16.92
2018,4,5,6,0,62.35,12.02
2018,4,5,7,0,72.32000000000001,10.540000000000001
2018,4,5,8,0,75.69,3.81
2018,4,5,9,0,83.08,5.17
2018,4,5,10,0,72.17,3.88
2018,4,5,11,0,78.93,3.75
2018,4,5,12,0,111.5,3.77
2018,4,5,13,0,130.51,6.33
2018,4,5,14,0,96.89,4.42
2018,4,5,15,0,79.9,5.57
2018,4,5,16,0,92.01,7.7
2018,4,5,17,0,95.24,8.18
2018,4,5,18,0,80,6.28
2018,4,5,19,0,99.75,4.83
2018,4,5,20,0,112.31,4.47
2018,4,5,21,0,123.68,0.78
2018,4,5,22,0,5.5,1.32
2018,4,5,23,0,95.4,4.21
2018,4,6,0,0,60.72,3.16
2018,4,6,1,0,43.26,5.28
2018,4,6,2,0,48.57,3.31
2018,4,6,3,0,51.9,4.26
2018,4,6,4,0,69.12,3.45
2018,4,6,5,0,72.81,4.67
2018,4,6,6,0,71.09,4.6000000000000005
2018,4,6,7,0,55.550000000000004,3.64
2018,4,6,8,0,26.52,5.33
2018,4,6,9,0,21.77,5.12
2018,4,6,10,0,25.43,6.66
2018,4,6,11,0,32.09,6.92
2018,4,6,12,0,40.910000000000004,8.370000000000001
2018,4,6,13,0,40.9,8.91
2018,4,6,14,0,35.32,8.42
2018,4,6,15,0,36.85,8.86
2018,4,6,16,0,28.66,8.75
2018,4,6,17,0,27.21,7.22
2018,4,6,18,0,17.78,7.42
2018,4,6,19,0,17.91,6.97
2018,4,6,20,0,19.57,6.9
2018,4,6,21,0,30.150000000000002,6.15
2018,4,6,22,0,30.92,5.22
2018,4,6,23,0,33.6,4.87
2018,4,7,0,0,39.59,4.82
2018,4,7,1,0,38.08,5
2018,4,7,2,0,41.51,3.46
2018,4,7,3,0,42,2.93
2018,4,7,4,0,51.300000000000004,3.81
2018,4,7,5,0,51.1,3.3200000000000003
2018,4,7,6,0,61.410000000000004,2.14
2018,4,7,7,0,51.99,1.42
2018,4,7,8,0,6.93,1.5
2018,4,7,9,0,2.98,2.49
2018,4,7,10,0,24.38,2.07
2018,4,7,11,0,10.74,3.35
2018,4,7,12,0,7.61,5.62
2018,4,7,13,0,11.5,5.48
2018,4,7,14,0,15.92,5.92
2018,4,7,15,0,17.8,7.32
2018,4,7,16,0,13.43,6.8
2018,4,7,17,0,20.56,6.69
2018,4,7,18,0,18.67,7.19
2018,4,7,19,0,21.84,7.67
2018,4,7,20,0,21.42,7.24
2018,4,7,21,0,22.21,7.69
2018,4,7,22,0,17.66,8.8
2018,4,7,23,0,21.51,7.97
2018,4,8,0,0,30.060000000000002,6.46
2018,4,8,1,0,29.400000000000002,4.93
2018,4,8,2,0,25.46,1.94
2018,4,8,3,0,350.58,1.3900000000000001
2018,4,8,4,0,351,2.6
2018,4,8,5,0,1.42,3.7
2018,4,8,6,0,13.88,3.79
2018,4,8,7,0,25.400000000000002,3.89
2018,4,8,8,0,32.36,3.11
2018,4,8,9,0,49.120000000000005,2.66
2018,4,8,10,0,48.33,1.5
2018,4,8,11,0,14,1.6500000000000001
2018,4,8,12,0,24.18,1.54
2018,4,8,13,0,33.75,1.26
2018,4,8,14,0,357.79,1.9000000000000001
2018,4,8,15,0,13.55,1.28
2018,4,8,16,0,28.01,1.77
2018,4,8,17,0,46.89,2.5100000000000002
2018,4,8,18,0,42.24,3.49
2018,4,8,19,0,57.730000000000004,2.97
2018,4,8,20,0,45.980000000000004,4.34
2018,4,8,21,0,36.54,6.7
2018,4,8,22,0,41.93,6.5600000000000005
2018,4,8,23,0,40.78,6.44
2018,4,9,0,0,43.17,6.13
2018,4,9,1,0,52.08,4.47
2018,4,9,2,0,48.02,3.18
2018,4,9,3,0,44.27,2.68
2018,4,9,4,0,30.11,2.95
2018,4,9,5,0,35.39,3.93
2018,4,9,6,0,25.1,4.3100000000000005
2018,4,9,7,0,9.4,4.66
2018,4,9,8,0,17.22,7.04
2018,4,9,9,0,28.72,9.13
2018,4,9,10,0,31.25,11.05
2018,4,9,11,0,35.76,10.98
2018,4,9,12,0,33.19,11.59
2018,4,9,13,0,30.330000000000002,11.92
2018,4,9,14,0,26.93,12.05
2018,4,9,15,0,26.59,12.46
2018,4,9,16,0,31.7,13.290000000000001
2018,4,9,17,0,38.1,13.530000000000001
2018,4,9,18,0,42.230000000000004,14.15
2018,4,9,19,0,40.68,14.93
2018,4,9,20,0,40.28,14.98
2018,4,9,21,0,39.83,16.43
2018,4,9,22,0,42.72,16.52
2018,4,9,23,0,42.34,16.03
2018,4,10,0,0,45.71,15.69
2018,4,10,1,0,44.51,15.26
2018,4,10,2,0,52.15,15.25
2018,4,10,3,0,59.33,16.64
2018,4,10,4,0,50.4,15.76
2018,4,10,5,0,51.14,15.66
2018,4,10,6,0,40.9,12.16
2018,4,10,7,0,33.12,14.49
2018,4,10,8,0,32.410000000000004,15.74
2018,4,10,9,0,36.45,16.98
2018,4,10,10,0,37.29,17.990000000000002
2018,4,10,11,0,21.64,18.16
2018,4,10,12,0,25.35,18.93
2018,4,10,13,0,34.39,20.67
2018,4,10,14,0,32.62,20.28
2018,4,10,15,0,25.07,20.31
2018,4,10,16,0,32.44,19.88
2018,4,10,17,0,25.29,18.46
2018,4,10,18,0,29.55,17.18
2018,4,10,19,0,32.21,16.72
2018,4,10,20,0,30.36,15.620000000000001
2018,4,10,21,0,32.19,15.5
2018,4,10,22,0,36.1,15.6
2018,4,10,23,0,39.06,15.120000000000001
2018,4,11,0,0,37.99,14.120000000000001
2018,4,11,1,0,36.980000000000004,13.700000000000001
2018,4,11,2,0,43.12,12.52
2018,4,11,3,0,43.56,11.33
2018,4,11,4,0,44.06,9.31
2018,4,11,5,0,33.54,5.94
2018,4,11,6,0,1.78,4.29
2018,4,11,7,0,328.78000000000003,5.62
2018,4,11,8,0,347.05,4.21
2018,4,11,9,0,37.04,4.87
2018,4,11,10,0,36.94,6.12
2018,4,11,11,0,41.04,10.47
2018,4,11,12,0,42.050000000000004,10.21
2018,4,11,13,0,37.77,10.82
2018,4,11,14,0,36.03,10.13
2018,4,11,15,0,31.29,9.26
2018,4,11,16,0,32.65,9.120000000000001
2018,4,11,17,0,30.44,9.33
2018,4,11,18,0,35.11,8.58
2018,4,11,19,0,20.02,11.4
2018,4,11,20,0,30.09,13.24
2018,4,11,21,0,47.02,14.36
2018,4,11,22,0,43.18,15.93
2018,4,11,23,0,47.08,14.36
2018,4,12,0,0,95.98,7.65
2018,4,12,1,0,158.05,4.5
2018,4,12,2,0,147.54,1.22
2018,4,12,3,0,72.51,2.49
2018,4,12,4,0,110.86,2.96
2018,4,12,5,0,35.15,6.08
2018,4,12,6,0,25.85,7.36
2018,4,12,7,0,35.54,6.45
2018,4,12,8,0,52.730000000000004,6.41
2018,4,12,9,0,32.77,6.92
2018,4,12,10,0,22.12,8.42
2018,4,12,11,0,36.980000000000004,9.27
2018,4,12,12,0,26.34,8.620000000000001
2018,4,12,13,0,24.580000000000002,7.73
2018,4,12,14,0,22.38,7.08
2018,4,12,15,0,25.42,6.32
2018,4,12,16,0,21.71,6.09
2018,4,12,17,0,23.37,6.04
2018,4,12,18,0,18.69,7.6000000000000005
2018,4,12,19,0,25.61,6.73
2018,4,12,20,0,30.1,7.84
2018,4,12,21,0,31.93,7.41
2018,4,12,22,0,34.76,7.5600000000000005
2018,4,12,23,0,32.06,7.28
2018,4,13,0,0,30.64,6.53
2018,4,13,1,0,24.26,6.15
2018,4,13,2,0,21.45,6.04
2018,4,13,3,0,25.060000000000002,6.07
2018,4,13,4,0,33.49,5.7
2018,4,13,5,0,43.21,6.99
2018,4,13,6,0,39.300000000000004,6.94
2018,4,13,7,0,24.650000000000002,4.7700000000000005
2018,4,13,8,0,21.46,4.45
2018,4,13,9,0,27.79,4.87
2018,4,13,10,0,31.64,4.51
2018,4,13,11,0,34.71,4.62
2018,4,13,12,0,40.2,4.5200000000000005
2018,4,13,13,0,40.08,4.79
2018,4,13,14,0,41.12,3.97
2018,4,13,15,0,49.58,4.03
2018,4,13,16,0,44.730000000000004,3.7
2018,4,13,17,0,18.51,2.6
2018,4,13,18,0,336.76,2.15
2018,4,13,19,0,17.61,2.98
2018,4,13,20,0,20.63,4.03
2018,4,13,21,0,20.94,3.13
2018,4,13,22,0,52.33,2.52
2018,4,13,23,0,23.28,2.04
2018,4,14,0,0,12.05,1.69
2018,4,14,1,0,356.16,1.24
2018,4,14,2,0,19.95,0.25
2018,4,14,3,0,273.65000000000003,1.08
2018,4,14,4,0,268.66,0.79
2018,4,14,5,0,255.07,1.55
2018,4,14,6,0,230.73000000000002,2.21
2018,4,14,7,0,221.84,2.83
2018,4,14,8,0,209.06,3.0700000000000003
2018,4,14,9,0,210.70000000000002,3.5300000000000002
2018,4,14,10,0,216.23000000000002,3.6
2018,4,14,11,0,223.26,3.52
2018,4,14,12,0,195.94,3.44
2018,4,14,13,0,203.59,4.11
2018,4,14,14,0,194.19,4.39
2018,4,14,15,0,187.17000000000002,3.48
2018,4,14,16,0,211.15,3.33
2018,4,14,17,0,201.09,3.0700000000000003
2018,4,14,18,0,174.98,2.69
2018,4,14,19,0,186.87,2.19
2018,4,14,20,0,180.82,2.52
2018,4,14,21,0,185.70000000000002,2.21
2018,4,14,22,0,210.95000000000002,2.83
2018,4,14,23,0,219.99,2.35
2018,4,15,0,0,164.19,0.48
2018,4,15,1,0,10.72,1.3900000000000001
2018,4,15,2,0,359.5,2.34
2018,4,15,3,0,338.27,2.54
2018,4,15,4,0,350.29,3.2
2018,4,15,5,0,7.86,4.71
2018,4,15,6,0,31.02,5.33
2018,4,15,7,0,50.54,5.04
2018,4,15,8,0,35.050000000000004,4.99
2018,4,15,9,0,38.95,5.0600000000000005
2018,4,15,10,0,44.9,6.38
2018,4,15,11,0,48.03,6.28
2018,4,15,12,0,48.47,7.88
2018,4,15,13,0,43.6,7.57
2018,4,15,14,0,38.160000000000004,6.5200000000000005
2018,4,15,15,0,37.26,7.26
2018,4,15,16,0,43.11,6.17
2018,4,15,17,0,43.230000000000004,6.8500000000000005
2018,4,15,18,0,37.71,7
2018,4,15,19,0,39.6,6.51
2018,4,15,20,0,38.15,5.13
2018,4,15,21,0,34.26,4.96
2018,4,15,22,0,40.17,4.54
2018,4,15,23,0,40.4,6.01
2018,4,16,0,0,37.56,5.3500000000000005
2018,4,16,1,0,31.73,4.54
2018,4,16,2,0,34.43,4.72
2018,4,16,3,0,37.12,5.04
2018,4,16,4,0,33.72,4.4
2018,4,16,5,0,36.17,5.29
2018,4,16,6,0,28.89,5.55
2018,4,16,7,0,17.990000000000002,6.46
2018,4,16,8,0,19.11,7.58
2018,4,16,9,0,30.1,7.78
2018,4,16,10,0,31.73,7.930000000000001
2018,4,16,11,0,28.03,8.56
2018,4,16,12,0,24.060000000000002,8.02
2018,4,16,13,0,24.01,8.23
2018,4,16,14,0,24.88,8.74
2018,4,16,15,0,25.47,9.13
2018,4,16,16,0,29.35,8.98
2018,4,16,17,0,29.57,8.44
2018,4,16,18,0,29.82,8.08
2018,4,16,19,0,32,7.55
2018,4,16,20,0,32.22,6.92
2018,4,16,21,0,31.28,6.26
2018,4,16,22,0,30.490000000000002,5.98
2018,4,16,23,0,32.83,4.78
2018,4,17,0,0,30,4.24
2018,4,17,1,0,20.36,3.7800000000000002
2018,4,17,2,0,27.6,4.03
2018,4,17,3,0,32.37,4.12
2018,4,17,4,0,30.52,4.49
2018,4,17,5,0,30.740000000000002,4.68
2018,4,17,6,0,33.94,5.49
2018,4,17,7,0,32.97,5.33
2018,4,17,8,0,29.5,5.69
2018,4,17,9,0,31.09,7.79
2018,4,17,10,0,27.86,9.26
2018,4,17,11,0,30.71,9.76
2018,4,17,12,0,25.900000000000002,10.57
2018,4,17,13,0,30.71,10.39
2018,4,17,14,0,40.57,11.03
2018,4,17,15,0,34.88,11.11
2018,4,17,16,0,34.36,10.82
2018,4,17,17,0,35.01,10.11
2018,4,17,18,0,33.89,9.94
2018,4,17,19,0,32.27,10.68
2018,4,17,20,0,33.38,11.32
2018,4,17,21,0,37.46,11.73
2018,4,17,22,0,36.96,11.91
2018,4,17,23,0,34.230000000000004,12.41
2018,4,18,0,0,32.97,12.96
2018,4,18,1,0,33.02,13.31
2018,4,18,2,0,32.59,13.81
2018,4,18,3,0,33.68,14.83
2018,4,18,4,0,34.07,15.540000000000001
2018,4,18,5,0,35.45,15.67
2018,4,18,6,0,36.29,15.56
2018,4,18,7,0,36.39,14.76
2018,4,18,8,0,37.49,15.07
2018,4,18,9,0,36.230000000000004,14.790000000000001
2018,4,18,10,0,35.14,15.21
2018,4,18,11,0,34.85,14.700000000000001
2018,4,18,12,0,35.59,14.17
2018,4,18,13,0,37.04,13.620000000000001
2018,4,18,14,0,36.230000000000004,12.99
2018,4,18,15,0,35.06,12.790000000000001
2018,4,18,16,0,31.93,12.96
2018,4,18,17,0,33.08,12.35
2018,4,18,18,0,34.95,12.290000000000001
2018,4,18,19,0,37.08,12.49
2018,4,18,20,0,36.04,12.31
2018,4,18,21,0,34.19,12.41
2018,4,18,22,0,37.11,13.290000000000001
2018,4,18,23,0,38.43,13.86
2018,4,19,0,0,37.13,14.52
2018,4,19,1,0,31.17,15.030000000000001
2018,4,19,2,0,25.7,13.34
2018,4,19,3,0,27.48,13.530000000000001
2018,4,19,4,0,29.75,13.3
2018,4,19,5,0,31.67,12.88
2018,4,19,6,0,35.35,15.290000000000001
2018,4,19,7,0,32.58,15.44
2018,4,19,8,0,26.25,14.86
2018,4,19,9,0,31.55,14.6
2018,4,19,10,0,31.150000000000002,14.76
2018,4,19,11,0,29.68,15.32
2018,4,19,12,0,29.14,14.81
2018,4,19,13,0,27.310000000000002,14.97
2018,4,19,14,0,18.64,15.3
2018,4,19,15,0,21.85,15.73
2018,4,19,16,0,27.02,16.05
2018,4,19,17,0,25.76,15.77
2018,4,19,18,0,30.21,15
2018,4,19,19,0,25.76,12.07
2018,4,19,20,0,32.83,9.36
2018,4,19,21,0,36.86,9.44
2018,4,19,22,0,36.52,9.97
2018,4,19,23,0,40.15,8.07
2018,4,20,0,0,44.88,7.41
2018,4,20,1,0,48.730000000000004,5.2
2018,4,20,2,0,53.59,4.04
2018,4,20,3,0,48.160000000000004,4.16
2018,4,20,4,0,51.69,4.44
2018,4,20,5,0,35.410000000000004,4.34
2018,4,20,6,0,78.2,4.38
2018,4,20,7,0,104.57000000000001,2.07
2018,4,20,8,0,152.92000000000002,2.06
2018,4,20,9,0,203.87,3.4
2018,4,20,10,0,215.67000000000002,6.45
2018,4,20,11,0,201.04,6.18
2018,4,20,12,0,204.64000000000001,6.59
2018,4,20,13,0,201.04,4.87
2018,4,20,14,0,178.99,3.42
2018,4,20,15,0,164.89000000000001,3.83
2018,4,20,16,0,164.20000000000002,3.56
2018,4,20,17,0,169.73,2.95
2018,4,20,18,0,166.98,1.81
2018,4,20,19,0,101.08,1.2
2018,4,20,20,0,58.660000000000004,1.1
2018,4,20,21,0,17.02,3.98
2018,4,20,22,0,28.330000000000002,4.53
2018,4,20,23,0,28.67,4.64
2018,4,21,0,0,25.310000000000002,5.24
2018,4,21,1,0,41.19,5.64
2018,4,21,2,0,38.89,5.87
2018,4,21,3,0,29.32,5.42
2018,4,21,4,0,22.650000000000002,3.85
2018,4,21,5,0,14.69,3.75
2018,4,21,6,0,53.09,2.66
2018,4,21,7,0,115.03,5.3500000000000005
2018,4,21,8,0,38.9,3.23
2018,4,21,9,0,37.49,5.1000000000000005
2018,4,21,10,0,44.84,5.44
2018,4,21,11,0,44.44,6.21
2018,4,21,12,0,47.72,6.32
2018,4,21,13,0,63.03,7.68
2018,4,21,14,0,74.38,10.51
2018,4,21,15,0,65.48,10.66
2018,4,21,16,0,69.19,12.23
2018,4,21,17,0,70.62,12.23
2018,4,21,18,0,66.67,12.34
2018,4,21,19,0,66.64,12.25
2018,4,21,20,0,58.61,10.63
2018,4,21,21,0,74.24,10.59
2018,4,21,22,0,62.83,11.78
2018,4,21,23,0,55.03,11.11
2018,4,22,0,0,78.51,7.51
2018,4,22,1,0,91.36,9.19
2018,4,22,2,0,110.86,5.93
2018,4,22,3,0,101.69,7.2700000000000005
2018,4,22,4,0,109.51,7.51
2018,4,22,5,0,107.94,8.01
2018,4,22,6,0,85.10000000000001,6.58
2018,4,22,7,0,79.53,9.71
2018,4,22,8,0,71.23,8.32
2018,4,22,9,0,81.25,6.84
2018,4,22,10,0,69.77,7.71
2018,4,22,11,0,75.32000000000001,10.52
2018,4,22,12,0,73.84,9.76
2018,4,22,13,0,80.62,11.57
2018,4,22,14,0,73.14,11.69
2018,4,22,15,0,66.95,10.84
2018,4,22,16,0,63.97,11.76
2018,4,22,17,0,53.51,11.39
2018,4,22,18,0,51.52,15.42
2018,4,22,19,0,49.9,17.82
2018,4,22,20,0,43.64,16.69
2018,4,22,21,0,33.95,15.200000000000001
2018,4,22,22,0,39.64,16.78
2018,4,22,23,0,33.28,15.280000000000001
2018,4,23,0,0,39.32,15.16
2018,4,23,1,0,37.21,14.57
2018,4,23,2,0,46.96,13.83
2018,4,23,3,0,52.2,13.16
2018,4,23,4,0,42.230000000000004,15.17
2018,4,23,5,0,56.1,8.03
2018,4,23,6,0,58.92,14.63
2018,4,23,7,0,52.050000000000004,14.89
2018,4,23,8,0,46.9,15.34
2018,4,23,9,0,56.85,14.57
2018,4,23,10,0,48.870000000000005,13.370000000000001
2018,4,23,11,0,51.82,12.98
2018,4,23,12,0,41.59,12.81
2018,4,23,13,0,35.79,12.56
2018,4,23,14,0,44.980000000000004,12.76
2018,4,23,15,0,42.83,13.15
2018,4,23,16,0,40.64,8.24
2018,4,23,17,0,59.59,10.370000000000001
2018,4,23,18,0,29.21,10.1
2018,4,23,19,0,40.22,8.870000000000001
2018,4,23,20,0,53.160000000000004,11.52
2018,4,23,21,0,63.980000000000004,6.16
2018,4,23,22,0,51.910000000000004,8.290000000000001
2018,4,23,23,0,139.14000000000001,1.6400000000000001
2018,4,24,0,0,180.21,3.02
2018,4,24,1,0,186.37,7.67
2018,4,24,2,0,205.95000000000002,9.08
2018,4,24,3,0,208.70000000000002,7.04
2018,4,24,4,0,225.31,6.890000000000001
2018,4,24,5,0,225.05,6.98
2018,4,24,6,0,227.57,4.38
2018,4,24,7,0,245.25,2.57
2018,4,24,8,0,14.17,2.1
2018,4,24,9,0,69.63,2.88
2018,4,24,10,0,28.93,1.19
2018,4,24,11,0,10.21,3.44
2018,4,24,12,0,15.32,5.09
2018,4,24,13,0,44.02,4.7
2018,4,24,14,0,85.32000000000001,5.2700000000000005
2018,4,24,15,0,28.82,10.19
2018,4,24,16,0,25.86,12.59
2018,4,24,17,0,26.32,14.76
2018,4,24,18,0,23.87,15.31
2018,4,24,19,0,20.93,15.42
2018,4,24,20,0,22.02,15.030000000000001
2018,4,24,21,0,19.77,14.5
2018,4,24,22,0,23.38,13.22
2018,4,24,23,0,23.82,12.47
2018,4,25,0,0,19.89,12.49
2018,4,25,1,0,16.89,12.15
2018,4,25,2,0,14.35,12.11
2018,4,25,3,0,15.9,11.72
2018,4,25,4,0,19.45,11.63
2018,4,25,5,0,20.240000000000002,10.370000000000001
2018,4,25,6,0,24.240000000000002,8.53
2018,4,25,7,0,27.68,7.38
2018,4,25,8,0,29.92,6.96
2018,4,25,9,0,33.6,6.7700000000000005
2018,4,25,10,0,32.68,6.12
2018,4,25,11,0,25.23,6.29
2018,4,25,12,0,22.93,6.5600000000000005
2018,4,25,13,0,22.56,5.72
2018,4,25,14,0,17.28,5.14
2018,4,25,15,0,24.650000000000002,4.5600000000000005
2018,4,25,16,0,30.43,3.04
2018,4,25,17,0,38.17,1.76
2018,4,25,18,0,47.01,0.5
2018,4,25,19,0,170.91,0.36
2018,4,25,20,0,207.72,0.59
2018,4,25,21,0,232.15,1.72
2018,4,25,22,0,261.61,1.8
2018,4,25,23,0,233.05,1.1300000000000001
2018,4,26,0,0,223.38,1.37
2018,4,26,1,0,200.88,2.1
2018,4,26,2,0,170.39000000000001,1.78
2018,4,26,3,0,155.84,0.75
2018,4,26,4,0,167.91,1.28
2018,4,26,5,0,211.08,1.1500000000000001
2018,4,26,6,0,242.49,0.78
2018,4,26,7,0,39.77,0.63
2018,4,26,8,0,50.300000000000004,1.4000000000000001
2018,4,26,9,0,60.67,2.2
2018,4,26,10,0,56.7,1.76
2018,4,26,11,0,54.5,2.47
2018,4,26,12,0,68.12,3.63
2018,4,26,13,0,88.54,2.89
2018,4,26,14,0,87.05,2.79
2018,4,26,15,0,339.82,1.24
2018,4,26,16,0,355.71,3.34
2018,4,26,17,0,20.81,6.8500000000000005
2018,4,26,18,0,35.46,4.4
2018,4,26,19,0,41.78,5
2018,4,26,20,0,47.77,5.7700000000000005
2018,4,26,21,0,49.45,5.01
2018,4,26,22,0,37.95,4.78
2018,4,26,23,0,32.5,3.38
2018,4,27,0,0,338.08,1.53
2018,4,27,1,0,299.63,2.62
2018,4,27,2,0,324.97,2.2800000000000002
2018,4,27,3,0,317.28000000000003,2.23
2018,4,27,4,0,315.03000000000003,2.18
2018,4,27,5,0,309.40000000000003,2.2800000000000002
2018,4,27,6,0,309.55,2.49
2018,4,27,7,0,317.72,2.63
2018,4,27,8,0,348.86,1.74
2018,4,27,9,0,7.34,1.71
2018,4,27,10,0,24.23,1.86
2018,4,27,11,0,27,2.84
2018,4,27,12,0,29.44,4
2018,4,27,13,0,49.71,3.98
2018,4,27,14,0,60.59,4.53
2018,4,27,15,0,56.33,4.1
2018,4,27,16,0,41.95,4.25
2018,4,27,17,0,32.480000000000004,3.24
2018,4,27,18,0,26.93,3.04
2018,4,27,19,0,32.76,3.92
2018,4,27,20,0,40.59,4.57
2018,4,27,21,0,40.76,4.75
2018,4,27,22,0,42.27,4.95
2018,4,27,23,0,24.45,4.67
2018,4,28,0,0,11.36,5.12
2018,4,28,1,0,2.0100000000000002,5.32
2018,4,28,2,0,2.61,5.15
2018,4,28,3,0,8.16,5.49
2018,4,28,4,0,24.34,5.43
2018,4,28,5,0,16.04,4.0200000000000005
2018,4,28,6,0,11.700000000000001,3.08
2018,4,28,7,0,358.28000000000003,1.69
2018,4,28,8,0,254.17000000000002,1.95
2018,4,28,9,0,235.99,3.56
2018,4,28,10,0,233.08,1.61
2018,4,28,11,0,290.63,0.56
2018,4,28,12,0,102.19,0.93
2018,4,28,13,0,65.4,3.19
2018,4,28,14,0,76.98,3.88
2018,4,28,15,0,63.84,4.21
2018,4,28,16,0,18.42,7.07
2018,4,28,17,0,20.72,8.77
2018,4,28,18,0,15.36,9.33
2018,4,28,19,0,17.16,8.92
2018,4,28,20,0,22.88,8.85
2018,4,28,21,0,20.64,9.39
2018,4,28,22,0,15.860000000000001,9.27
2018,4,28,23,0,18.92,10.450000000000001
2018,4,29,0,0,31.88,8.290000000000001
2018,4,29,1,0,28.76,7.140000000000001
2018,4,29,2,0,17.86,8.82
2018,4,29,3,0,10.92,9.58
2018,4,29,4,0,11.61,9.44
2018,4,29,5,0,15.3,7.42
2018,4,29,6,0,6.93,8.35
2018,4,29,7,0,358.13,8.06
2018,4,29,8,0,357.48,6.55
2018,4,29,9,0,357.54,5.15
2018,4,29,10,0,359.62,4.01
2018,4,29,11,0,342.65000000000003,2.47
2018,4,29,12,0,330.34000000000003,1.58
2018,4,29,13,0,6.95,1.27
2018,4,29,14,0,33.33,2.31
2018,4,29,15,0,20.82,1
2018,4,29,16,0,78.08,0.42
2018,4,29,17,0,17.76,0.45
2018,4,29,18,0,353.97,0.71
2018,4,29,19,0,313.51,1.62
2018,4,29,20,0,12.09,2.27
2018,4,29,21,0,23.11,2.87
2018,4,29,22,0,350.37,3.16
2018,4,29,23,0,340.61,2.44
2018,4,30,0,0,11.72,2.74
2018,4,30,1,0,9.52,2.35
2018,4,30,2,0,332.93,1.62
2018,4,30,3,0,315.94,1.99
2018,4,30,4,0,291.16,1.51
2018,4,30,5,0,301.01,0.28
2018,4,30,6,0,265.34000000000003,1.79
2018,4,30,7,0,261.55,3.3200000000000003
2018,4,30,8,0,253.56,3.96
2018,4,30,9,0,234.14000000000001,4.8100000000000005
2018,4,30,10,0,222.20000000000002,5.5
2018,4,30,11,0,214.44,3.95
2018,4,30,12,0,205.33,3.72
2018,4,30,13,0,186.21,3.44
2018,4,30,14,0,176.08,4.47
2018,4,30,15,0,173.31,4.6000000000000005
2018,4,30,16,0,184.48,4.42
2018,4,30,17,0,219.49,2.66
2018,4,30,18,0,200.37,1.27
2018,4,30,19,0,177.35,2.58
2018,4,30,20,0,195,2.88
2018,4,30,21,0,211.33,3.6
2018,4,30,22,0,202.65,4.66
2018,4,30,23,0,199.25,6.18
2018,5,1,0,0,207.32,6.140000000000001
2018,5,1,1,0,200.09,6.07
2018,5,1,2,0,193.45000000000002,6.32
2018,5,1,3,0,197,5.98
2018,5,1,4,0,200.36,4.53
2018,5,1,5,0,199.55,4.74
2018,5,1,6,0,196.77,4.86
2018,5,1,7,0,198.64000000000001,4.5200000000000005
2018,5,1,8,0,193.82,7.0600000000000005
2018,5,1,9,0,185.1,8.040000000000001
2018,5,1,10,0,189.37,8.94
2018,5,1,11,0,193.44,9.16
2018,5,1,12,0,195,7.23
2018,5,1,13,0,209.86,5.24
2018,5,1,14,0,219.25,4.86
2018,5,1,15,0,218.42000000000002,4.07
2018,5,1,16,0,220.11,3.5300000000000002
2018,5,1,17,0,186.8,3.5100000000000002
2018,5,1,18,0,186.91,5.73
2018,5,1,19,0,182.38,7.01
2018,5,1,20,0,173.9,6.54
2018,5,1,21,0,170.09,6.3500000000000005
2018,5,1,22,0,174.09,6.19
2018,5,1,23,0,181.84,7.01
2018,5,2,0,0,198.22,7.37
2018,5,2,1,0,177.15,8.44
2018,5,2,2,0,195.25,10.17
2018,5,2,3,0,202.47,10.91
2018,5,2,4,0,215.67000000000002,12.24
2018,5,2,5,0,204.89000000000001,14.56
2018,5,2,6,0,214.27,13.97
2018,5,2,7,0,210.94,14.41
2018,5,2,8,0,212.39000000000001,13.43
2018,5,2,9,0,212.06,11.870000000000001
2018,5,2,10,0,209.25,11.77
2018,5,2,11,0,237.41,10.33
2018,5,2,12,0,237.67000000000002,9.16
2018,5,2,13,0,212.73000000000002,7
2018,5,2,14,0,219.57,7.7700000000000005
2018,5,2,15,0,268.83,6.390000000000001
2018,5,2,16,0,206.81,5.15
2018,5,2,17,0,208.14000000000001,3.98
2018,5,2,18,0,235.48000000000002,4.79
2018,5,2,19,0,198.03,6.46
2018,5,2,20,0,194.45000000000002,6.32
2018,5,2,21,0,197.06,6.3100000000000005
2018,5,2,22,0,214.64000000000001,4.96
2018,5,2,23,0,203.41,7.33
2018,5,3,0,0,195.06,7.26
2018,5,3,1,0,236.78,4.67
2018,5,3,2,0,220.59,6.15
2018,5,3,3,0,228.24,8.290000000000001
2018,5,3,4,0,229.28,6.67
2018,5,3,5,0,219.08,5.29
2018,5,3,6,0,197.34,2.94
2018,5,3,7,0,184.65,0.89
2018,5,3,8,0,50.19,1.9100000000000001
2018,5,3,9,0,44.39,3.89
2018,5,3,10,0,40.93,6.79
2018,5,3,11,0,42.96,7.78
2018,5,3,12,0,44.07,6.9
2018,5,3,13,0,42.32,6.28
2018,5,3,14,0,42.79,6.2
2018,5,3,15,0,57.660000000000004,4.68
2018,5,3,16,0,68.89,3.79
2018,5,3,17,0,53.300000000000004,5.97
2018,5,3,18,0,51.57,6.13
2018,5,3,19,0,62.730000000000004,6.28
2018,5,3,20,0,51.9,8.14
2018,5,3,21,0,55.06,7.18
2018,5,3,22,0,132.96,2.22
2018,5,3,23,0,176.26,1.68
2018,5,4,0,0,344.18,1.98
2018,5,4,1,0,44.910000000000004,5.09
2018,5,4,2,0,14.14,5.04
2018,5,4,3,0,355.77,5.3100000000000005
2018,5,4,4,0,357.75,5.15
2018,5,4,5,0,15.24,4.68
2018,5,4,6,0,18.080000000000002,4.0600000000000005
2018,5,4,7,0,50.96,2.69
2018,5,4,8,0,63.39,3.5300000000000002
2018,5,4,9,0,95.28,4.66
2018,5,4,10,0,144.45000000000002,4.68
2018,5,4,11,0,234.83,1.57
2018,5,4,12,0,106.53,1.81
2018,5,4,13,0,51.7,4.24
2018,5,4,14,0,47.09,7.26
2018,5,4,15,0,46.12,9.47
2018,5,4,16,0,104.35000000000001,12.72
2018,5,4,17,0,104.96000000000001,15.88
2018,5,4,18,0,104.58,16.48
2018,5,4,19,0,108.52,19.35
2018,5,4,20,0,114.81,16.15
2018,5,4,21,0,151.84,18.81
2018,5,4,22,0,168.05,15.08
2018,5,4,23,0,172.75,15.200000000000001
2018,5,5,0,0,165.26,12.88
2018,5,5,1,0,171.75,18.92
2018,5,5,2,0,171.33,19.86
2018,5,5,3,0,170.79,17.71
2018,5,5,4,0,169.81,17.830000000000002
2018,5,5,5,0,174.02,18.98
2018,5,5,6,0,169.66,18.3
2018,5,5,7,0,177.21,19.400000000000002
2018,5,5,8,0,175.08,20.06
2018,5,5,9,0,171.14000000000001,18.41
2018,5,5,10,0,172.29,19.45
2018,5,5,11,0,174.47,18.13
2018,5,5,12,0,171.4,18.75
2018,5,5,13,0,180.02,17.77
2018,5,5,14,0,179.70000000000002,17.75
2018,5,5,15,0,179.26,17.51
2018,5,5,16,0,179.64000000000001,16.65
2018,5,5,17,0,182.43,19.06
2018,5,5,18,0,183.46,17.3
2018,5,5,19,0,193.47,17.04
2018,5,5,20,0,199.66,16.23
2018,5,5,21,0,199.68,17
2018,5,5,22,0,202.48000000000002,17.06
2018,5,5,23,0,200.9,16.21
2018,5,6,0,0,201.70000000000002,16.27
2018,5,6,1,0,199.77,15.42
2018,5,6,2,0,200.43,14.4
2018,5,6,3,0,200.63,13.13
2018,5,6,4,0,198.56,12.13
2018,5,6,5,0,197.28,14.870000000000001
2018,5,6,6,0,194.57,13.5
2018,5,6,7,0,211.83,10.47
2018,5,6,8,0,208.59,13.36
2018,5,6,9,0,210.22,13.49
2018,5,6,10,0,214.41,11.450000000000001
2018,5,6,11,0,212.83,10.17
2018,5,6,12,0,214.24,10.88
2018,5,6,13,0,210.55,9.040000000000001
2018,5,6,14,0,213.08,6.69
2018,5,6,15,0,209.32,5.57
2018,5,6,16,0,206.38,5.41
2018,5,6,17,0,178.78,4.4
2018,5,6,18,0,208.75,4.36
2018,5,6,19,0,240.22,1.73
2018,5,6,20,0,169.63,1.32
2018,5,6,21,0,186.32,2.47
2018,5,6,22,0,249.13,3.46
2018,5,6,23,0,245.32,3.7
2018,5,7,0,0,254.94,3.2800000000000002
2018,5,7,1,0,247.64000000000001,1.01
2018,5,7,2,0,145.25,1.93
2018,5,7,3,0,144.25,2.59
2018,5,7,4,0,158.19,5.26
2018,5,7,5,0,160.53,5.33
2018,5,7,6,0,166.48,6.17
2018,5,7,7,0,187.63,5.21
2018,5,7,8,0,212.84,5.51
2018,5,7,9,0,172.18,1.99
2018,5,7,10,0,167.82,2.15
2018,5,7,11,0,186.05,2.11
2018,5,7,12,0,47.15,0.9500000000000001
2018,5,7,13,0,358.53000000000003,0.67
2018,5,7,14,0,9.07,2.1
2018,5,7,15,0,3.0300000000000002,1.8800000000000001
2018,5,7,16,0,14.56,2.65
2018,5,7,17,0,22.52,3.63
2018,5,7,18,0,27.400000000000002,5.47
2018,5,7,19,0,41.32,3.95
2018,5,7,20,0,22.3,4.7700000000000005
2018,5,7,21,0,16.69,5.8100000000000005
2018,5,7,22,0,6.76,5.71
2018,5,7,23,0,359.92,5.58
2018,5,8,0,0,357.35,6.32
2018,5,8,1,0,3.44,6.76
2018,5,8,2,0,12.49,7.58
2018,5,8,3,0,16.19,6.98
2018,5,8,4,0,23.67,7.8100000000000005
2018,5,8,5,0,21.240000000000002,8.56
2018,5,8,6,0,18.7,9.71
2018,5,8,7,0,31.77,8.69
2018,5,8,8,0,39.230000000000004,8.66
2018,5,8,9,0,43.79,8.77
2018,5,8,10,0,34.32,10.01
2018,5,8,11,0,34.06,10.32
2018,5,8,12,0,28.6,10.73
2018,5,8,13,0,33.160000000000004,11.16
2018,5,8,14,0,22.77,11.31
2018,5,8,15,0,28.04,11.99
2018,5,8,16,0,28.91,11.36
2018,5,8,17,0,34.46,11.8
2018,5,8,18,0,38.050000000000004,13.42
2018,5,8,19,0,37.13,13.26
2018,5,8,20,0,34.99,12.450000000000001
2018,5,8,21,0,39.300000000000004,12.68
2018,5,8,22,0,40.52,14.15
2018,5,8,23,0,36.81,14.39
2018,5,9,0,0,39.62,14.69
2018,5,9,1,0,40.9,14.21
2018,5,9,2,0,32.410000000000004,13.18
2018,5,9,3,0,24.330000000000002,12.76
2018,5,9,4,0,45.2,10.44
2018,5,9,5,0,37.32,12.69
2018,5,9,6,0,41.96,13.13
2018,5,9,7,0,41.96,14.31
2018,5,9,8,0,28.94,13.19
2018,5,9,9,0,44.17,13.46
2018,5,9,10,0,40.18,13.17
2018,5,9,11,0,38.480000000000004,14.16
2018,5,9,12,0,40.84,13.780000000000001
2018,5,9,13,0,39.63,13.530000000000001
2018,5,9,14,0,32.82,13.42
2018,5,9,15,0,40.11,13.59
2018,5,9,16,0,42.56,12.75
2018,5,9,17,0,36.5,10.85
2018,5,9,18,0,46.480000000000004,10.03
2018,5,9,19,0,39.65,9.46
2018,5,9,20,0,37.12,10.040000000000001
2018,5,9,21,0,29.87,7.99
2018,5,9,22,0,31.64,8.45
2018,5,9,23,0,32.29,8.55
2018,5,10,0,0,28.990000000000002,8.94
2018,5,10,1,0,33.82,9.77
2018,5,10,2,0,26.87,9.81
2018,5,10,3,0,26.76,11.39
2018,5,10,4,0,61.24,10.040000000000001
2018,5,10,5,0,67.23,10.38
2018,5,10,6,0,76.35000000000001,7.18
2018,5,10,7,0,206.70000000000002,10.74
2018,5,10,8,0,218.64000000000001,11.35
2018,5,10,9,0,200.83,9.68
2018,5,10,10,0,214.31,6.22
2018,5,10,11,0,205.04,4.78
2018,5,10,12,0,212.3,4.46
2018,5,10,13,0,211.70000000000002,2.73
2018,5,10,14,0,27.53,4.3
2018,5,10,15,0,32.14,6.0200000000000005
2018,5,10,16,0,4.2,6.57
2018,5,10,17,0,37.84,8.42
2018,5,10,18,0,34.64,10.44
2018,5,10,19,0,59.81,11.03
2018,5,10,20,0,81.27,8.5
2018,5,10,21,0,93.27,13.09
2018,5,10,22,0,69.88,12.35
2018,5,10,23,0,61.27,11.93
2018,5,11,0,0,77.02,10.13
2018,5,11,1,0,98.42,12.620000000000001
2018,5,11,2,0,107.99000000000001,14.65
2018,5,11,3,0,108.79,18.16
2018,5,11,4,0,92.93,16.27
2018,5,11,5,0,94.41,15.66
2018,5,11,6,0,89.86,16.51
2018,5,11,7,0,87.52,15.22
2018,5,11,8,0,85.36,13.200000000000001
2018,5,11,9,0,70.13,10.57
2018,5,11,10,0,66.75,11.61
2018,5,11,11,0,66.66,10.5
2018,5,11,12,0,47.59,8.55
2018,5,11,13,0,68.63,2.5300000000000002
2018,5,11,14,0,187.78,8.540000000000001
2018,5,11,15,0,204.46,14.780000000000001
2018,5,11,16,0,210.47,13.3
2018,5,11,17,0,196.51,19.01
2018,5,11,18,0,195.85,19.45
2018,5,11,19,0,193.85,18.05
2018,5,11,20,0,194.05,17.330000000000002
2018,5,11,21,0,194.38,16.06
2018,5,11,22,0,196.82,16.07
2018,5,11,23,0,195.54,15.290000000000001
2018,5,12,0,0,194.89000000000001,12.83
2018,5,12,1,0,203.51,10.06
2018,5,12,2,0,189.02,9.28
2018,5,12,3,0,216.88,7.0200000000000005
2018,5,12,4,0,196.36,10.01
2018,5,12,5,0,180.74,12.96
2018,5,12,6,0,192.27,6.54
2018,5,12,7,0,185.6,11.27
2018,5,12,8,0,184.85,11.33
2018,5,12,9,0,187.11,9.23
2018,5,12,10,0,187.21,12.59
2018,5,12,11,0,185.71,13.42
2018,5,12,12,0,175.68,11.73
2018,5,12,13,0,179.94,12.32
2018,5,12,14,0,178.96,11.67
2018,5,12,15,0,178.51,11.99
2018,5,12,16,0,177.1,12.02
2018,5,12,17,0,180.75,11.69
2018,5,12,18,0,183.20000000000002,11.68
2018,5,12,19,0,188.27,11.55
2018,5,12,20,0,197.97,10.98
2018,5,12,21,0,191.44,8.78
2018,5,12,22,0,207.61,12.52
2018,5,12,23,0,204.58,10.31
2018,5,13,0,0,208.66,11.1
2018,5,13,1,0,237.26,9.88
2018,5,13,2,0,236.45000000000002,8.040000000000001
2018,5,13,3,0,237.91,8.92
2018,5,13,4,0,244.79,8.25
2018,5,13,5,0,237.64000000000001,5.5600000000000005
2018,5,13,6,0,237.17000000000002,3.56
2018,5,13,7,0,69.73,1.73
2018,5,13,8,0,94.8,1.6600000000000001
2018,5,13,9,0,56.21,1.3
2018,5,13,10,0,43.03,2.87
2018,5,13,11,0,44.52,4.65
2018,5,13,12,0,39.53,4.86
2018,5,13,13,0,24.38,6.05
2018,5,13,14,0,19.3,7.19
2018,5,13,15,0,14.41,8.26
2018,5,13,16,0,23.42,8.19
2018,5,13,17,0,15.19,8.43
2018,5,13,18,0,6.42,9.540000000000001
2018,5,13,19,0,8.870000000000001,10.64
2018,5,13,20,0,13.27,11.31
2018,5,13,21,0,13.51,11.97
2018,5,13,22,0,11.42,12.4
2018,5,13,23,0,10.16,12.25
2018,5,14,0,0,7.86,10.03
2018,5,14,1,0,3.67,7.74
2018,5,14,2,0,6.390000000000001,6.46
2018,5,14,3,0,304.19,4.61
2018,5,14,4,0,283.71,4.26
2018,5,14,5,0,280.38,3.99
2018,5,14,6,0,275.67,4.87
2018,5,14,7,0,274.06,4.32
2018,5,14,8,0,281.23,5.55
2018,5,14,9,0,281.66,4.89
2018,5,14,10,0,256.15,2.86
2018,5,14,11,0,247.02,3.34
2018,5,14,12,0,250.11,3.42
2018,5,14,13,0,204.99,4.46
2018,5,14,14,0,226.16,4
2018,5,14,15,0,215.09,5.41
2018,5,14,16,0,221.37,5.04
2018,5,14,17,0,243.42000000000002,4.87
2018,5,14,18,0,230.12,6.7700000000000005
2018,5,14,19,0,206.38,6.32
2018,5,14,20,0,239.89000000000001,5.8500000000000005
2018,5,14,21,0,233.34,6.78
2018,5,14,22,0,200.83,8.18
2018,5,14,23,0,201.94,11.75
2018,5,15,0,0,201.81,10.64
2018,5,15,1,0,194.01,12.67
2018,5,15,2,0,197.22,14.19
2018,5,15,3,0,200.06,14.33
2018,5,15,4,0,196.68,14.9
2018,5,15,5,0,193.72,14.51
2018,5,15,6,0,190.06,14.06
2018,5,15,7,0,186.24,12.76
2018,5,15,8,0,183.82,12
2018,5,15,9,0,194.1,13.08
2018,5,15,10,0,188.14000000000001,13.13
2018,5,15,11,0,196.96,12.14
2018,5,15,12,0,196.89000000000001,9.99
2018,5,15,13,0,184.17000000000002,8.11
2018,5,15,14,0,193.29,5.71
2018,5,15,15,0,178.20000000000002,8.9
2018,5,15,16,0,197.86,6.3100000000000005
2018,5,15,17,0,190.06,6.58
2018,5,15,18,0,195.14000000000001,5.37
2018,5,15,19,0,187.99,6.16
2018,5,15,20,0,193.33,9.22
2018,5,15,21,0,197.14000000000001,7.74
2018,5,15,22,0,215.20000000000002,5.32
2018,5,15,23,0,234.53,4.07
2018,5,16,0,0,239.14000000000001,2.63
2018,5,16,1,0,195.96,1.6400000000000001
2018,5,16,2,0,176.51,2.09
2018,5,16,3,0,205.93,1.93
2018,5,16,4,0,190.20000000000002,1.44
2018,5,16,5,0,175.11,1.44
2018,5,16,6,0,183.83,2.22
2018,5,16,7,0,199.17000000000002,3.5700000000000003
2018,5,16,8,0,201.89000000000001,3.09
2018,5,16,9,0,194.85,2.5100000000000002
2018,5,16,10,0,181.52,2.48
2018,5,16,11,0,171,1.31
2018,5,16,12,0,52.120000000000005,1.74
2018,5,16,13,0,54.550000000000004,2.36
2018,5,16,14,0,50.69,2.5300000000000002
2018,5,16,15,0,29.02,3.24
2018,5,16,16,0,28.38,5.15
2018,5,16,17,0,27.48,5.34
2018,5,16,18,0,27.29,5.55
2018,5,16,19,0,23.25,5.79
2018,5,16,20,0,34.71,5.88
2018,5,16,21,0,37.35,6.58
2018,5,16,22,0,24.64,6.8
2018,5,16,23,0,34.7,8.32
2018,5,17,0,0,35.67,8.84
2018,5,17,1,0,38.02,9.07
2018,5,17,2,0,37.07,9.07
2018,5,17,3,0,43.19,9.32
2018,5,17,4,0,37.81,9.26
2018,5,17,5,0,51.97,6.6000000000000005
2018,5,17,6,0,76.27,7.28
2018,5,17,7,0,39.71,7.7
2018,5,17,8,0,41.54,10.03
2018,5,17,9,0,32.55,10.22
2018,5,17,10,0,29.54,10.75
2018,5,17,11,0,38.89,10.47
2018,5,17,12,0,30.71,11.64
2018,5,17,13,0,27.92,12.41
2018,5,17,14,0,30.6,12.51
2018,5,17,15,0,34.26,11.99
2018,5,17,16,0,36.050000000000004,12.63
2018,5,17,17,0,37.71,11.98
2018,5,17,18,0,32.980000000000004,11.76
2018,5,17,19,0,34.730000000000004,11.86
2018,5,17,20,0,34.53,12.120000000000001
2018,5,17,21,0,41.12,12.950000000000001
2018,5,17,22,0,44.300000000000004,13.18
2018,5,17,23,0,37.300000000000004,11.71
2018,5,18,0,0,35.34,12.19
2018,5,18,1,0,25.75,10.89
2018,5,18,2,0,25.88,11.13
2018,5,18,3,0,24.28,11.15
2018,5,18,4,0,29.48,11.3
2018,5,18,5,0,30.03,11.18
2018,5,18,6,0,27.57,11.17
2018,5,18,7,0,23.61,11.55
2018,5,18,8,0,30.38,12.34
2018,5,18,9,0,33.42,12.33
2018,5,18,10,0,12.66,8.65
2018,5,18,11,0,23.06,7.98
2018,5,18,12,0,36.39,11.200000000000001
2018,5,18,13,0,34.27,11.19
2018,5,18,14,0,33.44,11.1
2018,5,18,15,0,29.96,10.92
2018,5,18,16,0,28.13,10.72
2018,5,18,17,0,26.240000000000002,9.59
2018,5,18,18,0,21.34,7.97
2018,5,18,19,0,17.79,7.79
2018,5,18,20,0,23.92,7.36
2018,5,18,21,0,42.97,5.79
2018,5,18,22,0,46.72,8.01
2018,5,18,23,0,48.27,7.0200000000000005
2018,5,19,0,0,41.47,6.3
2018,5,19,1,0,38.53,6.21
2018,5,19,2,0,32.65,6.98
2018,5,19,3,0,32.730000000000004,8.64
2018,5,19,4,0,33.68,9.02
2018,5,19,5,0,13.540000000000001,11.67
2018,5,19,6,0,12.85,11.78
2018,5,19,7,0,17.13,13.68
2018,5,19,8,0,13.950000000000001,14.790000000000001
2018,5,19,9,0,40.24,14.72
2018,5,19,10,0,64.65,18.42
2018,5,19,11,0,94.3,16.28
2018,5,19,12,0,122.2,13.32
2018,5,19,13,0,114.60000000000001,14.5
2018,5,19,14,0,108.99000000000001,6.98
2018,5,19,15,0,91.65,8.59
2018,5,19,16,0,61.96,8.07
2018,5,19,17,0,62.79,5.68
2018,5,19,18,0,232.33,1.1300000000000001
2018,5,19,19,0,337.97,1.25
2018,5,19,20,0,332.61,2.32
2018,5,19,21,0,321.37,2.57
2018,5,19,22,0,343.23,1.99
2018,5,19,23,0,285.78000000000003,3.93
2018,5,20,0,0,326.47,2.65
2018,5,20,1,0,343.78000000000003,2.56
2018,5,20,2,0,355.73,2
2018,5,20,3,0,342.17,2.89
2018,5,20,4,0,8.94,4.9
2018,5,20,5,0,79.85000000000001,5.61
2018,5,20,6,0,65.94,6.2
2018,5,20,7,0,54.76,6.140000000000001
2018,5,20,8,0,59.17,5.8
2018,5,20,9,0,52.53,6.44
2018,5,20,10,0,66.28,7.76
2018,5,20,11,0,78.36,7.38
2018,5,20,12,0,64.55,9.91
2018,5,20,13,0,57.550000000000004,13.35
2018,5,20,14,0,57.64,13.65
2018,5,20,15,0,39.65,11.66
2018,5,20,16,0,54.870000000000005,13.120000000000001
2018,5,20,17,0,58.77,14.370000000000001
2018,5,20,18,0,59.95,14.59
2018,5,20,19,0,57.24,14.96
2018,5,20,20,0,45.78,12.91
2018,5,20,21,0,45.58,12.76
2018,5,20,22,0,50.78,14.94
2018,5,20,23,0,56.57,14.05
2018,5,21,0,0,54.11,13.52
2018,5,21,1,0,55.22,13.030000000000001
2018,5,21,2,0,53.96,13.91
2018,5,21,3,0,61.01,14.26
2018,5,21,4,0,58.77,14.280000000000001
2018,5,21,5,0,54.68,14.1
2018,5,21,6,0,49.03,13.43
2018,5,21,7,0,59.31,16.88
2018,5,21,8,0,29.7,12.280000000000001
2018,5,21,9,0,20.96,12.51
2018,5,21,10,0,41.550000000000004,14.34
2018,5,21,11,0,51.61,14.43
2018,5,21,12,0,42.82,15.8
2018,5,21,13,0,44.31,17.44
2018,5,21,14,0,56.68,16.42
2018,5,21,15,0,63.63,17.03
2018,5,21,16,0,8.2,11.01
2018,5,21,17,0,14.11,14.790000000000001
2018,5,21,18,0,25.34,14.83
2018,5,21,19,0,38.28,14.15
2018,5,21,20,0,50.86,14.5
2018,5,21,21,0,51.25,11.23
2018,5,21,22,0,44.99,6.390000000000001
2018,5,21,23,0,56.95,6.140000000000001
2018,5,22,0,0,77.31,8.98
2018,5,22,1,0,74.84,5.82
2018,5,22,2,0,37.76,6.41
2018,5,22,3,0,27.14,7.24
2018,5,22,4,0,18.37,6.5600000000000005
2018,5,22,5,0,16.63,6.01
2018,5,22,6,0,16.09,6.74
2018,5,22,7,0,12.290000000000001,5.2
2018,5,22,8,0,10.81,5.07
2018,5,22,9,0,3.71,6.07
2018,5,22,10,0,6.76,5.3500000000000005
2018,5,22,11,0,14.5,5.91
2018,5,22,12,0,40.29,5.5
2018,5,22,13,0,43.9,6
2018,5,22,14,0,30.98,5.67
2018,5,22,15,0,24.94,5.86
2018,5,22,16,0,12.08,6.7
2018,5,22,17,0,19.830000000000002,6.82
2018,5,22,18,0,11.950000000000001,7.890000000000001
2018,5,22,19,0,19.32,6.65
2018,5,22,20,0,21.53,6.890000000000001
2018,5,22,21,0,40.9,7.75
2018,5,22,22,0,37.43,8.45
2018,5,22,23,0,36.01,9.86
2018,5,23,0,0,41.52,11.94
2018,5,23,1,0,36.12,9.92
2018,5,23,2,0,41.34,9.72
2018,5,23,3,0,47.04,7.28
2018,5,23,4,0,100.76,6.79
2018,5,23,5,0,94.38,6.72
2018,5,23,6,0,101.76,6.5200000000000005
2018,5,23,7,0,150.03,1.47
2018,5,23,8,0,202.95000000000002,1.35
2018,5,23,9,0,96.8,0.86
2018,5,23,10,0,131.66,1.55
2018,5,23,11,0,196.43,2.05
2018,5,23,12,0,98.2,0.36
2018,5,23,13,0,60.04,1.42
2018,5,23,14,0,33.01,3
2018,5,23,15,0,35.56,5.4
2018,5,23,16,0,35.45,6.2700000000000005
2018,5,23,17,0,33.6,7.05
2018,5,23,18,0,28.85,7.69
2018,5,23,19,0,32.09,4.8100000000000005
2018,5,23,20,0,43.67,8.48
2018,5,23,21,0,50.13,8.82
2018,5,23,22,0,117.53,3.2
2018,5,23,23,0,0.63,5
2018,5,24,0,0,11,5.24
2018,5,24,1,0,352.05,5.5600000000000005
2018,5,24,2,0,51.51,7.8
2018,5,24,3,0,39.81,5.67
2018,5,24,4,0,116.57000000000001,7.42
2018,5,24,5,0,138.31,5.79
2018,5,24,6,0,118.3,5.3100000000000005
2018,5,24,7,0,118.77,7.05
2018,5,24,8,0,119.45,5.78
2018,5,24,9,0,99.7,4.83
2018,5,24,10,0,61.11,5.61
2018,5,24,11,0,52.120000000000005,6.13
2018,5,24,12,0,53.09,4.32
2018,5,24,13,0,34.93,4.8500000000000005
2018,5,24,14,0,21.43,5.93
2018,5,24,15,0,26.560000000000002,6.93
2018,5,24,16,0,47.29,10.14
2018,5,24,17,0,41.38,8.98
2018,5,24,18,0,43.88,8.870000000000001
2018,5,24,19,0,49.19,14.120000000000001
2018,5,24,20,0,46.59,11.120000000000001
2018,5,24,21,0,45.61,14.01
2018,5,24,22,0,38.230000000000004,11.43
2018,5,24,23,0,33.09,10.25
2018,5,25,0,0,38.17,10.27
2018,5,25,1,0,69.11,6.59
2018,5,25,2,0,96.74000000000001,6.82
2018,5,25,3,0,57.550000000000004,9.67
2018,5,25,4,0,69.41,9.05
2018,5,25,5,0,66.45,8.72
2018,5,25,6,0,58.86,10.61
2018,5,25,7,0,57.96,9.46
2018,5,25,8,0,56.980000000000004,10.19
2018,5,25,9,0,64.26,10.88
2018,5,25,10,0,62.17,12.030000000000001
2018,5,25,11,0,63.550000000000004,14.39
2018,5,25,12,0,58.85,17.39
2018,5,25,13,0,37.84,12.89
2018,5,25,14,0,39.01,12.38
2018,5,25,15,0,36.160000000000004,12.52
2018,5,25,16,0,38.28,12.31
2018,5,25,17,0,46.39,13.44
2018,5,25,18,0,43.18,12.86
2018,5,25,19,0,46.11,11.66
2018,5,25,20,0,45.410000000000004,10.61
2018,5,25,21,0,51.56,10.91
2018,5,25,22,0,47.86,11.86
2018,5,25,23,0,45.34,13.18
2018,5,26,0,0,45.82,12.09
2018,5,26,1,0,35.52,10.23
2018,5,26,2,0,59.870000000000005,15.16
2018,5,26,3,0,63.04,14.41
2018,5,26,4,0,57.480000000000004,12.48
2018,5,26,5,0,70.11,10.92
2018,5,26,6,0,76.31,8.700000000000001
2018,5,26,7,0,58.17,9.23
2018,5,26,8,0,40.76,9.200000000000001
2018,5,26,9,0,57.89,12.8
2018,5,26,10,0,41.4,11.34
2018,5,26,11,0,53.51,11.69
2018,5,26,12,0,45.86,11.44
2018,5,26,13,0,49.78,8.52
2018,5,26,14,0,74.10000000000001,4.91
2018,5,26,15,0,82.22,4.8500000000000005
2018,5,26,16,0,49.99,4.15
2018,5,26,17,0,45.61,4.37
2018,5,26,18,0,24.400000000000002,4.61
2018,5,26,19,0,18.63,4.09
2018,5,26,20,0,25.34,4.19
2018,5,26,21,0,19.79,3.62
2018,5,26,22,0,42.83,3.22
2018,5,26,23,0,27.27,2.39
2018,5,27,0,0,268.73,0.44
2018,5,27,1,0,235.26,2.77
2018,5,27,2,0,238.27,3.88
2018,5,27,3,0,259.2,3.08
2018,5,27,4,0,272.49,1.78
2018,5,27,5,0,285.74,2.09
2018,5,27,6,0,287.24,5.83
2018,5,27,7,0,292,6.62
2018,5,27,8,0,291.64,5.58
2018,5,27,9,0,307.28000000000003,4.89
2018,5,27,10,0,332.48,2.5100000000000002
2018,5,27,11,0,25.45,0.6900000000000001
2018,5,27,12,0,95.10000000000001,0.81
2018,5,27,13,0,123.81,1.35
2018,5,27,14,0,157.97,2.41
2018,5,27,15,0,178.84,1.8800000000000001
2018,5,27,16,0,237.49,2.88
2018,5,27,17,0,224.34,2.87
2018,5,27,18,0,250.07,3.17
2018,5,27,19,0,247.76000000000002,4.03
2018,5,27,20,0,248.12,6.16
2018,5,27,21,0,250.4,8.59
2018,5,27,22,0,259.92,6.08
2018,5,27,23,0,262.24,5.64
2018,5,28,0,0,262.52,5.29
2018,5,28,1,0,273.3,6.47
2018,5,28,2,0,280.54,6.04
2018,5,28,3,0,12.41,2.12
2018,5,28,4,0,339.99,0.93
2018,5,28,5,0,293.57,3.48
2018,5,28,6,0,312.54,3.52
2018,5,28,7,0,25.13,2.44
2018,5,28,8,0,278.11,0.29
2018,5,28,9,0,222.51,0.55
2018,5,28,10,0,250.86,1.36
2018,5,28,11,0,198.25,1.3
2018,5,28,12,0,273.01,3.91
2018,5,28,13,0,277.40000000000003,6.5
2018,5,28,14,0,268.74,7.86
2018,5,28,15,0,262.36,6.79
2018,5,28,16,0,242.67000000000002,1.68
2018,5,28,17,0,18.85,1.17
2018,5,28,18,0,281.76,1.49
2018,5,28,19,0,257.71,3.7600000000000002
2018,5,28,20,0,265.04,3.91
2018,5,28,21,0,252.99,3.92
2018,5,28,22,0,254.64000000000001,4.2
2018,5,28,23,0,231.49,4.18
2018,5,29,0,0,226.46,3.93
2018,5,29,1,0,198.06,4.38
2018,5,29,2,0,200.51,4.38
2018,5,29,3,0,206.76,5.23
2018,5,29,4,0,198,6.86
2018,5,29,5,0,215.43,6.94
2018,5,29,6,0,216.42000000000002,7.3500000000000005
2018,5,29,7,0,217.12,8.47
2018,5,29,8,0,215.18,8.17
2018,5,29,9,0,216.6,8.620000000000001
2018,5,29,10,0,214.27,8.34
2018,5,29,11,0,211.02,7.0600000000000005
2018,5,29,12,0,211.75,5.8100000000000005
2018,5,29,13,0,211.41,3.62
2018,5,29,14,0,185.76,1.3800000000000001
2018,5,29,15,0,191.37,1.18
2018,5,29,16,0,103.7,0.8200000000000001
2018,5,29,17,0,43.28,1.05
2018,5,29,18,0,18.650000000000002,1.87
2018,5,29,19,0,11.86,2.2800000000000002
2018,5,29,20,0,5.94,1.75
2018,5,29,21,0,256.31,0.6
2018,5,29,22,0,232.65,2.21
2018,5,29,23,0,255.18,4.25
2018,5,30,0,0,255.01000000000002,5.71
2018,5,30,1,0,259.07,5.4
2018,5,30,2,0,256.19,5.22
2018,5,30,3,0,246.34,4.8100000000000005
2018,5,30,4,0,250.97,4.13
2018,5,30,5,0,261.41,3.69
2018,5,30,6,0,272.52,3.18
2018,5,30,7,0,290.59000000000003,2.57
2018,5,30,8,0,339.16,1.46
2018,5,30,9,0,5,1.31
2018,5,30,10,0,5.38,1.9100000000000001
2018,5,30,11,0,12.64,2.99
2018,5,30,12,0,10.870000000000001,3.21
2018,5,30,13,0,359.85,3.16
2018,5,30,14,0,1.8800000000000001,3.54
2018,5,30,15,0,0.29,3.7600000000000002
2018,5,30,16,0,7.78,4.33
2018,5,30,17,0,8.39,4.74
2018,5,30,18,0,14.52,4.42
2018,5,30,19,0,13.51,3.36
2018,5,30,20,0,10.040000000000001,1.97
2018,5,30,21,0,348.13,1.5
2018,5,30,22,0,6.69,3.0300000000000002
2018,5,30,23,0,28.1,4.16
2018,5,31,0,0,26.48,4.18
2018,5,31,1,0,30.650000000000002,3.67
2018,5,31,2,0,32,3.02
2018,5,31,3,0,59.4,4.69
2018,5,31,4,0,42.47,4.0200000000000005
2018,5,31,5,0,19.36,3.04
2018,5,31,6,0,27.89,4
2018,5,31,7,0,37.84,5.05
2018,5,31,8,0,48.22,5.8
2018,5,31,9,0,57.34,5.2
2018,5,31,10,0,51.53,3.91
2018,5,31,11,0,42.63,5.64
2018,5,31,12,0,42.15,6.84
2018,5,31,13,0,42.74,8.69
2018,5,31,14,0,35.300000000000004,9.15
2018,5,31,15,0,38.57,9.540000000000001
2018,5,31,16,0,42.12,8.65
2018,5,31,17,0,48.72,8.97
2018,5,31,18,0,50.89,9.9
2018,5,31,19,0,48.26,9.05
2018,5,31,20,0,47.19,8.55
2018,5,31,21,0,40.300000000000004,7.66
2018,5,31,22,0,47.67,7.17
2018,5,31,23,0,45.43,7.07
2018,6,1,0,0,28.16,6.79
2018,6,1,1,0,7.5600000000000005,5.7700000000000005
2018,6,1,2,0,8.5,6.86
2018,6,1,3,0,6.2,7.44
2018,6,1,4,0,0.31,7.09
2018,6,1,5,0,16.79,8.41
2018,6,1,6,0,8.83,7.42
2018,6,1,7,0,15.13,6.24
2018,6,1,8,0,355.31,3.73
2018,6,1,9,0,348.52,2.5100000000000002
2018,6,1,10,0,345.48,2.61
2018,6,1,11,0,331.98,2.81
2018,6,1,12,0,6.3,2.85
2018,6,1,13,0,2.5500000000000003,5.8
2018,6,1,14,0,9.61,7.17
2018,6,1,15,0,21.93,6.72
2018,6,1,16,0,356.5,2.0100000000000002
2018,6,1,17,0,332.46,1.16
2018,6,1,18,0,23.86,1.79
2018,6,1,19,0,63.88,1.6500000000000001
2018,6,1,20,0,86.16,0.2
2018,6,1,21,0,251.85,1.52
2018,6,1,22,0,236.57,3.58
2018,6,1,23,0,258.21,3.67
2018,6,2,0,0,313.29,3.45
2018,6,2,1,0,261.43,6.09
2018,6,2,2,0,276.29,5.23
2018,6,2,3,0,282.6,5.88
2018,6,2,4,0,298.04,5.55
2018,6,2,5,0,301.88,5.57
2018,6,2,6,0,316.33,4.11
2018,6,2,7,0,334.01,4.13
2018,6,2,8,0,342.12,5.33
2018,6,2,9,0,348.23,5.29
2018,6,2,10,0,340.24,3.8000000000000003
2018,6,2,11,0,315.33,1.58
2018,6,2,12,0,284.92,1.03
2018,6,2,13,0,260.53000000000003,1.24
2018,6,2,14,0,88.12,0.81
2018,6,2,15,0,32.43,4.24
2018,6,2,16,0,5.9,3.97
2018,6,2,17,0,42.36,2.58
2018,6,2,18,0,8.620000000000001,0.7000000000000001
2018,6,2,19,0,282.51,1.35
2018,6,2,20,0,285.86,1.98
2018,6,2,21,0,34.76,0.72
2018,6,2,22,0,291.47,0.29
2018,6,2,23,0,99.47,0.71
2018,6,3,0,0,224.52,2.15
2018,6,3,1,0,237.83,1.44
2018,6,3,2,0,227.92000000000002,1.46
2018,6,3,3,0,176.72,1.8
2018,6,3,4,0,193.15,2.84
2018,6,3,5,0,206.91,3.88
2018,6,3,6,0,217.33,4.23
2018,6,3,7,0,220.34,8.33
2018,6,3,8,0,223.39000000000001,8.88
2018,6,3,9,0,233.98000000000002,10.17
2018,6,3,10,0,230.43,10.93
2018,6,3,11,0,225.74,14.92
2018,6,3,12,0,222.75,14.120000000000001
2018,6,3,13,0,221.34,13.19
2018,6,3,14,0,219.16,12.08
2018,6,3,15,0,212.03,11.11
2018,6,3,16,0,209.41,10.41
2018,6,3,17,0,205.29,9.02
2018,6,3,18,0,208.69,8.78
2018,6,3,19,0,205.98000000000002,8.14
2018,6,3,20,0,204.53,7.03
2018,6,3,21,0,204.1,5.99
2018,6,3,22,0,212.73000000000002,6.33
2018,6,3,23,0,220.43,6.19
2018,6,4,0,0,224.22,6.84
2018,6,4,1,0,225.57,7.2
2018,6,4,2,0,220.82,5.79
2018,6,4,3,0,211.28,5.8500000000000005
2018,6,4,4,0,219.04,5.83
2018,6,4,5,0,220.23000000000002,6.99
2018,6,4,6,0,213.67000000000002,7.38
2018,6,4,7,0,220.94,8.44
2018,6,4,8,0,223.39000000000001,8.040000000000001
2018,6,4,9,0,215.16,9.23
2018,6,4,10,0,214.68,9.870000000000001
2018,6,4,11,0,215.4,9.69
2018,6,4,12,0,213.53,8.99
2018,6,4,13,0,211.04,9.200000000000001
2018,6,4,14,0,201.65,9.46
2018,6,4,15,0,201.75,10.83
2018,6,4,16,0,187.66,9.97
2018,6,4,17,0,175.67000000000002,10.6
2018,6,4,18,0,190.67000000000002,8.89
2018,6,4,19,0,218.49,6.59
2018,6,4,20,0,238.48000000000002,4.5200000000000005
2018,6,4,21,0,230.4,4.11
2018,6,4,22,0,214.5,3.3200000000000003
2018,6,4,23,0,204.38,3.35
2018,6,5,0,0,214.16,3.5300000000000002
2018,6,5,1,0,227.33,4.24
2018,6,5,2,0,229.53,4.75
2018,6,5,3,0,235.79,4.74
2018,6,5,4,0,246.23000000000002,4.82
2018,6,5,5,0,249.24,3.92
2018,6,5,6,0,239.17000000000002,4.34
2018,6,5,7,0,240.13,4.96
2018,6,5,8,0,238.06,5.53
2018,6,5,9,0,225.74,5.4
2018,6,5,10,0,236.48000000000002,5.55
2018,6,5,11,0,240.85,5.67
2018,6,5,12,0,241.34,5.62
2018,6,5,13,0,236.11,5.43
2018,6,5,14,0,221.91,4.86
2018,6,5,15,0,211.88,4.45
2018,6,5,16,0,197.53,5.68
2018,6,5,17,0,178.43,8.16
2018,6,5,18,0,188.65,7.0600000000000005
2018,6,5,19,0,209.73000000000002,5.21
2018,6,5,20,0,239.69,3.44
2018,6,5,21,0,237.21,3.17
2018,6,5,22,0,225.49,2
2018,6,5,23,0,217.23000000000002,2.31
2018,6,6,0,0,227.45000000000002,2.59
2018,6,6,1,0,207.73000000000002,2.46
2018,6,6,2,0,218.31,4.45
2018,6,6,3,0,216.57,4.8
2018,6,6,4,0,220.88,4.72
2018,6,6,5,0,217.96,4.1
2018,6,6,6,0,225.17000000000002,4.12
2018,6,6,7,0,220.99,4.4
2018,6,6,8,0,208.16,5.04
2018,6,6,9,0,228.3,4.78
2018,6,6,10,0,226.27,4.62
2018,6,6,11,0,221,3.7
2018,6,6,12,0,223.99,3.71
2018,6,6,13,0,216.9,3.27
2018,6,6,14,0,219.1,3.18
2018,6,6,15,0,204.97,3.8200000000000003
2018,6,6,16,0,199.79,4.69
2018,6,6,17,0,196.04,4.42
2018,6,6,18,0,211.99,2.92
2018,6,6,19,0,217.46,1.71
2018,6,6,20,0,208.86,1.03
2018,6,6,21,0,176.43,0.38
2018,6,6,22,0,245.94,0.88
2018,6,6,23,0,33.71,0.19
2018,6,7,0,0,22.51,0.2
2018,6,7,1,0,43.5,1.1400000000000001
2018,6,7,2,0,321.71,0.8300000000000001
2018,6,7,3,0,270.1,2.67
2018,6,7,4,0,273.38,2.58
2018,6,7,5,0,291.87,2.36
2018,6,7,6,0,304.3,2.84
2018,6,7,7,0,330.5,2.42
2018,6,7,8,0,48.03,2.2600000000000002
2018,6,7,9,0,55.44,2.5100000000000002
2018,6,7,10,0,60.17,3.25
2018,6,7,11,0,150.29,1.17
2018,6,7,12,0,248.52,1.85
2018,6,7,13,0,250.91,3.9
2018,6,7,14,0,223.68,3.56
2018,6,7,15,0,177.76,4
2018,6,7,16,0,193.18,5.68
2018,6,7,17,0,204.6,6.5600000000000005
2018,6,7,18,0,202.74,7.97
2018,6,7,19,0,205.19,4.89
2018,6,7,20,0,198.54,5.44
2018,6,7,21,0,197.6,6.82
2018,6,7,22,0,200.65,9.53
2018,6,7,23,0,200.96,10.55
2018,6,8,0,0,202.47,12.81
2018,6,8,1,0,204.42000000000002,13.43
2018,6,8,2,0,205.26,13.14
2018,6,8,3,0,206.93,12.77
2018,6,8,4,0,205.38,12.39
2018,6,8,5,0,207.31,13.06
2018,6,8,6,0,205.1,13.84
2018,6,8,7,0,205.77,14.23
2018,6,8,8,0,209.16,13.59
2018,6,8,9,0,205.75,12.19
2018,6,8,10,0,207.3,10.1
2018,6,8,11,0,214.49,7.3
2018,6,8,12,0,229.39000000000001,3.8200000000000003
2018,6,8,13,0,266.1,0.2
2018,6,8,14,0,73.95,1.3
2018,6,8,15,0,90.33,1.24
2018,6,8,16,0,68.27,1.8800000000000001
2018,6,8,17,0,83.92,2.31
2018,6,8,18,0,94.49,2.63
2018,6,8,19,0,65.76,2.25
2018,6,8,20,0,102.31,1.61
2018,6,8,21,0,145.32,1.59
2018,6,8,22,0,181.69,2.16
2018,6,8,23,0,203.44,3.62
2018,6,9,0,0,219.55,4.11
2018,6,9,1,0,229.71,4.33
2018,6,9,2,0,228.35,3.59
2018,6,9,3,0,224.43,3.92
2018,6,9,4,0,200.44,4.61
2018,6,9,5,0,197.66,5.45
2018,6,9,6,0,220.17000000000002,5.13
2018,6,9,7,0,210.86,7.95
2018,6,9,8,0,208.59,8.72
2018,6,9,9,0,209.11,8.93
2018,6,9,10,0,206.65,8.08
2018,6,9,11,0,208.09,8.47
2018,6,9,12,0,206.32,8.22
2018,6,9,13,0,210.13,7.76
2018,6,9,14,0,220.83,6.07
2018,6,9,15,0,218.21,3.33
2018,6,9,16,0,203.23000000000002,2.34
2018,6,9,17,0,192.88,3
2018,6,9,18,0,200.41,3.04
2018,6,9,19,0,199.81,2.36
2018,6,9,20,0,196.39000000000001,3.85
2018,6,9,21,0,211.52,3.83
2018,6,9,22,0,207.07,4.0200000000000005
2018,6,9,23,0,212.36,4.67
2018,6,10,0,0,212.65,4.91
2018,6,10,1,0,218.01,5.22
2018,6,10,2,0,213.16,5.43
2018,6,10,3,0,211.97,6.23
2018,6,10,4,0,212.06,5.83
2018,6,10,5,0,215.14000000000001,6.09
2018,6,10,6,0,211.91,6.05
2018,6,10,7,0,210.97,7.6000000000000005
2018,6,10,8,0,209.25,8.98
2018,6,10,9,0,205.98000000000002,9.84
2018,6,10,10,0,210.39000000000001,7.69
2018,6,10,11,0,209.27,6.38
2018,6,10,12,0,221.99,5.01
2018,6,10,13,0,217.22,5.1000000000000005
2018,6,10,14,0,225.98000000000002,5.09
2018,6,10,15,0,217.37,4.68
2018,6,10,16,0,215.21,3.79
2018,6,10,17,0,216.08,3.2800000000000002
2018,6,10,18,0,207.4,2.81
2018,6,10,19,0,201.95000000000002,2.7600000000000002
2018,6,10,20,0,206.48000000000002,3.48
2018,6,10,21,0,199.02,4.49
2018,6,10,22,0,205.01,5.71
2018,6,10,23,0,213.03,6.21
2018,6,11,0,0,215.72,7.69
2018,6,11,1,0,211.39000000000001,7.8100000000000005
2018,6,11,2,0,212.39000000000001,10.24
2018,6,11,3,0,212.08,10.67
2018,6,11,4,0,213.66,9.98
2018,6,11,5,0,223.34,8.38
2018,6,11,6,0,226.04,8.46
2018,6,11,7,0,234.22,5.6000000000000005
2018,6,11,8,0,259.15,3.27
2018,6,11,9,0,266.34000000000003,7.32
2018,6,11,10,0,8.6,8.66
2018,6,11,11,0,39.410000000000004,6.45
2018,6,11,12,0,34.82,7.26
2018,6,11,13,0,39.65,7.97
2018,6,11,14,0,56.550000000000004,9.46
2018,6,11,15,0,65.26,10.24
2018,6,11,16,0,43.64,10.44
2018,6,11,17,0,25.68,7.9
2018,6,11,18,0,17.89,3.66
2018,6,11,19,0,17.900000000000002,1.86
2018,6,11,20,0,41.92,2.79
2018,6,11,21,0,53.36,2.41
2018,6,11,22,0,26.21,1.3900000000000001
2018,6,11,23,0,263.21,2.24
2018,6,12,0,0,323.28000000000003,2.04
2018,6,12,1,0,11.23,2.71
2018,6,12,2,0,42.52,9.200000000000001
2018,6,12,3,0,32.51,8.01
2018,6,12,4,0,17.25,13.01
2018,6,12,5,0,17.26,12.09
2018,6,12,6,0,36.36,11.08
2018,6,12,7,0,40.35,7.68
2018,6,12,8,0,30.88,8.24
2018,6,12,9,0,24.45,6.95
2018,6,12,10,0,55.92,3.47
2018,6,12,11,0,133.59,5.17
2018,6,12,12,0,194.47,6.98
2018,6,12,13,0,142.9,3.8200000000000003
2018,6,12,14,0,106.26,3.21
2018,6,12,15,0,20.23,2.02
2018,6,12,16,0,28.78,5.3100000000000005
2018,6,12,17,0,38.94,5.51
2018,6,12,18,0,22.6,6.6000000000000005
2018,6,12,19,0,30.68,6.45
2018,6,12,20,0,36.15,7.28
2018,6,12,21,0,36.4,7.26
2018,6,12,22,0,23.02,6.5
2018,6,12,23,0,23.92,6.63
2018,6,13,0,0,57.17,4.49
2018,6,13,1,0,57.31,4.97
2018,6,13,2,0,53.6,3.94
2018,6,13,3,0,38.31,2.79
2018,6,13,4,0,35.32,2.72
2018,6,13,5,0,12.22,2
2018,6,13,6,0,343.34000000000003,1.32
2018,6,13,7,0,323.17,1.36
2018,6,13,8,0,3.46,1.79
2018,6,13,9,0,12.290000000000001,2.75
2018,6,13,10,0,341.25,3.4
2018,6,13,11,0,316.25,2.57
2018,6,13,12,0,294.27,2.66
2018,6,13,13,0,309.08,2.21
2018,6,13,14,0,25.38,1.17
2018,6,13,15,0,23.080000000000002,2.73
2018,6,13,16,0,15.84,2.48
2018,6,13,17,0,304.87,1.28
2018,6,13,18,0,260.85,2.69
2018,6,13,19,0,257.65,3.48
2018,6,13,20,0,245.26,4.17
2018,6,13,21,0,241.35,5.59
2018,6,13,22,0,243.16,5.83
2018,6,13,23,0,245.62,6.140000000000001
2018,6,14,0,0,253.05,6.29
2018,6,14,1,0,260.27,7.49
2018,6,14,2,0,260.64,7.92
2018,6,14,3,0,262.54,6.7
2018,6,14,4,0,263.62,6.24
2018,6,14,5,0,264.21,5.46
2018,6,14,6,0,266.89,4.6000000000000005
2018,6,14,7,0,255.34,3.2800000000000002
2018,6,14,8,0,268.57,3.44
2018,6,14,9,0,279.48,5.8
2018,6,14,10,0,310.52,2.44
2018,6,14,11,0,327.55,1.03
2018,6,14,12,0,204.85,0.22
2018,6,14,13,0,201.85,1.1400000000000001
2018,6,14,14,0,206.21,2.11
2018,6,14,15,0,199.62,2.69
2018,6,14,16,0,209.81,2.54
2018,6,14,17,0,191.07,2.68
2018,6,14,18,0,187.75,2.75
2018,6,14,19,0,183.5,3.0100000000000002
2018,6,14,20,0,190.44,3.69
2018,6,14,21,0,195.79,5.1000000000000005
2018,6,14,22,0,200.99,5
2018,6,14,23,0,208.65,4.96
2018,6,15,0,0,213.12,4.99
2018,6,15,1,0,215.17000000000002,6.47
2018,6,15,2,0,225.25,6.8
2018,6,15,3,0,217.61,5.76
2018,6,15,4,0,216.89000000000001,5.7
2018,6,15,5,0,218.88,6.62
2018,6,15,6,0,214.70000000000002,6.72
2018,6,15,7,0,215.97,8
2018,6,15,8,0,211.78,9.13
2018,6,15,9,0,200.08,9.07
2018,6,15,10,0,209.56,9.18
2018,6,15,11,0,208.22,10.84
2018,6,15,12,0,210.56,8.19
2018,6,15,13,0,207.70000000000002,4.93
2018,6,15,14,0,211.6,6.84
2018,6,15,15,0,215.32,9.22
2018,6,15,16,0,220.32,10.19
2018,6,15,17,0,218.9,13.280000000000001
2018,6,15,18,0,220.8,13.370000000000001
2018,6,15,19,0,226.86,10.28
2018,6,15,20,0,231.37,8.17
2018,6,15,21,0,242.04,6.2
2018,6,15,22,0,238.76,4.24
2018,6,15,23,0,305.93,2.66
2018,6,16,0,0,12.14,4
2018,6,16,1,0,14.26,5.41
2018,6,16,2,0,19.57,7.390000000000001
2018,6,16,3,0,41.15,5.0200000000000005
2018,6,16,4,0,27.03,4.94
2018,6,16,5,0,14.88,5.48
2018,6,16,6,0,15.950000000000001,4.62
2018,6,16,7,0,21.6,4.2700000000000005
2018,6,16,8,0,23.39,5.0600000000000005
2018,6,16,9,0,15.36,5.78
2018,6,16,10,0,14.540000000000001,7.78
2018,6,16,11,0,18.52,6.32
2018,6,16,12,0,9.790000000000001,5.08
2018,6,16,13,0,3.37,3.98
2018,6,16,14,0,346.5,2.45
2018,6,16,15,0,325.49,1.51
2018,6,16,16,0,313.58,1.75
2018,6,16,17,0,266.16,2.88
2018,6,16,18,0,231.58,3.6
2018,6,16,19,0,212.42000000000002,5.28
2018,6,16,20,0,208.21,6.3500000000000005
2018,6,16,21,0,193.28,7.140000000000001
2018,6,16,22,0,196.22,10.22
2018,6,16,23,0,195.22,15.92
2018,6,17,0,0,191.72,15.11
2018,6,17,1,0,187.3,12.6
2018,6,17,2,0,185.06,10.94
2018,6,17,3,0,176.26,11.22
2018,6,17,4,0,169.45000000000002,10.08
2018,6,17,5,0,169.6,9.21
2018,6,17,6,0,168.71,9.67
2018,6,17,7,0,175.49,11.81
2018,6,17,8,0,168.22,11.49
2018,6,17,9,0,176.71,12.56
2018,6,17,10,0,181.44,13.290000000000001
2018,6,17,11,0,181.9,12.86
2018,6,17,12,0,184.11,13.32
2018,6,17,13,0,178.93,12.870000000000001
2018,6,17,14,0,177.85,13.14
2018,6,17,15,0,176.07,12.67
2018,6,17,16,0,184.89000000000001,13.26
2018,6,17,17,0,188.59,13.3
2018,6,17,18,0,195.02,14.41
2018,6,17,19,0,200.44,14.42
2018,6,17,20,0,207.65,10.03
2018,6,17,21,0,226.29,8.94
2018,6,17,22,0,238.95000000000002,7.0600000000000005
2018,6,17,23,0,257.7,6.03
2018,6,18,0,0,283.03000000000003,3.93
2018,6,18,1,0,14.76,2.62
2018,6,18,2,0,8.56,5.17
2018,6,18,3,0,23.98,7.640000000000001
2018,6,18,4,0,38.6,8.370000000000001
2018,6,18,5,0,92.74,9.370000000000001
2018,6,18,6,0,34.07,10.68
2018,6,18,7,0,48.67,9.43
2018,6,18,8,0,47.65,10.540000000000001
2018,6,18,9,0,57.02,14.02
2018,6,18,10,0,62.21,12.55
2018,6,18,11,0,78.13,9.89
2018,6,18,12,0,96.8,15.08
2018,6,18,13,0,80.92,10.81
2018,6,18,14,0,88.91,11.290000000000001
2018,6,18,15,0,97.07000000000001,15.76
2018,6,18,16,0,112.31,10.75
2018,6,18,17,0,90.12,11.15
2018,6,18,18,0,75.54,12.43
2018,6,18,19,0,83.10000000000001,11.19
2018,6,18,20,0,82.71000000000001,8.77
2018,6,18,21,0,82.14,5.54
2018,6,18,22,0,127.91,3.72
2018,6,18,23,0,211.1,3.99
2018,6,19,0,0,235.33,6.640000000000001
2018,6,19,1,0,226.19,4.97
2018,6,19,2,0,193.55,4.37
2018,6,19,3,0,200.76,8.73
2018,6,19,4,0,209.35,12.3
2018,6,19,5,0,212.72,10.27
2018,6,19,6,0,221.66,9.73
2018,6,19,7,0,222.37,9.34
2018,6,19,8,0,201.73000000000002,7.29
2018,6,19,9,0,181.29,10.82
2018,6,19,10,0,175.17000000000002,12.97
2018,6,19,11,0,188.12,14.23
2018,6,19,12,0,180.12,12.71
2018,6,19,13,0,184.07,11.31
2018,6,19,14,0,188.66,10.26
2018,6,19,15,0,195.29,10.57
2018,6,19,16,0,207.72,10.48
2018,6,19,17,0,204.70000000000002,7.3500000000000005
2018,6,19,18,0,217.45000000000002,7.04
2018,6,19,19,0,243.54,5.17
2018,6,19,20,0,243.17000000000002,4.84
2018,6,19,21,0,229.54,3.65
2018,6,19,22,0,236.44,3.0500000000000003
2018,6,19,23,0,250.52,2.73
2018,6,20,0,0,290.5,2.4
2018,6,20,1,0,8.05,2.4
2018,6,20,2,0,353.52,2.22
2018,6,20,3,0,319.34000000000003,3.08
2018,6,20,4,0,326.69,2.98
2018,6,20,5,0,337.27,3.74
2018,6,20,6,0,8.58,4.43
2018,6,20,7,0,6.54,5.72
2018,6,20,8,0,15.71,6.21
2018,6,20,9,0,24.62,6.98
2018,6,20,10,0,44.01,7.47
2018,6,20,11,0,31.13,8.27
2018,6,20,12,0,17.63,7.72
2018,6,20,13,0,22.41,9.02
2018,6,20,14,0,25.91,8.870000000000001
2018,6,20,15,0,26.48,7.930000000000001
2018,6,20,16,0,25.52,7.98
2018,6,20,17,0,43.64,5.26
2018,6,20,18,0,45.64,5.01
2018,6,20,19,0,46.54,4.47
2018,6,20,20,0,48.68,4.42
2018,6,20,21,0,43.910000000000004,4.45
2018,6,20,22,0,46.88,3.89
2018,6,20,23,0,44.4,3.72
2018,6,21,0,0,48.17,5.46
2018,6,21,1,0,44.06,5.08
2018,6,21,2,0,54.32,4.53
2018,6,21,3,0,46.54,4.07
2018,6,21,4,0,233.05,6.73
2018,6,21,5,0,225.44,6.92
2018,6,21,6,0,235.07,4.5200000000000005
2018,6,21,7,0,228.46,3.18
2018,6,21,8,0,213.20000000000002,1.23
2018,6,21,9,0,156.33,1.1
2018,6,21,10,0,118.88,1.41
2018,6,21,11,0,130.68,2.9
2018,6,21,12,0,130.5,2.5500000000000003
2018,6,21,13,0,82.97,2.36
2018,6,21,14,0,85.72,2.38
2018,6,21,15,0,68.14,1.35
2018,6,21,16,0,18.16,0.25
2018,6,21,17,0,284.66,2.3000000000000003
2018,6,21,18,0,248.02,2.49
2018,6,21,19,0,239.07,2.7
2018,6,21,20,0,275.01,3.7800000000000002
2018,6,21,21,0,266.61,5.44
2018,6,21,22,0,265.64,6.36
2018,6,21,23,0,254.37,6.96
2018,6,22,0,0,250.41,7.72
2018,6,22,1,0,241.83,7.7700000000000005
2018,6,22,2,0,213.69,7.45
2018,6,22,3,0,207.64000000000001,6.79
2018,6,22,4,0,206.64000000000001,7.17
2018,6,22,5,0,203.28,8.77
2018,6,22,6,0,197.03,8.56
2018,6,22,7,0,196.63,8.74
2018,6,22,8,0,200.42000000000002,9.34
2018,6,22,9,0,206.1,9.46
2018,6,22,10,0,209.6,11
2018,6,22,11,0,206.6,10.53
2018,6,22,12,0,203.37,9.52
2018,6,22,13,0,199.42000000000002,7.96
2018,6,22,14,0,197.54,7.1000000000000005
2018,6,22,15,0,193.62,6.57
2018,6,22,16,0,198.1,6.55
2018,6,22,17,0,191.85,5.91
2018,6,22,18,0,179.08,5.39
2018,6,22,19,0,172.91,5.66
2018,6,22,20,0,169.13,6.03
2018,6,22,21,0,174.25,6.3100000000000005
2018,6,22,22,0,181.64000000000001,6.57
2018,6,22,23,0,187.86,7.41
2018,6,23,0,0,195.44,8.16
2018,6,23,1,0,203.16,9.34
2018,6,23,2,0,215.19,6.57
2018,6,23,3,0,211.11,7.12
2018,6,23,4,0,209.36,7.24
2018,6,23,5,0,208.71,6.66
2018,6,23,6,0,200.38,6.82
2018,6,23,7,0,199.41,8.01
2018,6,23,8,0,196.58,8.94
2018,6,23,9,0,204.49,9.88
2018,6,23,10,0,209.03,10.43
2018,6,23,11,0,199.08,9.52
2018,6,23,12,0,197.06,8.42
2018,6,23,13,0,194.52,7.99
2018,6,23,14,0,189.33,8.06
2018,6,23,15,0,186.29,7.63
2018,6,23,16,0,189.32,7.59
2018,6,23,17,0,197.86,6.69
2018,6,23,18,0,204.53,5.79
2018,6,23,19,0,205.79,5.47
2018,6,23,20,0,199.77,6.13
2018,6,23,21,0,195.46,6.0600000000000005
2018,6,23,22,0,186.34,5.6000000000000005
2018,6,23,23,0,189.12,5.0200000000000005
2018,6,24,0,0,205.92000000000002,4.4
2018,6,24,1,0,229.92000000000002,3.3000000000000003
2018,6,24,2,0,224.56,3.2
2018,6,24,3,0,220.88,3.92
2018,6,24,4,0,218.8,4.07
2018,6,24,5,0,213.42000000000002,3.91
2018,6,24,6,0,201.35,3.74
2018,6,24,7,0,223.82,3.41
2018,6,24,8,0,223.23000000000002,3.2600000000000002
2018,6,24,9,0,213.11,4.22
2018,6,24,10,0,213.42000000000002,3.7800000000000002
2018,6,24,11,0,202.12,4.26
2018,6,24,12,0,201.96,3.19
2018,6,24,13,0,198.36,3.41
2018,6,24,14,0,189.25,2.24
2018,6,24,15,0,171.32,1.82
2018,6,24,16,0,150.22,1.01
2018,6,24,17,0,149.48,0.5
2018,6,24,18,0,49.9,1.1300000000000001
2018,6,24,19,0,87.61,0.88
2018,6,24,20,0,97.12,0.85
2018,6,24,21,0,200.51,0.8
2018,6,24,22,0,213.32,2.2600000000000002
2018,6,24,23,0,214.53,3.46
2018,6,25,0,0,211.94,4.04
2018,6,25,1,0,215.48000000000002,5.15
2018,6,25,2,0,221.67000000000002,6.15
2018,6,25,3,0,221.73000000000002,6.3100000000000005
2018,6,25,4,0,222.31,7.43
2018,6,25,5,0,215.1,7.67
2018,6,25,6,0,213.70000000000002,6.640000000000001
2018,6,25,7,0,210.38,8.86
2018,6,25,8,0,208.25,9.21
2018,6,25,9,0,206.78,9.290000000000001
2018,6,25,10,0,197.02,8.75
2018,6,25,11,0,199.38,8.040000000000001
2018,6,25,12,0,203.56,8.26
2018,6,25,13,0,207.1,7.2
2018,6,25,14,0,208.93,6.09
2018,6,25,15,0,212.79,5.21
2018,6,25,16,0,215.27,4.95
2018,6,25,17,0,212.77,4.0200000000000005
2018,6,25,18,0,211.33,3.42
2018,6,25,19,0,205.74,3.68
2018,6,25,20,0,204.87,5.17
2018,6,25,21,0,207.45000000000002,6.01
2018,6,25,22,0,218.18,6.96
2018,6,25,23,0,216.17000000000002,8.83
2018,6,26,0,0,212.56,9.19
2018,6,26,1,0,210.72,9.790000000000001
2018,6,26,2,0,210.37,9.370000000000001
2018,6,26,3,0,213.89000000000001,10.52
2018,6,26,4,0,217.86,12.35
2018,6,26,5,0,222.04,12.11
2018,6,26,6,0,222.24,10.72
2018,6,26,7,0,223.06,9.81
2018,6,26,8,0,223.35,9.08
2018,6,26,9,0,223.4,8.15
2018,6,26,10,0,218.47,6.140000000000001
2018,6,26,11,0,213.61,4.5200000000000005
2018,6,26,12,0,209.46,3.74
2018,6,26,13,0,212.5,2.83
2018,6,26,14,0,193.93,1.41
2018,6,26,15,0,288.88,0.8200000000000001
2018,6,26,16,0,7.42,1.69
2018,6,26,17,0,30.03,2.99
2018,6,26,18,0,32.7,4.15
2018,6,26,19,0,24.27,4.32
2018,6,26,20,0,34.53,4.82
2018,6,26,21,0,22.7,4.95
2018,6,26,22,0,22.080000000000002,4.88
2018,6,26,23,0,35.25,5.09
2018,6,27,0,0,23.54,5.29
2018,6,27,1,0,17.67,4.0200000000000005
2018,6,27,2,0,11.56,3.95
2018,6,27,3,0,4.1,4.17
2018,6,27,4,0,1.8800000000000001,5.33
2018,6,27,5,0,8.92,5.26
2018,6,27,6,0,27.32,4.28
2018,6,27,7,0,18.06,3.45
2018,6,27,8,0,9.6,4.46
2018,6,27,9,0,20.62,2.7600000000000002
2018,6,27,10,0,52.910000000000004,5.26
2018,6,27,11,0,109.08,7.6000000000000005
2018,6,27,12,0,101.99000000000001,10.200000000000001
2018,6,27,13,0,90.92,11.77
2018,6,27,14,0,52.75,7.47
2018,6,27,15,0,65.48,6.73
2018,6,27,16,0,76.10000000000001,10.08
2018,6,27,17,0,56.13,7.5600000000000005
2018,6,27,18,0,68.47,8.86
2018,6,27,19,0,44,8.6
2018,6,27,20,0,29.12,8.07
2018,6,27,21,0,26.89,8.45
2018,6,27,22,0,34.2,8.25
2018,6,27,23,0,33.78,8.51
2018,6,28,0,0,40.47,7.28
2018,6,28,1,0,49.78,6.99
2018,6,28,2,0,55.02,7
2018,6,28,3,0,74.71000000000001,7.7700000000000005
2018,6,28,4,0,55.660000000000004,7.82
2018,6,28,5,0,80.43,8.66
2018,6,28,6,0,58.26,7.03
2018,6,28,7,0,50.2,7.3500000000000005
2018,6,28,8,0,56.82,8.26
2018,6,28,9,0,65.21000000000001,9.27
2018,6,28,10,0,41.7,9.540000000000001
2018,6,28,11,0,38.24,11.64
2018,6,28,12,0,39.63,10.64
2018,6,28,13,0,49,9.57
2018,6,28,14,0,56.82,7.25
2018,6,28,15,0,71.03,6.03
2018,6,28,16,0,32.95,5.64
2018,6,28,17,0,43.75,6.09
2018,6,28,18,0,40.59,5.2
2018,6,28,19,0,43.11,6.75
2018,6,28,20,0,37.160000000000004,7.04
2018,6,28,21,0,28.94,7.38
2018,6,28,22,0,31.11,7.84
2018,6,28,23,0,37.78,8.08
2018,6,29,0,0,29.61,7.37
2018,6,29,1,0,33.660000000000004,6.33
2018,6,29,2,0,41.57,6.68
2018,6,29,3,0,39.800000000000004,5.75
2018,6,29,4,0,52.5,5.95
2018,6,29,5,0,90.95,4.1
2018,6,29,6,0,111.79,4.5600000000000005
2018,6,29,7,0,100.2,4.41
2018,6,29,8,0,97.9,5.38
2018,6,29,9,0,95.36,5.69
2018,6,29,10,0,123.57000000000001,3.42
2018,6,29,11,0,169.5,0.72
2018,6,29,12,0,73.63,2.16
2018,6,29,13,0,64.47,2.54
2018,6,29,14,0,49.63,5.25
2018,6,29,15,0,59.33,5.33
2018,6,29,16,0,74.16,3.88
2018,6,29,17,0,57.93,3.39
2018,6,29,18,0,45.49,3.38
2018,6,29,19,0,38.82,3.2
2018,6,29,20,0,25.04,3.52
2018,6,29,21,0,28.27,3.92
2018,6,29,22,0,22.93,3.8200000000000003
2018,6,29,23,0,36.88,2.29
2018,6,30,0,0,72.82000000000001,0.98
2018,6,30,1,0,286.61,1.45
2018,6,30,2,0,254.97,2.5100000000000002
2018,6,30,3,0,235.92000000000002,2.25
2018,6,30,4,0,216.71,2.68
2018,6,30,5,0,212.22,3.83
2018,6,30,6,0,215.11,4.25
2018,6,30,7,0,207.97,4.87
2018,6,30,8,0,214.98000000000002,5.55
2018,6,30,9,0,209.20000000000002,6.41
2018,6,30,10,0,203.52,5.95
2018,6,30,11,0,210.54,5.66
2018,6,30,12,0,220.99,7.45
2018,6,30,13,0,213.39000000000001,8.05
2018,6,30,14,0,210.33,7.890000000000001
2018,6,30,15,0,207.82,7.76
2018,6,30,16,0,209.6,6.44
2018,6,30,17,0,209.07,5.92
2018,6,30,18,0,199.17000000000002,4.86
2018,6,30,19,0,196.55,6.01
2018,6,30,20,0,200.39000000000001,6.38
2018,6,30,21,0,199.29,6.36
2018,6,30,22,0,204.96,6.08
2018,6,30,23,0,206.18,5.72
2018,7,1,0,0,203.81,6.47
2018,7,1,1,0,207.76,6.69
2018,7,1,2,0,206.89000000000001,6.390000000000001
2018,7,1,3,0,213.16,6.2700000000000005
2018,7,1,4,0,212.69,6.2
2018,7,1,5,0,212.15,6.8
2018,7,1,6,0,210.89000000000001,8.07
2018,7,1,7,0,208.31,9.76
2018,7,1,8,0,206.27,10.9
2018,7,1,9,0,204.45000000000002,10.94
2018,7,1,10,0,204.38,10.76
2018,7,1,11,0,202.15,10.41
2018,7,1,12,0,200.75,10.05
2018,7,1,13,0,200.76,10.3
2018,7,1,14,0,201.23000000000002,8.83
2018,7,1,15,0,202.58,8.39
2018,7,1,16,0,198.74,6.82
2018,7,1,17,0,201.23000000000002,5.78
2018,7,1,18,0,214.51,2.84
2018,7,1,19,0,193.76,1.44
2018,7,1,20,0,231.06,0.8300000000000001
2018,7,1,21,0,32.71,0.23
2018,7,1,22,0,26.32,0.33
2018,7,1,23,0,269.65,0.4
2018,7,2,0,0,203.79,1.21
2018,7,2,1,0,216.32,3.63
2018,7,2,2,0,223.8,4.44
2018,7,2,3,0,223.02,4.45
2018,7,2,4,0,229.51,5.25
2018,7,2,5,0,218.33,5.19
2018,7,2,6,0,217.35,5.75
2018,7,2,7,0,220.41,5.37
2018,7,2,8,0,223.78,5.0600000000000005
2018,7,2,9,0,220.05,4.75
2018,7,2,10,0,225.48000000000002,5.5
2018,7,2,11,0,232.38,4.37
2018,7,2,12,0,244.08,3.12
2018,7,2,13,0,271.89,0.9400000000000001
2018,7,2,14,0,134.32,1.17
2018,7,2,15,0,21.330000000000002,3.6
2018,7,2,16,0,26.990000000000002,3.2800000000000002
2018,7,2,17,0,25.88,2.33
2018,7,2,18,0,37.53,2.21
2018,7,2,19,0,48.81,2.19
2018,7,2,20,0,36.99,3
2018,7,2,21,0,42.72,2.8000000000000003
2018,7,2,22,0,47.13,1.6600000000000001
2018,7,2,23,0,153.08,0.55
2018,7,3,0,0,239.95000000000002,1.82
2018,7,3,1,0,240.65,2.43
2018,7,3,2,0,247.35,4.09
2018,7,3,3,0,236.15,3.97
2018,7,3,4,0,257.75,5.58
2018,7,3,5,0,246.97,6.8500000000000005
2018,7,3,6,0,237.68,5.62
2018,7,3,7,0,231.45000000000002,6.37
2018,7,3,8,0,223.28,5.63
2018,7,3,9,0,215.58,5.32
2018,7,3,10,0,213.73000000000002,5.69
2018,7,3,11,0,219.57,5.01
2018,7,3,12,0,234.84,3.2800000000000002
2018,7,3,13,0,248.38,0.85
2018,7,3,14,0,99.92,0.07
2018,7,3,15,0,103.37,0.59
2018,7,3,16,0,22.06,2.7
2018,7,3,17,0,55.56,3.31
2018,7,3,18,0,73.84,3.84
2018,7,3,19,0,78.68,3.12
2018,7,3,20,0,81.02,1.06
2018,7,3,21,0,166.28,0.67
2018,7,3,22,0,230.14000000000001,1.6400000000000001
2018,7,3,23,0,227.21,2.63
2018,7,4,0,0,226.46,3
2018,7,4,1,0,225.07,3.5300000000000002
2018,7,4,2,0,232.82,4.29
2018,7,4,3,0,225.41,5.01
2018,7,4,4,0,219.83,5.23
2018,7,4,5,0,218.12,4.98
2018,7,4,6,0,209.69,5.34
2018,7,4,7,0,205.75,8.08
2018,7,4,8,0,208.85,8.19
2018,7,4,9,0,209.24,8.07
2018,7,4,10,0,212.38,7.99
2018,7,4,11,0,217.16,6.53
2018,7,4,12,0,212.62,5.87
2018,7,4,13,0,222.27,4.54
2018,7,4,14,0,228.57,3
2018,7,4,15,0,233.15,1.42
2018,7,4,16,0,340.6,0.52
2018,7,4,17,0,106.59,1.05
2018,7,4,18,0,185.74,0.89
2018,7,4,19,0,170.35,1.23
2018,7,4,20,0,187.01,2.27
2018,7,4,21,0,197.92000000000002,2.9
2018,7,4,22,0,187.15,3.21
2018,7,4,23,0,212.02,2.7
2018,7,5,0,0,227.74,3.58
2018,7,5,1,0,212.58,4.99
2018,7,5,2,0,211.97,5.91
2018,7,5,3,0,217.68,6.12
2018,7,5,4,0,214.71,7.7700000000000005
2018,7,5,5,0,207.65,5.95
2018,7,5,6,0,208.26,6.79
2018,7,5,7,0,214.87,6.24
2018,7,5,8,0,215.27,5.04
2018,7,5,9,0,219.91,4.04
2018,7,5,10,0,224.74,4.07
2018,7,5,11,0,227.74,2.5100000000000002
2018,7,5,12,0,232.01,1.37
2018,7,5,13,0,248.05,2.84
2018,7,5,14,0,220.24,1.24
2018,7,5,15,0,220.84,1.58
2018,7,5,16,0,305.6,0.3
2018,7,5,17,0,59.61,1.03
2018,7,5,18,0,98.26,1.42
2018,7,5,19,0,57.08,1.34
2018,7,5,20,0,3.95,1.03
2018,7,5,21,0,292.96,2.3000000000000003
2018,7,5,22,0,281.57,3.65
2018,7,5,23,0,280.51,5.08
2018,7,6,0,0,272.44,5.45
2018,7,6,1,0,263.05,5.73
2018,7,6,2,0,249.01000000000002,4.64
2018,7,6,3,0,252.53,4.97
2018,7,6,4,0,255.91,6.1000000000000005
2018,7,6,5,0,264.26,5.74
2018,7,6,6,0,273.64,5.08
2018,7,6,7,0,285.69,7.94
2018,7,6,8,0,316.23,4.11
2018,7,6,9,0,2.32,2.83
2018,7,6,10,0,356.92,5.04
2018,7,6,11,0,10.42,8.21
2018,7,6,12,0,23.53,6.44
2018,7,6,13,0,27.63,5.39
2018,7,6,14,0,6.3100000000000005,3.4
2018,7,6,15,0,7.5200000000000005,4.97
2018,7,6,16,0,19.75,6.61
2018,7,6,17,0,29.080000000000002,5.18
2018,7,6,18,0,51.39,7.05
2018,7,6,19,0,54.53,5.24
2018,7,6,20,0,52.43,2.58
2018,7,6,21,0,259.98,0.79
2018,7,6,22,0,259.57,3.45
2018,7,6,23,0,270.3,4.7
2018,7,7,0,0,264.2,5.3
2018,7,7,1,0,259.19,5.48
2018,7,7,2,0,261.7,6.11
2018,7,7,3,0,269.4,6.23
2018,7,7,4,0,277.22,5.1000000000000005
2018,7,7,5,0,281.04,4.5
2018,7,7,6,0,282.78000000000003,5.3500000000000005
2018,7,7,7,0,288.2,5.26
2018,7,7,8,0,293.86,4.61
2018,7,7,9,0,347.78000000000003,1.9000000000000001
2018,7,7,10,0,326.6,0.41000000000000003
2018,7,7,11,0,296.57,1.92
2018,7,7,12,0,222.99,3.4
2018,7,7,13,0,211.49,4.13
2018,7,7,14,0,198.85,4.07
2018,7,7,15,0,199.03,4.01
2018,7,7,16,0,215.83,4.3
2018,7,7,17,0,213.76,3.38
2018,7,7,18,0,211.21,2.65
2018,7,7,19,0,206.42000000000002,2.98
2018,7,7,20,0,210.55,3.58
2018,7,7,21,0,209.87,4.23
2018,7,7,22,0,203.06,4.4
2018,7,7,23,0,219.85,4.7700000000000005
2018,7,8,0,0,220.14000000000001,8.52
2018,7,8,1,0,215.21,7.390000000000001
2018,7,8,2,0,210.25,7.13
2018,7,8,3,0,207.72,7.21
2018,7,8,4,0,209.39000000000001,12.040000000000001
2018,7,8,5,0,210.08,14.01
2018,7,8,6,0,212.67000000000002,17.22
2018,7,8,7,0,216.14000000000001,18.18
2018,7,8,8,0,212.29,14.11
2018,7,8,9,0,210.82,16.41
2018,7,8,10,0,215.16,15.63
2018,7,8,11,0,215.09,15.96
2018,7,8,12,0,217.93,16.28
2018,7,8,13,0,215.79,15.88
2018,7,8,14,0,211.39000000000001,13
2018,7,8,15,0,205.24,12.86
2018,7,8,16,0,205.31,14.46
2018,7,8,17,0,204.98000000000002,16.17
2018,7,8,18,0,205.24,16.07
2018,7,8,19,0,202.96,14.8
2018,7,8,20,0,201.69,12.82
2018,7,8,21,0,205.27,14.84
2018,7,8,22,0,209.32,13.89
2018,7,8,23,0,207.15,11.17
2018,7,9,0,0,204.25,10.620000000000001
2018,7,9,1,0,206.82,9.51
2018,7,9,2,0,207.1,8.290000000000001
2018,7,9,3,0,197.13,9.85
2018,7,9,4,0,188.77,12.84
2018,7,9,5,0,178.46,13.83
2018,7,9,6,0,159.16,3.3200000000000003
2018,7,9,7,0,17.740000000000002,3.93
2018,7,9,8,0,8.38,5.0600000000000005
2018,7,9,9,0,60.4,3.3000000000000003
2018,7,9,10,0,123.59,4.63
2018,7,9,11,0,126.65,7.75
2018,7,9,12,0,127.91,10.03
2018,7,9,13,0,129.58,7.65
2018,7,9,14,0,120.37,1.79
2018,7,9,15,0,77.09,3.0100000000000002
2018,7,9,16,0,99.10000000000001,2.17
2018,7,9,17,0,147.59,9.84
2018,7,9,18,0,138.51,6.59
2018,7,9,19,0,148.35,7.7
2018,7,9,20,0,155.65,6.7700000000000005
2018,7,9,21,0,185.73,7.2700000000000005
2018,7,9,22,0,157.57,6.24
2018,7,9,23,0,163.70000000000002,8.93
2018,7,10,0,0,173.09,6.68
2018,7,10,1,0,160.86,8.31
2018,7,10,2,0,157.37,5.88
2018,7,10,3,0,169.86,3.29
2018,7,10,4,0,161.19,5.16
2018,7,10,5,0,149.25,3.48
2018,7,10,6,0,155.08,7.57
2018,7,10,7,0,126.19,6.41
2018,7,10,8,0,75.42,4.36
2018,7,10,9,0,104.38,3.41
2018,7,10,10,0,114.39,4.4
2018,7,10,11,0,109.77,3.89
2018,7,10,12,0,101.06,3.2600000000000002
2018,7,10,13,0,136.01,4.28
2018,7,10,14,0,131.47,4.0200000000000005
2018,7,10,15,0,119.38,3.99
2018,7,10,16,0,112.02,3.81
2018,7,10,17,0,146.65,3.19
2018,7,10,18,0,77.69,3.34
2018,7,10,19,0,122.35000000000001,3.45
2018,7,10,20,0,103.02,4.17
2018,7,10,21,0,108.53,3.45
2018,7,10,22,0,168.39000000000001,2.9
2018,7,10,23,0,174.55,5.33
2018,7,11,0,0,186.08,6.04
2018,7,11,1,0,194.74,5.83
2018,7,11,2,0,190.53,8.05
2018,7,11,3,0,195.22,8.88
2018,7,11,4,0,194.22,9.57
2018,7,11,5,0,188.87,11.36
2018,7,11,6,0,186.6,12.27
2018,7,11,7,0,185.36,11.83
2018,7,11,8,0,186.69,11.59
2018,7,11,9,0,188.47,10.91
2018,7,11,10,0,190.24,10.64
2018,7,11,11,0,190.82,9.97
2018,7,11,12,0,199.51,9.42
2018,7,11,13,0,202.52,9.89
2018,7,11,14,0,202.24,10.790000000000001
2018,7,11,15,0,200.12,10.51
2018,7,11,16,0,191.77,11.23
2018,7,11,17,0,197.97,10.52
2018,7,11,18,0,197.57,10.94
2018,7,11,19,0,197.25,11.44
2018,7,11,20,0,196.01,11.69
2018,7,11,21,0,194.59,10.99
2018,7,11,22,0,194.21,11.1
2018,7,11,23,0,197.96,10.94
2018,7,12,0,0,203.01,10.48
2018,7,12,1,0,212.31,7.57
2018,7,12,2,0,211.34,7.09
2018,7,12,3,0,201.93,10.53
2018,7,12,4,0,205.73000000000002,10.46
2018,7,12,5,0,204.1,9.75
2018,7,12,6,0,207.15,10.02
2018,7,12,7,0,201.54,11.620000000000001
2018,7,12,8,0,199.16,10.91
2018,7,12,9,0,203.06,9.99
2018,7,12,10,0,211.17000000000002,11.040000000000001
2018,7,12,11,0,211.77,8.63
2018,7,12,12,0,205.16,9.24
2018,7,12,13,0,203.08,8.870000000000001
2018,7,12,14,0,200.33,8.24
2018,7,12,15,0,200.19,8.35
2018,7,12,16,0,197.56,7.84
2018,7,12,17,0,197.12,8.01
2018,7,12,18,0,197.16,7.4
2018,7,12,19,0,201.68,6.09
2018,7,12,20,0,208.35,5.19
2018,7,12,21,0,213.84,4.49
2018,7,12,22,0,229.96,4.14
2018,7,12,23,0,229.88,4.54
2018,7,13,0,0,229.42000000000002,5.08
2018,7,13,1,0,226.31,5.76
2018,7,13,2,0,221.13,4.97
2018,7,13,3,0,221.54,4.86
2018,7,13,4,0,218.51,3.35
2018,7,13,5,0,213.76,1.92
2018,7,13,6,0,194.23000000000002,1.69
2018,7,13,7,0,216.57,2.16
2018,7,13,8,0,203.62,3.5500000000000003
2018,7,13,9,0,236.41,5.13
2018,7,13,10,0,221.36,6.7
2018,7,13,11,0,220.86,7.890000000000001
2018,7,13,12,0,225.62,7.25
2018,7,13,13,0,225.61,7.3500000000000005
2018,7,13,14,0,225.18,7
2018,7,13,15,0,228.61,6.86
2018,7,13,16,0,230.53,6.21
2018,7,13,17,0,230.45000000000002,5.17
2018,7,13,18,0,235.76,3.91
2018,7,13,19,0,233.21,1.93
2018,7,13,20,0,177.03,0.92
2018,7,13,21,0,265.86,0.8
2018,7,13,22,0,295.21,2.45
2018,7,13,23,0,24.14,1.23
2018,7,14,0,0,45.75,3.59
2018,7,14,1,0,41.96,4.51
2018,7,14,2,0,89.02,4.25
2018,7,14,3,0,160.8,6.03
2018,7,14,4,0,133.42000000000002,7.9
2018,7,14,5,0,101.10000000000001,4.29
2018,7,14,6,0,87.01,7.49
2018,7,14,7,0,107.53,8.46
2018,7,14,8,0,104.61,10.86
2018,7,14,9,0,103.9,14.07
2018,7,14,10,0,102.48,12.86
2018,7,14,11,0,61.43,9.03
2018,7,14,12,0,91.63,13.65
2018,7,14,13,0,182.31,6.78
2018,7,14,14,0,171.46,6.43
2018,7,14,15,0,172.27,6.140000000000001
2018,7,14,16,0,176.67000000000002,6.8
2018,7,14,17,0,179.29,5.98
2018,7,14,18,0,195.09,5.0600000000000005
2018,7,14,19,0,197.9,4.5200000000000005
2018,7,14,20,0,203.54,3.68
2018,7,14,21,0,242.73000000000002,2.5100000000000002
2018,7,14,22,0,244.59,1.69
2018,7,14,23,0,233.71,2.06
2018,7,15,0,0,217.66,0.67
2018,7,15,1,0,81.46000000000001,2.75
2018,7,15,2,0,74.83,2.25
2018,7,15,3,0,220.56,2.06
2018,7,15,4,0,329.39,1.28
2018,7,15,5,0,305.18,2.1
2018,7,15,6,0,332.76,1.8
2018,7,15,7,0,356.83,2.73
2018,7,15,8,0,23.79,4.42
2018,7,15,9,0,50.96,5.92
2018,7,15,10,0,51.480000000000004,6.18
2018,7,15,11,0,32.94,8.15
2018,7,15,12,0,20.26,8.44
2018,7,15,13,0,23.7,9.950000000000001
2018,7,15,14,0,18.07,10.41
2018,7,15,15,0,24.2,9.5
2018,7,15,16,0,9.5,7.54
2018,7,15,17,0,358.73,5.48
2018,7,15,18,0,358.37,6.73
2018,7,15,19,0,6.92,5.69
2018,7,15,20,0,16.78,3.94
2018,7,15,21,0,359.27,3.1
2018,7,15,22,0,338.97,2.88
2018,7,15,23,0,302.09000000000003,1.6400000000000001
2018,7,16,0,0,298.55,2.38
2018,7,16,1,0,259.3,2.19
2018,7,16,2,0,252.51000000000002,3.62
2018,7,16,3,0,244.25,4.19
2018,7,16,4,0,243.35,5.5200000000000005
2018,7,16,5,0,247.45000000000002,6.36
2018,7,16,6,0,244.27,5.51
2018,7,16,7,0,225.78,5.75
2018,7,16,8,0,223.61,7
2018,7,16,9,0,214.61,7.22
2018,7,16,10,0,203.09,9.69
2018,7,16,11,0,197.81,9.3
2018,7,16,12,0,190.46,9.52
2018,7,16,13,0,195.81,8.93
2018,7,16,14,0,201.43,7.21
2018,7,16,15,0,240.92000000000002,3.0500000000000003
2018,7,16,16,0,273.36,2.7800000000000002
2018,7,16,17,0,237.97,1.7
2018,7,16,18,0,254.99,5.59
2018,7,16,19,0,238.03,7.140000000000001
2018,7,16,20,0,219.23000000000002,7.98
2018,7,16,21,0,204.78,7.8100000000000005
2018,7,16,22,0,207.64000000000001,5.94
2018,7,16,23,0,222.68,5.54
2018,7,17,0,0,234.88,5.47
2018,7,17,1,0,229.18,3.45
2018,7,17,2,0,244.87,7.95
2018,7,17,3,0,233.42000000000002,9.32
2018,7,17,4,0,228.22,7.78
2018,7,17,5,0,231.70000000000002,5.71
2018,7,17,6,0,277.54,6.87
2018,7,17,7,0,296.85,2.98
2018,7,17,8,0,63.09,5.1000000000000005
2018,7,17,9,0,109.19,5.54
2018,7,17,10,0,103.09,3.85
2018,7,17,11,0,97.98,3.38
2018,7,17,12,0,11.370000000000001,7.21
2018,7,17,13,0,19.96,8.58
2018,7,17,14,0,13.51,7.95
2018,7,17,15,0,9.16,7.15
2018,7,17,16,0,17.900000000000002,8.3
2018,7,17,17,0,34.25,7.28
2018,7,17,18,0,52.81,3.49
2018,7,17,19,0,26.88,2.15
2018,7,17,20,0,1.23,2.23
2018,7,17,21,0,352.19,1.42
2018,7,17,22,0,325.89,0.8
2018,7,17,23,0,239.87,0.64
2018,7,18,0,0,227.85,1.7
2018,7,18,1,0,214.35,2.13
2018,7,18,2,0,199.69,2.72
2018,7,18,3,0,213.1,4.66
2018,7,18,4,0,222.20000000000002,4.78
2018,7,18,5,0,220.39000000000001,5.91
2018,7,18,6,0,214.86,6.62
2018,7,18,7,0,215.61,7.03
2018,7,18,8,0,208.83,7.5600000000000005
2018,7,18,9,0,205.73000000000002,8.22
2018,7,18,10,0,205.19,8.73
2018,7,18,11,0,197.45000000000002,7.63
2018,7,18,12,0,202.49,7.4
2018,7,18,13,0,205.38,7.19
2018,7,18,14,0,205.52,7.04
2018,7,18,15,0,209.02,5.64
2018,7,18,16,0,205.86,3.77
2018,7,18,17,0,207.76,3.0100000000000002
2018,7,18,18,0,208.03,1.47
2018,7,18,19,0,179.6,1.97
2018,7,18,20,0,193.27,1.6400000000000001
2018,7,18,21,0,196.51,2.13
2018,7,18,22,0,185.45000000000002,3.02
2018,7,18,23,0,185.35,4.17
2018,7,19,0,0,196.34,4.69
2018,7,19,1,0,202.47,6.11
2018,7,19,2,0,213.58,5.2700000000000005
2018,7,19,3,0,212.84,5.22
2018,7,19,4,0,216.08,5.15
2018,7,19,5,0,214.11,5.7700000000000005
2018,7,19,6,0,211.85,8.02
2018,7,19,7,0,206.62,10.84
2018,7,19,8,0,203.64000000000001,12.05
2018,7,19,9,0,201.67000000000002,12.31
2018,7,19,10,0,201.08,11.59
2018,7,19,11,0,201.46,10.48
2018,7,19,12,0,202.46,9.55
2018,7,19,13,0,205.43,8.93
2018,7,19,14,0,204.47,7.51
2018,7,19,15,0,200.05,7.17
2018,7,19,16,0,200.34,6.98
2018,7,19,17,0,202.15,6.68
2018,7,19,18,0,200.45000000000002,5.9
2018,7,19,19,0,198.51,5.5200000000000005
2018,7,19,20,0,202.17000000000002,5.29
2018,7,19,21,0,202.65,5.64
2018,7,19,22,0,201.46,5.96
2018,7,19,23,0,205.88,6.5600000000000005
2018,7,20,0,0,209.32,6.34
2018,7,20,1,0,210.65,6.5200000000000005
2018,7,20,2,0,208.93,7.43
2018,7,20,3,0,209.87,7.65
2018,7,20,4,0,207.88,8.93
2018,7,20,5,0,206.47,9.72
2018,7,20,6,0,203.6,10.57
2018,7,20,7,0,203.02,11.24
2018,7,20,8,0,204.07,10.97
2018,7,20,9,0,204.84,10.43
2018,7,20,10,0,207.41,9.3
2018,7,20,11,0,203.67000000000002,8.61
2018,7,20,12,0,205.20000000000002,8.2
2018,7,20,13,0,202.86,7.57
2018,7,20,14,0,202.65,7.03
2018,7,20,15,0,203.34,6.09
2018,7,20,16,0,203.98000000000002,5.28
2018,7,20,17,0,200.28,4.3100000000000005
2018,7,20,18,0,198.39000000000001,4.39
2018,7,20,19,0,203.82,3.7
2018,7,20,20,0,198.5,3.94
2018,7,20,21,0,199.98000000000002,5.03
2018,7,20,22,0,204.02,5.0200000000000005
2018,7,20,23,0,212.54,4.65
2018,7,21,0,0,215.76,3.94
2018,7,21,1,0,218.48000000000002,4.23
2018,7,21,2,0,219.76,4.41
2018,7,21,3,0,215.35,5.11
2018,7,21,4,0,215.82,5.8100000000000005
2018,7,21,5,0,212.23000000000002,6.390000000000001
2018,7,21,6,0,211.11,6.34
2018,7,21,7,0,211.07,6.96
2018,7,21,8,0,205.35,8.99
2018,7,21,9,0,203.06,8.96
2018,7,21,10,0,198.20000000000002,8.76
2018,7,21,11,0,200.16,7.75
2018,7,21,12,0,201.79,6.7
2018,7,21,13,0,194.74,5.29
2018,7,21,14,0,187.75,4.88
2018,7,21,15,0,187.77,4.7
2018,7,21,16,0,187.23,3.7
2018,7,21,17,0,186.75,3.52
2018,7,21,18,0,192.67000000000002,3.5300000000000002
2018,7,21,19,0,183.74,3.02
2018,7,21,20,0,182.75,2.8000000000000003
2018,7,21,21,0,188.47,2.82
2018,7,21,22,0,190.29,2.98
2018,7,21,23,0,195.33,3.65
2018,7,22,0,0,203.32,3.34
2018,7,22,1,0,207.62,3.33
2018,7,22,2,0,209.61,4.12
2018,7,22,3,0,214.44,5.37
2018,7,22,4,0,213.62,5.84
2018,7,22,5,0,210.8,6.5600000000000005
2018,7,22,6,0,213.31,7.53
2018,7,22,7,0,214.72,9.14
2018,7,22,8,0,214.15,10.78
2018,7,22,9,0,214.28,11.22
2018,7,22,10,0,215.37,11.03
2018,7,22,11,0,213.28,10.71
2018,7,22,12,0,211.38,9.91
2018,7,22,13,0,210.86,9.39
2018,7,22,14,0,211.37,8.81
2018,7,22,15,0,207.15,8.38
2018,7,22,16,0,212.48000000000002,7.09
2018,7,22,17,0,209.15,5.63
2018,7,22,18,0,211.3,4.63
2018,7,22,19,0,201.25,3.66
2018,7,22,20,0,194.97,3.36
2018,7,22,21,0,192.27,3.15
2018,7,22,22,0,202.20000000000002,2.9
2018,7,22,23,0,215.61,2.41
2018,7,23,0,0,237.48000000000002,2.61
2018,7,23,1,0,234.79,4.26
2018,7,23,2,0,225.23000000000002,4.3500000000000005
2018,7,23,3,0,218.51,7.36
2018,7,23,4,0,215.42000000000002,8.45
2018,7,23,5,0,219.51,8.05
2018,7,23,6,0,216.24,9.24
2018,7,23,7,0,224.12,7.66
2018,7,23,8,0,221.09,6.890000000000001
2018,7,23,9,0,218.28,5.25
2018,7,23,10,0,216.15,4.5
2018,7,23,11,0,229.9,2.91
2018,7,23,12,0,235.46,1.08
2018,7,23,13,0,317.19,1.82
2018,7,23,14,0,10.73,2.42
2018,7,23,15,0,49.09,4
2018,7,23,16,0,51.29,5.04
2018,7,23,17,0,32.65,6.05
2018,7,23,18,0,30.970000000000002,7.11
2018,7,23,19,0,29.63,6.94
2018,7,23,20,0,28.02,7.36
2018,7,23,21,0,28.05,6.7700000000000005
2018,7,23,22,0,32.19,6.8100000000000005
2018,7,23,23,0,26.26,7.25
2018,7,24,0,0,21.93,7.71
2018,7,24,1,0,49.79,6.22
2018,7,24,2,0,46.910000000000004,5.84
2018,7,24,3,0,44.35,5.72
2018,7,24,4,0,52.99,5.05
2018,7,24,5,0,56.59,5.84
2018,7,24,6,0,53.52,5.91
2018,7,24,7,0,41.78,6.65
2018,7,24,8,0,32.56,9.39
2018,7,24,9,0,33.68,10.34
2018,7,24,10,0,42.1,8.86
2018,7,24,11,0,50.56,7.44
2018,7,24,12,0,60.24,7.33
2018,7,24,13,0,51.02,7.54
2018,7,24,14,0,59.7,8.14
2018,7,24,15,0,46.81,7.99
2018,7,24,16,0,46.79,10.38
2018,7,24,17,0,29.42,10.68
2018,7,24,18,0,20.12,10.450000000000001
2018,7,24,19,0,34.5,6.76
2018,7,24,20,0,50.730000000000004,8.28
2018,7,24,21,0,43.730000000000004,7.15
2018,7,24,22,0,39.77,7.43
2018,7,24,23,0,44.160000000000004,9.370000000000001
2018,7,25,0,0,35.87,10.450000000000001
2018,7,25,1,0,37.69,9.200000000000001
2018,7,25,2,0,56.06,10.78
2018,7,25,3,0,53.370000000000005,10.290000000000001
2018,7,25,4,0,48.47,8.67
2018,7,25,5,0,55.68,8.68
2018,7,25,6,0,31.3,7.03
2018,7,25,7,0,38.49,7.390000000000001
2018,7,25,8,0,43.35,7.08
2018,7,25,9,0,30.04,6.54
2018,7,25,10,0,53.18,8.98
2018,7,25,11,0,44.97,14.370000000000001
2018,7,25,12,0,31.17,8.75
2018,7,25,13,0,33.63,10.64
2018,7,25,14,0,35.9,12.66
2018,7,25,15,0,27.41,10.63
2018,7,25,16,0,58.45,13.41
2018,7,25,17,0,44.480000000000004,11.28
2018,7,25,18,0,28.2,10.870000000000001
2018,7,25,19,0,30.36,11.700000000000001
2018,7,25,20,0,39,12.17
2018,7,25,21,0,42.86,12.96
2018,7,25,22,0,45.15,13.48
2018,7,25,23,0,53.5,7.33
2018,7,26,0,0,49.24,7.73
2018,7,26,1,0,43.17,8.03
2018,7,26,2,0,38.71,8.99
2018,7,26,3,0,43.61,10.06
2018,7,26,4,0,51.27,13.43
2018,7,26,5,0,40.33,13.540000000000001
2018,7,26,6,0,32.980000000000004,12.01
2018,7,26,7,0,45.9,13.41
2018,7,26,8,0,37.06,12.07
2018,7,26,9,0,43.42,11.66
2018,7,26,10,0,53.08,7.74
2018,7,26,11,0,167.28,7.140000000000001
2018,7,26,12,0,212.33,12.9
2018,7,26,13,0,213.81,10.84
2018,7,26,14,0,220.29,10.74
2018,7,26,15,0,221.73000000000002,8.9
2018,7,26,16,0,221.68,7.48
2018,7,26,17,0,226.70000000000002,5.71
2018,7,26,18,0,226.64000000000001,4.57
2018,7,26,19,0,229.39000000000001,3.35
2018,7,26,20,0,228.08,3.21
2018,7,26,21,0,231.69,4.33
2018,7,26,22,0,240.85,4.24
2018,7,26,23,0,256.38,4.47
2018,7,27,0,0,260.33,5.14
2018,7,27,1,0,273.02,4.11
2018,7,27,2,0,276.17,2.97
2018,7,27,3,0,307.37,2.21
2018,7,27,4,0,356.09000000000003,2.45
2018,7,27,5,0,21.12,4.65
2018,7,27,6,0,22.09,6.5600000000000005
2018,7,27,7,0,8.84,8.65
2018,7,27,8,0,8.53,11.58
2018,7,27,9,0,33.62,7.4
2018,7,27,10,0,55.160000000000004,12.43
2018,7,27,11,0,44.7,13.950000000000001
2018,7,27,12,0,43.06,11.47
2018,7,27,13,0,80.88,6.66
2018,7,27,14,0,100.93,6.36
2018,7,27,15,0,128.8,5.62
2018,7,27,16,0,163.03,3.0100000000000002
2018,7,27,17,0,174.97,2.11
2018,7,27,18,0,175.52,4
2018,7,27,19,0,208.9,11.120000000000001
2018,7,27,20,0,207.37,8.870000000000001
2018,7,27,21,0,204.62,10.16
2018,7,27,22,0,207.6,9.02
2018,7,27,23,0,222.64000000000001,7.97
2018,7,28,0,0,227.16,10.48
2018,7,28,1,0,227.26,10.67
2018,7,28,2,0,226.16,10.31
2018,7,28,3,0,224.29,11.46
2018,7,28,4,0,218.73000000000002,11.870000000000001
2018,7,28,5,0,224.22,10.67
2018,7,28,6,0,217.28,9.92
2018,7,28,7,0,218.32,9.57
2018,7,28,8,0,215.67000000000002,9.450000000000001
2018,7,28,9,0,214.78,8.56
2018,7,28,10,0,211.88,7.96
2018,7,28,11,0,218.87,5.1000000000000005
2018,7,28,12,0,198.89000000000001,2.09
2018,7,28,13,0,179.86,1.35
2018,7,28,14,0,143.23,1.09
2018,7,28,15,0,89.2,1.99
2018,7,28,16,0,46.58,2.5500000000000003
2018,7,28,17,0,33.56,4.15
2018,7,28,18,0,20.78,5.25
2018,7,28,19,0,19.400000000000002,7.1000000000000005
2018,7,28,20,0,19.7,7.6000000000000005
2018,7,28,21,0,20.79,8.71
2018,7,28,22,0,21.87,9.02
2018,7,28,23,0,25.8,9.4
2018,7,29,0,0,17.71,9.48
2018,7,29,1,0,30.17,13.43
2018,7,29,2,0,36.44,13.8
2018,7,29,3,0,34.34,11.64
2018,7,29,4,0,43.34,9.69
2018,7,29,5,0,55.67,8.89
2018,7,29,6,0,59.46,6.6000000000000005
2018,7,29,7,0,77.16,4.08
2018,7,29,8,0,121.67,3.41
2018,7,29,9,0,170.13,2.21
2018,7,29,10,0,46.87,1.6
2018,7,29,11,0,53.59,2.2600000000000002
2018,7,29,12,0,31.05,3.75
2018,7,29,13,0,25.16,8.25
2018,7,29,14,0,32.31,6.96
2018,7,29,15,0,41.28,6.4
2018,7,29,16,0,45.14,9.69
2018,7,29,17,0,31.810000000000002,9.66
2018,7,29,18,0,34.22,9.18
2018,7,29,19,0,28.240000000000002,9.56
2018,7,29,20,0,23.69,9.75
2018,7,29,21,0,20.75,10.120000000000001
2018,7,29,22,0,38.43,9.23
2018,7,29,23,0,38.01,9.52
2018,7,30,0,0,23.63,8.64
2018,7,30,1,0,8.55,7.69
2018,7,30,2,0,11.82,5.29
2018,7,30,3,0,25.94,3.86
2018,7,30,4,0,211.19,6.92
2018,7,30,5,0,225.87,12.09
2018,7,30,6,0,224.24,14.64
2018,7,30,7,0,221.63,13.14
2018,7,30,8,0,222.23000000000002,11.78
2018,7,30,9,0,224.85,11.35
2018,7,30,10,0,222.64000000000001,10.02
2018,7,30,11,0,225.37,9.49
2018,7,30,12,0,223.29,8.16
2018,7,30,13,0,219.21,8.76
2018,7,30,14,0,219,8
2018,7,30,15,0,217.73000000000002,7.26
2018,7,30,16,0,216.38,6.91
2018,7,30,17,0,212.36,5.49
2018,7,30,18,0,196.49,3.99
2018,7,30,19,0,198.49,3.23
2018,7,30,20,0,205.42000000000002,2.7600000000000002
2018,7,30,21,0,207.76,1.69
2018,7,30,22,0,171.76,1.1
2018,7,30,23,0,162.47,0.72
2018,7,31,0,0,202.65,0.45
2018,7,31,1,0,237.73000000000002,1.22
2018,7,31,2,0,237.43,2.6
2018,7,31,3,0,213.51,3.9
2018,7,31,4,0,213.9,5.62
2018,7,31,5,0,214.65,5.59
2018,7,31,6,0,214.87,6.57
2018,7,31,7,0,219.88,5.65
2018,7,31,8,0,217.67000000000002,5.38
2018,7,31,9,0,222.45000000000002,5.4
2018,7,31,10,0,227.95000000000002,4.99
2018,7,31,11,0,214.78,4.17
2018,7,31,12,0,227.72,4.26
2018,7,31,13,0,227.79,3.61
2018,7,31,14,0,226.37,3.37
2018,7,31,15,0,224.56,2.33
2018,7,31,16,0,229.74,1.96
2018,7,31,17,0,229.62,1.87
2018,7,31,18,0,218.20000000000002,1.09
2018,7,31,19,0,240.62,0.8
2018,7,31,20,0,241.32,0.5
2018,7,31,21,0,276.18,0.78
2018,7,31,22,0,260.69,0.64
2018,7,31,23,0,29.26,0.81
2018,8,1,0,0,269.82,0.5700000000000001
2018,8,1,1,0,235.94,3.16
2018,8,1,2,0,243.07,3.7800000000000002
2018,8,1,3,0,228.27,3.43
2018,8,1,4,0,210.66,4.69
2018,8,1,5,0,226.14000000000001,6.99
2018,8,1,6,0,229.86,6.63
2018,8,1,7,0,226.96,6.51
2018,8,1,8,0,216.12,8.44
2018,8,1,9,0,199.94,10.81
2018,8,1,10,0,197.27,12.13
2018,8,1,11,0,197,13.32
2018,8,1,12,0,187.34,13.75
2018,8,1,13,0,187.71,12.83
2018,8,1,14,0,190.99,11.05
2018,8,1,15,0,192.85,9.82
2018,8,1,16,0,185.3,9.18
2018,8,1,17,0,190.97,5.64
2018,8,1,18,0,213.54,4.8100000000000005
2018,8,1,19,0,202.51,7.69
2018,8,1,20,0,193.04,8.68
2018,8,1,21,0,202.03,7.11
2018,8,1,22,0,199.51,7.46
2018,8,1,23,0,195.01,9.34
2018,8,2,0,0,195.82,11.11
2018,8,2,1,0,201.09,11.19
2018,8,2,2,0,200,11.91
2018,8,2,3,0,199.23000000000002,11.57
2018,8,2,4,0,200.8,11.75
2018,8,2,5,0,200.12,12.02
2018,8,2,6,0,203.49,10.93
2018,8,2,7,0,204.59,10.58
2018,8,2,8,0,200.99,11.39
2018,8,2,9,0,200.02,12.780000000000001
2018,8,2,10,0,199.3,12.5
2018,8,2,11,0,204.82,13.200000000000001
2018,8,2,12,0,208.02,11.84
2018,8,2,13,0,202.06,10.200000000000001
2018,8,2,14,0,200.48000000000002,9.31
2018,8,2,15,0,197.66,8.68
2018,8,2,16,0,195.51,8.26
2018,8,2,17,0,192.72,7.390000000000001
2018,8,2,18,0,184.64000000000001,6.890000000000001
2018,8,2,19,0,194.02,5.7700000000000005
2018,8,2,20,0,188.36,3.2800000000000002
2018,8,2,21,0,135.65,1.06
2018,8,2,22,0,63.28,1.48
2018,8,2,23,0,21.56,2.95
2018,8,3,0,0,21.07,4.29
2018,8,3,1,0,18.38,4.36
2018,8,3,2,0,30.76,5.46
2018,8,3,3,0,32.54,4.89
2018,8,3,4,0,14.94,5.98
2018,8,3,5,0,34.77,6.07
2018,8,3,6,0,70.17,4.68
2018,8,3,7,0,110.51,7.61
2018,8,3,8,0,112.95,6.54
2018,8,3,9,0,77.61,9.08
2018,8,3,10,0,81.76,8.72
2018,8,3,11,0,49.85,9.49
2018,8,3,12,0,45.36,10.01
2018,8,3,13,0,60.61,12.97
2018,8,3,14,0,22.72,12.74
2018,8,3,15,0,30.44,11.01
2018,8,3,16,0,25.93,10.55
2018,8,3,17,0,19.98,10.27
2018,8,3,18,0,20.47,8.39
2018,8,3,19,0,31.220000000000002,8.47
2018,8,3,20,0,17.22,8.58
2018,8,3,21,0,22.11,5.42
2018,8,3,22,0,64.88,3.69
2018,8,3,23,0,53.6,2.32
2018,8,4,0,0,42.5,2.32
2018,8,4,1,0,213.6,0.42
2018,8,4,2,0,249.68,2.48
2018,8,4,3,0,270.7,6.140000000000001
2018,8,4,4,0,271.67,5.33
2018,8,4,5,0,270.68,5.08
2018,8,4,6,0,266.7,4.5
2018,8,4,7,0,274.35,5.12
2018,8,4,8,0,271.85,4.95
2018,8,4,9,0,260.94,4.28
2018,8,4,10,0,304.69,2.04
2018,8,4,11,0,51.86,0.74
2018,8,4,12,0,93.66,0.77
2018,8,4,13,0,100.84,1.49
2018,8,4,14,0,122.44,1.2
2018,8,4,15,0,152.18,3.33
2018,8,4,16,0,195.43,2.71
2018,8,4,17,0,245.47,1.58
2018,8,4,18,0,256.84000000000003,3.02
2018,8,4,19,0,218.25,1.97
2018,8,4,20,0,211.93,2.17
2018,8,4,21,0,215.9,2.89
2018,8,4,22,0,232.05,4.07
2018,8,4,23,0,214.68,4.17
2018,8,5,0,0,205.26,5.44
2018,8,5,1,0,205.43,7.37
2018,8,5,2,0,224.57,7.930000000000001
2018,8,5,3,0,219.63,11.700000000000001
2018,8,5,4,0,212.08,10.58
2018,8,5,5,0,209.08,14.52
2018,8,5,6,0,209.05,16.39
2018,8,5,7,0,206.25,16.84
2018,8,5,8,0,204.46,16.85
2018,8,5,9,0,204.42000000000002,16.240000000000002
2018,8,5,10,0,203.68,17.34
2018,8,5,11,0,201.88,17.11
2018,8,5,12,0,202.52,17.53
2018,8,5,13,0,201.93,18.51
2018,8,5,14,0,199.45000000000002,17.19
2018,8,5,15,0,202.32,16.68
2018,8,5,16,0,203.91,19.87
2018,8,5,17,0,195.39000000000001,18.3
2018,8,5,18,0,200.77,18.63
2018,8,5,19,0,202.52,18.28
2018,8,5,20,0,205.42000000000002,16.98
2018,8,5,21,0,202.15,15.870000000000001
2018,8,5,22,0,204.9,17.6
2018,8,5,23,0,201.79,18.67
2018,8,6,0,0,198.89000000000001,18.54
2018,8,6,1,0,198.55,17.52
2018,8,6,2,0,201.67000000000002,20.18
2018,8,6,3,0,199.83,20.84
2018,8,6,4,0,198.13,18.17
2018,8,6,5,0,202.65,21.87
2018,8,6,6,0,204.17000000000002,23.490000000000002
2018,8,6,7,0,200.79,20.78
2018,8,6,8,0,205.13,18.78
2018,8,6,9,0,206.27,20.88
2018,8,6,10,0,193.33,15.49
2018,8,6,11,0,209.53,13.92
2018,8,6,12,0,215.98000000000002,13
2018,8,6,13,0,222.24,10.450000000000001
2018,8,6,14,0,270.36,6.2700000000000005
2018,8,6,15,0,269.2,2.5
2018,8,6,16,0,207.6,3.2600000000000002
2018,8,6,17,0,312.3,0.91
2018,8,6,18,0,167.13,0.86
2018,8,6,19,0,73.86,0.8200000000000001
2018,8,6,20,0,272.32,0.7000000000000001
2018,8,6,21,0,197.36,1.8900000000000001
2018,8,6,22,0,266.36,10.92
2018,8,6,23,0,231.93,8.8
2018,8,7,0,0,231.53,6.63
2018,8,7,1,0,238.67000000000002,6.33
2018,8,7,2,0,227.42000000000002,6.44
2018,8,7,3,0,244.82,7
2018,8,7,4,0,250.73000000000002,8.58
2018,8,7,5,0,254.27,9.13
2018,8,7,6,0,228.59,9.6
2018,8,7,7,0,191.06,7.18
2018,8,7,8,0,211.34,6.86
2018,8,7,9,0,194.62,7.640000000000001
2018,8,7,10,0,195.84,5.12
2018,8,7,11,0,214.65,3.16
2018,8,7,12,0,165.61,2.54
2018,8,7,13,0,188.09,7.0600000000000005
2018,8,7,14,0,234.95000000000002,3.36
2018,8,7,15,0,258.71,1.1
2018,8,7,16,0,186.22,3.67
2018,8,7,17,0,240.11,0.84
2018,8,7,18,0,77.03,0.9400000000000001
2018,8,7,19,0,133.43,1.67
2018,8,7,20,0,176.25,1.1300000000000001
2018,8,7,21,0,237.65,1.22
2018,8,7,22,0,236.44,2.56
2018,8,7,23,0,224.57,4.37
2018,8,8,0,0,242.81,5.07
2018,8,8,1,0,231.71,4.57
2018,8,8,2,0,42.86,4.36
2018,8,8,3,0,61.46,4.96
2018,8,8,4,0,58.85,2.19
2018,8,8,5,0,283.27,1.29
2018,8,8,6,0,280.87,4.03
2018,8,8,7,0,283.46,5.13
2018,8,8,8,0,297.17,4.95
2018,8,8,9,0,319.40000000000003,4.95
2018,8,8,10,0,343.53000000000003,5.64
2018,8,8,11,0,344.16,3.75
2018,8,8,12,0,331.81,2.22
2018,8,8,13,0,350.1,4.9
2018,8,8,14,0,326.47,3.73
2018,8,8,15,0,345.83,3.24
2018,8,8,16,0,342.89,1.86
2018,8,8,17,0,14.290000000000001,2.22
2018,8,8,18,0,0.35000000000000003,3.56
2018,8,8,19,0,17.93,5.34
2018,8,8,20,0,37.09,5.47
2018,8,8,21,0,51.18,2.64
2018,8,8,22,0,182.55,1.79
2018,8,8,23,0,237.41,3.56
2018,8,9,0,0,242.87,5.26
2018,8,9,1,0,241.44,5.4
2018,8,9,2,0,243.31,5.51
2018,8,9,3,0,266.33,4.86
2018,8,9,4,0,269.06,6.0200000000000005
2018,8,9,5,0,320.91,3.74
2018,8,9,6,0,14.8,5.33
2018,8,9,7,0,10.57,7.5200000000000005
2018,8,9,8,0,0.78,6.8
2018,8,9,9,0,352.29,6.7
2018,8,9,10,0,1.6400000000000001,6.13
2018,8,9,11,0,318.46,5.1000000000000005
2018,8,9,12,0,318.40000000000003,4.54
2018,8,9,13,0,316.18,4.41
2018,8,9,14,0,307.45,4.1
2018,8,9,15,0,319.7,3.92
2018,8,9,16,0,300.54,3.36
2018,8,9,17,0,291.06,3.38
2018,8,9,18,0,339.82,1.32
2018,8,9,19,0,252.98000000000002,2.23
2018,8,9,20,0,223.28,3.24
2018,8,9,21,0,231.73000000000002,4.04
2018,8,9,22,0,233.81,5.54
2018,8,9,23,0,237.68,6.83
2018,8,10,0,0,235.19,6.2
2018,8,10,1,0,243.23000000000002,6.46
2018,8,10,2,0,241.88,6.55
2018,8,10,3,0,239.71,6.17
2018,8,10,4,0,241.4,5.95
2018,8,10,5,0,255.01000000000002,5.03
2018,8,10,6,0,255.92000000000002,4.61
2018,8,10,7,0,257.12,4.97
2018,8,10,8,0,268.5,4.28
2018,8,10,9,0,282.77,2.93
2018,8,10,10,0,347.48,0.96
2018,8,10,11,0,97.23,2.7600000000000002
2018,8,10,12,0,128.37,2.63
2018,8,10,13,0,201.75,2.69
2018,8,10,14,0,231.02,1.9000000000000001
2018,8,10,15,0,225.95000000000002,1.25
2018,8,10,16,0,76.32000000000001,0.63
2018,8,10,17,0,49.88,1.81
2018,8,10,18,0,146.87,1.35
2018,8,10,19,0,171.64000000000001,1.32
2018,8,10,20,0,201.81,3.45
2018,8,10,21,0,198.42000000000002,4.5600000000000005
2018,8,10,22,0,201.07,4.99
2018,8,10,23,0,196.6,5.72
2018,8,11,0,0,225.95000000000002,5.04
2018,8,11,1,0,218.44,7.390000000000001
2018,8,11,2,0,214.69,7.9
2018,8,11,3,0,217.35,7.91
2018,8,11,4,0,214.37,5.72
2018,8,11,5,0,194.04,3.41
2018,8,11,6,0,137.02,1.25
2018,8,11,7,0,96.86,3.25
2018,8,11,8,0,87.49,2.84
2018,8,11,9,0,110.98,2.09
2018,8,11,10,0,176.67000000000002,3.23
2018,8,11,11,0,188.42000000000002,5.38
2018,8,11,12,0,192.48000000000002,11.78
2018,8,11,13,0,194.94,11.58
2018,8,11,14,0,200.19,11.11
2018,8,11,15,0,204.59,10.3
2018,8,11,16,0,200.15,11.42
2018,8,11,17,0,199.72,11.15
2018,8,11,18,0,194.02,12.02
2018,8,11,19,0,192.91,12.3
2018,8,11,20,0,195.97,12.26
2018,8,11,21,0,200.79,11.9
2018,8,11,22,0,209.02,11
2018,8,11,23,0,209.03,10.71
2018,8,12,0,0,207.20000000000002,8.31
2018,8,12,1,0,194.49,7.01
2018,8,12,2,0,199.74,6.04
2018,8,12,3,0,177.87,3.62
2018,8,12,4,0,157.89000000000001,4.1
2018,8,12,5,0,169.45000000000002,5.93
2018,8,12,6,0,196.55,10.14
2018,8,12,7,0,205.31,11.84
2018,8,12,8,0,203.02,12.99
2018,8,12,9,0,203.49,13.09
2018,8,12,10,0,205.51,14.58
2018,8,12,11,0,204.76,15.14
2018,8,12,12,0,220.84,12.540000000000001
2018,8,12,13,0,212.38,13.790000000000001
2018,8,12,14,0,217.12,12.34
2018,8,12,15,0,207.52,14.39
2018,8,12,16,0,191.42000000000002,11.66
2018,8,12,17,0,156.3,9.65
2018,8,12,18,0,152.98,12.370000000000001
2018,8,12,19,0,161.95000000000002,12.58
2018,8,12,20,0,175.25,11.15
2018,8,12,21,0,181.88,18.18
2018,8,12,22,0,182.3,19.19
2018,8,12,23,0,180.37,15.040000000000001
2018,8,13,0,0,183.16,12.88
2018,8,13,1,0,180.19,15.51
2018,8,13,2,0,192.9,14.82
2018,8,13,3,0,193.99,22.97
2018,8,13,4,0,190.96,20.41
2018,8,13,5,0,193.15,22.94
2018,8,13,6,0,193.37,22.42
2018,8,13,7,0,193.43,22.330000000000002
2018,8,13,8,0,195.63,20.330000000000002
2018,8,13,9,0,203.06,19.57
2018,8,13,10,0,206.07,18.38
2018,8,13,11,0,204.11,17.64
2018,8,13,12,0,198.59,18.900000000000002
2018,8,13,13,0,194.13,19.07
2018,8,13,14,0,193.87,17.19
2018,8,13,15,0,196.76,16.34
2018,8,13,16,0,197.34,13.99
2018,8,13,17,0,194.9,14.11
2018,8,13,18,0,198.73000000000002,11.28
2018,8,13,19,0,257.71,7.5
2018,8,13,20,0,244.23000000000002,9.9
2018,8,13,21,0,224.20000000000002,10.02
2018,8,13,22,0,207.89000000000001,11.64
2018,8,13,23,0,211.48000000000002,14.08
2018,8,14,0,0,197.91,16.87
2018,8,14,1,0,203.37,15.780000000000001
2018,8,14,2,0,198.96,16.28
2018,8,14,3,0,199.72,14.71
2018,8,14,4,0,205.92000000000002,15.75
2018,8,14,5,0,209.11,14.31
2018,8,14,6,0,228.6,10.07
2018,8,14,7,0,206.88,9.32
2018,8,14,8,0,211.01,8.1
2018,8,14,9,0,192.12,9.42
2018,8,14,10,0,202.47,14.99
2018,8,14,11,0,200.01,14.85
2018,8,14,12,0,203.37,16.07
2018,8,14,13,0,201.36,15.120000000000001
2018,8,14,14,0,197.16,14.27
2018,8,14,15,0,192.14000000000001,13.22
2018,8,14,16,0,190.76,12.540000000000001
2018,8,14,17,0,184.71,10.6
2018,8,14,18,0,185.89000000000001,11.56
2018,8,14,19,0,176.14000000000001,10.72
2018,8,14,20,0,169.88,8.15
2018,8,14,21,0,162.86,7.37
2018,8,14,22,0,160.89000000000001,5.51
2018,8,14,23,0,151.06,1.33
2018,8,15,0,0,133.16,0.67
2018,8,15,1,0,315.75,1.46
2018,8,15,2,0,352.23,3.29
2018,8,15,3,0,344.44,4.3100000000000005
2018,8,15,4,0,352.72,5.58
2018,8,15,5,0,359.06,5.54
2018,8,15,6,0,5.63,6.01
2018,8,15,7,0,20.86,5.94
2018,8,15,8,0,155.07,4.83
2018,8,15,9,0,153.29,7.2
2018,8,15,10,0,134.64000000000001,7.640000000000001
2018,8,15,11,0,137.31,8.19
2018,8,15,12,0,109.06,7.07
2018,8,15,13,0,212.97,2.82
2018,8,15,14,0,258.03000000000003,3.8000000000000003
2018,8,15,15,0,260.93,4.38
2018,8,15,16,0,227.84,2.5300000000000002
2018,8,15,17,0,347.28000000000003,0.16
2018,8,15,18,0,179.52,5.4
2018,8,15,19,0,175.56,6.2700000000000005
2018,8,15,20,0,178.93,6.74
2018,8,15,21,0,181.42000000000002,4.51
2018,8,15,22,0,190.21,4.01
2018,8,15,23,0,172.22,2
2018,8,16,0,0,145.76,1.28
2018,8,16,1,0,90.12,1.72
2018,8,16,2,0,50.83,2.54
2018,8,16,3,0,41.09,2.89
2018,8,16,4,0,49.43,2.69
2018,8,16,5,0,26.580000000000002,2.79
2018,8,16,6,0,4.3100000000000005,2.98
2018,8,16,7,0,341.27,1.35
2018,8,16,8,0,343.1,4.61
2018,8,16,9,0,358.65000000000003,3.38
2018,8,16,10,0,358.37,6.54
2018,8,16,11,0,9.23,5.61
2018,8,16,12,0,17.72,4.93
2018,8,16,13,0,190.4,1.8
2018,8,16,14,0,204.08,2.68
2018,8,16,15,0,205.86,6.93
2018,8,16,16,0,210.81,8.03
2018,8,16,17,0,208.53,6.92
2018,8,16,18,0,210.3,6.74
2018,8,16,19,0,209.41,5.39
2018,8,16,20,0,201.49,4.72
2018,8,16,21,0,195.51,4.21
2018,8,16,22,0,206.02,3.48
2018,8,16,23,0,219.85,2.89
2018,8,17,0,0,235.18,2.88
2018,8,17,1,0,164.79,1.54
2018,8,17,2,0,160.3,2.07
2018,8,17,3,0,169.1,3.2600000000000002
2018,8,17,4,0,188.74,4.44
2018,8,17,5,0,209.6,6.49
2018,8,17,6,0,216.25,6.48
2018,8,17,7,0,213.98000000000002,6.23
2018,8,17,8,0,207.01,6.76
2018,8,17,9,0,205.97,6.71
2018,8,17,10,0,207.64000000000001,7.1000000000000005
2018,8,17,11,0,208.31,7.17
2018,8,17,12,0,203.65,7.58
2018,8,17,13,0,207.37,6.95
2018,8,17,14,0,207.92000000000002,6.24
2018,8,17,15,0,203.28,5.97
2018,8,17,16,0,200.9,5.3
2018,8,17,17,0,194.17000000000002,5.21
2018,8,17,18,0,196.23000000000002,5.95
2018,8,17,19,0,202.1,5.38
2018,8,17,20,0,198.23000000000002,5.0600000000000005
2018,8,17,21,0,190.20000000000002,4.84
2018,8,17,22,0,189.79,4.12
2018,8,17,23,0,203.15,4.14
2018,8,18,0,0,205.07,4.39
2018,8,18,1,0,204.19,5
2018,8,18,2,0,204.1,5.76
2018,8,18,3,0,209.36,5.63
2018,8,18,4,0,215.73000000000002,4.53
2018,8,18,5,0,209.89000000000001,4.96
2018,8,18,6,0,210,5.55
2018,8,18,7,0,216.18,5.3500000000000005
2018,8,18,8,0,194.85,4.95
2018,8,18,9,0,188.21,4.68
2018,8,18,10,0,181.85,3.52
2018,8,18,11,0,163.29,3.09
2018,8,18,12,0,143.95000000000002,1.55
2018,8,18,13,0,102.68,2.13
2018,8,18,14,0,36.62,1.85
2018,8,18,15,0,11.450000000000001,4.3500000000000005
2018,8,18,16,0,14.89,5.87
2018,8,18,17,0,12.52,6.66
2018,8,18,18,0,15.280000000000001,5.23
2018,8,18,19,0,14.6,5.7700000000000005
2018,8,18,20,0,13.76,6.49
2018,8,18,21,0,18.150000000000002,6.140000000000001
2018,8,18,22,0,21.39,6.58
2018,8,18,23,0,31.990000000000002,5.8
2018,8,19,0,0,10.48,7.48
2018,8,19,1,0,2.79,8.98
2018,8,19,2,0,6.1000000000000005,9.89
2018,8,19,3,0,8.790000000000001,10.09
2018,8,19,4,0,11.28,9.790000000000001
2018,8,19,5,0,12.57,9.63
2018,8,19,6,0,19.13,9.23
2018,8,19,7,0,63.4,6.18
2018,8,19,8,0,52.31,6.67
2018,8,19,9,0,54.93,7.95
2018,8,19,10,0,60.26,7.62
2018,8,19,11,0,59.21,9.02
2018,8,19,12,0,54.29,9.950000000000001
2018,8,19,13,0,47.47,10.01
2018,8,19,14,0,48.64,11.31
2018,8,19,15,0,43.84,13.1
2018,8,19,16,0,45.63,12.73
2018,8,19,17,0,40.71,14.13
2018,8,19,18,0,45.28,15.52
2018,8,19,19,0,41.88,13.18
2018,8,19,20,0,37.57,12.48
2018,8,19,21,0,36.6,11.51
2018,8,19,22,0,41.89,9.76
2018,8,19,23,0,37.17,8.74
2018,8,20,0,0,42.82,11.03
2018,8,20,1,0,50.800000000000004,12.49
2018,8,20,2,0,51.09,10.55
2018,8,20,3,0,52.550000000000004,11.86
2018,8,20,4,0,58.980000000000004,11.540000000000001
2018,8,20,5,0,71.97,10.61
2018,8,20,6,0,99.91,8.69
2018,8,20,7,0,132.5,11.96
2018,8,20,8,0,156.14000000000001,7.54
2018,8,20,9,0,227.48000000000002,5.87
2018,8,20,10,0,237.45000000000002,6.79
2018,8,20,11,0,238.95000000000002,7.0200000000000005
2018,8,20,12,0,221.8,6.0600000000000005
2018,8,20,13,0,222.29,5.87
2018,8,20,14,0,224.28,5.86
2018,8,20,15,0,224.44,3.9
2018,8,20,16,0,226.81,3.49
2018,8,20,17,0,210.35,3.31
2018,8,20,18,0,250.36,2.0300000000000002
2018,8,20,19,0,303.13,1.09
2018,8,20,20,0,13.69,4.09
2018,8,20,21,0,14.49,7.03
2018,8,20,22,0,14.66,7.95
2018,8,20,23,0,12.06,8.76
2018,8,21,0,0,36.07,13.15
2018,8,21,1,0,30.03,15.56
2018,8,21,2,0,30.970000000000002,15.22
2018,8,21,3,0,36.43,15.040000000000001
2018,8,21,4,0,43.45,11.89
2018,8,21,5,0,124.43,4.57
2018,8,21,6,0,154.34,5.7
2018,8,21,7,0,168.6,8.42
2018,8,21,8,0,165.6,10.870000000000001
2018,8,21,9,0,176.89000000000001,11.35
2018,8,21,10,0,182.63,11.49
2018,8,21,11,0,192.73000000000002,12.280000000000001
2018,8,21,12,0,190.66,11.15
2018,8,21,13,0,188.26,11.69
2018,8,21,14,0,191.85,10.73
2018,8,21,15,0,194.86,9.94
2018,8,21,16,0,194.68,9.200000000000001
2018,8,21,17,0,197.73000000000002,8.89
2018,8,21,18,0,196.1,7.41
2018,8,21,19,0,197.34,6.3
2018,8,21,20,0,204.70000000000002,4.16
2018,8,21,21,0,194.76,3.64
2018,8,21,22,0,170.8,4.22
2018,8,21,23,0,190.38,4.8500000000000005
2018,8,22,0,0,205.02,5.4
2018,8,22,1,0,216.1,5.12
2018,8,22,2,0,218.63,5.36
2018,8,22,3,0,223.83,2.1
2018,8,22,4,0,179.74,3.22
2018,8,22,5,0,174.81,3.79
2018,8,22,6,0,210.63,4.33
2018,8,22,7,0,251.16,3.3000000000000003
2018,8,22,8,0,258.41,4.39
2018,8,22,9,0,269.08,5.67
2018,8,22,10,0,263.54,3.4
2018,8,22,11,0,200.63,5.29
2018,8,22,12,0,204.01,3.45
2018,8,22,13,0,275.41,0.63
2018,8,22,14,0,209.14000000000001,2.93
2018,8,22,15,0,200.06,2.75
2018,8,22,16,0,264.77,3.5300000000000002
2018,8,22,17,0,230.98000000000002,1.7
2018,8,22,18,0,199.31,3.62
2018,8,22,19,0,185.28,4.75
2018,8,22,20,0,182.01,6.75
2018,8,22,21,0,189.66,8.42
2018,8,22,22,0,192.97,8.3
2018,8,22,23,0,194.61,9.38
2018,8,23,0,0,194.08,10.52
2018,8,23,1,0,191.51,10.51
2018,8,23,2,0,198.21,11.290000000000001
2018,8,23,3,0,197.35,9.96
2018,8,23,4,0,197.53,10.23
2018,8,23,5,0,196.14000000000001,11.01
2018,8,23,6,0,197.17000000000002,10.63
2018,8,23,7,0,194.85,10.35
2018,8,23,8,0,197.23000000000002,10.540000000000001
2018,8,23,9,0,200.36,9.8
2018,8,23,10,0,203.66,10.02
2018,8,23,11,0,203.17000000000002,9.4
2018,8,23,12,0,193.27,9.040000000000001
2018,8,23,13,0,188.33,8.22
2018,8,23,14,0,182.53,8.13
2018,8,23,15,0,187.33,8.34
2018,8,23,16,0,196.15,6.61
2018,8,23,17,0,192.88,8.05
2018,8,23,18,0,195.91,6.69
2018,8,23,19,0,194.08,5.04
2018,8,23,20,0,194.67000000000002,4.25
2018,8,23,21,0,152.13,3.21
2018,8,23,22,0,171.59,3.84
2018,8,23,23,0,163.56,3.85
2018,8,24,0,0,162.21,3.5500000000000003
2018,8,24,1,0,173.91,4.83
2018,8,24,2,0,168.57,5.95
2018,8,24,3,0,150.63,5.5200000000000005
2018,8,24,4,0,169.81,6.48
2018,8,24,5,0,204.51,8.4
2018,8,24,6,0,204.63,8.74
2018,8,24,7,0,202.59,8.67
2018,8,24,8,0,205.85,9.46
2018,8,24,9,0,203.42000000000002,9.21
2018,8,24,10,0,200.85,9.14
2018,8,24,11,0,200.48000000000002,9.66
2018,8,24,12,0,203.67000000000002,9.200000000000001
2018,8,24,13,0,205.93,7.890000000000001
2018,8,24,14,0,201.11,7.88
2018,8,24,15,0,269.31,5.6000000000000005
2018,8,24,16,0,268.38,9.39
2018,8,24,17,0,255.26000000000002,11.58
2018,8,24,18,0,243.72,9.5
2018,8,24,19,0,185.75,9.700000000000001
2018,8,24,20,0,185.28,7.25
2018,8,24,21,0,234.3,4.37
2018,8,24,22,0,196.04,8.39
2018,8,24,23,0,233.01,7.15
2018,8,25,0,0,249.78,6.54
2018,8,25,1,0,214.25,8.290000000000001
2018,8,25,2,0,199.34,8.88
2018,8,25,3,0,197.37,8.790000000000001
2018,8,25,4,0,219.85,6.38
2018,8,25,5,0,204.68,7.68
2018,8,25,6,0,229.74,3.8000000000000003
2018,8,25,7,0,249.55,5.58
2018,8,25,8,0,224.42000000000002,6.29
2018,8,25,9,0,198.75,7.43
2018,8,25,10,0,230.32,4.14
2018,8,25,11,0,213.67000000000002,6.38
2018,8,25,12,0,191.52,7.8100000000000005
2018,8,25,13,0,186.25,7.04
2018,8,25,14,0,189.01,7.0200000000000005
2018,8,25,15,0,199.12,7.09
2018,8,25,16,0,200.33,7.21
2018,8,25,17,0,197.73000000000002,5.98
2018,8,25,18,0,187.34,3.97
2018,8,25,19,0,157.83,3.16
2018,8,25,20,0,134.8,1.95
2018,8,25,21,0,132.41,0.72
2018,8,25,22,0,33.29,1.81
2018,8,25,23,0,15.18,2.41
2018,8,26,0,0,15.11,1.8800000000000001
2018,8,26,1,0,14.790000000000001,1.55
2018,8,26,2,0,16.66,1.28
2018,8,26,3,0,226,0.21
2018,8,26,4,0,167.44,1.61
2018,8,26,5,0,167.45000000000002,3.11
2018,8,26,6,0,166.70000000000002,3.72
2018,8,26,7,0,173.84,3.85
2018,8,26,8,0,157.38,3.73
2018,8,26,9,0,154.65,3
2018,8,26,10,0,143.67000000000002,3.52
2018,8,26,11,0,130.03,3.0500000000000003
2018,8,26,12,0,127.83,2.93
2018,8,26,13,0,160.08,3.91
2018,8,26,14,0,175.36,5.42
2018,8,26,15,0,180.31,7.4
2018,8,26,16,0,182.47,9.77
2018,8,26,17,0,197.6,18.89
2018,8,26,18,0,194.47,19.34
2018,8,26,19,0,190.21,16.54
2018,8,26,20,0,189.18,15.38
2018,8,26,21,0,190.64000000000001,16.65
2018,8,26,22,0,199.31,16.3
2018,8,26,23,0,203.6,16.75
2018,8,27,0,0,202.65,15.280000000000001
2018,8,27,1,0,200.92000000000002,18.3
2018,8,27,2,0,199.64000000000001,17.57
2018,8,27,3,0,207.91,15.47
2018,8,27,4,0,248.3,14.13
2018,8,27,5,0,256.08,7.16
2018,8,27,6,0,239.37,8.02
2018,8,27,7,0,260.28000000000003,6.43
2018,8,27,8,0,179.57,8.92
2018,8,27,9,0,194.5,6.53
2018,8,27,10,0,211.06,7.91
2018,8,27,11,0,207.61,9.58
2018,8,27,12,0,224.15,3.88
2018,8,27,13,0,190.85,9.38
2018,8,27,14,0,194.1,10.24
2018,8,27,15,0,184.04,9.47
2018,8,27,16,0,193.48000000000002,8.83
2018,8,27,17,0,191.64000000000001,4.92
2018,8,27,18,0,176.39000000000001,3.93
2018,8,27,19,0,167.49,3.5500000000000003
2018,8,27,20,0,164.07,3.04
2018,8,27,21,0,150.91,1.97
2018,8,27,22,0,115.99000000000001,2.17
2018,8,27,23,0,129.2,1.47
2018,8,28,0,0,174.86,1.42
2018,8,28,1,0,221.56,1.21
2018,8,28,2,0,219.04,1.41
2018,8,28,3,0,231.79,2.12
2018,8,28,4,0,243.98000000000002,2.44
2018,8,28,5,0,271.35,2.61
2018,8,28,6,0,286.3,3.43
2018,8,28,7,0,293.92,4.19
2018,8,28,8,0,9.370000000000001,4.9
2018,8,28,9,0,16.36,5.57
2018,8,28,10,0,53.910000000000004,3.09
2018,8,28,11,0,84.64,2.43
2018,8,28,12,0,139.92000000000002,4.25
2018,8,28,13,0,145.03,5.7
2018,8,28,14,0,135.71,5.49
2018,8,28,15,0,144,3.81
2018,8,28,16,0,157.26,4.2700000000000005
2018,8,28,17,0,172.81,4.41
2018,8,28,18,0,188.12,5.67
2018,8,28,19,0,197.63,6.38
2018,8,28,20,0,205.08,5.28
2018,8,28,21,0,202.25,4.37
2018,8,28,22,0,230.49,1.78
2018,8,28,23,0,27.02,4.15
2018,8,29,0,0,40.410000000000004,3.97
2018,8,29,1,0,59.09,2.48
2018,8,29,2,0,152.94,1.78
2018,8,29,3,0,145.3,2.17
2018,8,29,4,0,107.51,2.19
2018,8,29,5,0,78.44,2.5500000000000003
2018,8,29,6,0,57.980000000000004,4.75
2018,8,29,7,0,133.95,6.12
2018,8,29,8,0,92.38,6.58
2018,8,29,9,0,112.68,5.8100000000000005
2018,8,29,10,0,100.18,6.640000000000001
2018,8,29,11,0,100.67,6.16
2018,8,29,12,0,110.26,4.32
2018,8,29,13,0,105.98,2.99
2018,8,29,14,0,129.57,2.6
2018,8,29,15,0,158.76,0.86
2018,8,29,16,0,277.81,1.49
2018,8,29,17,0,338.44,2.66
2018,8,29,18,0,9.42,2.88
2018,8,29,19,0,16.71,2.42
2018,8,29,20,0,6.8100000000000005,2.22
2018,8,29,21,0,43.550000000000004,2.71
2018,8,29,22,0,64.69,1.83
2018,8,29,23,0,106.38,0.81
2018,8,30,0,0,109.84,0.4
2018,8,30,1,0,88.51,1.46
2018,8,30,2,0,78.3,1.54
2018,8,30,3,0,87.98,0.74
2018,8,30,4,0,335.90000000000003,0.62
2018,8,30,5,0,84.32000000000001,0.98
2018,8,30,6,0,177.83,1.25
2018,8,30,7,0,186.59,2.46
2018,8,30,8,0,187.64000000000001,4.2
2018,8,30,9,0,189.51,6.97
2018,8,30,10,0,200.17000000000002,10.05
2018,8,30,11,0,201.75,14.22
2018,8,30,12,0,199.27,15.24
2018,8,30,13,0,209.64000000000001,13.86
2018,8,30,14,0,210,13.93
2018,8,30,15,0,249.74,17.01
2018,8,30,16,0,264.99,17.400000000000002
2018,8,30,17,0,270.13,13.21
2018,8,30,18,0,276.67,14.48
2018,8,30,19,0,269.39,12.99
2018,8,30,20,0,259.78000000000003,13.44
2018,8,30,21,0,260.76,12.82
2018,8,30,22,0,260.74,14.1
2018,8,30,23,0,250.98000000000002,13.89
2018,8,31,0,0,256.6,15.91
2018,8,31,1,0,243.28,13.34
2018,8,31,2,0,242.67000000000002,13.13
2018,8,31,3,0,238.5,13.72
2018,8,31,4,0,240.70000000000002,14.11
2018,8,31,5,0,236.88,15.040000000000001
2018,8,31,6,0,235.43,14.13
2018,8,31,7,0,234.94,11.91
2018,8,31,8,0,228.63,13.38
2018,8,31,9,0,247.24,11.01
2018,8,31,10,0,261.01,11.66
2018,8,31,11,0,273.3,11.91
2018,8,31,12,0,276.05,13.01
2018,8,31,13,0,270.28000000000003,9.950000000000001
2018,8,31,14,0,260.54,10.700000000000001
2018,8,31,15,0,251.89000000000001,13.06
2018,8,31,16,0,243.89000000000001,9.6
2018,8,31,17,0,227.15,5.57
2018,8,31,18,0,239.12,4.0200000000000005
2018,8,31,19,0,248.79,3.9
2018,8,31,20,0,202.79,2.95
2018,8,31,21,0,188.77,7.21
2018,8,31,22,0,189.82,7.21
2018,8,31,23,0,177.06,8.06
2018,9,1,0,0,182.5,7.28
2018,9,1,1,0,188.01,4.75
2018,9,1,2,0,178.43,3.48
2018,9,1,3,0,191.64000000000001,2.72
2018,9,1,4,0,186.56,3.27
2018,9,1,5,0,182.78,4.11
2018,9,1,6,0,194.97,3.8000000000000003
2018,9,1,7,0,196.08,2.83
2018,9,1,8,0,186.43,2.2
2018,9,1,9,0,206.24,0.86
2018,9,1,10,0,32.13,1.09
2018,9,1,11,0,89,0.96
2018,9,1,12,0,62.620000000000005,2.41
2018,9,1,13,0,40.49,2.33
2018,9,1,14,0,7.45,3.11
2018,9,1,15,0,10.15,3.81
2018,9,1,16,0,40.660000000000004,4.16
2018,9,1,17,0,54.31,2.95
2018,9,1,18,0,17.85,2.49
2018,9,1,19,0,13.61,3.21
2018,9,1,20,0,35.53,2.41
2018,9,1,21,0,55.47,1.87
2018,9,1,22,0,75.43,1.8
2018,9,1,23,0,136.98,1.54
2018,9,2,0,0,192.06,2.32
2018,9,2,1,0,205.48000000000002,2.33
2018,9,2,2,0,223.86,2.6
2018,9,2,3,0,226.14000000000001,3.67
2018,9,2,4,0,228.9,3.02
2018,9,2,5,0,228.73000000000002,4.28
2018,9,2,6,0,223.92000000000002,4.15
2018,9,2,7,0,215.81,3.63
2018,9,2,8,0,212.51,4.07
2018,9,2,9,0,212.37,3.83
2018,9,2,10,0,205.66,3.42
2018,9,2,11,0,192.95000000000002,3.39
2018,9,2,12,0,197.44,3.1
2018,9,2,13,0,202.09,2.5500000000000003
2018,9,2,14,0,184.15,2.08
2018,9,2,15,0,189.49,1.6500000000000001
2018,9,2,16,0,167.27,0.89
2018,9,2,17,0,119.06,1.59
2018,9,2,18,0,125.4,1.17
2018,9,2,19,0,107.29,1.17
2018,9,2,20,0,67.62,1.45
2018,9,2,21,0,57.18,2.36
2018,9,2,22,0,60.54,2.2600000000000002
2018,9,2,23,0,48.26,2.14
2018,9,3,0,0,48.77,1.22
2018,9,3,1,0,293.7,0.25
2018,9,3,2,0,251.17000000000002,1.32
2018,9,3,3,0,265.57,1.49
2018,9,3,4,0,281.91,2.0300000000000002
2018,9,3,5,0,285.69,2.64
2018,9,3,6,0,302.26,2.2600000000000002
2018,9,3,7,0,322.38,1.53
2018,9,3,8,0,353.94,2.21
2018,9,3,9,0,49.28,3.49
2018,9,3,10,0,53.2,3.5700000000000003
2018,9,3,11,0,48.74,2.87
2018,9,3,12,0,45.52,3.84
2018,9,3,13,0,37.93,4.0600000000000005
2018,9,3,14,0,37.24,3.71
2018,9,3,15,0,37.21,3.65
2018,9,3,16,0,48.88,3.71
2018,9,3,17,0,61.39,3.27
2018,9,3,18,0,49.370000000000005,3.45
2018,9,3,19,0,53.58,2.77
2018,9,3,20,0,55.63,2.21
2018,9,3,21,0,35.33,1.6600000000000001
2018,9,3,22,0,52.03,1
2018,9,3,23,0,198.20000000000002,1.37
2018,9,4,0,0,211.64000000000001,1.97
2018,9,4,1,0,205.23000000000002,2.64
2018,9,4,2,0,197.46,3.27
2018,9,4,3,0,212.61,3.62
2018,9,4,4,0,203.12,3.58
2018,9,4,5,0,208,4
2018,9,4,6,0,199.44,4.2
2018,9,4,7,0,192.05,4.43
2018,9,4,8,0,192.06,5.36
2018,9,4,9,0,192.63,5.67
2018,9,4,10,0,191.31,4.68
2018,9,4,11,0,188.28,3.61
2018,9,4,12,0,191.31,2.48
2018,9,4,13,0,175.54,1.12
2018,9,4,14,0,175.5,0.55
2018,9,4,15,0,28.11,2.38
2018,9,4,16,0,31.900000000000002,2.96
2018,9,4,17,0,56.86,3.37
2018,9,4,18,0,40.51,4.25
2018,9,4,19,0,35.85,3.96
2018,9,4,20,0,30.310000000000002,3.59
2018,9,4,21,0,34.01,2.84
2018,9,4,22,0,20.47,2.25
2018,9,4,23,0,13.39,2.7
2018,9,5,0,0,34.1,3.18
2018,9,5,1,0,45.980000000000004,2.6
2018,9,5,2,0,52.84,2.45
2018,9,5,3,0,42.84,0.99
2018,9,5,4,0,289.56,1.31
2018,9,5,5,0,287.81,1.93
2018,9,5,6,0,281.40000000000003,2.96
2018,9,5,7,0,332.78000000000003,3.2800000000000002
2018,9,5,8,0,18.77,2.49
2018,9,5,9,0,48.43,3.5500000000000003
2018,9,5,10,0,72.95,3.19
2018,9,5,11,0,96.94,3.13
2018,9,5,12,0,324.03000000000003,3.0100000000000002
2018,9,5,13,0,11.41,5.93
2018,9,5,14,0,359.51,5.74
2018,9,5,15,0,5.82,5.91
2018,9,5,16,0,29.85,3.72
2018,9,5,17,0,15.120000000000001,1.96
2018,9,5,18,0,29.37,1.99
2018,9,5,19,0,41.08,5.2700000000000005
2018,9,5,20,0,46.4,6.1000000000000005
2018,9,5,21,0,55.74,4.99
2018,9,5,22,0,53.78,3.31
2018,9,5,23,0,50.84,1.95
2018,9,6,0,0,217.43,0.97
2018,9,6,1,0,242.51,1.93
2018,9,6,2,0,241.92000000000002,2.04
2018,9,6,3,0,257.24,2.37
2018,9,6,4,0,256.94,3.31
2018,9,6,5,0,268.2,2.49
2018,9,6,6,0,257.99,2.32
2018,9,6,7,0,257.3,2.31
2018,9,6,8,0,256.15,1.77
2018,9,6,9,0,243.81,1.25
2018,9,6,10,0,224.15,0.68
2018,9,6,11,0,170.39000000000001,0.2
2018,9,6,12,0,182.18,0.04
2018,9,6,13,0,132.2,1.41
2018,9,6,14,0,71.22,1.73
2018,9,6,15,0,46.28,4.19
2018,9,6,16,0,55.43,6.22
2018,9,6,17,0,39.52,5.69
2018,9,6,18,0,48.67,2.94
2018,9,6,19,0,44.36,6.19
2018,9,6,20,0,32.65,2.52
2018,9,6,21,0,310.79,2.79
2018,9,6,22,0,330.37,4.36
2018,9,6,23,0,345.99,3.64
2018,9,7,0,0,0.88,7.72
2018,9,7,1,0,359.09000000000003,6.16
2018,9,7,2,0,353.29,7.71
2018,9,7,3,0,354.82,8.97
2018,9,7,4,0,355.99,8.22
2018,9,7,5,0,358.03000000000003,8.94
2018,9,7,6,0,357.13,8.94
2018,9,7,7,0,358.66,10.75
2018,9,7,8,0,359.44,12.61
2018,9,7,9,0,2.11,13.89
2018,9,7,10,0,6.3100000000000005,14.450000000000001
2018,9,7,11,0,6.55,12.44
2018,9,7,12,0,9.16,15.16
2018,9,7,13,0,6.82,17.63
2018,9,7,14,0,7.68,20.8
2018,9,7,15,0,9.370000000000001,19.19
2018,9,7,16,0,12.530000000000001,19.62
2018,9,7,17,0,12.73,18.91
2018,9,7,18,0,13.01,19.06
2018,9,7,19,0,11.09,18.6
2018,9,7,20,0,9.88,17.330000000000002
2018,9,7,21,0,12.83,17.06
2018,9,7,22,0,19.1,15.76
2018,9,7,23,0,20.900000000000002,15.700000000000001
2018,9,8,0,0,18.25,15.49
2018,9,8,1,0,5.86,15.49
2018,9,8,2,0,7.53,18.1
2018,9,8,3,0,8.98,17.89
2018,9,8,4,0,19.97,16.15
2018,9,8,5,0,9.67,19.16
2018,9,8,6,0,12.49,20.13
2018,9,8,7,0,10.68,20.21
2018,9,8,8,0,10.47,20.29
2018,9,8,9,0,13.22,20.28
2018,9,8,10,0,14.540000000000001,18.32
2018,9,8,11,0,13.35,19.650000000000002
2018,9,8,12,0,14.67,18.73
2018,9,8,13,0,16.07,18.78
2018,9,8,14,0,15.13,17.37
2018,9,8,15,0,20.07,16.88
2018,9,8,16,0,15.290000000000001,17.89
2018,9,8,17,0,14.16,15.280000000000001
2018,9,8,18,0,17.01,13.16
2018,9,8,19,0,18.25,17.21
2018,9,8,20,0,23.740000000000002,14.65
2018,9,8,21,0,27.41,13.16
2018,9,8,22,0,31.16,12.18
2018,9,8,23,0,34.21,10.98
2018,9,9,0,0,33.1,9.78
2018,9,9,1,0,32.65,9.85
2018,9,9,2,0,35.51,8.22
2018,9,9,3,0,28.990000000000002,7.37
2018,9,9,4,0,7.86,6.07
2018,9,9,5,0,349.8,6.46
2018,9,9,6,0,352.25,6.53
2018,9,9,7,0,3.42,7.890000000000001
2018,9,9,8,0,52.300000000000004,2.12
2018,9,9,9,0,14.18,4.48
2018,9,9,10,0,16.71,8.14
2018,9,9,11,0,23.51,11.21
2018,9,9,12,0,5.05,6.07
2018,9,9,13,0,8.39,5.7
2018,9,9,14,0,19.87,9.02
2018,9,9,15,0,8.32,4.42
2018,9,9,16,0,329.5,2.49
2018,9,9,17,0,40.18,2.49
2018,9,9,18,0,20.05,1.51
2018,9,9,19,0,9.46,1.8
2018,9,9,20,0,8.11,3.5
2018,9,9,21,0,38.88,1.16
2018,9,9,22,0,277.41,0.21
2018,9,9,23,0,247.71,2.04
2018,9,10,0,0,249.8,3.0700000000000003
2018,9,10,1,0,238.06,3.96
2018,9,10,2,0,246.56,4.72
2018,9,10,3,0,254.13,4.79
2018,9,10,4,0,276.92,4.1
2018,9,10,5,0,284.92,3.89
2018,9,10,6,0,342.96,2.37
2018,9,10,7,0,12.42,2.68
2018,9,10,8,0,43,2.39
2018,9,10,9,0,8.85,5.53
2018,9,10,10,0,17.37,14.47
2018,9,10,11,0,16.14,14.26
2018,9,10,12,0,22.91,13.63
2018,9,10,13,0,26.7,12.52
2018,9,10,14,0,28.82,12.02
2018,9,10,15,0,30.060000000000002,11.05
2018,9,10,16,0,32.69,11.22
2018,9,10,17,0,40.14,11.01
2018,9,10,18,0,37.01,9.540000000000001
2018,9,10,19,0,34.37,7.44
2018,9,10,20,0,38.910000000000004,7.140000000000001
2018,9,10,21,0,45.12,6.76
2018,9,10,22,0,55.11,3.8200000000000003
2018,9,10,23,0,51.85,2.1
2018,9,11,0,0,18.26,0.26
2018,9,11,1,0,242.25,2.95
2018,9,11,2,0,252.45000000000002,3.0500000000000003
2018,9,11,3,0,250.11,3.18
2018,9,11,4,0,248.71,3.7600000000000002
2018,9,11,5,0,250.45000000000002,4.3500000000000005
2018,9,11,6,0,248.95000000000002,5.54
2018,9,11,7,0,257.15,4.68
2018,9,11,8,0,267.89,3.41
2018,9,11,9,0,271.97,1.7
2018,9,11,10,0,91.16,0.07
2018,9,11,11,0,260.19,0.72
2018,9,11,12,0,349.11,1.09
2018,9,11,13,0,52.85,2.5500000000000003
2018,9,11,14,0,52.29,2.08
2018,9,11,15,0,26.740000000000002,3.14
2018,9,11,16,0,33.84,6.08
2018,9,11,17,0,44.63,5.58
2018,9,11,18,0,59.1,3.61
2018,9,11,19,0,59.97,3.5300000000000002
2018,9,11,20,0,61.28,4.04
2018,9,11,21,0,58.81,3.0700000000000003
2018,9,11,22,0,100.09,1.36
2018,9,11,23,0,231.15,2.0100000000000002
2018,9,12,0,0,239.96,3.44
2018,9,12,1,0,246.39000000000001,4
2018,9,12,2,0,250.18,4.32
2018,9,12,3,0,253.41,5.03
2018,9,12,4,0,247.3,5.25
2018,9,12,5,0,243.22,5.08
2018,9,12,6,0,239.4,4.75
2018,9,12,7,0,238.63,4.74
2018,9,12,8,0,244.4,3.74
2018,9,12,9,0,242.67000000000002,2.89
2018,9,12,10,0,228.75,1.44
2018,9,12,11,0,278.98,1.24
2018,9,12,12,0,266.34000000000003,0.65
2018,9,12,13,0,304.75,0.79
2018,9,12,14,0,103.63,1.16
2018,9,12,15,0,75.25,2.5100000000000002
2018,9,12,16,0,59.4,4.5
2018,9,12,17,0,53.25,3.5100000000000002
2018,9,12,18,0,44.5,2.42
2018,9,12,19,0,40.660000000000004,3.0100000000000002
2018,9,12,20,0,44.68,3.79
2018,9,12,21,0,29.25,2.7800000000000002
2018,9,12,22,0,36.980000000000004,2.37
2018,9,12,23,0,329.02,1.79
2018,9,13,0,0,289.22,2.13
2018,9,13,1,0,277.48,3.15
2018,9,13,2,0,301.93,2.12
2018,9,13,3,0,286.44,2.86
2018,9,13,4,0,288.87,4.23
2018,9,13,5,0,277.58,3.92
2018,9,13,6,0,283.49,3.06
2018,9,13,7,0,292.59000000000003,3.0500000000000003
2018,9,13,8,0,309.81,3.3200000000000003
2018,9,13,9,0,19.34,3.0500000000000003
2018,9,13,10,0,63.85,4.04
2018,9,13,11,0,58.730000000000004,3.5300000000000002
2018,9,13,12,0,80.36,2.07
2018,9,13,13,0,33.910000000000004,2.83
2018,9,13,14,0,31.69,3.15
2018,9,13,15,0,38.64,4.21
2018,9,13,16,0,37.09,3.89
2018,9,13,17,0,23.69,3.8000000000000003
2018,9,13,18,0,26.23,3
2018,9,13,19,0,34.22,2.97
2018,9,13,20,0,17.97,1.43
2018,9,13,21,0,46.65,3.33
2018,9,13,22,0,47.24,2.69
2018,9,13,23,0,48.17,3.52
2018,9,14,0,0,74.09,3.19
2018,9,14,1,0,87.82000000000001,2.2600000000000002
2018,9,14,2,0,82.93,2.35
2018,9,14,3,0,65.94,2.14
2018,9,14,4,0,52.07,1.74
2018,9,14,5,0,28.27,1.75
2018,9,14,6,0,313.76,1.62
2018,9,14,7,0,304.76,2.22
2018,9,14,8,0,359.40000000000003,3.22
2018,9,14,9,0,17.62,3.95
2018,9,14,10,0,21.69,5.48
2018,9,14,11,0,18.240000000000002,6.21
2018,9,14,12,0,23.09,7.04
2018,9,14,13,0,24.96,7.19
2018,9,14,14,0,22.36,9.09
2018,9,14,15,0,23.3,9.59
2018,9,14,16,0,28.22,9.02
2018,9,14,17,0,35.910000000000004,8.26
2018,9,14,18,0,36.87,7.22
2018,9,14,19,0,41.42,6.86
2018,9,14,20,0,44.300000000000004,6.45
2018,9,14,21,0,40.45,5.54
2018,9,14,22,0,39,5.53
2018,9,14,23,0,52.08,5.37
2018,9,15,0,0,45.97,5.3100000000000005
2018,9,15,1,0,47.36,3.88
2018,9,15,2,0,37.18,3.06
2018,9,15,3,0,31.82,2.83
2018,9,15,4,0,38.71,2.34
2018,9,15,5,0,71.66,1.98
2018,9,15,6,0,49.410000000000004,0.54
2018,9,15,7,0,244.20000000000002,0.5
2018,9,15,8,0,254.13,1.29
2018,9,15,9,0,271,1.72
2018,9,15,10,0,7.86,0.2
2018,9,15,11,0,104.63,1.3900000000000001
2018,9,15,12,0,180.08,2.21
2018,9,15,13,0,179.24,2.0100000000000002
2018,9,15,14,0,155.13,1.99
2018,9,15,15,0,111.97,1.54
2018,9,15,16,0,89.51,1.58
2018,9,15,17,0,53.65,2.24
2018,9,15,18,0,61.49,1.44
2018,9,15,19,0,47.5,2.34
2018,9,15,20,0,44.160000000000004,2.65
2018,9,15,21,0,32.93,2.73
2018,9,15,22,0,23.85,2.6
2018,9,15,23,0,352.90000000000003,1.97
2018,9,16,0,0,327.13,1.97
2018,9,16,1,0,329.72,1.87
2018,9,16,2,0,8.14,1.8
2018,9,16,3,0,16.56,3.5
2018,9,16,4,0,40.97,3.22
2018,9,16,5,0,63.46,2.64
2018,9,16,6,0,52.42,2.37
2018,9,16,7,0,46.74,2.33
2018,9,16,8,0,33.9,2.08
2018,9,16,9,0,14.15,3.2
2018,9,16,10,0,6.0200000000000005,4.92
2018,9,16,11,0,5.97,5.71
2018,9,16,12,0,11.99,5.97
2018,9,16,13,0,45.28,4.23
2018,9,16,14,0,40.95,3.94
2018,9,16,15,0,12.58,5.7700000000000005
2018,9,16,16,0,8.16,6.09
2018,9,16,17,0,8.98,5.84
2018,9,16,18,0,9.05,6.140000000000001
2018,9,16,19,0,6.97,5.66
2018,9,16,20,0,358.74,5.93
2018,9,16,21,0,36.34,3.6
2018,9,16,22,0,11.18,5.62
2018,9,16,23,0,11.85,6.2
2018,9,17,0,0,23.26,3.63
2018,9,17,1,0,27.52,6.640000000000001
2018,9,17,2,0,17.86,7.42
2018,9,17,3,0,27.46,7.16
2018,9,17,4,0,28.63,6.5600000000000005
2018,9,17,5,0,29.66,6.83
2018,9,17,6,0,25.21,5.3500000000000005
2018,9,17,7,0,24.98,5.42
2018,9,17,8,0,25.87,4.98
2018,9,17,9,0,22.95,4.54
2018,9,17,10,0,26.43,3.98
2018,9,17,11,0,37.63,2.88
2018,9,17,12,0,167.64000000000001,0.9400000000000001
2018,9,17,13,0,177.91,2.67
2018,9,17,14,0,170.46,3.02
2018,9,17,15,0,203.28,2.67
2018,9,17,16,0,230.38,1.42
2018,9,17,17,0,271.76,2.29
2018,9,17,18,0,250.67000000000002,0.92
2018,9,17,19,0,200.28,2.0300000000000002
2018,9,17,20,0,203.56,6.63
2018,9,17,21,0,220.47,5.28
2018,9,17,22,0,210.75,6.3500000000000005
2018,9,17,23,0,203.08,6.96
2018,9,18,0,0,205.31,7.26
2018,9,18,1,0,203.12,7.9
2018,9,18,2,0,201.54,7.75
2018,9,18,3,0,201.82,6.91
2018,9,18,4,0,198.19,6.92
2018,9,18,5,0,195.33,7.72
2018,9,18,6,0,198.87,7.43
2018,9,18,7,0,194.84,7.5600000000000005
2018,9,18,8,0,194.43,7.68
2018,9,18,9,0,193.8,7.930000000000001
2018,9,18,10,0,194.58,7.72
2018,9,18,11,0,193.52,7.17
2018,9,18,12,0,194.62,6.91
2018,9,18,13,0,190.01,7.0600000000000005
2018,9,18,14,0,194.88,7.5600000000000005
2018,9,18,15,0,207.76,7.57
2018,9,18,16,0,206.22,6.8500000000000005
2018,9,18,17,0,201.32,6.8100000000000005
2018,9,18,18,0,195.21,6.73
2018,9,18,19,0,193.54,6.61
2018,9,18,20,0,194.39000000000001,6.36
2018,9,18,21,0,194.56,6.11
2018,9,18,22,0,181.58,5.5600000000000005
2018,9,18,23,0,197.55,5.28
2018,9,19,0,0,207.57,4.72
2018,9,19,1,0,196.71,5.95
2018,9,19,2,0,195.56,5.04
2018,9,19,3,0,191.82,4.83
2018,9,19,4,0,200.35,5.07
2018,9,19,5,0,199.13,5.33
2018,9,19,6,0,200.58,5.48
2018,9,19,7,0,194.35,6.15
2018,9,19,8,0,196.44,5.66
2018,9,19,9,0,197.47,3.11
2018,9,19,10,0,255.20000000000002,1.77
2018,9,19,11,0,255.20000000000002,1.31
2018,9,19,12,0,272.05,1.75
2018,9,19,13,0,224.73000000000002,0.61
2018,9,19,14,0,116.43,2.07
2018,9,19,15,0,151.67000000000002,2.98
2018,9,19,16,0,135.1,3.77
2018,9,19,17,0,94.88,1.3
2018,9,19,18,0,353.69,3.0500000000000003
2018,9,19,19,0,359.26,6.18
2018,9,19,20,0,353.84000000000003,5.41
2018,9,19,21,0,358.46,5.05
2018,9,19,22,0,1.31,3.6
2018,9,19,23,0,3.97,2.79
2018,9,20,0,0,18.98,1.7
2018,9,20,1,0,33.42,1.71
2018,9,20,2,0,55.47,0.86
2018,9,20,3,0,8.1,0.85
2018,9,20,4,0,28.51,4.75
2018,9,20,5,0,17.62,7.21
2018,9,20,6,0,29.51,6.48
2018,9,20,7,0,57.5,6.79
2018,9,20,8,0,16.6,8.620000000000001
2018,9,20,9,0,3.58,10.21
2018,9,20,10,0,24.12,10.67
2018,9,20,11,0,21.22,10.36
2018,9,20,12,0,26.2,11.16
2018,9,20,13,0,31.88,12.26
2018,9,20,14,0,30.61,10.44
2018,9,20,15,0,30.490000000000002,10.82
2018,9,20,16,0,37.4,10.81
2018,9,20,17,0,41.230000000000004,9.13
2018,9,20,18,0,38.230000000000004,7.36
2018,9,20,19,0,24.68,6.8
2018,9,20,20,0,33.78,6.48
2018,9,20,21,0,37.78,5.4
2018,9,20,22,0,42.9,4.69
2018,9,20,23,0,47.03,3.31
2018,9,21,0,0,50.18,2.07
2018,9,21,1,0,60.93,1.26
2018,9,21,2,0,256.02,0.71
2018,9,21,3,0,219.76,1.1300000000000001
2018,9,21,4,0,228.36,1.37
2018,9,21,5,0,259.25,1.93
2018,9,21,6,0,289.21,1.79
2018,9,21,7,0,317.25,1.96
2018,9,21,8,0,10.040000000000001,1.42
2018,9,21,9,0,356.37,1.46
2018,9,21,10,0,8.81,1.33
2018,9,21,11,0,356.75,0.49
2018,9,21,12,0,37.660000000000004,1.29
2018,9,21,13,0,201.46,0.47000000000000003
2018,9,21,14,0,187.37,1.19
2018,9,21,15,0,194.25,2.5300000000000002
2018,9,21,16,0,187.25,3.37
2018,9,21,17,0,163.16,3.95
2018,9,21,18,0,170.56,3.95
2018,9,21,19,0,178.25,4.16
2018,9,21,20,0,181.56,2.44
2018,9,21,21,0,179.8,1.72
2018,9,21,22,0,178.59,2.89
2018,9,21,23,0,208.96,2.66
2018,9,22,0,0,202.96,1.1
2018,9,22,1,0,206.57,0.92
2018,9,22,2,0,189.57,1.27
2018,9,22,3,0,182.13,4.01
2018,9,22,4,0,183.99,5.26
2018,9,22,5,0,196.71,6.21
2018,9,22,6,0,189.83,6.74
2018,9,22,7,0,201.62,7.68
2018,9,22,8,0,201.11,8.44
2018,9,22,9,0,197.67000000000002,9.14
2018,9,22,10,0,198.9,9.06
2018,9,22,11,0,175.52,6.73
2018,9,22,12,0,143.98,6.15
2018,9,22,13,0,179.43,9.55
2018,9,22,14,0,164.87,10.13
2018,9,22,15,0,170.17000000000002,11.51
2018,9,22,16,0,169.34,12.27
2018,9,22,17,0,170.98,12.08
2018,9,22,18,0,192.93,11.48
2018,9,22,19,0,187.22,11.89
2018,9,22,20,0,187.98,13.4
2018,9,22,21,0,186.39000000000001,13.24
2018,9,22,22,0,196.78,11.19
2018,9,22,23,0,201.06,9.96
2018,9,23,0,0,201.53,8.83
2018,9,23,1,0,199.24,8.23
2018,9,23,2,0,190.61,8.16
2018,9,23,3,0,189.48,7.53
2018,9,23,4,0,180.84,7.69
2018,9,23,5,0,179.41,6.390000000000001
2018,9,23,6,0,187.3,4.21
2018,9,23,7,0,186.19,5.78
2018,9,23,8,0,169.56,8.83
2018,9,23,9,0,165.29,7.82
2018,9,23,10,0,181.91,7.5600000000000005
2018,9,23,11,0,193.65,7.4
2018,9,23,12,0,203.87,6.8500000000000005
2018,9,23,13,0,215.82,5.87
2018,9,23,14,0,242.84,4.75
2018,9,23,15,0,352.75,4.41
2018,9,23,16,0,16.96,6.890000000000001
2018,9,23,17,0,19.59,6.140000000000001
2018,9,23,18,0,15.63,5.05
2018,9,23,19,0,27.310000000000002,4.07
2018,9,23,20,0,33.72,3.0300000000000002
2018,9,23,21,0,29.92,2.0100000000000002
2018,9,23,22,0,69.14,0.65
2018,9,23,23,0,150.77,2.06
2018,9,24,0,0,162.29,1.77
2018,9,24,1,0,169.1,5.84
2018,9,24,2,0,164.79,5.99
2018,9,24,3,0,189.31,8.85
2018,9,24,4,0,202.28,8.38
2018,9,24,5,0,205.48000000000002,7.26
2018,9,24,6,0,220.91,5.46
2018,9,24,7,0,160.51,2.69
2018,9,24,8,0,90,1.85
2018,9,24,9,0,70.7,4.61
2018,9,24,10,0,71.05,6.55
2018,9,24,11,0,79.79,7.49
2018,9,24,12,0,96.99000000000001,5.8
2018,9,24,13,0,152.56,20.01
2018,9,24,14,0,158.57,20.62
2018,9,24,15,0,196.43,19.150000000000002
2018,9,24,16,0,190.04,21.400000000000002
2018,9,24,17,0,191.33,20.85
2018,9,24,18,0,211.65,19.6
2018,9,24,19,0,220.31,17.64
2018,9,24,20,0,215.07,19.17
2018,9,24,21,0,222.62,18.55
2018,9,24,22,0,229.67000000000002,16.69
2018,9,24,23,0,226.46,14.02
2018,9,25,0,0,218.69,14.8
2018,9,25,1,0,219.87,14.55
2018,9,25,2,0,217.71,14.6
2018,9,25,3,0,219.44,15.23
2018,9,25,4,0,219.13,15.67
2018,9,25,5,0,215.77,14.6
2018,9,25,6,0,220.38,13.43
2018,9,25,7,0,212.04,14.23
2018,9,25,8,0,212.13,13.27
2018,9,25,9,0,213.16,11.49
2018,9,25,10,0,214.12,13.13
2018,9,25,11,0,222.69,12.94
2018,9,25,12,0,213.3,9.49
2018,9,25,13,0,223.96,11.03
2018,9,25,14,0,211.4,10.77
2018,9,25,15,0,205.23000000000002,11.700000000000001
2018,9,25,16,0,205.68,11.92
2018,9,25,17,0,211.28,11.6
2018,9,25,18,0,204.15,11.5
2018,9,25,19,0,205.77,12.86
2018,9,25,20,0,204.56,12.85
2018,9,25,21,0,202.8,11.85
2018,9,25,22,0,202.95000000000002,11.33
2018,9,25,23,0,205.18,10.35
2018,9,26,0,0,206.68,8.24
2018,9,26,1,0,198.9,7.97
2018,9,26,2,0,198.93,8.4
2018,9,26,3,0,202.87,5.95
2018,9,26,4,0,237.66,4.21
2018,9,26,5,0,258.75,5.97
2018,9,26,6,0,244.54,3.62
2018,9,26,7,0,220.48000000000002,1.1
2018,9,26,8,0,184.09,2.22
2018,9,26,9,0,178.70000000000002,4.42
2018,9,26,10,0,165.46,2.88
2018,9,26,11,0,114.99000000000001,3.36
2018,9,26,12,0,97.24000000000001,5.48
2018,9,26,13,0,87.77,5.38
2018,9,26,14,0,13.780000000000001,6.0600000000000005
2018,9,26,15,0,21.79,5.97
2018,9,26,16,0,14.870000000000001,6.8500000000000005
2018,9,26,17,0,15.42,7.05
2018,9,26,18,0,21.35,6.42
2018,9,26,19,0,27.19,6.0600000000000005
2018,9,26,20,0,35.81,5.7700000000000005
2018,9,26,21,0,38.45,5.5600000000000005
2018,9,26,22,0,41.17,4.69
2018,9,26,23,0,41.24,4.7700000000000005
2018,9,27,0,0,43.18,4.9
2018,9,27,1,0,48.45,3.7
2018,9,27,2,0,22.64,2.82
2018,9,27,3,0,10.51,2.94
2018,9,27,4,0,3.35,4.28
2018,9,27,5,0,17.400000000000002,7.63
2018,9,27,6,0,33.33,10.61
2018,9,27,7,0,27.23,10.03
2018,9,27,8,0,26.13,11.28
2018,9,27,9,0,22.14,10.93
2018,9,27,10,0,25.85,10.64
2018,9,27,11,0,26.6,11.17
2018,9,27,12,0,31.41,11.66
2018,9,27,13,0,34.09,11.52
2018,9,27,14,0,33.54,12.05
2018,9,27,15,0,35.03,11.98
2018,9,27,16,0,39.68,11.4
2018,9,27,17,0,42.85,9.96
2018,9,27,18,0,41.99,9.9
2018,9,27,19,0,55.2,10.39
2018,9,27,20,0,48.84,9.38
2018,9,27,21,0,36.74,10.870000000000001
2018,9,27,22,0,30.11,10.89
2018,9,27,23,0,23.56,11.34
2018,9,28,0,0,15.81,11.8
2018,9,28,1,0,46.02,7.640000000000001
2018,9,28,2,0,38.02,9.85
2018,9,28,3,0,31.88,12.780000000000001
2018,9,28,4,0,36.84,14.24
2018,9,28,5,0,39.5,13.35
2018,9,28,6,0,30.55,13.15
2018,9,28,7,0,28.86,12.620000000000001
2018,9,28,8,0,29.14,11.98
2018,9,28,9,0,26.46,11.68
2018,9,28,10,0,24.73,11.19
2018,9,28,11,0,22.41,10.78
2018,9,28,12,0,25.87,10.63
2018,9,28,13,0,25.96,9.96
2018,9,28,14,0,28.01,10
2018,9,28,15,0,26.990000000000002,9.370000000000001
2018,9,28,16,0,26.91,9.07
2018,9,28,17,0,27.48,8.32
2018,9,28,18,0,28.41,7.88
2018,9,28,19,0,29.94,7.62
2018,9,28,20,0,32.42,7.34
2018,9,28,21,0,38.84,6.84
2018,9,28,22,0,38.9,6.71
2018,9,28,23,0,41.58,6.65
2018,9,29,0,0,40.13,6.3100000000000005
2018,9,29,1,0,40.03,6.03
2018,9,29,2,0,35.27,5.92
2018,9,29,3,0,34.230000000000004,6.3100000000000005
2018,9,29,4,0,32.53,6.32
2018,9,29,5,0,24.080000000000002,5.26
2018,9,29,6,0,19.05,4.18
2018,9,29,7,0,14.27,2.93
2018,9,29,8,0,14.99,3.27
2018,9,29,9,0,10.67,3.3200000000000003
2018,9,29,10,0,8.870000000000001,3.21
2018,9,29,11,0,12.56,3.42
2018,9,29,12,0,14.52,3.22
2018,9,29,13,0,8.74,3
2018,9,29,14,0,22.07,2.49
2018,9,29,15,0,39.68,1.7
2018,9,29,16,0,47.410000000000004,1.3900000000000001
2018,9,29,17,0,47.67,1.6600000000000001
2018,9,29,18,0,59.96,2.57
2018,9,29,19,0,49.03,3.49
2018,9,29,20,0,20.79,2.95
2018,9,29,21,0,5.5600000000000005,2.72
2018,9,29,22,0,4.39,2.36
2018,9,29,23,0,26.92,1.51
2018,9,30,0,0,77.52,0.64
2018,9,30,1,0,71.4,1.37
2018,9,30,2,0,118.79,0.4
2018,9,30,3,0,244.32,1.54
2018,9,30,4,0,247.31,1.75
2018,9,30,5,0,217.11,1.92
2018,9,30,6,0,225.19,2.14
2018,9,30,7,0,219.47,2.21
2018,9,30,8,0,212.47,2.59
2018,9,30,9,0,218.09,2.59
2018,9,30,10,0,224.23000000000002,2.65
2018,9,30,11,0,227.34,2.44
2018,9,30,12,0,210.13,2.0300000000000002
2018,9,30,13,0,200.19,2.42
2018,9,30,14,0,200.39000000000001,2.58
2018,9,30,15,0,205.45000000000002,2.7800000000000002
2018,9,30,16,0,211.74,2.56
2018,9,30,17,0,214.44,1.92
2018,9,30,18,0,196.67000000000002,1.56
2018,9,30,19,0,195.22,1.9100000000000001
2018,9,30,20,0,186.18,1.9100000000000001
2018,9,30,21,0,188.70000000000002,2.0100000000000002
2018,9,30,22,0,176.20000000000002,1.84
2018,9,30,23,0,187.14000000000001,2.36
2018,10,1,0,0,173.05,1.27
2018,10,1,1,0,206.16,1.01
2018,10,1,2,0,245.13,1.17
2018,10,1,3,0,246.18,1.61
2018,10,1,4,0,248.17000000000002,1.95
2018,10,1,5,0,234.28,1.86
2018,10,1,6,0,222.96,1.04
2018,10,1,7,0,210.64000000000001,0.84
2018,10,1,8,0,173.45000000000002,0.56
2018,10,1,9,0,157.58,1.18
2018,10,1,10,0,169,1.03
2018,10,1,11,0,49.63,0.56
2018,10,1,12,0,20.73,1.57
2018,10,1,13,0,32.02,3.19
2018,10,1,14,0,45.660000000000004,3.7600000000000002
2018,10,1,15,0,42.18,1.6500000000000001
2018,10,1,16,0,26.1,1.9000000000000001
2018,10,1,17,0,19.05,2.75
2018,10,1,18,0,40.95,3.5
2018,10,1,19,0,51.22,3.0500000000000003
2018,10,1,20,0,50.25,3.34
2018,10,1,21,0,47.43,3.54
2018,10,1,22,0,45.94,4.2700000000000005
2018,10,1,23,0,44.02,3.98
2018,10,2,0,0,37.32,4.71
2018,10,2,1,0,30.36,4.83
2018,10,2,2,0,25.01,6.12
2018,10,2,3,0,28.5,6.21
2018,10,2,4,0,34.57,7.17
2018,10,2,5,0,30.48,5.2700000000000005
2018,10,2,6,0,123.19,4.67
2018,10,2,7,0,142.63,5.78
2018,10,2,8,0,90.34,2.21
2018,10,2,9,0,139.07,1.5
2018,10,2,10,0,86.94,1.28
2018,10,2,11,0,157.04,0.86
2018,10,2,12,0,134.74,1.45
2018,10,2,13,0,74,1.6300000000000001
2018,10,2,14,0,113.72,7.71
2018,10,2,15,0,95.27,12.030000000000001
2018,10,2,16,0,67.72,9.450000000000001
2018,10,2,17,0,80.48,8.92
2018,10,2,18,0,96.38,9.48
2018,10,2,19,0,101.37,7.99
2018,10,2,20,0,110.4,3.8200000000000003
2018,10,2,21,0,248.29,5.46
2018,10,2,22,0,327.79,3.7600000000000002
2018,10,2,23,0,344.39,3.85
2018,10,3,0,0,8.82,3.47
2018,10,3,1,0,55.550000000000004,2.91
2018,10,3,2,0,134.71,8.38
2018,10,3,3,0,111.18,7.29
2018,10,3,4,0,104.87,9.16
2018,10,3,5,0,99.15,4.11
2018,10,3,6,0,85.22,5.2
2018,10,3,7,0,37.2,4.82
2018,10,3,8,0,13.24,4.74
2018,10,3,9,0,5.8100000000000005,5.74
2018,10,3,10,0,10.66,6.22
2018,10,3,11,0,24.38,4.65
2018,10,3,12,0,98.99000000000001,2.77
2018,10,3,13,0,125.75,3.91
2018,10,3,14,0,106.58,7.11
2018,10,3,15,0,100.32000000000001,7.96
2018,10,3,16,0,82.54,8.65
2018,10,3,17,0,84.10000000000001,9.370000000000001
2018,10,3,18,0,73.98,7.9
2018,10,3,19,0,62.42,8.43
2018,10,3,20,0,71.42,9.03
2018,10,3,21,0,71.61,9.24
2018,10,3,22,0,51,13.49
2018,10,3,23,0,103.38,11.200000000000001
2018,10,4,0,0,110.63,12.52
2018,10,4,1,0,112.96000000000001,10.040000000000001
2018,10,4,2,0,99.93,12.83
2018,10,4,3,0,108.76,12.96
2018,10,4,4,0,129.46,6.43
2018,10,4,5,0,116.33,5.09
2018,10,4,6,0,109.91,6.41
2018,10,4,7,0,91.66,9.55
2018,10,4,8,0,103.71000000000001,9.03
2018,10,4,9,0,95.82000000000001,9.620000000000001
2018,10,4,10,0,110.06,9.86
2018,10,4,11,0,45.01,2.63
2018,10,4,12,0,62.18,4.82
2018,10,4,13,0,95.06,9.14
2018,10,4,14,0,74.85000000000001,4.13
2018,10,4,15,0,77.79,8.59
2018,10,4,16,0,90.77,15.68
2018,10,4,17,0,85.4,10.68
2018,10,4,18,0,82.53,6.47
2018,10,4,19,0,104.60000000000001,11
2018,10,4,20,0,117.42,8.52
2018,10,4,21,0,102.59,7.41
2018,10,4,22,0,44.87,7.3500000000000005
2018,10,4,23,0,74.46000000000001,9.33
2018,10,5,0,0,74.51,7.97
2018,10,5,1,0,97.34,4.76
2018,10,5,2,0,174.26,3.44
2018,10,5,3,0,179.49,3.61
2018,10,5,4,0,170.73,2.62
2018,10,5,5,0,177.82,1.36
2018,10,5,6,0,68.18,1.06
2018,10,5,7,0,89.86,3.69
2018,10,5,8,0,92.31,1.78
2018,10,5,9,0,13.9,2.87
2018,10,5,10,0,9.55,2.66
2018,10,5,11,0,7.2,1.94
2018,10,5,12,0,10.75,1.02
2018,10,5,13,0,79.32000000000001,0.56
2018,10,5,14,0,185.68,1.09
2018,10,5,15,0,132.18,1.36
2018,10,5,16,0,173.37,3.58
2018,10,5,17,0,196.29,3.12
2018,10,5,18,0,188.56,2.32
2018,10,5,19,0,154.23,1.67
2018,10,5,20,0,204.17000000000002,0.91
2018,10,5,21,0,271.74,1.28
2018,10,5,22,0,257.18,2.58
2018,10,5,23,0,252.72,2.22
2018,10,6,0,0,239.27,1.85
2018,10,6,1,0,217.38,1.42
2018,10,6,2,0,214.02,1.5
2018,10,6,3,0,253.42000000000002,1.45
2018,10,6,4,0,277.11,1.6400000000000001
