SiteID,948526,Site Timezone,-9,Data Timezone,0,Longitude,-151.70409,Latitude,60.70251
Year,Month,Day,Hour,Minute,wind direction at 120m (deg),wind speed at 120m (m/s)
2019,1,1,0,0,197.44,12.370000000000001
2019,1,1,1,0,182.15,9.27
2019,1,1,2,0,176.23,8.71
2019,1,1,3,0,185.85,10.14
2019,1,1,4,0,196.49,4.41
2019,1,1,5,0,87.01,2.6
2019,1,1,6,0,62.09,7.17
2019,1,1,7,0,100.26,15.96
2019,1,1,8,0,49.89,11.200000000000001
2019,1,1,9,0,63.81,9.24
2019,1,1,10,0,73.53,18.84
2019,1,1,11,0,53.69,21.98
2019,1,1,12,0,45.38,19.64
2019,1,1,13,0,63.11,21.22
2019,1,1,14,0,132.87,16.06
2019,1,1,15,0,142.87,22.91
2019,1,1,16,0,141.13,18.94
2019,1,1,17,0,147.8,17.77
2019,1,1,18,0,160.5,18.39
2019,1,1,19,0,173.63,21.53
2019,1,1,20,0,186.74,21.92
2019,1,1,21,0,185.82,22.39
2019,1,1,22,0,196.28,24.87
2019,1,1,23,0,197.48000000000002,22.45
2019,1,2,0,0,193.68,21.490000000000002
2019,1,2,1,0,192.79,21.43
2019,1,2,2,0,184.39000000000001,19.29
2019,1,2,3,0,182.9,16.39
2019,1,2,4,0,181.94,16.54
2019,1,2,5,0,194.71,16.490000000000002
2019,1,2,6,0,209.16,15.73
2019,1,2,7,0,209.91,14.14
2019,1,2,8,0,195.14000000000001,8.75
2019,1,2,9,0,197.82,9.4
2019,1,2,10,0,246.23000000000002,12.47
2019,1,2,11,0,264.48,18.92
2019,1,2,12,0,263.73,20.27
2019,1,2,13,0,297.6,11.72
2019,1,2,14,0,284.16,15.52
2019,1,2,15,0,276.72,17.36
2019,1,2,16,0,269.99,21.96
2019,1,2,17,0,269.81,18.47
2019,1,2,18,0,287.76,12.5
2019,1,2,19,0,292.96,9.700000000000001
2019,1,2,20,0,293.66,6.98
2019,1,2,21,0,296.11,10.59
2019,1,2,22,0,277.07,6.57
2019,1,2,23,0,285.79,11.53
2019,1,3,0,0,297.28000000000003,10.91
2019,1,3,1,0,353.07,4.45
2019,1,3,2,0,306.17,7.63
2019,1,3,3,0,56.68,3.87
2019,1,3,4,0,346.37,8.65
2019,1,3,5,0,348.36,8.58
2019,1,3,6,0,359.91,6.74
2019,1,3,7,0,359.19,4.32
2019,1,3,8,0,326,2.0100000000000002
2019,1,3,9,0,281.79,1.36
2019,1,3,10,0,32.05,0.85
2019,1,3,11,0,9.66,1.47
2019,1,3,12,0,21.63,3.6
2019,1,3,13,0,10.17,3.2600000000000002
2019,1,3,14,0,8.1,3.34
2019,1,3,15,0,26.810000000000002,3.65
2019,1,3,16,0,22.5,4.58
2019,1,3,17,0,23.67,6.21
2019,1,3,18,0,34.54,6.890000000000001
2019,1,3,19,0,42.72,6.6000000000000005
2019,1,3,20,0,46.75,6
2019,1,3,21,0,53.300000000000004,5.44
2019,1,3,22,0,55.7,5.62
2019,1,3,23,0,49.21,5.41
2019,1,4,0,0,50.85,5.87
2019,1,4,1,0,55.7,4.3500000000000005
2019,1,4,2,0,50.85,4.75
2019,1,4,3,0,46.94,4.25
2019,1,4,4,0,47.18,4.17
2019,1,4,5,0,38.21,3.87
2019,1,4,6,0,80.08,3.75
2019,1,4,7,0,91.85000000000001,3.5700000000000003
2019,1,4,8,0,80.92,3.59
2019,1,4,9,0,74.13,3.12
2019,1,4,10,0,79.16,3.5100000000000002
2019,1,4,11,0,77.33,3.43
2019,1,4,12,0,73.36,4.21
2019,1,4,13,0,66.64,2.93
2019,1,4,14,0,53.54,3.49
2019,1,4,15,0,48.480000000000004,5.2
2019,1,4,16,0,41.99,5.11
2019,1,4,17,0,38.910000000000004,5.19
2019,1,4,18,0,42.89,5.22
2019,1,4,19,0,51.480000000000004,5.28
2019,1,4,20,0,18.04,4.92
2019,1,4,21,0,20.740000000000002,4.76
2019,1,4,22,0,42.1,5.96
2019,1,4,23,0,38.39,6.5600000000000005
2019,1,5,0,0,40.160000000000004,6.51
2019,1,5,1,0,37.480000000000004,7.15
2019,1,5,2,0,39.88,6.82
2019,1,5,3,0,39.17,5.68
2019,1,5,4,0,37.480000000000004,5.72
2019,1,5,5,0,41.87,5.96
2019,1,5,6,0,34.2,6.05
2019,1,5,7,0,38.09,6.21
2019,1,5,8,0,40.1,6.25
2019,1,5,9,0,34.47,5.89
2019,1,5,10,0,49.28,4.7700000000000005
2019,1,5,11,0,50.93,4.03
2019,1,5,12,0,47.26,4.44
2019,1,5,13,0,65.1,4.22
2019,1,5,14,0,58.480000000000004,4.33
2019,1,5,15,0,48.7,4.78
2019,1,5,16,0,43.72,4.3500000000000005
2019,1,5,17,0,37.550000000000004,5.47
2019,1,5,18,0,39.34,5.6000000000000005
2019,1,5,19,0,35.730000000000004,5.33
2019,1,5,20,0,37.050000000000004,5.45
2019,1,5,21,0,48.94,5.0200000000000005
2019,1,5,22,0,48.730000000000004,5.57
2019,1,5,23,0,45.62,5.83
2019,1,6,0,0,47.36,6.09
2019,1,6,1,0,40.050000000000004,6.74
2019,1,6,2,0,40,6.29
2019,1,6,3,0,29.5,5.62
2019,1,6,4,0,35.12,5.45
2019,1,6,5,0,35.480000000000004,5
2019,1,6,6,0,23.69,3.24
2019,1,6,7,0,20.57,3.63
2019,1,6,8,0,31.34,4.69
2019,1,6,9,0,44.65,4.8100000000000005
2019,1,6,10,0,5.99,2.54
2019,1,6,11,0,353.18,2.95
2019,1,6,12,0,5.92,2.86
2019,1,6,13,0,12.56,3.5700000000000003
2019,1,6,14,0,25.080000000000002,5.66
2019,1,6,15,0,19.89,4.6000000000000005
2019,1,6,16,0,1.19,2.69
2019,1,6,17,0,351.85,2.84
2019,1,6,18,0,345.2,2.65
2019,1,6,19,0,5.7700000000000005,2.96
2019,1,6,20,0,35.71,7.69
2019,1,6,21,0,61.25,5.24
2019,1,6,22,0,40.2,7.32
2019,1,6,23,0,15.82,4.63
2019,1,7,0,0,335.38,3.17
2019,1,7,1,0,321.35,3.52
2019,1,7,2,0,323.78000000000003,3.48
2019,1,7,3,0,317.68,3.27
2019,1,7,4,0,327.94,3.0500000000000003
2019,1,7,5,0,355.95,2.89
2019,1,7,6,0,350.62,4.63
2019,1,7,7,0,358.52,4.83
2019,1,7,8,0,338.22,3.84
2019,1,7,9,0,338.55,2.64
2019,1,7,10,0,349.04,3.14
2019,1,7,11,0,2.65,4.0200000000000005
2019,1,7,12,0,14.950000000000001,2.69
2019,1,7,13,0,13.76,4.2700000000000005
2019,1,7,14,0,29.03,4.94
2019,1,7,15,0,8.65,6.13
2019,1,7,16,0,344.77,4.71
2019,1,7,17,0,21.86,10.05
2019,1,7,18,0,23.79,9.620000000000001
2019,1,7,19,0,26.19,7.5200000000000005
2019,1,7,20,0,36.21,6.18
2019,1,7,21,0,44,8.28
2019,1,7,22,0,31.57,9.96
2019,1,7,23,0,17.1,8.78
2019,1,8,0,0,22.46,6.84
2019,1,8,1,0,37.75,5.58
2019,1,8,2,0,82.91,3.86
2019,1,8,3,0,81.31,2.62
2019,1,8,4,0,65.76,1.25
2019,1,8,5,0,30.12,3.7
2019,1,8,6,0,28.71,3.94
2019,1,8,7,0,91.63,2.7
2019,1,8,8,0,66.54,3.16
2019,1,8,9,0,63.02,3.21
2019,1,8,10,0,78.99,3.37
2019,1,8,11,0,77.34,3.91
2019,1,8,12,0,60.51,3.2
2019,1,8,13,0,75.43,3.34
2019,1,8,14,0,47.34,5.04
2019,1,8,15,0,54.38,5.2700000000000005
2019,1,8,16,0,59.370000000000005,5.41
2019,1,8,17,0,47.06,5.39
2019,1,8,18,0,42.14,5.16
2019,1,8,19,0,37.49,5.22
2019,1,8,20,0,35.54,4.92
2019,1,8,21,0,35.78,5.22
2019,1,8,22,0,48.29,4.8100000000000005
2019,1,8,23,0,42.9,5.3500000000000005
2019,1,9,0,0,43.11,5.49
2019,1,9,1,0,40.29,5.84
2019,1,9,2,0,38.43,5.78
2019,1,9,3,0,42.24,5.58
2019,1,9,4,0,35.12,5.7
2019,1,9,5,0,27.04,5.38
2019,1,9,6,0,30.150000000000002,5.17
2019,1,9,7,0,36.68,6.04
2019,1,9,8,0,35.980000000000004,5.94
2019,1,9,9,0,27.1,6.24
2019,1,9,10,0,29.09,5.92
2019,1,9,11,0,33.46,5.72
2019,1,9,12,0,33.83,5.78
2019,1,9,13,0,34.910000000000004,5.57
2019,1,9,14,0,34.31,5.8100000000000005
2019,1,9,15,0,38.07,5.2700000000000005
2019,1,9,16,0,41.730000000000004,5.04
2019,1,9,17,0,46.64,5.88
2019,1,9,18,0,47.45,5.78
2019,1,9,19,0,65.5,3.62
2019,1,9,20,0,58.88,2.81
2019,1,9,21,0,62.74,3.24
2019,1,9,22,0,82.96000000000001,3.43
2019,1,9,23,0,68.92,2.96
2019,1,10,0,0,60.47,4.11
2019,1,10,1,0,70.61,3.67
2019,1,10,2,0,78.38,3.13
2019,1,10,3,0,68.02,3.17
2019,1,10,4,0,59.39,5.0600000000000005
2019,1,10,5,0,74.8,4.6000000000000005
2019,1,10,6,0,71.38,4.54
2019,1,10,7,0,84.26,4.11
2019,1,10,8,0,76.17,4.5600000000000005
2019,1,10,9,0,83.38,4.48
2019,1,10,10,0,69.74,4.59
2019,1,10,11,0,56.86,5.8100000000000005
2019,1,10,12,0,57.38,6.390000000000001
2019,1,10,13,0,77.31,4.68
2019,1,10,14,0,79.71000000000001,4.34
2019,1,10,15,0,57.64,6.0200000000000005
2019,1,10,16,0,72.72,4.73
2019,1,10,17,0,82.99,3.4
2019,1,10,18,0,90.77,4.11
2019,1,10,19,0,85.09,4.54
2019,1,10,20,0,82.99,4.34
2019,1,10,21,0,46.75,4.79
2019,1,10,22,0,93.32000000000001,3.27
2019,1,10,23,0,100.10000000000001,2.88
2019,1,11,0,0,99.23,3.23
2019,1,11,1,0,87.54,3.5500000000000003
2019,1,11,2,0,81.39,3.6
2019,1,11,3,0,84.06,3.54
2019,1,11,4,0,47,4.3500000000000005
2019,1,11,5,0,35.99,5.55
2019,1,11,6,0,39.43,4.8500000000000005
2019,1,11,7,0,59.230000000000004,4.01
2019,1,11,8,0,81.69,3.89
2019,1,11,9,0,83.32000000000001,4.21
2019,1,11,10,0,86.98,4.68
2019,1,11,11,0,93.82000000000001,4.29
2019,1,11,12,0,82.46000000000001,3.0300000000000002
2019,1,11,13,0,88.22,3.0700000000000003
2019,1,11,14,0,88.82000000000001,3.5300000000000002
2019,1,11,15,0,92.22,4.17
2019,1,11,16,0,96.81,3.69
2019,1,11,17,0,97.63,3.48
2019,1,11,18,0,82.11,3.22
2019,1,11,19,0,92.34,4.15
2019,1,11,20,0,96.64,4.0600000000000005
2019,1,11,21,0,86.71000000000001,2.9
2019,1,11,22,0,93.99,3.31
2019,1,11,23,0,86.61,2.95
2019,1,12,0,0,67.31,2.2800000000000002
2019,1,12,1,0,82.22,3.24
2019,1,12,2,0,72.14,3.71
2019,1,12,3,0,53.4,4.97
2019,1,12,4,0,51.47,5.0600000000000005
2019,1,12,5,0,46.72,6.34
2019,1,12,6,0,40.18,6.67
2019,1,12,7,0,38.86,7.11
2019,1,12,8,0,36.61,7.66
2019,1,12,9,0,35.230000000000004,8.56
2019,1,12,10,0,34.07,9.23
2019,1,12,11,0,30.72,8.6
2019,1,12,12,0,21.8,7.2700000000000005
2019,1,12,13,0,26.310000000000002,7.32
2019,1,12,14,0,23.900000000000002,8.39
2019,1,12,15,0,22.26,8.65
2019,1,12,16,0,24.61,9.64
2019,1,12,17,0,29.85,11.78
2019,1,12,18,0,33.86,12.5
2019,1,12,19,0,31.8,13.280000000000001
2019,1,12,20,0,30.28,14.05
2019,1,12,21,0,32.34,13.82
2019,1,12,22,0,32.11,14.13
2019,1,12,23,0,30.59,14.98
2019,1,13,0,0,32.95,15.73
2019,1,13,1,0,42.68,17.18
2019,1,13,2,0,50.81,16.580000000000002
2019,1,13,3,0,47.06,14.700000000000001
2019,1,13,4,0,39.050000000000004,12.58
2019,1,13,5,0,40.22,12.56
2019,1,13,6,0,50.21,12.49
2019,1,13,7,0,59.09,9.620000000000001
2019,1,13,8,0,60.22,6.4
2019,1,13,9,0,56.17,5.2
2019,1,13,10,0,90.96000000000001,7.19
2019,1,13,11,0,152.52,8.22
2019,1,13,12,0,154.66,4.7700000000000005
2019,1,13,13,0,159.58,3.24
2019,1,13,14,0,91.62,3.83
2019,1,13,15,0,83.33,6.0200000000000005
2019,1,13,16,0,57.46,6.93
2019,1,13,17,0,28.28,6.8500000000000005
2019,1,13,18,0,63.730000000000004,6.09
2019,1,13,19,0,80.87,6.05
2019,1,13,20,0,104.72,5.22
2019,1,13,21,0,113.06,3.2600000000000002
2019,1,13,22,0,138.79,5.97
2019,1,13,23,0,91.10000000000001,3.79
2019,1,14,0,0,90.57000000000001,4.3100000000000005
2019,1,14,1,0,128.92000000000002,7.17
2019,1,14,2,0,133.03,7.5600000000000005
2019,1,14,3,0,108.73,8.01
2019,1,14,4,0,115.33,13.450000000000001
2019,1,14,5,0,114.13,13
2019,1,14,6,0,120.89,11.38
2019,1,14,7,0,124.01,11.8
2019,1,14,8,0,158.58,2.67
2019,1,14,9,0,116.38,2.84
2019,1,14,10,0,106.57000000000001,2.7800000000000002
2019,1,14,11,0,81.16,1.36
2019,1,14,12,0,65.21000000000001,3.25
2019,1,14,13,0,25.490000000000002,6.38
2019,1,14,14,0,43.63,8.700000000000001
2019,1,14,15,0,54.11,8.01
2019,1,14,16,0,60.52,8.36
2019,1,14,17,0,72.2,10.07
2019,1,14,18,0,63.7,11.33
2019,1,14,19,0,47.26,12.040000000000001
2019,1,14,20,0,53.69,11.46
2019,1,14,21,0,51.65,9.8
2019,1,14,22,0,44.46,10.290000000000001
2019,1,14,23,0,64.33,9.63
2019,1,15,0,0,99.67,9.16
2019,1,15,1,0,55.03,11.77
2019,1,15,2,0,48.89,11.950000000000001
2019,1,15,3,0,49.26,13.200000000000001
2019,1,15,4,0,37.59,13.200000000000001
2019,1,15,5,0,45.75,12.99
2019,1,15,6,0,55.550000000000004,12.94
2019,1,15,7,0,52,12.89
2019,1,15,8,0,38.18,12.14
2019,1,15,9,0,42.82,11.34
2019,1,15,10,0,36.61,10.51
2019,1,15,11,0,26.19,10.14
2019,1,15,12,0,31.5,9.09
2019,1,15,13,0,24.42,9.32
2019,1,15,14,0,23.17,9.76
2019,1,15,15,0,19.48,10.07
2019,1,15,16,0,23.04,9.42
2019,1,15,17,0,29.75,7.86
2019,1,15,18,0,25.96,8.35
2019,1,15,19,0,15.96,10.06
2019,1,15,20,0,20.84,10.42
2019,1,15,21,0,18.95,10.08
2019,1,15,22,0,15.11,9.93
2019,1,15,23,0,15.540000000000001,10.38
2019,1,16,0,0,15.33,9.31
2019,1,16,1,0,16.19,9.98
2019,1,16,2,0,25.27,9.13
2019,1,16,3,0,23.01,11.51
2019,1,16,4,0,24.8,13.21
2019,1,16,5,0,24.98,12.21
2019,1,16,6,0,25.7,12.02
2019,1,16,7,0,33.160000000000004,11.36
2019,1,16,8,0,40.39,13.8
2019,1,16,9,0,36.57,14.83
2019,1,16,10,0,33.64,14.540000000000001
2019,1,16,11,0,23.1,13.89
2019,1,16,12,0,25.8,13.5
2019,1,16,13,0,28.22,13.790000000000001
2019,1,16,14,0,36.21,14.4
2019,1,16,15,0,50.17,15.3
2019,1,16,16,0,55.410000000000004,14.85
2019,1,16,17,0,51.410000000000004,13.84
2019,1,16,18,0,38.03,14.11
2019,1,16,19,0,31.05,12.3
2019,1,16,20,0,23.63,13.32
2019,1,16,21,0,25.240000000000002,12.36
2019,1,16,22,0,28.29,12.84
2019,1,16,23,0,28.91,13.48
2019,1,17,0,0,27.330000000000002,13.74
2019,1,17,1,0,24.830000000000002,13.530000000000001
2019,1,17,2,0,17.85,13.67
2019,1,17,3,0,14.05,15
2019,1,17,4,0,14.8,15.17
2019,1,17,5,0,19.77,14.52
2019,1,17,6,0,25.8,14.02
2019,1,17,7,0,32.8,13.25
2019,1,17,8,0,32.96,13.15
2019,1,17,9,0,35.050000000000004,12.94
2019,1,17,10,0,33.78,12.35
2019,1,17,11,0,31.150000000000002,11.51
2019,1,17,12,0,23.67,12.36
2019,1,17,13,0,24.02,11.88
2019,1,17,14,0,28.740000000000002,11.11
2019,1,17,15,0,34.97,9.58
2019,1,17,16,0,34.12,7.59
2019,1,17,17,0,29.96,8.01
2019,1,17,18,0,32.07,7.07
2019,1,17,19,0,36.45,6.58
2019,1,17,20,0,32.94,6.32
2019,1,17,21,0,40.38,6.69
2019,1,17,22,0,48.18,6.28
2019,1,17,23,0,34.89,3.93
2019,1,18,0,0,36.72,2.37
2019,1,18,1,0,5.09,1.87
2019,1,18,2,0,339.42,1.3800000000000001
2019,1,18,3,0,16.75,0.27
2019,1,18,4,0,305.95,0.34
2019,1,18,5,0,278.28000000000003,1.03
2019,1,18,6,0,304.63,0.86
2019,1,18,7,0,2.43,2.42
2019,1,18,8,0,23.76,4.33
2019,1,18,9,0,32.82,3.52
2019,1,18,10,0,39.980000000000004,2.07
2019,1,18,11,0,39.76,1.37
2019,1,18,12,0,19.61,2.21
2019,1,18,13,0,21.92,2.0300000000000002
2019,1,18,14,0,15.8,2.06
2019,1,18,15,0,26.6,2.06
2019,1,18,16,0,11.57,2.79
2019,1,18,17,0,25.95,4.21
2019,1,18,18,0,37.11,5.47
2019,1,18,19,0,41,4.75
2019,1,18,20,0,37.88,3.2
2019,1,18,21,0,25.12,3.24
2019,1,18,22,0,39.82,3.33
2019,1,18,23,0,45.29,2.73
2019,1,19,0,0,34.28,2.98
2019,1,19,1,0,42.21,2.88
2019,1,19,2,0,38.12,1.77
2019,1,19,3,0,27.6,1.57
2019,1,19,4,0,35.27,2.19
2019,1,19,5,0,37.35,2.38
2019,1,19,6,0,34.99,2.21
2019,1,19,7,0,56.52,1.68
2019,1,19,8,0,51.58,1.21
2019,1,19,9,0,35.53,2
2019,1,19,10,0,38.93,2.38
2019,1,19,11,0,36.160000000000004,2.67
2019,1,19,12,0,36.980000000000004,1.8900000000000001
2019,1,19,13,0,35.75,1.51
2019,1,19,14,0,60.56,1.2
2019,1,19,15,0,68.5,1.09
2019,1,19,16,0,70,0.77
2019,1,19,17,0,75.51,0.6900000000000001
2019,1,19,18,0,63.01,0.34
2019,1,19,19,0,20.64,1.8900000000000001
2019,1,19,20,0,36.02,1.94
2019,1,19,21,0,88.5,1.1400000000000001
2019,1,19,22,0,166.65,0.75
2019,1,19,23,0,199,0.81
2019,1,20,0,0,201.26,1.08
2019,1,20,1,0,152.3,0.81
2019,1,20,2,0,118.5,1.06
2019,1,20,3,0,35.26,1.59
2019,1,20,4,0,5.11,3.43
2019,1,20,5,0,14.790000000000001,4.8100000000000005
2019,1,20,6,0,120.24000000000001,3.98
2019,1,20,7,0,80.75,4.69
2019,1,20,8,0,103.15,2.18
2019,1,20,9,0,130.59,3.04
2019,1,20,10,0,111.88,2.96
2019,1,20,11,0,100.67,3.27
2019,1,20,12,0,97.63,4.14
2019,1,20,13,0,89.19,5.4
2019,1,20,14,0,87.02,4.29
2019,1,20,15,0,88.47,3.35
2019,1,20,16,0,97.02,2.27
2019,1,20,17,0,79.14,1.79
2019,1,20,18,0,24.080000000000002,1.58
2019,1,20,19,0,64.48,1.6300000000000001
2019,1,20,20,0,83.5,3.34
2019,1,20,21,0,73.03,3.43
2019,1,20,22,0,11.46,3.11
2019,1,20,23,0,25.23,4.37
2019,1,21,0,0,32.24,6.95
2019,1,21,1,0,36.77,6.74
2019,1,21,2,0,26.59,6.2
2019,1,21,3,0,27.05,6.83
2019,1,21,4,0,31.310000000000002,6.5
2019,1,21,5,0,32.63,4.87
2019,1,21,6,0,29.05,5.33
2019,1,21,7,0,32.730000000000004,6.91
2019,1,21,8,0,34.25,7.9
2019,1,21,9,0,28.490000000000002,6.74
2019,1,21,10,0,27.48,6.38
2019,1,21,11,0,23.13,7.07
2019,1,21,12,0,18.36,7.67
2019,1,21,13,0,18.89,7.61
2019,1,21,14,0,21.46,8.040000000000001
2019,1,21,15,0,34.17,8.8
2019,1,21,16,0,29.400000000000002,9.01
2019,1,21,17,0,26.18,9.3
2019,1,21,18,0,18.8,9.91
2019,1,21,19,0,17.88,9.35
2019,1,21,20,0,19.28,9.06
2019,1,21,21,0,19.900000000000002,8.77
2019,1,21,22,0,22.3,9.120000000000001
2019,1,21,23,0,22.54,8.870000000000001
2019,1,22,0,0,24.07,9.19
2019,1,22,1,0,26.66,10.120000000000001
2019,1,22,2,0,24.36,10.48
2019,1,22,3,0,25.650000000000002,10.48
2019,1,22,4,0,26.26,9.47
2019,1,22,5,0,23.63,9.63
2019,1,22,6,0,25.84,9.88
2019,1,22,7,0,30.72,9.97
2019,1,22,8,0,34.95,10.97
2019,1,22,9,0,35.75,10.86
2019,1,22,10,0,34.95,11.19
2019,1,22,11,0,31.7,11.07
2019,1,22,12,0,30.740000000000002,10.200000000000001
2019,1,22,13,0,29.14,10.88
2019,1,22,14,0,34.68,11.540000000000001
2019,1,22,15,0,34.980000000000004,10.31
2019,1,22,16,0,32.22,10.73
2019,1,22,17,0,36.5,10.5
2019,1,22,18,0,39.52,10.92
2019,1,22,19,0,42.61,11.44
2019,1,22,20,0,49.75,13.1
2019,1,22,21,0,47.160000000000004,14.01
2019,1,22,22,0,54.08,14.290000000000001
2019,1,22,23,0,58.370000000000005,15.05
2019,1,23,0,0,62.34,14.38
2019,1,23,1,0,45.63,12.6
2019,1,23,2,0,77.48,12.700000000000001
2019,1,23,3,0,74.02,11.44
2019,1,23,4,0,66.23,11.07
2019,1,23,5,0,78.71000000000001,11.36
2019,1,23,6,0,94.72,12.17
2019,1,23,7,0,117.85000000000001,10.17
2019,1,23,8,0,141.93,6.34
2019,1,23,9,0,125.73,5.12
2019,1,23,10,0,140.36,4.72
2019,1,23,11,0,263.49,1.44
2019,1,23,12,0,13.9,3.19
2019,1,23,13,0,26.080000000000002,5.26
2019,1,23,14,0,37.56,6.55
2019,1,23,15,0,56.980000000000004,5.45
2019,1,23,16,0,109.39,15.99
2019,1,23,17,0,110.43,18.830000000000002
2019,1,23,18,0,102.25,15.94
2019,1,23,19,0,118.01,19.71
2019,1,23,20,0,122.2,14.11
2019,1,23,21,0,130.97,12.94
2019,1,23,22,0,164.22,5.79
2019,1,23,23,0,154.31,4.88
2019,1,24,0,0,145.65,6.78
2019,1,24,1,0,169.6,13.33
2019,1,24,2,0,207.43,7.96
2019,1,24,3,0,209.55,10.39
2019,1,24,4,0,197.62,13.040000000000001
2019,1,24,5,0,215.4,8.03
2019,1,24,6,0,215.64000000000001,6.29
2019,1,24,7,0,225.96,4.96
2019,1,24,8,0,307.54,3.14
2019,1,24,9,0,37.78,6.34
2019,1,24,10,0,44.410000000000004,8.84
2019,1,24,11,0,95.19,15.56
2019,1,24,12,0,25.43,13.75
2019,1,24,13,0,48.02,11.21
2019,1,24,14,0,49.35,9.13
2019,1,24,15,0,46.85,11.61
2019,1,24,16,0,53.63,15.35
2019,1,24,17,0,61.93,14.73
2019,1,24,18,0,81.92,12.5
2019,1,24,19,0,87.28,9.07
2019,1,24,20,0,188.32,4.24
2019,1,24,21,0,192.13,5.2
2019,1,24,22,0,199.18,7
2019,1,24,23,0,199.74,6.58
2019,1,25,0,0,193.4,6.23
2019,1,25,1,0,191.08,3.56
2019,1,25,2,0,350.01,0.81
2019,1,25,3,0,6.54,4.22
2019,1,25,4,0,31.19,9.94
2019,1,25,5,0,25.47,10.3
2019,1,25,6,0,32.76,12.780000000000001
2019,1,25,7,0,79.57000000000001,12.39
2019,1,25,8,0,73.35000000000001,13.16
2019,1,25,9,0,57.33,17.82
2019,1,25,10,0,58.25,22.240000000000002
2019,1,25,11,0,53.43,19.21
2019,1,25,12,0,92.47,20.97
2019,1,25,13,0,178.01,21.650000000000002
2019,1,25,14,0,173.44,19.25
2019,1,25,15,0,184.94,26.04
2019,1,25,16,0,195.62,26.35
2019,1,25,17,0,198.68,21.87
2019,1,25,18,0,197.5,25.64
2019,1,25,19,0,194.98000000000002,25.830000000000002
2019,1,25,20,0,193.29,27.22
2019,1,25,21,0,198.39000000000001,25.87
2019,1,25,22,0,202.15,21.92
2019,1,25,23,0,202.09,20.900000000000002
2019,1,26,0,0,199.59,21.56
2019,1,26,1,0,196.6,20.27
2019,1,26,2,0,196.96,20.94
2019,1,26,3,0,197.89000000000001,19.75
2019,1,26,4,0,209.31,15.92
2019,1,26,5,0,201.59,13.46
2019,1,26,6,0,206.02,13.91
2019,1,26,7,0,205.1,16.71
2019,1,26,8,0,205.21,13.790000000000001
2019,1,26,9,0,211.46,14.13
2019,1,26,10,0,208.24,16.51
2019,1,26,11,0,208.08,11.84
2019,1,26,12,0,217.73000000000002,8.55
2019,1,26,13,0,223.8,6.86
2019,1,26,14,0,205.77,12.14
2019,1,26,15,0,214.93,12.13
2019,1,26,16,0,209.15,9.31
2019,1,26,17,0,207.6,10.44
2019,1,26,18,0,206.68,12.14
2019,1,26,19,0,209,8.41
2019,1,26,20,0,179.35,4.61
2019,1,26,21,0,185.48,10.44
2019,1,26,22,0,195.45000000000002,9.05
2019,1,26,23,0,183.75,8.540000000000001
2019,1,27,0,0,182.47,13.52
2019,1,27,1,0,183.17000000000002,14.05
2019,1,27,2,0,184.63,14.4
2019,1,27,3,0,188.36,12.75
2019,1,27,4,0,192.61,11.73
2019,1,27,5,0,193.81,15.36
2019,1,27,6,0,188.5,17.75
2019,1,27,7,0,184.70000000000002,15.75
2019,1,27,8,0,185.73,11.56
2019,1,27,9,0,186.27,11.55
2019,1,27,10,0,197.16,14.58
2019,1,27,11,0,209.38,9.44
2019,1,27,12,0,210.83,8.59
2019,1,27,13,0,228.81,7.890000000000001
2019,1,27,14,0,239.14000000000001,6.3500000000000005
2019,1,27,15,0,341.49,2.37
2019,1,27,16,0,307.28000000000003,2.59
2019,1,27,17,0,345.84000000000003,2.63
2019,1,27,18,0,320.21,2.27
2019,1,27,19,0,350.15000000000003,2.61
2019,1,27,20,0,347.56,1.95
2019,1,27,21,0,332.87,1.9100000000000001
2019,1,27,22,0,327.63,1.06
2019,1,27,23,0,33.99,2.39
2019,1,28,0,0,48,4.64
2019,1,28,1,0,52.56,4.3100000000000005
2019,1,28,2,0,51.47,3.87
2019,1,28,3,0,21.69,4.79
2019,1,28,4,0,13.34,7.58
2019,1,28,5,0,15.610000000000001,6.96
2019,1,28,6,0,14.33,7.86
2019,1,28,7,0,16.71,8.33
2019,1,28,8,0,14.02,8.790000000000001
2019,1,28,9,0,9.32,10.58
2019,1,28,10,0,9.42,11.53
2019,1,28,11,0,32.910000000000004,11.26
2019,1,28,12,0,41.79,12.31
2019,1,28,13,0,42.62,12.66
2019,1,28,14,0,29.89,12.68
2019,1,28,15,0,30.45,13.56
2019,1,28,16,0,29.580000000000002,13.8
2019,1,28,17,0,24.88,13.01
2019,1,28,18,0,25.03,13.24
2019,1,28,19,0,28.11,12.91
2019,1,28,20,0,34.81,12.96
2019,1,28,21,0,46.09,14.17
2019,1,28,22,0,45,15.49
2019,1,28,23,0,29.54,15.6
2019,1,29,0,0,26.150000000000002,15.84
2019,1,29,1,0,26.490000000000002,15.92
2019,1,29,2,0,33.11,16.42
2019,1,29,3,0,30.04,16.09
2019,1,29,4,0,29.57,16.27
2019,1,29,5,0,34.51,16.3
2019,1,29,6,0,37.83,16.6
2019,1,29,7,0,33.8,16.11
2019,1,29,8,0,33.94,16.59
2019,1,29,9,0,30.61,17.150000000000002
2019,1,29,10,0,24.68,16.32
2019,1,29,11,0,29.52,16.25
2019,1,29,12,0,27.53,17.25
2019,1,29,13,0,27.71,17.26
2019,1,29,14,0,26.32,17.17
2019,1,29,15,0,22.88,17.41
2019,1,29,16,0,21.240000000000002,17.62
2019,1,29,17,0,24.150000000000002,16.64
2019,1,29,18,0,23.650000000000002,16.84
2019,1,29,19,0,24.82,16.23
2019,1,29,20,0,26.27,15.67
2019,1,29,21,0,24.26,14.620000000000001
2019,1,29,22,0,24.26,14.3
2019,1,29,23,0,27.47,13.32
2019,1,30,0,0,25.96,12.27
2019,1,30,1,0,26.37,11.07
2019,1,30,2,0,27.46,10.540000000000001
2019,1,30,3,0,22.740000000000002,11.03
2019,1,30,4,0,17.79,10.96
2019,1,30,5,0,17.87,11.120000000000001
2019,1,30,6,0,19.82,10.76
2019,1,30,7,0,15.17,11.06
2019,1,30,8,0,18.990000000000002,9.09
2019,1,30,9,0,28.93,7.18
2019,1,30,10,0,61.34,5.5
2019,1,30,11,0,62.67,7.66
2019,1,30,12,0,66.12,6.0200000000000005
2019,1,30,13,0,64.31,4.97
2019,1,30,14,0,75.97,2.83
2019,1,30,15,0,44.410000000000004,2.2
2019,1,30,16,0,36.730000000000004,1.78
2019,1,30,17,0,40.43,1.1
2019,1,30,18,0,42.49,0.6900000000000001
2019,1,30,19,0,133.16,0.89
2019,1,30,20,0,172.46,2.34
2019,1,30,21,0,196.64000000000001,2.94
2019,1,30,22,0,211.03,1.8900000000000001
2019,1,30,23,0,179.87,1.95
2019,1,31,0,0,179.01,1.83
2019,1,31,1,0,177.12,1.86
2019,1,31,2,0,165.99,1.76
2019,1,31,3,0,139.16,1.57
2019,1,31,4,0,153.36,1.78
2019,1,31,5,0,174.96,0.99
2019,1,31,6,0,89.05,0.84
2019,1,31,7,0,70.64,1.11
2019,1,31,8,0,11.370000000000001,1.8900000000000001
2019,1,31,9,0,2.46,3.91
2019,1,31,10,0,16.46,7.640000000000001
2019,1,31,11,0,22.580000000000002,9.84
2019,1,31,12,0,32.31,11.76
2019,1,31,13,0,21.900000000000002,9.46
2019,1,31,14,0,29.75,8.870000000000001
2019,1,31,15,0,26.43,10.52
2019,1,31,16,0,22.91,9.09
2019,1,31,17,0,18.02,14.09
2019,1,31,18,0,22.82,11.27
2019,1,31,19,0,27.990000000000002,11.08
2019,1,31,20,0,4.99,12.41
2019,1,31,21,0,33.69,10.540000000000001
2019,1,31,22,0,29.240000000000002,13.13
2019,1,31,23,0,30.93,10.89
2019,2,1,0,0,30.84,13.16
2019,2,1,1,0,30.76,13.450000000000001
2019,2,1,2,0,24.400000000000002,12.13
2019,2,1,3,0,20.51,12.36
2019,2,1,4,0,28.61,13.57
2019,2,1,5,0,31.75,13.280000000000001
2019,2,1,6,0,32.660000000000004,13.32
2019,2,1,7,0,39.67,12.88
2019,2,1,8,0,40.61,12.15
2019,2,1,9,0,38.38,12.75
2019,2,1,10,0,35.11,12.43
2019,2,1,11,0,35.36,13.48
2019,2,1,12,0,35.92,12.950000000000001
2019,2,1,13,0,34.36,13.290000000000001
2019,2,1,14,0,34.99,13.16
2019,2,1,15,0,36.84,12.86
2019,2,1,16,0,37.7,13.65
2019,2,1,17,0,30.48,12.15
2019,2,1,18,0,27.25,9.78
2019,2,1,19,0,25.07,6.8100000000000005
2019,2,1,20,0,36.68,8.52
2019,2,1,21,0,35.2,8.75
2019,2,1,22,0,33.5,8.040000000000001
2019,2,1,23,0,45.45,5.07
2019,2,2,0,0,46.19,7.0600000000000005
2019,2,2,1,0,41.94,6.58
2019,2,2,2,0,40.31,6.5600000000000005
2019,2,2,3,0,37.88,6.6000000000000005
2019,2,2,4,0,37.84,6.43
2019,2,2,5,0,33.72,7.25
2019,2,2,6,0,29.91,7.46
2019,2,2,7,0,33.65,8.14
2019,2,2,8,0,34.24,7.88
2019,2,2,9,0,32.88,5.3
2019,2,2,10,0,36.78,4.44
2019,2,2,11,0,38.08,4.21
2019,2,2,12,0,45.7,4.82
2019,2,2,13,0,49.06,5.63
2019,2,2,14,0,70.88,4.78
2019,2,2,15,0,83.01,3.7
2019,2,2,16,0,81.67,3.12
2019,2,2,17,0,74.72,3.5300000000000002
2019,2,2,18,0,63.93,2.71
2019,2,2,19,0,70.09,3.23
2019,2,2,20,0,48.07,6.0600000000000005
2019,2,2,21,0,37.410000000000004,5.65
2019,2,2,22,0,70.19,3.39
2019,2,2,23,0,48.300000000000004,3.73
2019,2,3,0,0,46.5,4.5
2019,2,3,1,0,41.06,4.2
2019,2,3,2,0,43.300000000000004,4.3100000000000005
2019,2,3,3,0,37.03,4.53
2019,2,3,4,0,35.45,5.01
2019,2,3,5,0,39.52,5.73
2019,2,3,6,0,31.98,5.59
2019,2,3,7,0,28.02,5.62
2019,2,3,8,0,29.98,5.74
2019,2,3,9,0,24.52,6.33
2019,2,3,10,0,15.65,6.46
2019,2,3,11,0,30.19,6.1000000000000005
2019,2,3,12,0,34.46,6.51
2019,2,3,13,0,32.26,6.88
2019,2,3,14,0,29.63,7.51
2019,2,3,15,0,26.96,7.930000000000001
2019,2,3,16,0,23.76,7.49
2019,2,3,17,0,16.490000000000002,6.65
2019,2,3,18,0,13.15,6.22
2019,2,3,19,0,14.63,5.78
2019,2,3,20,0,15.15,4.83
2019,2,3,21,0,17.25,3.64
2019,2,3,22,0,29.07,1.94
2019,2,3,23,0,70.71000000000001,0.58
2019,2,4,0,0,190.83,1.54
2019,2,4,1,0,215.49,4.61
2019,2,4,2,0,217.51,5.41
2019,2,4,3,0,213.19,6.12
2019,2,4,4,0,207.67000000000002,5.46
2019,2,4,5,0,191.02,3.2
2019,2,4,6,0,148.24,1.32
2019,2,4,7,0,95.22,0.11
2019,2,4,8,0,54.01,1.92
2019,2,4,9,0,79.49,3.95
2019,2,4,10,0,100.34,3.36
2019,2,4,11,0,27.580000000000002,4.45
2019,2,4,12,0,20.45,6.95
2019,2,4,13,0,39.300000000000004,6.03
2019,2,4,14,0,44.22,5.63
2019,2,4,15,0,33.08,5.97
2019,2,4,16,0,41.69,5
2019,2,4,17,0,30.32,5.7700000000000005
2019,2,4,18,0,35.25,5.8500000000000005
2019,2,4,19,0,40.660000000000004,6.640000000000001
2019,2,4,20,0,33.38,7.53
2019,2,4,21,0,40.33,8.3
2019,2,4,22,0,44.550000000000004,7.59
2019,2,4,23,0,39.230000000000004,7.01
2019,2,5,0,0,39,7.53
2019,2,5,1,0,34.06,7.26
2019,2,5,2,0,35.1,8.26
2019,2,5,3,0,34.11,8
2019,2,5,4,0,39.95,8.370000000000001
2019,2,5,5,0,34.79,8.33
2019,2,5,6,0,29.990000000000002,8.700000000000001
2019,2,5,7,0,26,8.49
2019,2,5,8,0,12.21,8.25
2019,2,5,9,0,18.34,7.36
2019,2,5,10,0,6.72,5.28
2019,2,5,11,0,357.96,3.56
2019,2,5,12,0,356.97,1.79
2019,2,5,13,0,190.72,1.87
2019,2,5,14,0,200.54,3.7
2019,2,5,15,0,232.44,3.21
2019,2,5,16,0,308.68,1.08
2019,2,5,17,0,202.79,1.94
2019,2,5,18,0,324.15000000000003,1.09
2019,2,5,19,0,357.84000000000003,1.03
2019,2,5,20,0,19.94,2.14
2019,2,5,21,0,39.19,3.42
2019,2,5,22,0,44.35,3.33
2019,2,5,23,0,39.51,3.97
2019,2,6,0,0,36.33,3.56
2019,2,6,1,0,33.480000000000004,3.64
2019,2,6,2,0,31.41,4.61
2019,2,6,3,0,23.830000000000002,5.25
2019,2,6,4,0,32.08,4.89
2019,2,6,5,0,37.480000000000004,4.95
2019,2,6,6,0,50.42,4.43
2019,2,6,7,0,45.97,3.48
2019,2,6,8,0,37.89,2.74
2019,2,6,9,0,28.04,2.65
2019,2,6,10,0,48.08,3.41
2019,2,6,11,0,39.52,3.18
2019,2,6,12,0,17.5,1.73
2019,2,6,13,0,14.94,0.92
2019,2,6,14,0,42.92,0.88
2019,2,6,15,0,57.13,0.6900000000000001
2019,2,6,16,0,72.47,0.78
2019,2,6,17,0,319.99,0.59
2019,2,6,18,0,133.58,0.26
2019,2,6,19,0,101.14,1.3900000000000001
2019,2,6,20,0,118.32000000000001,1.28
2019,2,6,21,0,120.95,1.2
2019,2,6,22,0,94.68,1.1500000000000001
2019,2,6,23,0,56.49,1.17
2019,2,7,0,0,60.03,2.32
2019,2,7,1,0,67.2,3.13
2019,2,7,2,0,63.7,2.68
2019,2,7,3,0,66.52,2.98
2019,2,7,4,0,66.45,2.56
2019,2,7,5,0,68.9,3.25
2019,2,7,6,0,65.37,3.65
2019,2,7,7,0,57.49,3.67
2019,2,7,8,0,51.43,4.69
2019,2,7,9,0,51.69,4.92
2019,2,7,10,0,51.93,5.24
2019,2,7,11,0,43.72,4.96
2019,2,7,12,0,36.81,5.73
2019,2,7,13,0,39.480000000000004,5.75
2019,2,7,14,0,37.43,5.59
2019,2,7,15,0,30.080000000000002,5.23
2019,2,7,16,0,33.32,5.55
2019,2,7,17,0,33.7,4.76
2019,2,7,18,0,38.800000000000004,4.72
2019,2,7,19,0,47.75,4.32
2019,2,7,20,0,32.31,2.57
2019,2,7,21,0,57.300000000000004,1.3800000000000001
2019,2,7,22,0,53.64,1.97
2019,2,7,23,0,59.26,0.87
2019,2,8,0,0,121.91,1.03
2019,2,8,1,0,135.6,0.75
2019,2,8,2,0,153.09,1.1
2019,2,8,3,0,186.75,1.92
2019,2,8,4,0,200.34,1.81
2019,2,8,5,0,187.91,2.61
2019,2,8,6,0,191.81,3.48
2019,2,8,7,0,186.78,5.83
2019,2,8,8,0,194.86,8.03
2019,2,8,9,0,174.78,9.31
2019,2,8,10,0,182.07,8.120000000000001
2019,2,8,11,0,184.02,7.66
2019,2,8,12,0,185.24,10.120000000000001
2019,2,8,13,0,184.64000000000001,10.34
2019,2,8,14,0,191.4,10.91
2019,2,8,15,0,187.22,11.06
2019,2,8,16,0,182.61,10.46
2019,2,8,17,0,183.61,10.58
2019,2,8,18,0,191.3,11.26
2019,2,8,19,0,192.71,11.48
2019,2,8,20,0,185.31,11.34
2019,2,8,21,0,186.38,10.700000000000001
2019,2,8,22,0,190.66,10.73
2019,2,8,23,0,186.17000000000002,10.41
2019,2,9,0,0,184.84,10.33
2019,2,9,1,0,193.17000000000002,10.69
2019,2,9,2,0,194.79,10.92
2019,2,9,3,0,194.51,12.450000000000001
2019,2,9,4,0,196.68,12.59
2019,2,9,5,0,197.44,12.89
2019,2,9,6,0,195.64000000000001,10.28
2019,2,9,7,0,180.96,9.620000000000001
2019,2,9,8,0,178.95000000000002,7.17
2019,2,9,9,0,162,4.14
2019,2,9,10,0,137.18,2.86
2019,2,9,11,0,108.12,1.87
2019,2,9,12,0,52.120000000000005,2.41
2019,2,9,13,0,52.18,2.25
2019,2,9,14,0,53.370000000000005,3.85
2019,2,9,15,0,45.9,4.07
2019,2,9,16,0,37.52,5.36
2019,2,9,17,0,35.1,6.08
2019,2,9,18,0,36.42,5.73
2019,2,9,19,0,40.31,4.59
2019,2,9,20,0,49.17,3.6
2019,2,9,21,0,50.03,3.45
2019,2,9,22,0,42.550000000000004,3.48
2019,2,9,23,0,50.730000000000004,3.21
2019,2,10,0,0,47.69,2.94
2019,2,10,1,0,45.62,2.5100000000000002
2019,2,10,2,0,49.29,2.3000000000000003
2019,2,10,3,0,54.86,1.75
2019,2,10,4,0,72.72,1.72
2019,2,10,5,0,110.17,1.37
2019,2,10,6,0,154.96,1.6300000000000001
2019,2,10,7,0,150.43,1.5
2019,2,10,8,0,130.29,1.96
2019,2,10,9,0,88.95,2.45
2019,2,10,10,0,77.64,3.31
2019,2,10,11,0,71.28,4.63
2019,2,10,12,0,69,3.71
2019,2,10,13,0,78.35000000000001,2.5300000000000002
2019,2,10,14,0,35.59,3.74
2019,2,10,15,0,29.04,7.3
2019,2,10,16,0,17.56,8
2019,2,10,17,0,22.48,7.29
2019,2,10,18,0,38.25,6.03
2019,2,10,19,0,99.32000000000001,8.89
2019,2,10,20,0,76.56,6.86
2019,2,10,21,0,56.28,5.15
2019,2,10,22,0,16.580000000000002,5.5600000000000005
2019,2,10,23,0,358.63,6.17
2019,2,11,0,0,353.57,5.82
2019,2,11,1,0,2.98,4.2700000000000005
2019,2,11,2,0,21.02,4.42
2019,2,11,3,0,8.25,5.3500000000000005
2019,2,11,4,0,11.82,5.8
2019,2,11,5,0,8.74,5.17
2019,2,11,6,0,28.240000000000002,3.64
2019,2,11,7,0,33.12,4.3100000000000005
2019,2,11,8,0,36.67,2.75
2019,2,11,9,0,72.95,3
2019,2,11,10,0,79.44,2.91
2019,2,11,11,0,28.91,8.73
2019,2,11,12,0,25.57,8.4
2019,2,11,13,0,24.76,7.57
2019,2,11,14,0,91.16,3.43
2019,2,11,15,0,104.54,3.22
2019,2,11,16,0,132.46,0.64
2019,2,11,17,0,124.06,0.78
2019,2,11,18,0,119.12,1.53
2019,2,11,19,0,183.19,0.73
2019,2,11,20,0,166.51,1.73
2019,2,11,21,0,152.48,1.52
2019,2,11,22,0,115.85000000000001,4.0600000000000005
2019,2,11,23,0,153.52,4.5600000000000005
2019,2,12,0,0,177.79,5.64
2019,2,12,1,0,202.05,4.6000000000000005
2019,2,12,2,0,206.84,3.24
2019,2,12,3,0,194.57,3.92
2019,2,12,4,0,203.53,6.25
2019,2,12,5,0,199.35,7.07
2019,2,12,6,0,193.41,6.7
2019,2,12,7,0,209.75,4.08
2019,2,12,8,0,213.13,10.71
2019,2,12,9,0,212.62,15.38
2019,2,12,10,0,240.87,20.71
2019,2,12,11,0,291.48,7.07
2019,2,12,12,0,262.02,10.69
2019,2,12,13,0,248.96,16.22
2019,2,12,14,0,249.94,15.280000000000001
2019,2,12,15,0,248.25,3.58
2019,2,12,16,0,223.17000000000002,13.030000000000001
2019,2,12,17,0,241.95000000000002,17.25
2019,2,12,18,0,244.76,20.81
2019,2,12,19,0,250.66,13.27
2019,2,12,20,0,243.84,11.200000000000001
2019,2,12,21,0,253.37,10.15
2019,2,12,22,0,278.25,11.68
2019,2,12,23,0,282.69,16.97
2019,2,13,0,0,288.05,16.67
2019,2,13,1,0,273.40000000000003,11.72
2019,2,13,2,0,286.24,14.18
2019,2,13,3,0,288.24,13.23
2019,2,13,4,0,283.40000000000003,13.02
2019,2,13,5,0,284.75,13.85
2019,2,13,6,0,291.03000000000003,14.08
2019,2,13,7,0,304.92,9.26
2019,2,13,8,0,311.69,9.99
2019,2,13,9,0,15.67,10.84
2019,2,13,10,0,57.95,5.71
2019,2,13,11,0,92.36,6.93
2019,2,13,12,0,97.82000000000001,6
2019,2,13,13,0,127.67,3.47
2019,2,13,14,0,175.09,2.74
2019,2,13,15,0,226.85,2.67
2019,2,13,16,0,55.24,1.33
2019,2,13,17,0,118.98,6.21
2019,2,13,18,0,300.62,3.47
2019,2,13,19,0,346.97,12.620000000000001
2019,2,13,20,0,354.57,5.37
2019,2,13,21,0,350.98,4.87
2019,2,13,22,0,359.47,8.09
2019,2,13,23,0,349.81,9.99
2019,2,14,0,0,11.52,5.03
2019,2,14,1,0,42.43,7.26
2019,2,14,2,0,5.84,8.76
2019,2,14,3,0,8.08,9.94
2019,2,14,4,0,14.34,8.69
2019,2,14,5,0,17.72,7.68
2019,2,14,6,0,24.98,14.58
2019,2,14,7,0,22.95,14.370000000000001
2019,2,14,8,0,15.19,15.790000000000001
2019,2,14,9,0,17.94,15.14
2019,2,14,10,0,19.36,14.51
2019,2,14,11,0,19.67,12.1
2019,2,14,12,0,25.740000000000002,10.55
2019,2,14,13,0,20.93,9.370000000000001
2019,2,14,14,0,11.94,7.67
2019,2,14,15,0,8.9,10.23
2019,2,14,16,0,20.25,12.16
2019,2,14,17,0,20.29,8.77
2019,2,14,18,0,359.01,4.75
2019,2,14,19,0,356.39,6.17
2019,2,14,20,0,355.79,4.91
2019,2,14,21,0,17.28,5.69
2019,2,14,22,0,32.37,4.11
2019,2,14,23,0,39.28,3.15
2019,2,15,0,0,306.86,0.53
2019,2,15,1,0,284.29,0.28
2019,2,15,2,0,123.05,3.65
2019,2,15,3,0,146.46,2.41
2019,2,15,4,0,204.04,1.6500000000000001
2019,2,15,5,0,258.5,1.07
2019,2,15,6,0,291.5,1.35
2019,2,15,7,0,280.28000000000003,0.79
2019,2,15,8,0,47.39,0.85
2019,2,15,9,0,41.58,1.19
2019,2,15,10,0,21.14,2.61
2019,2,15,11,0,33.85,3.56
2019,2,15,12,0,29.01,3.63
2019,2,15,13,0,34.45,3.58
2019,2,15,14,0,35.82,3.5500000000000003
2019,2,15,15,0,44.99,4.07
2019,2,15,16,0,75.69,4.74
2019,2,15,17,0,79.36,3.93
2019,2,15,18,0,69.76,3.94
2019,2,15,19,0,75.64,3.46
2019,2,15,20,0,84.44,1.8900000000000001
2019,2,15,21,0,79.01,1.6400000000000001
2019,2,15,22,0,82.94,2.0300000000000002
2019,2,15,23,0,68.65,1.7
2019,2,16,0,0,28.96,1.75
2019,2,16,1,0,50.53,2.37
2019,2,16,2,0,44.33,3.8200000000000003
2019,2,16,3,0,25.77,4.0200000000000005
2019,2,16,4,0,24.68,4.18
2019,2,16,5,0,15.27,4.98
2019,2,16,6,0,26.29,5.68
2019,2,16,7,0,44.75,6.13
2019,2,16,8,0,40.76,6.140000000000001
2019,2,16,9,0,34.06,6.2
2019,2,16,10,0,37.15,5.4
2019,2,16,11,0,47.81,6.12
2019,2,16,12,0,44.17,4.92
2019,2,16,13,0,22.75,5.04
2019,2,16,14,0,33.76,4.39
2019,2,16,15,0,41.36,4.3
2019,2,16,16,0,21.3,5.43
2019,2,16,17,0,11.53,6
2019,2,16,18,0,25.580000000000002,6.13
2019,2,16,19,0,37.69,7.13
2019,2,16,20,0,38.54,8.3
2019,2,16,21,0,31.66,9.22
2019,2,16,22,0,30.34,9.700000000000001
2019,2,16,23,0,30.67,9.49
2019,2,17,0,0,32.8,9.82
2019,2,17,1,0,33.45,11.56
2019,2,17,2,0,28.66,13.26
2019,2,17,3,0,25.54,13.64
2019,2,17,4,0,23.28,14.13
2019,2,17,5,0,23.06,14.01
2019,2,17,6,0,28.150000000000002,14
2019,2,17,7,0,30.03,13.780000000000001
2019,2,17,8,0,28.580000000000002,14
2019,2,17,9,0,26.85,14.43
2019,2,17,10,0,26.96,14.98
2019,2,17,11,0,25.04,14.76
2019,2,17,12,0,18.05,13.790000000000001
2019,2,17,13,0,17.3,12.85
2019,2,17,14,0,24.01,13.17
2019,2,17,15,0,41.43,9.27
2019,2,17,16,0,32.53,7.57
2019,2,17,17,0,46.62,10.11
2019,2,17,18,0,54.370000000000005,7.98
2019,2,17,19,0,54.4,8.52
2019,2,17,20,0,69.79,5.8100000000000005
2019,2,17,21,0,99.09,5.5
2019,2,17,22,0,153.85,8.88
2019,2,17,23,0,196.59,16.3
2019,2,18,0,0,197.42000000000002,17.87
2019,2,18,1,0,198.62,20.73
2019,2,18,2,0,202,17.38
2019,2,18,3,0,216.29,17.62
2019,2,18,4,0,211.05,15.27
2019,2,18,5,0,200.69,17.72
2019,2,18,6,0,242.01,8.53
2019,2,18,7,0,199.51,11.77
2019,2,18,8,0,236.05,14.91
2019,2,18,9,0,227.45000000000002,13.72
2019,2,18,10,0,223.17000000000002,8.25
2019,2,18,11,0,207.1,13.32
2019,2,18,12,0,197.17000000000002,14.83
2019,2,18,13,0,203.47,15.83
2019,2,18,14,0,198.46,12.790000000000001
2019,2,18,15,0,181.41,8.45
2019,2,18,16,0,157.74,6.61
2019,2,18,17,0,159.20000000000002,8.64
2019,2,18,18,0,155.69,8.76
2019,2,18,19,0,163.72,8.82
2019,2,18,20,0,211.78,1.61
2019,2,18,21,0,350.86,0.61
2019,2,18,22,0,340.83,2.61
2019,2,18,23,0,358.05,4.0600000000000005
2019,2,19,0,0,20.96,1.95
2019,2,19,1,0,135.7,1.25
2019,2,19,2,0,356.25,1.86
2019,2,19,3,0,357.76,1.8800000000000001
2019,2,19,4,0,23.35,4.78
2019,2,19,5,0,23.44,7.12
2019,2,19,6,0,21.580000000000002,6.140000000000001
2019,2,19,7,0,27.34,6.04
2019,2,19,8,0,22.68,4.79
2019,2,19,9,0,27.41,3.96
2019,2,19,10,0,52.13,2.84
2019,2,19,11,0,127.19,0.24
2019,2,19,12,0,227.76,1.43
2019,2,19,13,0,225.03,3.91
2019,2,19,14,0,334.37,7.890000000000001
2019,2,19,15,0,341.90000000000003,13.08
2019,2,19,16,0,336.27,17.04
2019,2,19,17,0,340.56,20.62
2019,2,19,18,0,347.99,10.31
2019,2,19,19,0,335.25,14.280000000000001
2019,2,19,20,0,346.77,8.98
2019,2,19,21,0,4.12,6.63
2019,2,19,22,0,72.86,7.25
2019,2,19,23,0,6.98,16.09
2019,2,20,0,0,23.19,11.52
2019,2,20,1,0,23.45,11.05
2019,2,20,2,0,20.68,13.35
2019,2,20,3,0,21.25,12.56
2019,2,20,4,0,12.32,12
2019,2,20,5,0,13.35,11.09
2019,2,20,6,0,18.240000000000002,12.01
2019,2,20,7,0,17.27,12.36
2019,2,20,8,0,22.19,10.48
2019,2,20,9,0,23.39,8.53
2019,2,20,10,0,38.32,8.23
2019,2,20,11,0,42.01,6.94
2019,2,20,12,0,38.29,8.55
2019,2,20,13,0,33.25,8.2
2019,2,20,14,0,43.1,7.3100000000000005
2019,2,20,15,0,48.9,7.25
2019,2,20,16,0,90.54,3.0500000000000003
2019,2,20,17,0,58.15,2.43
2019,2,20,18,0,56.83,0.53
2019,2,20,19,0,30.87,1.41
2019,2,20,20,0,32.53,3.09
2019,2,20,21,0,31.34,3.85
2019,2,20,22,0,25.35,5.0200000000000005
2019,2,20,23,0,23.240000000000002,5.95
2019,2,21,0,0,15.9,7.11
2019,2,21,1,0,14.51,8.41
2019,2,21,2,0,13.32,8.77
2019,2,21,3,0,13.98,9.790000000000001
2019,2,21,4,0,13.05,10.21
2019,2,21,5,0,17.79,11.46
2019,2,21,6,0,20.12,12.81
2019,2,21,7,0,19.13,12.96
2019,2,21,8,0,19.25,13.14
2019,2,21,9,0,17.490000000000002,13.25
2019,2,21,10,0,17.46,12.92
2019,2,21,11,0,17.6,12.120000000000001
2019,2,21,12,0,17.51,10.42
2019,2,21,13,0,17.32,8.59
2019,2,21,14,0,18.240000000000002,6.54
2019,2,21,15,0,18.5,5.67
2019,2,21,16,0,9.01,3.6
2019,2,21,17,0,349.8,1.49
2019,2,21,18,0,252.48000000000002,0.8300000000000001
2019,2,21,19,0,224.83,2.11
2019,2,21,20,0,216.20000000000002,1.99
2019,2,21,21,0,248.71,2.94
2019,2,21,22,0,320.78000000000003,3.8200000000000003
2019,2,21,23,0,319.96,7.88
2019,2,22,0,0,327.42,15.09
2019,2,22,1,0,324.73,12.15
2019,2,22,2,0,301.69,6.09
2019,2,22,3,0,306.81,13.33
2019,2,22,4,0,309.05,12.52
2019,2,22,5,0,310.6,11.5
2019,2,22,6,0,334.41,14.85
2019,2,22,7,0,337.77,13.06
2019,2,22,8,0,322.07,5.3100000000000005
2019,2,22,9,0,326.95,1.92
2019,2,22,10,0,38.2,8.41
2019,2,22,11,0,319.68,6.62
2019,2,22,12,0,356.24,3.75
2019,2,22,13,0,110.39,2.29
2019,2,22,14,0,174.51,1.9000000000000001
2019,2,22,15,0,21.900000000000002,1.94
2019,2,22,16,0,20.84,6.01
2019,2,22,17,0,22.01,7.46
2019,2,22,18,0,357.31,4.74
2019,2,22,19,0,4.43,5.63
2019,2,22,20,0,25.34,4.78
2019,2,22,21,0,50.56,4.37
2019,2,22,22,0,58.63,3.27
2019,2,22,23,0,38.300000000000004,3.54
2019,2,23,0,0,90.24,3.24
2019,2,23,1,0,50.71,3.8000000000000003
2019,2,23,2,0,32.5,3.5100000000000002
2019,2,23,3,0,29.46,3.6
2019,2,23,4,0,54.81,2.69
2019,2,23,5,0,47.22,1.12
2019,2,23,6,0,43.78,2.86
2019,2,23,7,0,28.27,3.06
2019,2,23,8,0,19.900000000000002,3.3000000000000003
2019,2,23,9,0,39.22,3.09
2019,2,23,10,0,38.85,4.21
2019,2,23,11,0,29.23,4.32
2019,2,23,12,0,37.49,4.8100000000000005
2019,2,23,13,0,44.44,5.21
2019,2,23,14,0,52.46,2.93
2019,2,23,15,0,43.07,2.43
2019,2,23,16,0,43.800000000000004,4.43
2019,2,23,17,0,31.35,4.54
2019,2,23,18,0,14.69,3.75
2019,2,23,19,0,30.94,3.5700000000000003
2019,2,23,20,0,32.72,3.91
2019,2,23,21,0,37.78,4.8100000000000005
2019,2,23,22,0,32.15,5.22
2019,2,23,23,0,28.92,5.04
2019,2,24,0,0,33.81,4.78
2019,2,24,1,0,30.6,4.48
2019,2,24,2,0,29.43,4.73
2019,2,24,3,0,29.59,4.8100000000000005
2019,2,24,4,0,25.95,3.62
2019,2,24,5,0,27.18,3.77
2019,2,24,6,0,31.25,3.12
2019,2,24,7,0,39.01,2.3000000000000003
2019,2,24,8,0,15.82,1.82
2019,2,24,9,0,33.56,1.32
2019,2,24,10,0,35.34,2
2019,2,24,11,0,48.84,1.68
2019,2,24,12,0,54.78,1.74
2019,2,24,13,0,31.64,1.07
2019,2,24,14,0,85.54,0.6900000000000001
2019,2,24,15,0,87.79,0.9
2019,2,24,16,0,78.29,1.6500000000000001
2019,2,24,17,0,78.81,1.83
2019,2,24,18,0,91.65,1.55
2019,2,24,19,0,79.11,1.85
2019,2,24,20,0,78.09,2.4
2019,2,24,21,0,72.25,2.46
2019,2,24,22,0,50.69,2.0100000000000002
2019,2,24,23,0,51.45,2.39
2019,2,25,0,0,51.61,3.23
2019,2,25,1,0,42.14,3.08
2019,2,25,2,0,43.15,2.93
2019,2,25,3,0,48.410000000000004,3.1
2019,2,25,4,0,54.03,3.24
2019,2,25,5,0,47.47,3.9
2019,2,25,6,0,62.45,3.38
2019,2,25,7,0,55.980000000000004,3.18
2019,2,25,8,0,59.730000000000004,2.93
2019,2,25,9,0,31.48,3.23
2019,2,25,10,0,44.85,2.91
2019,2,25,11,0,43.61,2.91
2019,2,25,12,0,38.97,2.66
2019,2,25,13,0,28.740000000000002,1.59
2019,2,25,14,0,36.33,2.2600000000000002
2019,2,25,15,0,89.84,1.36
2019,2,25,16,0,89.08,0.52
2019,2,25,17,0,152.46,0.87
2019,2,25,18,0,221.27,1.57
2019,2,25,19,0,190.51,0.96
2019,2,25,20,0,144.32,0.91
2019,2,25,21,0,172.08,0.8300000000000001
2019,2,25,22,0,212.75,0.93
2019,2,25,23,0,172.85,0.45
2019,2,26,0,0,245.34,0.22
2019,2,26,1,0,351.79,0.55
2019,2,26,2,0,31.13,0.6
2019,2,26,3,0,61.7,0.41000000000000003
2019,2,26,4,0,31.88,0.2
2019,2,26,5,0,92.53,0.44
2019,2,26,6,0,108.43,0.89
2019,2,26,7,0,97.95,1.3900000000000001
2019,2,26,8,0,89.92,1.22
2019,2,26,9,0,37.730000000000004,1.37
2019,2,26,10,0,35.22,2.0300000000000002
2019,2,26,11,0,41.160000000000004,2.17
2019,2,26,12,0,47.89,1.82
2019,2,26,13,0,56.15,2.11
2019,2,26,14,0,65.13,2.5500000000000003
2019,2,26,15,0,51.4,1.29
2019,2,26,16,0,56.300000000000004,1.41
2019,2,26,17,0,61.07,1.45
2019,2,26,18,0,90.34,1.32
2019,2,26,19,0,53.25,0.85
2019,2,26,20,0,20.650000000000002,1.87
2019,2,26,21,0,16.23,2.39
2019,2,26,22,0,33.4,2.95
2019,2,26,23,0,32.71,2.54
2019,2,27,0,0,27.36,2.34
2019,2,27,1,0,30.47,2.17
2019,2,27,2,0,44.7,2.62
2019,2,27,3,0,61.07,2.04
2019,2,27,4,0,43.42,2.42
2019,2,27,5,0,51.19,2.3000000000000003
2019,2,27,6,0,61.79,3.04
2019,2,27,7,0,60.15,2.69
2019,2,27,8,0,60.72,3.13
2019,2,27,9,0,41.2,2.97
2019,2,27,10,0,36.72,3.08
2019,2,27,11,0,45.2,2.91
2019,2,27,12,0,47.47,3.38
2019,2,27,13,0,51.230000000000004,3.85
2019,2,27,14,0,60.4,4.08
2019,2,27,15,0,59.19,4.32
2019,2,27,16,0,53.68,5.9
2019,2,27,17,0,49.58,6.92
2019,2,27,18,0,49.730000000000004,6.53
2019,2,27,19,0,53.13,6.3100000000000005
2019,2,27,20,0,48.5,5.75
2019,2,27,21,0,47.1,5.47
2019,2,27,22,0,43.84,5.26
2019,2,27,23,0,47.06,4.94
2019,2,28,0,0,41,5.3
2019,2,28,1,0,38.35,5.61
2019,2,28,2,0,48.300000000000004,4.95
2019,2,28,3,0,46.08,4.4
2019,2,28,4,0,43.89,3.17
2019,2,28,5,0,39.99,3.41
2019,2,28,6,0,54.550000000000004,4.04
2019,2,28,7,0,57.050000000000004,3.97
2019,2,28,8,0,36.88,2.99
2019,2,28,9,0,28.02,2.88
2019,2,28,10,0,24.3,2.63
2019,2,28,11,0,15.59,2.31
2019,2,28,12,0,37.51,2.0100000000000002
2019,2,28,13,0,68.37,2.25
2019,2,28,14,0,75.96000000000001,1.43
2019,2,28,15,0,178.94,0.53
2019,2,28,16,0,229.09,0.4
2019,2,28,17,0,7.95,0.36
2019,2,28,18,0,348.22,0.63
2019,2,28,19,0,306.06,0.58
2019,2,28,20,0,346.25,0.65
2019,2,28,21,0,356.39,0.75
2019,2,28,22,0,295.87,0.89
2019,2,28,23,0,329.12,1.02
2019,3,1,0,0,21.34,1.07
2019,3,1,1,0,40.43,1.45
2019,3,1,2,0,33.230000000000004,1.77
2019,3,1,3,0,57.45,1
2019,3,1,4,0,5.3,0.63
2019,3,1,5,0,28.810000000000002,0.42
2019,3,1,6,0,159.68,0.77
2019,3,1,7,0,142.43,1.25
2019,3,1,8,0,170.65,0.97
2019,3,1,9,0,218.35,0.77
2019,3,1,10,0,155.57,0.47000000000000003
2019,3,1,11,0,110.86,0.9500000000000001
2019,3,1,12,0,120.67,0.5700000000000001
2019,3,1,13,0,181.4,0.15
2019,3,1,14,0,244.70000000000002,0.8200000000000001
2019,3,1,15,0,182.99,0.42
2019,3,1,16,0,165.58,0.9500000000000001
2019,3,1,17,0,202.97,0.99
2019,3,1,18,0,171.09,0.55
2019,3,1,19,0,154.29,0.31
2019,3,1,20,0,136.78,0.37
2019,3,1,21,0,158.14000000000001,1.1400000000000001
2019,3,1,22,0,187.74,1.4000000000000001
2019,3,1,23,0,172.93,1.32
2019,3,2,0,0,171.38,1.6500000000000001
2019,3,2,1,0,48.480000000000004,0.56
2019,3,2,2,0,33.230000000000004,1.34
2019,3,2,3,0,61.53,0.6900000000000001
2019,3,2,4,0,45.13,0.98
2019,3,2,5,0,43.39,0.81
2019,3,2,6,0,70.73,0.99
2019,3,2,7,0,74.89,1.55
2019,3,2,8,0,69.04,1.6
2019,3,2,9,0,45.86,2.24
2019,3,2,10,0,50.57,2.15
2019,3,2,11,0,55.65,2.08
2019,3,2,12,0,50.160000000000004,2.68
2019,3,2,13,0,33.56,3.3200000000000003
2019,3,2,14,0,43.02,3.77
2019,3,2,15,0,47.65,3.5500000000000003
2019,3,2,16,0,44.19,3.81
2019,3,2,17,0,45.4,3.71
2019,3,2,18,0,44.86,3.81
2019,3,2,19,0,44.6,3.65
2019,3,2,20,0,34.34,3.6
2019,3,2,21,0,47.81,3.18
2019,3,2,22,0,31.970000000000002,2.86
2019,3,2,23,0,43.27,2.96
2019,3,3,0,0,50.47,2.77
2019,3,3,1,0,47.61,2.36
2019,3,3,2,0,53.38,2.57
2019,3,3,3,0,58.870000000000005,1.62
2019,3,3,4,0,63.440000000000005,2.08
2019,3,3,5,0,65.95,2.37
2019,3,3,6,0,77.34,1.94
2019,3,3,7,0,66.29,1.51
2019,3,3,8,0,31.93,2.45
2019,3,3,9,0,40.31,1.9100000000000001
2019,3,3,10,0,34.03,1.85
2019,3,3,11,0,21.7,2.27
2019,3,3,12,0,35.25,2.5300000000000002
2019,3,3,13,0,52.53,2.69
2019,3,3,14,0,48.69,2.96
2019,3,3,15,0,48.19,3.3200000000000003
2019,3,3,16,0,46.86,3.43
2019,3,3,17,0,50.53,2.94
2019,3,3,18,0,61.61,2.47
2019,3,3,19,0,62.15,2.07
2019,3,3,20,0,52.39,2.09
2019,3,3,21,0,44.68,2.37
2019,3,3,22,0,37.17,2.45
2019,3,3,23,0,36.34,2.92
2019,3,4,0,0,26.39,2.47
2019,3,4,1,0,26.76,2.46
2019,3,4,2,0,29.18,2.48
2019,3,4,3,0,38.2,2.33
2019,3,4,4,0,37.730000000000004,2.18
2019,3,4,5,0,28.61,1.75
2019,3,4,6,0,40.24,1.54
2019,3,4,7,0,40.730000000000004,1.6300000000000001
2019,3,4,8,0,24.03,1.79
2019,3,4,9,0,29.400000000000002,2.2600000000000002
2019,3,4,10,0,46.96,2.57
2019,3,4,11,0,51.36,2.86
2019,3,4,12,0,53.370000000000005,2.42
2019,3,4,13,0,48.870000000000005,3.47
2019,3,4,14,0,45.800000000000004,3.96
2019,3,4,15,0,42.69,3.81
2019,3,4,16,0,34.58,3.23
2019,3,4,17,0,54.25,2.59
2019,3,4,18,0,37.45,3.16
2019,3,4,19,0,48.29,3.3200000000000003
2019,3,4,20,0,55.910000000000004,3.56
2019,3,4,21,0,51.72,3.23
2019,3,4,22,0,39.08,3.67
2019,3,4,23,0,29.490000000000002,4.4
2019,3,5,0,0,32.52,4.03
2019,3,5,1,0,35.33,4.69
2019,3,5,2,0,39.37,3.86
2019,3,5,3,0,41.71,3.2800000000000002
2019,3,5,4,0,43.43,2.72
2019,3,5,5,0,44.03,2.75
2019,3,5,6,0,49.730000000000004,2.81
2019,3,5,7,0,42.25,2.9
2019,3,5,8,0,35.15,3.46
2019,3,5,9,0,38.84,4.28
2019,3,5,10,0,42.74,5.32
2019,3,5,11,0,40.39,6.44
2019,3,5,12,0,32.04,6.890000000000001
2019,3,5,13,0,29.54,6.65
2019,3,5,14,0,31.330000000000002,7.3
2019,3,5,15,0,30.19,7.51
2019,3,5,16,0,28.310000000000002,7.94
2019,3,5,17,0,23.150000000000002,7.32
2019,3,5,18,0,23.54,6.8
2019,3,5,19,0,29.89,8.05
2019,3,5,20,0,30.29,7.75
2019,3,5,21,0,25.05,8.31
2019,3,5,22,0,22.34,8.11
2019,3,5,23,0,19.17,7.640000000000001
2019,3,6,0,0,19.92,7.6000000000000005
2019,3,6,1,0,19.34,7.75
2019,3,6,2,0,21.73,7.1000000000000005
2019,3,6,3,0,23.96,6.63
2019,3,6,4,0,25.25,6.12
2019,3,6,5,0,26.900000000000002,5.57
2019,3,6,6,0,28.36,6.0200000000000005
2019,3,6,7,0,27.82,5.98
2019,3,6,8,0,34.21,5.71
2019,3,6,9,0,41.64,3.71
2019,3,6,10,0,22.68,5.58
2019,3,6,11,0,25.2,6.09
2019,3,6,12,0,19.42,5.36
2019,3,6,13,0,18.01,5.36
2019,3,6,14,0,23.81,5.74
2019,3,6,15,0,25.240000000000002,5.7
2019,3,6,16,0,16.64,5.76
2019,3,6,17,0,20.85,5.98
2019,3,6,18,0,17.830000000000002,5.68
2019,3,6,19,0,27.32,5.68
2019,3,6,20,0,33.43,4.92
2019,3,6,21,0,38.86,4.61
2019,3,6,22,0,40.64,4.16
2019,3,6,23,0,38.7,4.0200000000000005
2019,3,7,0,0,38.35,3.85
2019,3,7,1,0,30.54,4.17
2019,3,7,2,0,37.24,4.57
2019,3,7,3,0,37.94,3.5100000000000002
2019,3,7,4,0,32.87,3.21
2019,3,7,5,0,30.54,1.98
2019,3,7,6,0,57.68,1.17
2019,3,7,7,0,116.27,1.28
2019,3,7,8,0,163.59,1.53
2019,3,7,9,0,163.22,2.1
2019,3,7,10,0,183.05,3.52
2019,3,7,11,0,223.95000000000002,4.55
2019,3,7,12,0,209.28,3.65
2019,3,7,13,0,189.32,4.25
2019,3,7,14,0,191.17000000000002,4.07
2019,3,7,15,0,187.75,3.85
2019,3,7,16,0,165.76,3.09
2019,3,7,17,0,139.21,4.11
2019,3,7,18,0,141.22,4.42
2019,3,7,19,0,141.57,2.83
2019,3,7,20,0,108.71000000000001,2.15
2019,3,7,21,0,65.3,2.96
2019,3,7,22,0,77.19,4.08
2019,3,7,23,0,89.35000000000001,4.24
2019,3,8,0,0,101.4,6.140000000000001
2019,3,8,1,0,79.34,5.3500000000000005
2019,3,8,2,0,70.2,5.08
2019,3,8,3,0,47.83,7.640000000000001
2019,3,8,4,0,34.97,7.44
2019,3,8,5,0,31.27,7.75
2019,3,8,6,0,32.8,7.47
2019,3,8,7,0,33.03,7.51
2019,3,8,8,0,29.7,7.66
2019,3,8,9,0,35.04,5.75
2019,3,8,10,0,37.83,4.66
2019,3,8,11,0,30.85,5.3500000000000005
2019,3,8,12,0,75.58,4.66
2019,3,8,13,0,96.13,10.38
2019,3,8,14,0,92.28,9.950000000000001
2019,3,8,15,0,78.36,9.72
2019,3,8,16,0,60.15,10.61
2019,3,8,17,0,68.38,11.55
2019,3,8,18,0,85.7,11.98
2019,3,8,19,0,100.17,8.8
2019,3,8,20,0,98.08,10.36
2019,3,8,21,0,83.89,7.38
2019,3,8,22,0,77.24,8.47
2019,3,8,23,0,83.8,10.25
2019,3,9,0,0,83.03,9.700000000000001
2019,3,9,1,0,107.27,10.81
2019,3,9,2,0,108.60000000000001,12.13
2019,3,9,3,0,113.21000000000001,10.57
2019,3,9,4,0,126,12.23
2019,3,9,5,0,159.37,6.16
2019,3,9,6,0,134.17000000000002,4.8500000000000005
2019,3,9,7,0,172.42000000000002,7.69
2019,3,9,8,0,181.69,10.4
2019,3,9,9,0,179.64000000000001,10.94
2019,3,9,10,0,184.43,9.73
2019,3,9,11,0,181.4,7.82
2019,3,9,12,0,169.94,8.47
2019,3,9,13,0,160.53,7.86
2019,3,9,14,0,159.99,9.74
2019,3,9,15,0,150.84,11.33
2019,3,9,16,0,146.47,10.06
2019,3,9,17,0,140.5,9.19
2019,3,9,18,0,138.65,7.5600000000000005
2019,3,9,19,0,137.99,9.03
2019,3,9,20,0,91.99,6.55
2019,3,9,21,0,64.65,3.71
2019,3,9,22,0,105.61,6.67
2019,3,9,23,0,117.34,8.120000000000001
2019,3,10,0,0,101.23,6.98
2019,3,10,1,0,110.14,15.23
2019,3,10,2,0,108.2,23.8
2019,3,10,3,0,97.02,21.64
2019,3,10,4,0,96.5,19.46
2019,3,10,5,0,90.83,17.57
2019,3,10,6,0,102.72,22.26
2019,3,10,7,0,109.10000000000001,23.36
2019,3,10,8,0,115.08,15.42
2019,3,10,9,0,130.71,12.49
2019,3,10,10,0,162.37,8.75
2019,3,10,11,0,146.91,6.58
2019,3,10,12,0,134.22,7.26
2019,3,10,13,0,125.34,4.93
2019,3,10,14,0,106.04,5.67
2019,3,10,15,0,104.15,5.86
2019,3,10,16,0,105.4,7.22
2019,3,10,17,0,135.59,6.76
2019,3,10,18,0,166.71,7.96
2019,3,10,19,0,189,10.11
2019,3,10,20,0,188.88,11.02
2019,3,10,21,0,182.61,12.63
2019,3,10,22,0,178.69,11.540000000000001
2019,3,10,23,0,173.56,10.15
2019,3,11,0,0,165.62,10.49
2019,3,11,1,0,164.06,10.790000000000001
2019,3,11,2,0,172.38,10.48
2019,3,11,3,0,182.32,13.61
2019,3,11,4,0,182.36,14.21
2019,3,11,5,0,184.89000000000001,11.93
2019,3,11,6,0,184.3,13.02
2019,3,11,7,0,197.61,9.67
2019,3,11,8,0,149.09,8.03
2019,3,11,9,0,163.03,7.99
2019,3,11,10,0,156.44,7.8100000000000005
2019,3,11,11,0,165.54,8.15
2019,3,11,12,0,166.43,7.3
2019,3,11,13,0,172.51,6.68
2019,3,11,14,0,147,5.61
2019,3,11,15,0,120.02,5.75
2019,3,11,16,0,112.69,6.5200000000000005
2019,3,11,17,0,101.60000000000001,7.97
2019,3,11,18,0,111.31,7.29
2019,3,11,19,0,70.63,2.32
2019,3,11,20,0,16.830000000000002,3.56
2019,3,11,21,0,29.18,5.05
2019,3,11,22,0,24.92,5.37
2019,3,11,23,0,29.63,4.79
2019,3,12,0,0,29.02,3.41
2019,3,12,1,0,74.25,2.37
2019,3,12,2,0,159.24,2.54
2019,3,12,3,0,205.46,2.5500000000000003
2019,3,12,4,0,217.5,3.94
2019,3,12,5,0,207.82,4.46
2019,3,12,6,0,200.13,5.61
2019,3,12,7,0,216.87,10.14
2019,3,12,8,0,229.97,9.43
2019,3,12,9,0,221.66,9.27
2019,3,12,10,0,221.99,8.370000000000001
2019,3,12,11,0,228.89000000000001,7.32
2019,3,12,12,0,222.97,10.94
2019,3,12,13,0,219.14000000000001,11.73
2019,3,12,14,0,209.44,16.95
2019,3,12,15,0,207.70000000000002,18.1
2019,3,12,16,0,208.21,16.54
2019,3,12,17,0,196.04,10.65
2019,3,12,18,0,192.45000000000002,9.24
2019,3,12,19,0,196.38,7.65
2019,3,12,20,0,203.57,9.03
2019,3,12,21,0,190.09,10.34
2019,3,12,22,0,188.05,14.46
2019,3,12,23,0,191.86,14.450000000000001
2019,3,13,0,0,204.49,11.73
2019,3,13,1,0,189.96,11.56
2019,3,13,2,0,178.95000000000002,10.44
2019,3,13,3,0,174.29,9.34
2019,3,13,4,0,137.94,6.67
2019,3,13,5,0,140.51,7
2019,3,13,6,0,131.66,5.37
2019,3,13,7,0,106.92,7.54
2019,3,13,8,0,112.64,5.08
2019,3,13,9,0,50.76,7.140000000000001
2019,3,13,10,0,82.58,5.8500000000000005
2019,3,13,11,0,70.41,6.0600000000000005
2019,3,13,12,0,101.08,12.780000000000001
2019,3,13,13,0,71.89,11.51
2019,3,13,14,0,72.42,11.200000000000001
2019,3,13,15,0,71.85000000000001,11.39
2019,3,13,16,0,57.28,12.11
2019,3,13,17,0,60.15,12.81
2019,3,13,18,0,57.02,14.5
2019,3,13,19,0,54.76,16.3
2019,3,13,20,0,50.15,18.48
2019,3,13,21,0,46.54,21.68
2019,3,13,22,0,46.34,22.22
2019,3,13,23,0,36.35,22.150000000000002
2019,3,14,0,0,34.89,23.42
2019,3,14,1,0,45.87,21.740000000000002
2019,3,14,2,0,49.550000000000004,18.900000000000002
2019,3,14,3,0,39.800000000000004,17.28
2019,3,14,4,0,51.64,14.950000000000001
2019,3,14,5,0,41.24,20.56
2019,3,14,6,0,44.67,20.3
2019,3,14,7,0,50.1,22.03
2019,3,14,8,0,66.06,22.06
2019,3,14,9,0,78.27,16.6
2019,3,14,10,0,100.23,18.36
2019,3,14,11,0,106.77,19.44
2019,3,14,12,0,111.11,18.48
2019,3,14,13,0,112.93,17.72
2019,3,14,14,0,109.15,17.900000000000002
2019,3,14,15,0,109.75,17.31
2019,3,14,16,0,124.85000000000001,13
2019,3,14,17,0,134.93,13.52
2019,3,14,18,0,161.43,12.66
2019,3,14,19,0,170.5,9.48
2019,3,14,20,0,180.87,9.71
2019,3,14,21,0,193.23000000000002,8.44
2019,3,14,22,0,180.9,8.3
2019,3,14,23,0,202.29,10.07
2019,3,15,0,0,181.07,12.780000000000001
2019,3,15,1,0,178.77,12.56
2019,3,15,2,0,185.48,14.58
2019,3,15,3,0,193.5,14.19
2019,3,15,4,0,175.52,11.27
2019,3,15,5,0,183.09,13.32
2019,3,15,6,0,170.02,13.36
2019,3,15,7,0,171.03,9.450000000000001
2019,3,15,8,0,192.32,10.68
2019,3,15,9,0,184.86,11.32
2019,3,15,10,0,180.98,6.38
2019,3,15,11,0,151.24,5.04
2019,3,15,12,0,103.74000000000001,2.69
2019,3,15,13,0,54.25,6.05
2019,3,15,14,0,14.18,8.84
2019,3,15,15,0,8.21,12.14
2019,3,15,16,0,4.55,12.59
2019,3,15,17,0,23.03,13.25
2019,3,15,18,0,36.14,15.19
2019,3,15,19,0,22.61,15.76
2019,3,15,20,0,20.22,15.77
2019,3,15,21,0,23.34,15.18
2019,3,15,22,0,36.63,15.75
2019,3,15,23,0,41.12,15.16
2019,3,16,0,0,54.15,10.25
2019,3,16,1,0,76.79,9.19
2019,3,16,2,0,58.21,8.84
2019,3,16,3,0,92.47,10.19
2019,3,16,4,0,56.75,9.43
2019,3,16,5,0,67.81,10.14
2019,3,16,6,0,67.14,8.19
2019,3,16,7,0,54.910000000000004,7.44
2019,3,16,8,0,50.26,7.5
2019,3,16,9,0,60.65,6.5600000000000005
2019,3,16,10,0,71.75,6.76
2019,3,16,11,0,41.56,7.6000000000000005
2019,3,16,12,0,64.28,12.38
2019,3,16,13,0,63.82,14.57
2019,3,16,14,0,68.46000000000001,14.15
2019,3,16,15,0,58.34,13.73
2019,3,16,16,0,47.53,13.22
2019,3,16,17,0,38.44,14.48
2019,3,16,18,0,37.6,13.75
2019,3,16,19,0,35.1,15.450000000000001
2019,3,16,20,0,47.2,14.3
2019,3,16,21,0,44.5,12.93
2019,3,16,22,0,51.63,12.97
2019,3,16,23,0,61.82,8.42
2019,3,17,0,0,130.7,5.63
2019,3,17,1,0,138.4,8.540000000000001
2019,3,17,2,0,151.8,13.67
2019,3,17,3,0,144,14.700000000000001
2019,3,17,4,0,140.39000000000001,14.41
2019,3,17,5,0,154.1,14.51
2019,3,17,6,0,152.19,15.24
2019,3,17,7,0,168.79,17.35
2019,3,17,8,0,171.16,16.39
2019,3,17,9,0,179.48,11.040000000000001
2019,3,17,10,0,168.93,10.72
2019,3,17,11,0,174.82,9.450000000000001
2019,3,17,12,0,164.6,5.23
2019,3,17,13,0,135.47,4.7
2019,3,17,14,0,155.67000000000002,4.78
2019,3,17,15,0,31.2,4.97
2019,3,17,16,0,30.2,6.46
2019,3,17,17,0,25,9.040000000000001
2019,3,17,18,0,54.83,10.950000000000001
2019,3,17,19,0,95.92,14.48
2019,3,17,20,0,78.47,9.6
2019,3,17,21,0,59.85,9.97
2019,3,17,22,0,65.02,11.09
2019,3,17,23,0,58.910000000000004,14.42
2019,3,18,0,0,58.13,18.2
2019,3,18,1,0,34.89,11.03
2019,3,18,2,0,86.4,8.18
2019,3,18,3,0,186.02,8.47
2019,3,18,4,0,172.19,8.84
2019,3,18,5,0,127.59,9.42
2019,3,18,6,0,123.29,9.16
2019,3,18,7,0,115.67,9.64
2019,3,18,8,0,117.25,13.030000000000001
2019,3,18,9,0,120.14,12.61
2019,3,18,10,0,249.07,2.8000000000000003
2019,3,18,11,0,253.03,1.32
2019,3,18,12,0,310.86,2.57
2019,3,18,13,0,226.32,0.78
2019,3,18,14,0,149.83,6.5
2019,3,18,15,0,191.67000000000002,11.18
2019,3,18,16,0,188.24,12.8
2019,3,18,17,0,177.78,11.72
2019,3,18,18,0,178.5,12.13
2019,3,18,19,0,185.08,11.88
2019,3,18,20,0,185.06,13.030000000000001
2019,3,18,21,0,182.89000000000001,13.58
2019,3,18,22,0,186.26,12.24
2019,3,18,23,0,189.27,13.85
2019,3,19,0,0,197.55,12.68
2019,3,19,1,0,197.92000000000002,9.03
2019,3,19,2,0,200.75,8.99
2019,3,19,3,0,263.5,7.86
2019,3,19,4,0,337.3,4.05
2019,3,19,5,0,13.27,5.3
2019,3,19,6,0,346.35,8.16
2019,3,19,7,0,351.42,8.73
2019,3,19,8,0,359.99,7.54
2019,3,19,9,0,359.29,8.98
2019,3,19,10,0,11.84,10.08
2019,3,19,11,0,18.38,8.77
2019,3,19,12,0,39.300000000000004,7.68
2019,3,19,13,0,61.74,8.620000000000001
2019,3,19,14,0,53.35,9.5
2019,3,19,15,0,43.94,8.66
2019,3,19,16,0,31.71,6.48
2019,3,19,17,0,3.81,4.46
2019,3,19,18,0,12.55,5.65
2019,3,19,19,0,25.25,5.4
2019,3,19,20,0,31.67,5.45
2019,3,19,21,0,20.13,7.94
2019,3,19,22,0,20,8.33
2019,3,19,23,0,21.150000000000002,10.07
2019,3,20,0,0,19.85,10.9
2019,3,20,1,0,16.64,11.66
2019,3,20,2,0,17.47,11.48
2019,3,20,3,0,20.48,11.17
2019,3,20,4,0,17.78,11.39
2019,3,20,5,0,16.68,12.43
2019,3,20,6,0,15.540000000000001,12.370000000000001
2019,3,20,7,0,15.13,12.71
2019,3,20,8,0,15.790000000000001,13.19
2019,3,20,9,0,16.68,14.05
2019,3,20,10,0,31.98,15.290000000000001
2019,3,20,11,0,18.01,16.34
2019,3,20,12,0,11.48,18.76
2019,3,20,13,0,5.86,19.32
2019,3,20,14,0,9.31,19.52
2019,3,20,15,0,12.05,20.09
2019,3,20,16,0,17.17,20.64
2019,3,20,17,0,27.7,21.11
2019,3,20,18,0,34.64,21.72
2019,3,20,19,0,52.86,19.93
2019,3,20,20,0,60.02,18.01
2019,3,20,21,0,51.89,16.21
2019,3,20,22,0,54.51,16.5
2019,3,20,23,0,45.58,16.21
2019,3,21,0,0,41.46,15.34
2019,3,21,1,0,52.81,13.93
2019,3,21,2,0,92.13,9.48
2019,3,21,3,0,86.26,6.0200000000000005
2019,3,21,4,0,110.97,5.4
2019,3,21,5,0,115.45,6.0200000000000005
2019,3,21,6,0,146.26,3.61
2019,3,21,7,0,149.42000000000002,3.4
2019,3,21,8,0,154.1,3.35
2019,3,21,9,0,133.11,1.45
2019,3,21,10,0,44.22,2.07
2019,3,21,11,0,126.65,2.5
2019,3,21,12,0,119.79,5.3500000000000005
2019,3,21,13,0,169.84,10.73
2019,3,21,14,0,181.8,4.2700000000000005
2019,3,21,15,0,60.9,2.2600000000000002
2019,3,21,16,0,86.34,9.08
2019,3,21,17,0,65.54,11.58
2019,3,21,18,0,84.59,10.88
2019,3,21,19,0,66.41,10.84
2019,3,21,20,0,80.33,10.75
2019,3,21,21,0,88.51,12.700000000000001
2019,3,21,22,0,57.94,11.43
2019,3,21,23,0,54.76,13.5
2019,3,22,0,0,49.67,17.18
2019,3,22,1,0,50.99,17.6
2019,3,22,2,0,55.64,21.44
2019,3,22,3,0,49.58,21.3
2019,3,22,4,0,41.21,20.400000000000002
2019,3,22,5,0,50.7,20.03
2019,3,22,6,0,41.94,18.68
2019,3,22,7,0,48.63,18.89
2019,3,22,8,0,51.54,19.12
2019,3,22,9,0,54.980000000000004,17.62
2019,3,22,10,0,70.63,16.19
2019,3,22,11,0,68.64,19.2
2019,3,22,12,0,77.25,13.76
2019,3,22,13,0,78.18,10.540000000000001
2019,3,22,14,0,84.32000000000001,10.35
2019,3,22,15,0,91.18,8.88
2019,3,22,16,0,88.49,9.93
2019,3,22,17,0,82.89,10.85
2019,3,22,18,0,96.44,14.81
2019,3,22,19,0,72.98,10.03
2019,3,22,20,0,62.83,12.22
2019,3,22,21,0,66.28,11.46
2019,3,22,22,0,60.94,10.59
2019,3,22,23,0,51.82,9.51
2019,3,23,0,0,64.37,9.55
2019,3,23,1,0,56.4,10.53
2019,3,23,2,0,48.71,11.18
2019,3,23,3,0,58.27,11.36
2019,3,23,4,0,65.45,14.69
2019,3,23,5,0,50.01,16.080000000000002
2019,3,23,6,0,49.29,13.55
2019,3,23,7,0,42.56,12.26
2019,3,23,8,0,39.800000000000004,8.040000000000001
2019,3,23,9,0,42.33,6.09
2019,3,23,10,0,39.58,4.46
2019,3,23,11,0,42.89,2.7600000000000002
2019,3,23,12,0,38.910000000000004,1.9000000000000001
2019,3,23,13,0,34.38,2.07
2019,3,23,14,0,55.74,1.68
2019,3,23,15,0,29.7,3.12
2019,3,23,16,0,24.53,2.97
2019,3,23,17,0,96.25,3.24
2019,3,23,18,0,186.39000000000001,3.4
2019,3,23,19,0,201.99,4.46
2019,3,23,20,0,200.24,5.8500000000000005
2019,3,23,21,0,205.87,7.3100000000000005
2019,3,23,22,0,216.20000000000002,5.94
2019,3,23,23,0,211.08,4.61
2019,3,24,0,0,199.07,5.58
2019,3,24,1,0,187.81,5.2700000000000005
2019,3,24,2,0,196.55,4.17
2019,3,24,3,0,207.91,4.83
2019,3,24,4,0,196.02,3.17
2019,3,24,5,0,178.82,2.47
2019,3,24,6,0,149.54,1.05
2019,3,24,7,0,159.64000000000001,0.6
2019,3,24,8,0,129.72,0.91
2019,3,24,9,0,97.44,1.67
2019,3,24,10,0,80.88,1.3800000000000001
2019,3,24,11,0,79.06,1.22
2019,3,24,12,0,48.550000000000004,2.33
2019,3,24,13,0,63.58,3.61
2019,3,24,14,0,51.370000000000005,3.5300000000000002
2019,3,24,15,0,40.61,4.54
2019,3,24,16,0,53.77,5.23
2019,3,24,17,0,46.53,3.42
2019,3,24,18,0,28.63,4.79
2019,3,24,19,0,33.09,3.79
2019,3,24,20,0,7.91,3.71
2019,3,24,21,0,1.33,4.86
2019,3,24,22,0,6.01,8.53
2019,3,24,23,0,15.36,5.23
2019,3,25,0,0,334.75,2.64
2019,3,25,1,0,252.31,2.0100000000000002
2019,3,25,2,0,186.99,3.61
2019,3,25,3,0,186.15,7.7700000000000005
2019,3,25,4,0,210.75,10.21
2019,3,25,5,0,204.26,10.83
2019,3,25,6,0,201.09,11.24
2019,3,25,7,0,200.92000000000002,11.85
2019,3,25,8,0,201.65,12.09
2019,3,25,9,0,204.84,12.96
2019,3,25,10,0,201.56,13.21
2019,3,25,11,0,201.18,12.77
2019,3,25,12,0,205.8,12.42
2019,3,25,13,0,204.87,12.56
2019,3,25,14,0,212.75,12.14
2019,3,25,15,0,214.5,12.3
2019,3,25,16,0,214.74,11.26
2019,3,25,17,0,206.72,10.23
2019,3,25,18,0,205.97,10.83
2019,3,25,19,0,205.96,11.65
2019,3,25,20,0,205.46,12.63
2019,3,25,21,0,209.70000000000002,12.200000000000001
2019,3,25,22,0,211.27,11.88
2019,3,25,23,0,210.14000000000001,12.27
2019,3,26,0,0,209.18,11.74
2019,3,26,1,0,209.61,12.17
2019,3,26,2,0,208.39000000000001,10.85
2019,3,26,3,0,208.99,11.21
2019,3,26,4,0,206.39000000000001,12.1
2019,3,26,5,0,199.51,10.98
2019,3,26,6,0,194.79,10.16
2019,3,26,7,0,197.24,8.78
2019,3,26,8,0,210.76,7
2019,3,26,9,0,196.46,8.42
2019,3,26,10,0,202.09,7.59
2019,3,26,11,0,194.34,6.29
2019,3,26,12,0,194.24,5.21
2019,3,26,13,0,189.54,5.04
2019,3,26,14,0,200.62,3.39
2019,3,26,15,0,196.68,1.86
2019,3,26,16,0,83.83,0.67
2019,3,26,17,0,42.56,1.45
2019,3,26,18,0,36.99,2.2
2019,3,26,19,0,30.98,4
2019,3,26,20,0,37.28,4.21
2019,3,26,21,0,36.550000000000004,3.13
2019,3,26,22,0,25.400000000000002,2.35
2019,3,26,23,0,27.46,1.93
2019,3,27,0,0,18.04,1.33
2019,3,27,1,0,345.56,1.03
2019,3,27,2,0,309.34000000000003,1.51
2019,3,27,3,0,319.26,0.71
2019,3,27,4,0,263.14,1.43
2019,3,27,5,0,263.15,1.26
2019,3,27,6,0,264.51,1.41
2019,3,27,7,0,252.34,0.91
2019,3,27,8,0,283.2,0.85
2019,3,27,9,0,218.6,0.66
2019,3,27,10,0,227.46,0.5700000000000001
2019,3,27,11,0,272.62,0.56
2019,3,27,12,0,337.99,0.84
2019,3,27,13,0,28.310000000000002,0.88
2019,3,27,14,0,350.43,1.97
2019,3,27,15,0,19.96,2.89
2019,3,27,16,0,25.75,3.43
2019,3,27,17,0,25.68,3.75
2019,3,27,18,0,36.9,3.2600000000000002
2019,3,27,19,0,47.94,3.98
2019,3,27,20,0,44.76,4.42
2019,3,27,21,0,48.25,5.54
2019,3,27,22,0,48.89,5.83
2019,3,27,23,0,44.89,6.51
2019,3,28,0,0,47.17,7.83
2019,3,28,1,0,41.03,7.930000000000001
2019,3,28,2,0,42.730000000000004,8.19
2019,3,28,3,0,43.28,7.23
2019,3,28,4,0,40.77,7.17
2019,3,28,5,0,32.89,6.8
2019,3,28,6,0,35.26,6.93
2019,3,28,7,0,39.93,6.93
2019,3,28,8,0,33.52,6.05
2019,3,28,9,0,29.7,4.97
2019,3,28,10,0,28.32,4.83
2019,3,28,11,0,22.79,4.84
2019,3,28,12,0,28.66,4.69
2019,3,28,13,0,29.44,5.29
2019,3,28,14,0,23.12,4.04
2019,3,28,15,0,20.78,3.7
2019,3,28,16,0,16.63,2.5300000000000002
2019,3,28,17,0,28.43,1.3800000000000001
2019,3,28,18,0,51.59,0.73
2019,3,28,19,0,176.73,0.71
2019,3,28,20,0,252.92000000000002,1.35
2019,3,28,21,0,242.43,2.65
2019,3,28,22,0,226.75,3.63
2019,3,28,23,0,191.78,4.73
2019,3,29,0,0,191.22,7.43
2019,3,29,1,0,187.94,8.01
2019,3,29,2,0,196.64000000000001,8.68
2019,3,29,3,0,200.54,9.8
2019,3,29,4,0,210.26,6.67
2019,3,29,5,0,208.84,4.97
2019,3,29,6,0,183.93,2.77
2019,3,29,7,0,178.71,2.95
2019,3,29,8,0,9.32,0.51
2019,3,29,9,0,23.59,2.72
2019,3,29,10,0,30.13,2.06
2019,3,29,11,0,44.29,2.2600000000000002
2019,3,29,12,0,32.61,2.11
2019,3,29,13,0,18.61,3.15
2019,3,29,14,0,22.36,5.12
2019,3,29,15,0,37.410000000000004,5.07
2019,3,29,16,0,43.81,5.8500000000000005
2019,3,29,17,0,41.12,7.29
2019,3,29,18,0,47.14,7.23
2019,3,29,19,0,46.46,7
2019,3,29,20,0,48.43,5.8500000000000005
2019,3,29,21,0,49.44,4.45
2019,3,29,22,0,41.24,3.5
2019,3,29,23,0,15.700000000000001,2.95
2019,3,30,0,0,353.88,2.46
2019,3,30,1,0,3.7600000000000002,2.16
2019,3,30,2,0,6.42,2.52
2019,3,30,3,0,21.31,3.14
2019,3,30,4,0,12.790000000000001,3.23
2019,3,30,5,0,17.12,3.02
2019,3,30,6,0,11.28,3.0700000000000003
2019,3,30,7,0,3.43,2.31
2019,3,30,8,0,6.17,4.36
2019,3,30,9,0,43.95,3.52
2019,3,30,10,0,31.7,3.2
2019,3,30,11,0,9.6,2.94
2019,3,30,12,0,40.56,2.9
2019,3,30,13,0,43.81,3.5300000000000002
2019,3,30,14,0,38.410000000000004,3.74
2019,3,30,15,0,36.71,3.45
2019,3,30,16,0,49.32,3.66
2019,3,30,17,0,42.62,2.66
2019,3,30,18,0,37.75,3.96
2019,3,30,19,0,34.26,3.7800000000000002
2019,3,30,20,0,25.77,3.89
2019,3,30,21,0,21.740000000000002,3.5
2019,3,30,22,0,25.080000000000002,3.08
2019,3,30,23,0,33.22,3.73
2019,3,31,0,0,32.730000000000004,3.09
2019,3,31,1,0,25.36,2.5100000000000002
2019,3,31,2,0,19.2,1.78
2019,3,31,3,0,18.02,1.93
2019,3,31,4,0,6.74,1.69
2019,3,31,5,0,8.33,1.17
2019,3,31,6,0,4.64,1.08
2019,3,31,7,0,340.01,1.22
2019,3,31,8,0,42.95,0.63
2019,3,31,9,0,36.33,0.72
2019,3,31,10,0,110.51,0.92
2019,3,31,11,0,169.98,0.65
2019,3,31,12,0,251.53,0.8200000000000001
2019,3,31,13,0,327.92,0.25
2019,3,31,14,0,71.96000000000001,0.19
2019,3,31,15,0,10.36,1.93
2019,3,31,16,0,35.57,3.04
2019,3,31,17,0,55.26,2.86
2019,3,31,18,0,47.910000000000004,2.0300000000000002
2019,3,31,19,0,35.29,2.06
2019,3,31,20,0,42.12,2.89
2019,3,31,21,0,41.27,4.23
2019,3,31,22,0,56.89,4.55
2019,3,31,23,0,38.62,3.59
2019,4,1,0,0,29.5,3.41
2019,4,1,1,0,37.1,3.4
2019,4,1,2,0,36.14,3.56
2019,4,1,3,0,45.18,3.16
2019,4,1,4,0,55.730000000000004,3.36
2019,4,1,5,0,50.57,1.43
2019,4,1,6,0,227.4,0.93
2019,4,1,7,0,228.51,1.76
2019,4,1,8,0,216.67000000000002,2.7
2019,4,1,9,0,194.28,2.54
2019,4,1,10,0,142.96,1.67
2019,4,1,11,0,104.62,1.3900000000000001
2019,4,1,12,0,200.56,1.1300000000000001
2019,4,1,13,0,253.65,1.11
2019,4,1,14,0,13.67,0.51
2019,4,1,15,0,31.27,1.49
2019,4,1,16,0,26.740000000000002,3.1
2019,4,1,17,0,42.43,3.06
2019,4,1,18,0,64.95,3.0500000000000003
2019,4,1,19,0,55.89,3.0700000000000003
2019,4,1,20,0,62.660000000000004,2.57
2019,4,1,21,0,68.67,2.23
2019,4,1,22,0,56.2,2.16
2019,4,1,23,0,24.64,1.72
2019,4,2,0,0,36.97,2.61
2019,4,2,1,0,8.32,1.16
2019,4,2,2,0,22.37,0.8300000000000001
2019,4,2,3,0,62.980000000000004,0.7000000000000001
2019,4,2,4,0,37.45,0.71
2019,4,2,5,0,26.64,1.1500000000000001
2019,4,2,6,0,51.24,0.91
2019,4,2,7,0,48.730000000000004,0.7000000000000001
2019,4,2,8,0,35.34,0.71
2019,4,2,9,0,62.160000000000004,0.64
2019,4,2,10,0,78.83,0.38
2019,4,2,11,0,71.5,0.38
2019,4,2,12,0,36.51,0.58
2019,4,2,13,0,18.92,1.1500000000000001
2019,4,2,14,0,38.72,1.07
2019,4,2,15,0,37.49,1.3800000000000001
2019,4,2,16,0,44.83,1.37
2019,4,2,17,0,34.37,1.31
2019,4,2,18,0,47.17,1.73
2019,4,2,19,0,42.910000000000004,2.27
2019,4,2,20,0,40.25,1.95
2019,4,2,21,0,31.13,1.61
2019,4,2,22,0,26.13,1.46
2019,4,2,23,0,351.86,1.56
2019,4,3,0,0,318.72,1.43
2019,4,3,1,0,293.61,1.3
2019,4,3,2,0,308.34000000000003,1.17
2019,4,3,3,0,346.98,1.56
2019,4,3,4,0,326.33,1.81
2019,4,3,5,0,297.78000000000003,1.96
2019,4,3,6,0,320.42,1.25
2019,4,3,7,0,348.56,1.09
2019,4,3,8,0,0.61,1.1400000000000001
2019,4,3,9,0,28.35,2.71
2019,4,3,10,0,11.85,3.56
2019,4,3,11,0,6.640000000000001,5.38
2019,4,3,12,0,21.080000000000002,8.9
2019,4,3,13,0,30.35,8.94
2019,4,3,14,0,27.09,9.85
2019,4,3,15,0,24.75,10.05
2019,4,3,16,0,20.61,11.03
2019,4,3,17,0,17.36,11.51
2019,4,3,18,0,19.78,13.22
2019,4,3,19,0,20.07,11.61
2019,4,3,20,0,28.95,12.59
2019,4,3,21,0,33.21,14.3
2019,4,3,22,0,31.61,12.81
2019,4,3,23,0,22.61,10.67
2019,4,4,0,0,28.14,12.33
2019,4,4,1,0,25.580000000000002,11.49
2019,4,4,2,0,23.98,11.19
2019,4,4,3,0,24.650000000000002,16.28
2019,4,4,4,0,20.68,14.52
2019,4,4,5,0,21.580000000000002,17.580000000000002
2019,4,4,6,0,20.87,16.09
2019,4,4,7,0,19.94,17.900000000000002
2019,4,4,8,0,16.17,20.25
2019,4,4,9,0,17.73,19.98
2019,4,4,10,0,17.26,18.84
2019,4,4,11,0,18.55,18.21
2019,4,4,12,0,23.2,18.02
2019,4,4,13,0,18.3,16.76
2019,4,4,14,0,21.41,15.120000000000001
2019,4,4,15,0,25.09,13.68
2019,4,4,16,0,22.6,12.58
2019,4,4,17,0,21.22,11.72
2019,4,4,18,0,22.03,11.200000000000001
2019,4,4,19,0,24.740000000000002,10.07
2019,4,4,20,0,31.75,8.4
2019,4,4,21,0,35.01,8.07
2019,4,4,22,0,28.990000000000002,7.65
2019,4,4,23,0,25.62,7.5600000000000005
2019,4,5,0,0,26.900000000000002,7.94
2019,4,5,1,0,38.52,8.11
2019,4,5,2,0,31.63,7.3100000000000005
2019,4,5,3,0,32.93,7.3500000000000005
2019,4,5,4,0,35.01,7.43
2019,4,5,5,0,32.33,7.87
2019,4,5,6,0,21.41,8.790000000000001
2019,4,5,7,0,24.2,8.91
2019,4,5,8,0,22.97,9.14
2019,4,5,9,0,23.32,9.1
2019,4,5,10,0,22.71,9.51
2019,4,5,11,0,24.86,8.99
2019,4,5,12,0,27.05,10.24
2019,4,5,13,0,24.150000000000002,10.35
2019,4,5,14,0,19.18,10.15
2019,4,5,15,0,21.04,9.96
2019,4,5,16,0,16.29,9.84
2019,4,5,17,0,16.2,10.52
2019,4,5,18,0,16.61,10.92
2019,4,5,19,0,22.56,12.27
2019,4,5,20,0,22.67,13.35
2019,4,5,21,0,27.13,12.17
2019,4,5,22,0,26.82,13.21
2019,4,5,23,0,30.82,13.77
2019,4,6,0,0,22.16,13.39
2019,4,6,1,0,14.99,14.22
2019,4,6,2,0,17.400000000000002,15.02
2019,4,6,3,0,19.09,14.43
2019,4,6,4,0,17.16,14.450000000000001
2019,4,6,5,0,12.65,13.89
2019,4,6,6,0,15.11,14.67
2019,4,6,7,0,16.94,14.950000000000001
2019,4,6,8,0,14.83,14.93
2019,4,6,9,0,11.76,14.780000000000001
2019,4,6,10,0,13.58,14.36
2019,4,6,11,0,16.88,14.21
2019,4,6,12,0,22.82,15.120000000000001
2019,4,6,13,0,31.580000000000002,16.1
2019,4,6,14,0,29.85,16.17
2019,4,6,15,0,25.84,15.81
2019,4,6,16,0,26.05,16.19
2019,4,6,17,0,25.68,16.17
2019,4,6,18,0,32.27,16.52
2019,4,6,19,0,36.07,16.48
2019,4,6,20,0,38.22,15.74
2019,4,6,21,0,40.96,15.81
2019,4,6,22,0,48.870000000000005,15.49
2019,4,6,23,0,86.85000000000001,8.89
2019,4,7,0,0,99.44,6.54
2019,4,7,1,0,59.26,6.8100000000000005
2019,4,7,2,0,51.92,10.46
2019,4,7,3,0,62.78,13.1
2019,4,7,4,0,62.34,16.02
2019,4,7,5,0,59.36,16.32
2019,4,7,6,0,58,13.94
2019,4,7,7,0,59.49,13.33
2019,4,7,8,0,50.24,13.85
2019,4,7,9,0,55.31,13.57
2019,4,7,10,0,56.27,13.21
2019,4,7,11,0,50.74,12.63
2019,4,7,12,0,37.4,12.09
2019,4,7,13,0,31.080000000000002,12.89
2019,4,7,14,0,25.6,12.59
2019,4,7,15,0,24.23,12.35
2019,4,7,16,0,33.3,11.09
2019,4,7,17,0,37.88,8.42
2019,4,7,18,0,39.52,9.14
2019,4,7,19,0,36.36,9.51
2019,4,7,20,0,36.69,9.96
2019,4,7,21,0,35.230000000000004,10.34
2019,4,7,22,0,45.09,10.69
2019,4,7,23,0,48.59,9.89
2019,4,8,0,0,39.43,8.67
2019,4,8,1,0,35.51,9.34
2019,4,8,2,0,34.64,9.38
2019,4,8,3,0,33.01,8.790000000000001
2019,4,8,4,0,32.1,7.83
2019,4,8,5,0,38.96,7.22
2019,4,8,6,0,38.800000000000004,5.26
2019,4,8,7,0,40.29,4.72
2019,4,8,8,0,34.79,7.04
2019,4,8,9,0,32.480000000000004,8.42
2019,4,8,10,0,53.660000000000004,8.26
2019,4,8,11,0,33.660000000000004,7.91
2019,4,8,12,0,26.62,7.7
2019,4,8,13,0,34.88,8.540000000000001
2019,4,8,14,0,33.79,8.16
2019,4,8,15,0,34.86,8.69
2019,4,8,16,0,39.51,7.72
2019,4,8,17,0,39.65,6.92
2019,4,8,18,0,34.63,6.07
2019,4,8,19,0,38.480000000000004,7.07
2019,4,8,20,0,39.78,7.3100000000000005
2019,4,8,21,0,39.27,7.36
2019,4,8,22,0,40.67,7.34
2019,4,8,23,0,31.03,7.15
2019,4,9,0,0,31.46,7.54
2019,4,9,1,0,32.54,7.86
2019,4,9,2,0,29.42,8.76
2019,4,9,3,0,28.650000000000002,10.35
2019,4,9,4,0,27.63,10.05
2019,4,9,5,0,33.4,9.43
2019,4,9,6,0,67.18,5.39
2019,4,9,7,0,76.24,9.19
2019,4,9,8,0,83.42,4.65
2019,4,9,9,0,88.65,10.68
2019,4,9,10,0,60.800000000000004,9.38
2019,4,9,11,0,67.53,7.84
2019,4,9,12,0,65.96000000000001,6.47
2019,4,9,13,0,106.92,2.4
2019,4,9,14,0,178.20000000000002,9.05
2019,4,9,15,0,184.67000000000002,10.14
2019,4,9,16,0,197.08,7.38
2019,4,9,17,0,214.45000000000002,1.92
2019,4,9,18,0,91.68,3.43
2019,4,9,19,0,68.42,2.5300000000000002
2019,4,9,20,0,43.06,4.21
2019,4,9,21,0,28.04,5.09
2019,4,9,22,0,23.54,3.86
2019,4,9,23,0,26.830000000000002,3.46
2019,4,10,0,0,9.99,2.87
2019,4,10,1,0,6.8,3.42
2019,4,10,2,0,29.92,3.37
2019,4,10,3,0,30.580000000000002,3.17
2019,4,10,4,0,19.43,3.5
2019,4,10,5,0,11.51,4.07
2019,4,10,6,0,15.42,5.53
2019,4,10,7,0,21.150000000000002,5.99
2019,4,10,8,0,26.79,6.08
2019,4,10,9,0,45.81,6.07
2019,4,10,10,0,43.980000000000004,6.59
2019,4,10,11,0,43.94,6.26
2019,4,10,12,0,48.11,5.86
2019,4,10,13,0,45.410000000000004,6.28
2019,4,10,14,0,33.96,5.97
2019,4,10,15,0,33.54,6.05
2019,4,10,16,0,29.59,6
2019,4,10,17,0,21.23,7.24
2019,4,10,18,0,26.69,8.15
2019,4,10,19,0,31.470000000000002,10.61
2019,4,10,20,0,31.79,10.68
2019,4,10,21,0,32.78,11.68
2019,4,10,22,0,30.42,12.67
2019,4,10,23,0,27.93,11.91
2019,4,11,0,0,22.650000000000002,12.11
2019,4,11,1,0,18.23,12.450000000000001
2019,4,11,2,0,18.23,12.66
2019,4,11,3,0,20.8,12.63
2019,4,11,4,0,35.910000000000004,15.46
2019,4,11,5,0,44.88,16.14
2019,4,11,6,0,51.53,15.42
2019,4,11,7,0,58.18,15.51
2019,4,11,8,0,59.99,13.96
2019,4,11,9,0,50.04,13.76
2019,4,11,10,0,46.99,14.11
2019,4,11,11,0,60.92,15.58
2019,4,11,12,0,72.06,14.76
2019,4,11,13,0,52.44,16.06
2019,4,11,14,0,57.88,17.31
2019,4,11,15,0,53.4,17.38
2019,4,11,16,0,46.51,18.330000000000002
2019,4,11,17,0,45.39,17.23
2019,4,11,18,0,46.63,18.39
2019,4,11,19,0,47.910000000000004,18.25
2019,4,11,20,0,43.79,20.3
2019,4,11,21,0,50.25,18.59
2019,4,11,22,0,51.76,19.1
2019,4,11,23,0,54.89,21.13
2019,4,12,0,0,50.17,19.1
2019,4,12,1,0,58.97,12.780000000000001
2019,4,12,2,0,58.59,14.200000000000001
2019,4,12,3,0,68.71000000000001,10.36
2019,4,12,4,0,85.53,12.34
2019,4,12,5,0,64.46000000000001,12.73
2019,4,12,6,0,68.57000000000001,12.38
2019,4,12,7,0,52.49,16.86
2019,4,12,8,0,60.11,14.790000000000001
2019,4,12,9,0,87.87,11.08
2019,4,12,10,0,147.84,8.32
2019,4,12,11,0,141.84,7.38
2019,4,12,12,0,155.25,10.35
2019,4,12,13,0,151.74,12.38
2019,4,12,14,0,153.75,14.65
2019,4,12,15,0,155.81,14.620000000000001
2019,4,12,16,0,161.98,14.15
2019,4,12,17,0,164.65,13.75
2019,4,12,18,0,165.46,11.55
2019,4,12,19,0,155.9,9.23
2019,4,12,20,0,151.70000000000002,9.450000000000001
2019,4,12,21,0,150.42000000000002,7
2019,4,12,22,0,135.61,4.8500000000000005
2019,4,12,23,0,135.23,5.61
2019,4,13,0,0,141.32,5.08
2019,4,13,1,0,162.75,6.05
2019,4,13,2,0,171.28,6.0200000000000005
2019,4,13,3,0,170.42000000000002,6.88
2019,4,13,4,0,161.19,8.38
2019,4,13,5,0,165.18,7.8
2019,4,13,6,0,148.34,6.4
2019,4,13,7,0,116.89,6.34
2019,4,13,8,0,137.16,4.54
2019,4,13,9,0,139.43,3.54
2019,4,13,10,0,83.51,2.25
2019,4,13,11,0,8.21,3.88
2019,4,13,12,0,16.41,5.26
2019,4,13,13,0,20.85,5.61
2019,4,13,14,0,29.13,6.49
2019,4,13,15,0,36.51,6.48
2019,4,13,16,0,44.18,7.6000000000000005
2019,4,13,17,0,45.64,7.98
2019,4,13,18,0,40.76,10.38
2019,4,13,19,0,37.93,9.86
2019,4,13,20,0,39.32,12.52
2019,4,13,21,0,31.39,12.49
2019,4,13,22,0,29.32,11.6
2019,4,13,23,0,31.830000000000002,11.97
2019,4,14,0,0,30.150000000000002,11.81
2019,4,14,1,0,34.43,9.16
2019,4,14,2,0,38.44,9.86
2019,4,14,3,0,38.59,9.120000000000001
2019,4,14,4,0,15.84,8.05
2019,4,14,5,0,20.240000000000002,8.96
2019,4,14,6,0,21.42,8.94
2019,4,14,7,0,34.44,7.84
2019,4,14,8,0,39.06,7.73
2019,4,14,9,0,37.28,7.91
2019,4,14,10,0,29.03,7.91
2019,4,14,11,0,33.97,7.3500000000000005
2019,4,14,12,0,34.2,6.63
2019,4,14,13,0,39.13,6.140000000000001
2019,4,14,14,0,31.37,5.8500000000000005
2019,4,14,15,0,31.26,4.91
2019,4,14,16,0,34,3.95
2019,4,14,17,0,31.17,3.42
2019,4,14,18,0,29.44,3.45
2019,4,14,19,0,34.11,3.31
2019,4,14,20,0,42.64,3.24
2019,4,14,21,0,44.64,2.73
2019,4,14,22,0,21.96,2.5100000000000002
2019,4,14,23,0,345.82,1.68
2019,4,15,0,0,352.53000000000003,1.77
2019,4,15,1,0,343.26,1.74
2019,4,15,2,0,332.25,2.33
2019,4,15,3,0,336.57,2.58
2019,4,15,4,0,335.25,2.58
2019,4,15,5,0,353.36,2.29
2019,4,15,6,0,17.56,1.6600000000000001
2019,4,15,7,0,27.91,1.48
2019,4,15,8,0,45.58,2.07
2019,4,15,9,0,33.67,1.8800000000000001
2019,4,15,10,0,30.900000000000002,2.18
2019,4,15,11,0,44.84,4.05
2019,4,15,12,0,50.31,4.34
2019,4,15,13,0,41.72,4.11
2019,4,15,14,0,44.2,4.97
2019,4,15,15,0,43.51,4.9
2019,4,15,16,0,46.12,5.18
2019,4,15,17,0,42.96,5.08
2019,4,15,18,0,37.46,4.92
2019,4,15,19,0,35.9,5.37
2019,4,15,20,0,33.5,5.03
2019,4,15,21,0,30.92,4.71
2019,4,15,22,0,22.53,5.05
2019,4,15,23,0,11.88,5.7700000000000005
2019,4,16,0,0,9.14,6.24
2019,4,16,1,0,10.9,6.83
2019,4,16,2,0,14.63,7.16
2019,4,16,3,0,13.65,8.3
2019,4,16,4,0,18.91,8.98
2019,4,16,5,0,18.86,9.09
2019,4,16,6,0,15.120000000000001,8.61
2019,4,16,7,0,14.16,8.26
2019,4,16,8,0,13.74,8.01
2019,4,16,9,0,13.91,8.09
2019,4,16,10,0,10.07,7.96
2019,4,16,11,0,10.18,7.73
2019,4,16,12,0,11.55,8.06
2019,4,16,13,0,12.83,8.59
2019,4,16,14,0,15.1,8.41
2019,4,16,15,0,15.9,7.58
2019,4,16,16,0,20.42,6.12
2019,4,16,17,0,18.34,6.07
2019,4,16,18,0,18.75,5.74
2019,4,16,19,0,23.400000000000002,4.5
2019,4,16,20,0,31.900000000000002,3.15
2019,4,16,21,0,14.47,2.67
2019,4,16,22,0,352,2.66
2019,4,16,23,0,341.13,2.36
2019,4,17,0,0,342.73,2.82
2019,4,17,1,0,345.61,2.95
2019,4,17,2,0,350.89,3.21
2019,4,17,3,0,350.94,3.15
2019,4,17,4,0,352.74,3.16
2019,4,17,5,0,6.41,2.85
2019,4,17,6,0,14.620000000000001,2.5100000000000002
2019,4,17,7,0,17.04,1.83
2019,4,17,8,0,15.65,1.59
2019,4,17,9,0,40.45,1.3900000000000001
2019,4,17,10,0,7.8,2.22
2019,4,17,11,0,32.17,2.94
2019,4,17,12,0,44.85,2.7600000000000002
2019,4,17,13,0,41.42,3.42
2019,4,17,14,0,52.07,4.04
2019,4,17,15,0,55.160000000000004,4.79
2019,4,17,16,0,43.94,5.26
2019,4,17,17,0,35.06,5.15
2019,4,17,18,0,24.64,4.34
2019,4,17,19,0,34.58,4.75
2019,4,17,20,0,32.2,4.32
2019,4,17,21,0,27.62,4.3500000000000005
2019,4,17,22,0,26.990000000000002,4.86
2019,4,17,23,0,12.24,4.32
2019,4,18,0,0,6.5200000000000005,4.1
2019,4,18,1,0,0.33,5.46
2019,4,18,2,0,8.75,6.98
2019,4,18,3,0,6.43,8.47
2019,4,18,4,0,7.46,8.91
2019,4,18,5,0,8.99,8.83
2019,4,18,6,0,6.71,8.48
2019,4,18,7,0,3.33,8.64
2019,4,18,8,0,0.52,8.700000000000001
2019,4,18,9,0,1.8900000000000001,9.15
2019,4,18,10,0,0.42,9.27
2019,4,18,11,0,2.08,8.8
2019,4,18,12,0,356.23,8
2019,4,18,13,0,340.43,3.63
2019,4,18,14,0,217.6,0.86
2019,4,18,15,0,276.03000000000003,2.67
2019,4,18,16,0,249.42000000000002,2.91
2019,4,18,17,0,227.54,3.59
2019,4,18,18,0,216.54,4.14
2019,4,18,19,0,220.68,5.2700000000000005
2019,4,18,20,0,222.56,5.37
2019,4,18,21,0,232.96,5.41
2019,4,18,22,0,236.56,4.93
2019,4,18,23,0,233.88,4
2019,4,19,0,0,236.16,3.4
2019,4,19,1,0,239.21,3.16
2019,4,19,2,0,236.09,3.2800000000000002
2019,4,19,3,0,234.97,3.33
2019,4,19,4,0,246.33,4.71
2019,4,19,5,0,257.48,4.78
2019,4,19,6,0,266.5,2.97
2019,4,19,7,0,261.78000000000003,3.54
2019,4,19,8,0,272.49,1.79
2019,4,19,9,0,275.61,2.0300000000000002
2019,4,19,10,0,277.59000000000003,2.66
2019,4,19,11,0,276.28000000000003,3.19
2019,4,19,12,0,261.87,2.44
2019,4,19,13,0,244.23000000000002,1.85
2019,4,19,14,0,182.35,3.8200000000000003
2019,4,19,15,0,176.72,4.78
2019,4,19,16,0,184.39000000000001,4.7700000000000005
2019,4,19,17,0,190.13,3.36
2019,4,19,18,0,211.24,2.73
2019,4,19,19,0,314.8,2.66
2019,4,19,20,0,175.65,2.2
2019,4,19,21,0,203.69,2.44
2019,4,19,22,0,200.12,4.73
2019,4,19,23,0,187.78,8.03
2019,4,20,0,0,183.04,11.4
2019,4,20,1,0,186.25,11.83
2019,4,20,2,0,195.93,12.450000000000001
2019,4,20,3,0,191.35,11.59
2019,4,20,4,0,187.26,10.21
2019,4,20,5,0,199.15,8.45
2019,4,20,6,0,212.97,9.78
2019,4,20,7,0,197.18,9.82
2019,4,20,8,0,209.16,8.56
2019,4,20,9,0,220.82,7.04
2019,4,20,10,0,216.12,5.18
2019,4,20,11,0,216.47,4.13
2019,4,20,12,0,230.35,1.99
2019,4,20,13,0,16.52,2.79
2019,4,20,14,0,21.72,5.51
2019,4,20,15,0,21.78,5.6000000000000005
2019,4,20,16,0,15.49,8.48
2019,4,20,17,0,13.82,9.91
2019,4,20,18,0,17.17,11.44
2019,4,20,19,0,33.39,13.57
2019,4,20,20,0,30.04,14.24
2019,4,20,21,0,31.32,13.530000000000001
2019,4,20,22,0,26.87,13.38
2019,4,20,23,0,27.57,13.21
2019,4,21,0,0,27.53,13.25
2019,4,21,1,0,25.01,12.98
2019,4,21,2,0,25.29,12.32
2019,4,21,3,0,24.060000000000002,12.09
2019,4,21,4,0,23.51,11.85
2019,4,21,5,0,25.740000000000002,11.950000000000001
2019,4,21,6,0,25.25,11.82
2019,4,21,7,0,34.29,11.700000000000001
2019,4,21,8,0,58.89,14.870000000000001
2019,4,21,9,0,50.38,14.6
2019,4,21,10,0,61,14.81
2019,4,21,11,0,63.74,17.73
2019,4,21,12,0,53.46,16.68
2019,4,21,13,0,34.87,17.080000000000002
2019,4,21,14,0,41.93,17.61
2019,4,21,15,0,28.61,18.3
2019,4,21,16,0,26.830000000000002,17.97
2019,4,21,17,0,26.28,19.76
2019,4,21,18,0,25,20.580000000000002
2019,4,21,19,0,22.79,20.8
2019,4,21,20,0,28.43,21.28
2019,4,21,21,0,29.1,21.2
2019,4,21,22,0,27.96,21.76
2019,4,21,23,0,32.4,21.85
2019,4,22,0,0,30.64,21.23
2019,4,22,1,0,33.78,20.46
2019,4,22,2,0,39.36,19.39
2019,4,22,3,0,107.78,6.92
2019,4,22,4,0,124.93,10.6
2019,4,22,5,0,123.73,12.84
2019,4,22,6,0,149.67000000000002,15.38
2019,4,22,7,0,137.99,13.49
2019,4,22,8,0,140.04,8.92
2019,4,22,9,0,145.29,8.02
2019,4,22,10,0,126.78,5.67
2019,4,22,11,0,112.32000000000001,5.18
2019,4,22,12,0,102.26,4.32
2019,4,22,13,0,110.21000000000001,5.0200000000000005
2019,4,22,14,0,108.04,2.25
2019,4,22,15,0,100.3,5.76
2019,4,22,16,0,111.66,5.8
2019,4,22,17,0,56.38,2.57
2019,4,22,18,0,35.61,6.03
2019,4,22,19,0,36.67,7.19
2019,4,22,20,0,45.480000000000004,8.9
2019,4,22,21,0,41.51,9.56
2019,4,22,22,0,37.72,8.43
2019,4,22,23,0,50.7,7.43
2019,4,23,0,0,33.36,7.640000000000001
2019,4,23,1,0,53.09,8.120000000000001
2019,4,23,2,0,56.56,9.84
2019,4,23,3,0,11.1,0.68
2019,4,23,4,0,40.76,2.69
2019,4,23,5,0,46.5,4.44
2019,4,23,6,0,78.82000000000001,6.390000000000001
2019,4,23,7,0,81.82000000000001,5.7
2019,4,23,8,0,46.37,7.25
2019,4,23,9,0,39.34,7.03
2019,4,23,10,0,46.56,5.91
2019,4,23,11,0,25.62,6.8
2019,4,23,12,0,32.39,6.93
2019,4,23,13,0,47.83,7.15
2019,4,23,14,0,56.54,6.23
2019,4,23,15,0,94.21000000000001,6.7
2019,4,23,16,0,78.41,6.3100000000000005
2019,4,23,17,0,53.300000000000004,10.73
2019,4,23,18,0,57.06,7.23
2019,4,23,19,0,51.36,8.85
2019,4,23,20,0,31.76,8.75
2019,4,23,21,0,27.830000000000002,8.14
2019,4,23,22,0,38.31,10.65
2019,4,23,23,0,44.31,12.24
2019,4,24,0,0,32.87,11.08
2019,4,24,1,0,44.07,14.67
2019,4,24,2,0,41.69,11.94
2019,4,24,3,0,31.21,11.1
2019,4,24,4,0,10.39,12.48
2019,4,24,5,0,6.41,11.89
2019,4,24,6,0,14.280000000000001,8.370000000000001
2019,4,24,7,0,58.54,12.49
2019,4,24,8,0,64.43,10.72
2019,4,24,9,0,64.32000000000001,12.97
2019,4,24,10,0,63.27,10.65
2019,4,24,11,0,34.06,8.55
2019,4,24,12,0,25.490000000000002,9.09
2019,4,24,13,0,22.080000000000002,9.6
2019,4,24,14,0,27.02,9.68
2019,4,24,15,0,33.27,10
2019,4,24,16,0,36.78,11.35
2019,4,24,17,0,38.83,10.35
2019,4,24,18,0,47.12,9.4
2019,4,24,19,0,43.480000000000004,9.63
2019,4,24,20,0,21.86,9.53
2019,4,24,21,0,41.46,8.74
2019,4,24,22,0,47.870000000000005,10.88
2019,4,24,23,0,32.59,11.98
2019,4,25,0,0,32.74,11.49
2019,4,25,1,0,41.63,12.97
2019,4,25,2,0,50.01,13.67
2019,4,25,3,0,41.43,11.93
2019,4,25,4,0,60.050000000000004,8.27
2019,4,25,5,0,46.1,15.41
2019,4,25,6,0,45.45,14.73
2019,4,25,7,0,24.85,12.58
2019,4,25,8,0,26.63,11.870000000000001
2019,4,25,9,0,42.07,11.27
2019,4,25,10,0,36.67,11.96
2019,4,25,11,0,31.220000000000002,10.28
2019,4,25,12,0,29.93,9.09
2019,4,25,13,0,24.41,8.64
2019,4,25,14,0,22.8,7.5600000000000005
2019,4,25,15,0,21.7,6.890000000000001
2019,4,25,16,0,34.02,6.72
2019,4,25,17,0,37.59,7.74
2019,4,25,18,0,30.240000000000002,7.17
2019,4,25,19,0,15.780000000000001,5.87
2019,4,25,20,0,8.96,4.43
2019,4,25,21,0,338.13,2.45
2019,4,25,22,0,338.16,1.95
2019,4,25,23,0,308.11,1.1500000000000001
2019,4,26,0,0,281.61,1.9100000000000001
2019,4,26,1,0,270.85,3.08
2019,4,26,2,0,278.59000000000003,4.07
2019,4,26,3,0,309.24,2.97
2019,4,26,4,0,329.51,2.83
2019,4,26,5,0,298.72,3.15
2019,4,26,6,0,292.67,3.88
2019,4,26,7,0,309.71,3.27
2019,4,26,8,0,330.31,2.7600000000000002
2019,4,26,9,0,328.68,1.6500000000000001
2019,4,26,10,0,296,1.44
2019,4,26,11,0,329.86,1.11
2019,4,26,12,0,348.88,1.6400000000000001
2019,4,26,13,0,100.45,0.44
2019,4,26,14,0,201.58,1.96
2019,4,26,15,0,256.54,2.15
2019,4,26,16,0,289.90000000000003,3.4
2019,4,26,17,0,288.92,2.4
2019,4,26,18,0,267.18,3.18
2019,4,26,19,0,268.83,4.03
2019,4,26,20,0,264.49,3.3200000000000003
2019,4,26,21,0,250.75,3.4
2019,4,26,22,0,253.82,3.66
2019,4,26,23,0,272.9,3.81
2019,4,27,0,0,268.44,4.12
2019,4,27,1,0,278.19,4.37
2019,4,27,2,0,276.90000000000003,4.74
2019,4,27,3,0,280.43,5.34
2019,4,27,4,0,283.6,4.75
2019,4,27,5,0,284.31,4.67
2019,4,27,6,0,270.91,3.96
2019,4,27,7,0,281.99,3.84
2019,4,27,8,0,287.21,3.52
2019,4,27,9,0,289.7,2.64
2019,4,27,10,0,336.53000000000003,1.41
2019,4,27,11,0,83.45,2.7
2019,4,27,12,0,84.32000000000001,1.97
2019,4,27,13,0,68.13,1.03
2019,4,27,14,0,52.230000000000004,1.56
2019,4,27,15,0,66.02,2.0100000000000002
2019,4,27,16,0,48.72,2.82
2019,4,27,17,0,40.96,4.25
2019,4,27,18,0,57.96,5.0200000000000005
2019,4,27,19,0,55.33,4.46
2019,4,27,20,0,34.52,3.36
2019,4,27,21,0,21.34,3.39
2019,4,27,22,0,22.43,2.83
2019,4,27,23,0,21.09,2.24
2019,4,28,0,0,359.75,1.6400000000000001
2019,4,28,1,0,293.03000000000003,1.93
2019,4,28,2,0,278.91,2.5300000000000002
2019,4,28,3,0,266.71,2.25
2019,4,28,4,0,236.23000000000002,2.9
2019,4,28,5,0,216.12,3.15
2019,4,28,6,0,206.69,3.65
2019,4,28,7,0,212.75,3.71
2019,4,28,8,0,223.03,4.0600000000000005
2019,4,28,9,0,224.64000000000001,4.03
2019,4,28,10,0,218.12,3.52
2019,4,28,11,0,212.36,3.4
2019,4,28,12,0,214.16,3.59
2019,4,28,13,0,219.62,3.63
2019,4,28,14,0,229.59,2.52
2019,4,28,15,0,188.65,0.49
2019,4,28,16,0,81.75,1.12
2019,4,28,17,0,88,1.35
2019,4,28,18,0,112.47,0.63
2019,4,28,19,0,51,1.45
2019,4,28,20,0,38.44,2.13
2019,4,28,21,0,33.75,3.31
2019,4,28,22,0,28.2,3.36
2019,4,28,23,0,16.46,3.56
2019,4,29,0,0,354.94,3.5700000000000003
2019,4,29,1,0,323.82,2.52
2019,4,29,2,0,357.58,3.34
2019,4,29,3,0,357.69,3.7
2019,4,29,4,0,353,4.32
2019,4,29,5,0,347.54,4.78
2019,4,29,6,0,357.39,4.61
2019,4,29,7,0,21.54,4.25
2019,4,29,8,0,23.95,3.17
2019,4,29,9,0,11.18,2.52
2019,4,29,10,0,3.66,2.41
2019,4,29,11,0,19.53,1.95
2019,4,29,12,0,44.81,1.51
2019,4,29,13,0,56.02,2.83
2019,4,29,14,0,48.92,2.2
2019,4,29,15,0,24.810000000000002,2.7600000000000002
2019,4,29,16,0,32.160000000000004,3.5700000000000003
2019,4,29,17,0,40.51,3.87
2019,4,29,18,0,38.89,2.97
2019,4,29,19,0,30.91,3.24
2019,4,29,20,0,31.92,3.81
2019,4,29,21,0,22.86,3.27
2019,4,29,22,0,0.16,1.1
2019,4,29,23,0,271.07,3.0500000000000003
2019,4,30,0,0,274.92,3.31
2019,4,30,1,0,275.22,2.98
2019,4,30,2,0,275.04,3.33
2019,4,30,3,0,279.22,3.23
2019,4,30,4,0,280.54,3.58
2019,4,30,5,0,295.71,3.42
2019,4,30,6,0,296.48,2.63
2019,4,30,7,0,287.67,2.84
2019,4,30,8,0,298.84000000000003,2.47
2019,4,30,9,0,332.35,0.99
2019,4,30,10,0,106.12,0.76
2019,4,30,11,0,109.19,0.98
2019,4,30,12,0,186.73,1.41
2019,4,30,13,0,210.71,1.18
2019,4,30,14,0,205.79,1.1400000000000001
2019,4,30,15,0,222.02,0.81
2019,4,30,16,0,360,0.65
2019,4,30,17,0,33.96,0.91
2019,4,30,18,0,69.29,0.47000000000000003
2019,4,30,19,0,89.4,0.89
2019,4,30,20,0,118.28,1.04
2019,4,30,21,0,180.62,1.16
2019,4,30,22,0,232.76,2.13
2019,4,30,23,0,244.24,2.73
2019,5,1,0,0,245.36,4.54
2019,5,1,1,0,261.66,3.73
2019,5,1,2,0,254.96,3.33
2019,5,1,3,0,235.18,3.99
2019,5,1,4,0,235.13,4.74
2019,5,1,5,0,223.6,4.54
2019,5,1,6,0,212.81,4.53
2019,5,1,7,0,217.11,4.97
2019,5,1,8,0,215.72,4.66
2019,5,1,9,0,216.21,6.28
2019,5,1,10,0,220.17000000000002,6.51
2019,5,1,11,0,220.89000000000001,7.46
2019,5,1,12,0,224.78,7.57
2019,5,1,13,0,221.56,7.48
2019,5,1,14,0,219.29,7.4
2019,5,1,15,0,220.51,7.63
2019,5,1,16,0,219.41,6.8100000000000005
2019,5,1,17,0,221.46,6.26
2019,5,1,18,0,222.47,5.3100000000000005
2019,5,1,19,0,214.28,3.73
2019,5,1,20,0,210.8,3.62
2019,5,1,21,0,212.36,3.99
2019,5,1,22,0,226.36,4.29
2019,5,1,23,0,219.02,3.52
2019,5,2,0,0,211.54,3.14
2019,5,2,1,0,355.01,2.47
2019,5,2,2,0,353.64,2.59
2019,5,2,3,0,2.92,2.34
2019,5,2,4,0,7.37,1.87
2019,5,2,5,0,336.97,1.46
2019,5,2,6,0,333.89,2.12
2019,5,2,7,0,349.63,1.49
2019,5,2,8,0,12.56,1.42
2019,5,2,9,0,36.2,1.9100000000000001
2019,5,2,10,0,44.99,2.72
2019,5,2,11,0,64.26,2.44
2019,5,2,12,0,66.12,2.89
2019,5,2,13,0,49.870000000000005,1.84
2019,5,2,14,0,9.38,1.36
2019,5,2,15,0,305.77,0.59
2019,5,2,16,0,273.95,1.55
2019,5,2,17,0,239.1,0.74
2019,5,2,18,0,173.09,0.9400000000000001
2019,5,2,19,0,178.75,2.49
2019,5,2,20,0,180.20000000000002,2.39
2019,5,2,21,0,175.23,3.58
2019,5,2,22,0,179.91,4.83
2019,5,2,23,0,196.43,5.19
2019,5,3,0,0,207.57,6.78
2019,5,3,1,0,199.51,7.04
2019,5,3,2,0,199.8,9.82
2019,5,3,3,0,201.51,9.120000000000001
2019,5,3,4,0,201.41,10.28
2019,5,3,5,0,220.9,8.4
2019,5,3,6,0,258.37,8.8
2019,5,3,7,0,271.45,13.97
2019,5,3,8,0,267.02,16.6
2019,5,3,9,0,272.8,14.46
2019,5,3,10,0,263.26,16.9
2019,5,3,11,0,261.91,13.94
2019,5,3,12,0,265.25,15.51
2019,5,3,13,0,266.88,15.24
2019,5,3,14,0,263.61,10.61
2019,5,3,15,0,265.9,10.23
2019,5,3,16,0,261.43,8.120000000000001
2019,5,3,17,0,210.69,8.76
2019,5,3,18,0,209.32,5.66
2019,5,3,19,0,267.36,6.15
2019,5,3,20,0,261.67,10.74
2019,5,3,21,0,229.82,8.13
2019,5,3,22,0,223.73000000000002,5.19
2019,5,3,23,0,253.70000000000002,2.56
2019,5,4,0,0,319.31,3.9
2019,5,4,1,0,301.74,3.49
2019,5,4,2,0,260.5,2.29
2019,5,4,3,0,249.24,1.36
2019,5,4,4,0,127.52,0.28
2019,5,4,5,0,308.19,1.4000000000000001
2019,5,4,6,0,57.410000000000004,2.63
2019,5,4,7,0,54.47,3.5100000000000002
2019,5,4,8,0,38.2,5.26
2019,5,4,9,0,24.580000000000002,5
2019,5,4,10,0,6.33,4
2019,5,4,11,0,333.37,2.36
2019,5,4,12,0,317.51,2
2019,5,4,13,0,290.25,0.47000000000000003
2019,5,4,14,0,146.37,1.3800000000000001
2019,5,4,15,0,126.23,1.78
2019,5,4,16,0,71.61,1.72
2019,5,4,17,0,23.43,1.18
2019,5,4,18,0,315.94,0.92
2019,5,4,19,0,263.28000000000003,2.5100000000000002
2019,5,4,20,0,295.84000000000003,3.0100000000000002
2019,5,4,21,0,285.05,3.54
2019,5,4,22,0,277.81,4.67
2019,5,4,23,0,278,5.15
2019,5,5,0,0,296.37,4.93
2019,5,5,1,0,296.02,3.6
2019,5,5,2,0,301.19,2.94
2019,5,5,3,0,323.45,2.4
2019,5,5,4,0,342.04,2.0300000000000002
2019,5,5,5,0,359.38,2.2600000000000002
2019,5,5,6,0,22.69,2.9
2019,5,5,7,0,20.48,5.08
2019,5,5,8,0,19.85,6.4
2019,5,5,9,0,20.740000000000002,6.83
2019,5,5,10,0,19.45,7.28
2019,5,5,11,0,25.240000000000002,7.18
2019,5,5,12,0,30.84,7.58
2019,5,5,13,0,30.560000000000002,8.19
2019,5,5,14,0,31.52,9.34
2019,5,5,15,0,24.88,9.24
2019,5,5,16,0,24.900000000000002,9.72
2019,5,5,17,0,36.36,11.43
2019,5,5,18,0,41.660000000000004,10.84
2019,5,5,19,0,34.64,10.9
2019,5,5,20,0,34.94,11.74
2019,5,5,21,0,34.910000000000004,12.26
2019,5,5,22,0,37.230000000000004,12.23
2019,5,5,23,0,37.28,11
2019,5,6,0,0,32.480000000000004,11.11
2019,5,6,1,0,27.87,12.81
2019,5,6,2,0,32.980000000000004,12.24
2019,5,6,3,0,42.22,12.13
2019,5,6,4,0,32.54,11.81
2019,5,6,5,0,41.99,10.96
2019,5,6,6,0,34.75,9.55
2019,5,6,7,0,56.17,9.26
2019,5,6,8,0,54.050000000000004,9.38
2019,5,6,9,0,49.09,11.6
2019,5,6,10,0,46.62,12.8
2019,5,6,11,0,45.62,12.8
2019,5,6,12,0,48.42,12.63
2019,5,6,13,0,39.6,10.71
2019,5,6,14,0,33.26,10.16
2019,5,6,15,0,20.400000000000002,10
2019,5,6,16,0,21.490000000000002,9.86
2019,5,6,17,0,19.36,9.52
2019,5,6,18,0,18.98,9.27
2019,5,6,19,0,18.240000000000002,8.8
2019,5,6,20,0,19.59,8.73
2019,5,6,21,0,17.95,8.19
2019,5,6,22,0,16.78,8.33
2019,5,6,23,0,21.06,8.1
2019,5,7,0,0,16.78,7.53
2019,5,7,1,0,23.990000000000002,8.25
2019,5,7,2,0,20.63,9.03
2019,5,7,3,0,29.46,9.42
2019,5,7,4,0,35.29,9.27
2019,5,7,5,0,43.28,8.77
2019,5,7,6,0,65.51,5.8
2019,5,7,7,0,169.88,3.7
2019,5,7,8,0,20.740000000000002,2.36
2019,5,7,9,0,72.2,5.22
2019,5,7,10,0,61.51,6.68
2019,5,7,11,0,54.15,8.57
2019,5,7,12,0,64.63,8.71
2019,5,7,13,0,88.16,9.8
2019,5,7,14,0,73.63,9.21
2019,5,7,15,0,82.33,10.17
2019,5,7,16,0,92.01,12.74
2019,5,7,17,0,81.01,10.200000000000001
2019,5,7,18,0,103.29,4.17
2019,5,7,19,0,147.88,5.99
2019,5,7,20,0,219.81,8.09
2019,5,7,21,0,233.57,7.15
2019,5,7,22,0,243.57,6.26
2019,5,7,23,0,242.99,6.79
2019,5,8,0,0,241.26,8.2
2019,5,8,1,0,231.74,6.79
2019,5,8,2,0,215.31,8.93
2019,5,8,3,0,204.47,11.3
2019,5,8,4,0,202.12,12.41
2019,5,8,5,0,201.05,11.52
2019,5,8,6,0,204.64000000000001,9.71
2019,5,8,7,0,211.22,5.57
2019,5,8,8,0,200.14000000000001,5.14
2019,5,8,9,0,272.87,3.45
2019,5,8,10,0,244.99,3.6
2019,5,8,11,0,246.29,2.2600000000000002
2019,5,8,12,0,209.37,0.55
2019,5,8,13,0,106.87,0.8300000000000001
2019,5,8,14,0,52.75,0.38
2019,5,8,15,0,145.97,0.73
2019,5,8,16,0,172.36,2.47
2019,5,8,17,0,198.17000000000002,3.92
2019,5,8,18,0,231.04,4.19
2019,5,8,19,0,225.11,5
2019,5,8,20,0,219.75,3.25
2019,5,8,21,0,198.74,7.79
2019,5,8,22,0,200.47,9.42
2019,5,8,23,0,204.3,9.13
2019,5,9,0,0,214.86,8.59
2019,5,9,1,0,207.88,7.22
2019,5,9,2,0,203.13,9.38
2019,5,9,3,0,204.21,8.56
2019,5,9,4,0,209.88,7.390000000000001
2019,5,9,5,0,207.71,8.56
2019,5,9,6,0,203.19,11.94
2019,5,9,7,0,213.47,12.72
2019,5,9,8,0,213.19,8.870000000000001
2019,5,9,9,0,191.61,6.2
2019,5,9,10,0,184.29,6.13
2019,5,9,11,0,187.22,4.94
2019,5,9,12,0,110.44,1.3900000000000001
2019,5,9,13,0,181.34,3.86
2019,5,9,14,0,196.88,4.3
2019,5,9,15,0,225.79,3.69
2019,5,9,16,0,336.56,1.21
2019,5,9,17,0,34.39,4.67
2019,5,9,18,0,49.4,5.97
2019,5,9,19,0,46.38,6.13
2019,5,9,20,0,34.79,6.41
2019,5,9,21,0,24.63,7.87
2019,5,9,22,0,27.09,10.73
2019,5,9,23,0,46.11,13.69
2019,5,10,0,0,43.800000000000004,12.61
2019,5,10,1,0,46.35,13
2019,5,10,2,0,53.32,8.33
2019,5,10,3,0,54.7,16.05
2019,5,10,4,0,50.660000000000004,20.78
2019,5,10,5,0,17.25,16.63
2019,5,10,6,0,19.39,18.17
2019,5,10,7,0,28.66,17.87
2019,5,10,8,0,43.75,17.39
2019,5,10,9,0,48,16.91
2019,5,10,10,0,49.74,15.790000000000001
2019,5,10,11,0,61.120000000000005,16.21
2019,5,10,12,0,54.18,15.610000000000001
2019,5,10,13,0,59.38,14.38
2019,5,10,14,0,59.4,12.48
2019,5,10,15,0,86.37,17.080000000000002
2019,5,10,16,0,88.45,13.97
2019,5,10,17,0,86.66,12.200000000000001
2019,5,10,18,0,72.02,12.370000000000001
2019,5,10,19,0,82.21000000000001,12.6
2019,5,10,20,0,81.69,12.05
2019,5,10,21,0,97.83,11.19
2019,5,10,22,0,150.46,9.97
2019,5,10,23,0,137.06,13.21
2019,5,11,0,0,135.68,11.040000000000001
2019,5,11,1,0,163.89000000000001,12.46
2019,5,11,2,0,164.49,9.34
2019,5,11,3,0,178.96,10.3
2019,5,11,4,0,172.12,9.48
2019,5,11,5,0,169.07,8.83
2019,5,11,6,0,150.87,10
2019,5,11,7,0,169.11,13.38
2019,5,11,8,0,171.15,14.540000000000001
2019,5,11,9,0,181.89000000000001,14.700000000000001
2019,5,11,10,0,184.72,16.51
2019,5,11,11,0,187.42000000000002,15.040000000000001
2019,5,11,12,0,190.26,15.860000000000001
2019,5,11,13,0,195.47,16.7
2019,5,11,14,0,196.69,17.61
2019,5,11,15,0,199.34,19.47
2019,5,11,16,0,201.8,18.48
2019,5,11,17,0,202.03,16.85
2019,5,11,18,0,201.61,16.490000000000002
2019,5,11,19,0,195.79,16.12
2019,5,11,20,0,195.07,15.17
2019,5,11,21,0,194.22,13.93
2019,5,11,22,0,197.48000000000002,13.06
2019,5,11,23,0,199.25,14.98
2019,5,12,0,0,202.57,14.39
2019,5,12,1,0,200.64000000000001,13.47
2019,5,12,2,0,199.25,13.46
2019,5,12,3,0,196.9,13.19
2019,5,12,4,0,197.58,13.16
2019,5,12,5,0,205.77,12.96
2019,5,12,6,0,212.52,11.23
2019,5,12,7,0,217.37,9.51
2019,5,12,8,0,201.9,7.32
2019,5,12,9,0,168.97,7.29
2019,5,12,10,0,183.67000000000002,7.91
2019,5,12,11,0,195.9,5.38
2019,5,12,12,0,199.01,5
2019,5,12,13,0,195.86,8.64
2019,5,12,14,0,187.14000000000001,5.72
2019,5,12,15,0,177.66,5.95
2019,5,12,16,0,164.89000000000001,4.75
2019,5,12,17,0,157.69,4.17
2019,5,12,18,0,175.98,3.04
2019,5,12,19,0,148.31,1.8800000000000001
2019,5,12,20,0,195.93,1.53
2019,5,12,21,0,296.01,0.76
2019,5,12,22,0,54.35,1.17
2019,5,12,23,0,351.72,1.69
2019,5,13,0,0,346.45,2.5100000000000002
2019,5,13,1,0,19.240000000000002,2.33
2019,5,13,2,0,44.46,1.7
2019,5,13,3,0,29.39,1.41
2019,5,13,4,0,38.44,4.11
2019,5,13,5,0,66.05,4.3100000000000005
2019,5,13,6,0,62.660000000000004,6.5600000000000005
2019,5,13,7,0,71.35000000000001,7.0200000000000005
2019,5,13,8,0,86.75,5.23
2019,5,13,9,0,83.87,3.31
2019,5,13,10,0,107.99000000000001,5.28
2019,5,13,11,0,94.53,4.55
2019,5,13,12,0,68.06,4.33
2019,5,13,13,0,58.300000000000004,3.8200000000000003
2019,5,13,14,0,74.31,3.14
2019,5,13,15,0,57.89,3.37
2019,5,13,16,0,58.92,3.3200000000000003
2019,5,13,17,0,40.02,3.2
2019,5,13,18,0,34.64,3.96
2019,5,13,19,0,24.26,4.48
2019,5,13,20,0,27.01,5.6000000000000005
2019,5,13,21,0,28.52,5.92
2019,5,13,22,0,34.54,5.72
2019,5,13,23,0,28.330000000000002,4.83
2019,5,14,0,0,54.75,5.34
2019,5,14,1,0,47.93,4.66
2019,5,14,2,0,23.11,4.36
2019,5,14,3,0,14.97,5.7
2019,5,14,4,0,25.16,5.61
2019,5,14,5,0,31.94,4.43
2019,5,14,6,0,22.85,4.97
2019,5,14,7,0,16.13,6.98
2019,5,14,8,0,23.96,5.8
2019,5,14,9,0,25.32,6.87
2019,5,14,10,0,39.17,7.47
2019,5,14,11,0,45.54,5.88
2019,5,14,12,0,59.95,4.61
2019,5,14,13,0,61.49,7.92
2019,5,14,14,0,60.56,7.1000000000000005
2019,5,14,15,0,54.6,5.74
2019,5,14,16,0,51.44,4.79
2019,5,14,17,0,52.24,4.41
2019,5,14,18,0,57.04,3.9
2019,5,14,19,0,44.53,2.5500000000000003
2019,5,14,20,0,44.11,3.0300000000000002
2019,5,14,21,0,31.57,2.62
2019,5,14,22,0,15.610000000000001,2.87
2019,5,14,23,0,38.17,1.55
2019,5,15,0,0,252.31,1.83
2019,5,15,1,0,242.31,2.42
2019,5,15,2,0,246.62,3.47
2019,5,15,3,0,247.05,3.85
2019,5,15,4,0,258.23,4.61
2019,5,15,5,0,275.91,5.43
2019,5,15,6,0,288.58,4.66
2019,5,15,7,0,340.94,3.39
2019,5,15,8,0,337.45,2.7800000000000002
2019,5,15,9,0,350.46,2.86
2019,5,15,10,0,328.3,2.09
2019,5,15,11,0,324.22,1.8
2019,5,15,12,0,305.04,1.47
2019,5,15,13,0,337.94,0.67
2019,5,15,14,0,349.24,0.28
2019,5,15,15,0,97.97,0.54
2019,5,15,16,0,183.75,0.42
2019,5,15,17,0,119.7,1.55
2019,5,15,18,0,142.94,0.77
2019,5,15,19,0,226.37,0.86
2019,5,15,20,0,208.37,0.92
2019,5,15,21,0,249.84,1.1300000000000001
2019,5,15,22,0,280.02,0.86
2019,5,15,23,0,353.27,1.6300000000000001
2019,5,16,0,0,22.35,2.42
2019,5,16,1,0,28.98,3.04
2019,5,16,2,0,35.38,3.25
2019,5,16,3,0,39.1,4.8500000000000005
2019,5,16,4,0,52.85,5.44
2019,5,16,5,0,38.02,5.17
2019,5,16,6,0,33.84,4.82
2019,5,16,7,0,65.16,4.99
2019,5,16,8,0,51.45,3.11
2019,5,16,9,0,23.73,5.86
2019,5,16,10,0,37.62,5.95
2019,5,16,11,0,59.04,5.8
2019,5,16,12,0,64.83,10.6
2019,5,16,13,0,32.79,9.41
2019,5,16,14,0,36.61,10.63
2019,5,16,15,0,47.65,11.43
2019,5,16,16,0,49.43,9.63
2019,5,16,17,0,55.09,8.42
2019,5,16,18,0,65.16,8.05
2019,5,16,19,0,59.72,6.82
2019,5,16,20,0,54.97,8.69
2019,5,16,21,0,51.53,9.040000000000001
2019,5,16,22,0,41.01,9.870000000000001
2019,5,16,23,0,40.59,10.43
2019,5,17,0,0,39.15,11.08
2019,5,17,1,0,42.21,11.59
2019,5,17,2,0,45.03,13.46
2019,5,17,3,0,55.75,13.8
2019,5,17,4,0,64.05,11.6
2019,5,17,5,0,100.95,7.13
2019,5,17,6,0,104.43,7.04
2019,5,17,7,0,126.54,5.3500000000000005
2019,5,17,8,0,122.87,6.91
2019,5,17,9,0,122.08,7.8100000000000005
2019,5,17,10,0,37.31,2.1
2019,5,17,11,0,43.81,4.12
2019,5,17,12,0,37.79,4.24
2019,5,17,13,0,19.18,8.02
2019,5,17,14,0,34.17,7.140000000000001
2019,5,17,15,0,70.8,5.41
2019,5,17,16,0,77.23,7.59
2019,5,17,17,0,72.15,5.19
2019,5,17,18,0,78.08,6.45
2019,5,17,19,0,67.67,9.02
2019,5,17,20,0,54.11,5.61
2019,5,17,21,0,39.730000000000004,4.89
2019,5,17,22,0,54.46,5.72
2019,5,17,23,0,53.2,4.5600000000000005
2019,5,18,0,0,26.060000000000002,3.45
2019,5,18,1,0,46.94,6.11
2019,5,18,2,0,19.98,5.51
2019,5,18,3,0,13.17,4.99
2019,5,18,4,0,18.67,5.51
2019,5,18,5,0,19.77,5.48
2019,5,18,6,0,14.71,5.92
2019,5,18,7,0,14.83,6.7
2019,5,18,8,0,31.970000000000002,7.13
2019,5,18,9,0,48.19,4.58
2019,5,18,10,0,68.35000000000001,6.99
2019,5,18,11,0,60.77,6.07
2019,5,18,12,0,51.18,6.2
2019,5,18,13,0,27.02,7.76
2019,5,18,14,0,29.71,8.84
2019,5,18,15,0,38.76,7.17
2019,5,18,16,0,80.13,4.72
2019,5,18,17,0,118.19,5.11
2019,5,18,18,0,44.56,2.92
2019,5,18,19,0,43.47,6.15
2019,5,18,20,0,39.76,6.32
2019,5,18,21,0,47.26,7.07
2019,5,18,22,0,12.13,5.16
2019,5,18,23,0,53.54,6.23
2019,5,19,0,0,41.61,9.450000000000001
2019,5,19,1,0,91.68,3.39
2019,5,19,2,0,40.84,4.64
2019,5,19,3,0,61.660000000000004,3.0100000000000002
2019,5,19,4,0,22.6,2.43
2019,5,19,5,0,26.810000000000002,3.56
2019,5,19,6,0,55.09,4
2019,5,19,7,0,52.38,8.59
2019,5,19,8,0,35.17,10.11
2019,5,19,9,0,41.58,14.08
2019,5,19,10,0,36.9,12.91
2019,5,19,11,0,19.3,12.84
2019,5,19,12,0,29.88,15.32
2019,5,19,13,0,36.800000000000004,16.61
2019,5,19,14,0,43.27,15.790000000000001
2019,5,19,15,0,34.43,14.9
2019,5,19,16,0,34.480000000000004,14.85
2019,5,19,17,0,38.13,16.16
2019,5,19,18,0,38.300000000000004,15.85
2019,5,19,19,0,32.53,15.71
2019,5,19,20,0,48.410000000000004,15.25
2019,5,19,21,0,53.45,14.98
2019,5,19,22,0,56.6,13.950000000000001
2019,5,19,23,0,94.17,9.61
2019,5,20,0,0,95.31,9.05
2019,5,20,1,0,85.83,8.27
2019,5,20,2,0,87.12,8.870000000000001
2019,5,20,3,0,62.81,7.94
2019,5,20,4,0,94.88,7
2019,5,20,5,0,92.2,10.5
2019,5,20,6,0,80.49,8.03
2019,5,20,7,0,86.34,9.23
2019,5,20,8,0,96.73,7.59
2019,5,20,9,0,114.77,7.54
2019,5,20,10,0,237.14000000000001,7.4
2019,5,20,11,0,245.8,5
2019,5,20,12,0,237.22,4.79
2019,5,20,13,0,234.11,3.89
2019,5,20,14,0,218.25,2.5500000000000003
2019,5,20,15,0,210.6,2.68
2019,5,20,16,0,243.63,3.04
2019,5,20,17,0,236.98000000000002,2.65
2019,5,20,18,0,245,1.55
2019,5,20,19,0,242.14000000000001,0.23
2019,5,20,20,0,283.36,0.91
2019,5,20,21,0,261.32,1.98
2019,5,20,22,0,255.64000000000001,2.77
2019,5,20,23,0,261.86,5.79
2019,5,21,0,0,250.71,7.3500000000000005
2019,5,21,1,0,253.09,7.22
2019,5,21,2,0,243.46,6.42
2019,5,21,3,0,233.48000000000002,4.97
2019,5,21,4,0,217.07,5.59
2019,5,21,5,0,215.99,5.65
2019,5,21,6,0,224.31,6.01
2019,5,21,7,0,223.03,6.96
2019,5,21,8,0,223.42000000000002,6.67
2019,5,21,9,0,254.75,3.94
2019,5,21,10,0,249.67000000000002,3.5300000000000002
2019,5,21,11,0,270.82,4.51
2019,5,21,12,0,265.89,2.46
2019,5,21,13,0,204.93,3.7800000000000002
2019,5,21,14,0,200.26,2.93
2019,5,21,15,0,231.04,4.3
2019,5,21,16,0,217.01,5.71
2019,5,21,17,0,212.36,5.87
2019,5,21,18,0,213.06,5.88
2019,5,21,19,0,213.08,5.79
2019,5,21,20,0,214.46,5.96
2019,5,21,21,0,203.52,4.98
2019,5,21,22,0,210.88,6.32
2019,5,21,23,0,216.09,7.1000000000000005
2019,5,22,0,0,214.78,7.4
2019,5,22,1,0,214.32,7.390000000000001
2019,5,22,2,0,212.17000000000002,7.94
2019,5,22,3,0,210.48000000000002,8.58
2019,5,22,4,0,209.5,9.11
2019,5,22,5,0,205.5,10.61
2019,5,22,6,0,205.32,10.89
2019,5,22,7,0,205.16,9.58
2019,5,22,8,0,200.68,9.76
2019,5,22,9,0,206.42000000000002,10.16
2019,5,22,10,0,212.94,7.16
2019,5,22,11,0,210.6,6.18
2019,5,22,12,0,197.62,5.3100000000000005
2019,5,22,13,0,197.02,4.2700000000000005
2019,5,22,14,0,192.47,1.05
2019,5,22,15,0,25.64,4.79
2019,5,22,16,0,51.96,4.64
2019,5,22,17,0,47.86,5.43
2019,5,22,18,0,35.4,7.6000000000000005
2019,5,22,19,0,24.11,7.88
2019,5,22,20,0,37.6,6.04
2019,5,22,21,0,43.97,6.67
2019,5,22,22,0,60.34,9.17
2019,5,22,23,0,64.59,10.83
2019,5,23,0,0,61.870000000000005,9.98
2019,5,23,1,0,109.21000000000001,6.16
2019,5,23,2,0,107.77,7.61
2019,5,23,3,0,62.160000000000004,8.61
2019,5,23,4,0,51.910000000000004,7.86
2019,5,23,5,0,39.24,7.94
2019,5,23,6,0,50.730000000000004,6.68
2019,5,23,7,0,51.85,8.540000000000001
2019,5,23,8,0,93.92,14.71
2019,5,23,9,0,104.04,14.49
2019,5,23,10,0,102.07000000000001,13.73
2019,5,23,11,0,5.17,8.870000000000001
2019,5,23,12,0,27.16,7.76
2019,5,23,13,0,9.200000000000001,7.3
2019,5,23,14,0,38.11,6.84
2019,5,23,15,0,1.94,8.36
2019,5,23,16,0,27.7,6.0600000000000005
2019,5,23,17,0,36.62,7.49
2019,5,23,18,0,57.36,10.35
2019,5,23,19,0,60.050000000000004,13.280000000000001
2019,5,23,20,0,63.370000000000005,12.19
2019,5,23,21,0,43.93,13.35
2019,5,23,22,0,25.04,10.15
2019,5,23,23,0,34.62,11.28
2019,5,24,0,0,44.64,11.31
2019,5,24,1,0,55.74,8.700000000000001
2019,5,24,2,0,47.96,4.94
2019,5,24,3,0,65.15,3.58
2019,5,24,4,0,344.92,1.27
2019,5,24,5,0,325.13,2.49
2019,5,24,6,0,0.09,3.74
2019,5,24,7,0,8.76,3.11
2019,5,24,8,0,296.95,1.61
2019,5,24,9,0,280.03000000000003,1.85
2019,5,24,10,0,232.99,2.06
2019,5,24,11,0,237.39000000000001,4
2019,5,24,12,0,196.85,5.37
2019,5,24,13,0,203.11,4.98
2019,5,24,14,0,196.97,6.390000000000001
2019,5,24,15,0,202.22,6.74
2019,5,24,16,0,204.91,5.76
2019,5,24,17,0,208.66,4.48
2019,5,24,18,0,219.02,2.8000000000000003
2019,5,24,19,0,216.23000000000002,2.11
2019,5,24,20,0,216.76,3.0700000000000003
2019,5,24,21,0,216.84,3.52
2019,5,24,22,0,209.65,3.15
2019,5,24,23,0,214.32,2.92
2019,5,25,0,0,219.44,2.25
2019,5,25,1,0,240.25,1.84
2019,5,25,2,0,236.77,1.99
2019,5,25,3,0,265.53000000000003,2.44
2019,5,25,4,0,292.57,2.54
2019,5,25,5,0,333.6,1.75
2019,5,25,6,0,352.77,3.09
2019,5,25,7,0,11.26,3.7
2019,5,25,8,0,19.740000000000002,5.19
2019,5,25,9,0,10.23,5.54
2019,5,25,10,0,33.63,4.21
2019,5,25,11,0,29.89,5.6000000000000005
2019,5,25,12,0,31.2,7.23
2019,5,25,13,0,50.230000000000004,9.16
2019,5,25,14,0,37.14,11.09
2019,5,25,15,0,48.96,10.32
2019,5,25,16,0,67.71000000000001,9.75
2019,5,25,17,0,88.54,5.54
2019,5,25,18,0,72.76,7.0200000000000005
2019,5,25,19,0,77.75,3.83
2019,5,25,20,0,96.8,10.56
2019,5,25,21,0,85.66,14.040000000000001
2019,5,25,22,0,62.68,9.040000000000001
2019,5,25,23,0,32.56,9.77
2019,5,26,0,0,24.21,10.17
2019,5,26,1,0,20.42,9.43
2019,5,26,2,0,16.1,12.77
2019,5,26,3,0,22.48,11.02
2019,5,26,4,0,17.490000000000002,11.08
2019,5,26,5,0,40.61,8.97
2019,5,26,6,0,73.18,10.200000000000001
2019,5,26,7,0,78.18,11.68
2019,5,26,8,0,89.72,11.88
2019,5,26,9,0,75.66,6.5
2019,5,26,10,0,12,8.71
2019,5,26,11,0,14.63,8.45
2019,5,26,12,0,30.98,8.700000000000001
2019,5,26,13,0,50.06,11.66
2019,5,26,14,0,43.660000000000004,15.43
2019,5,26,15,0,38.96,12.9
2019,5,26,16,0,38.26,12.05
2019,5,26,17,0,34.12,11.92
2019,5,26,18,0,35.07,13.44
2019,5,26,19,0,52.370000000000005,13.9
2019,5,26,20,0,25.96,14.16
2019,5,26,21,0,36.82,11.98
2019,5,26,22,0,55.63,14.870000000000001
2019,5,26,23,0,42.53,11.21
2019,5,27,0,0,27.51,8.43
2019,5,27,1,0,20.2,9.3
2019,5,27,2,0,37.34,9.96
2019,5,27,3,0,39.57,7.25
2019,5,27,4,0,28.18,4.84
2019,5,27,5,0,34.730000000000004,2.33
2019,5,27,6,0,34.82,2.66
2019,5,27,7,0,72.02,3.36
2019,5,27,8,0,179.56,8.06
2019,5,27,9,0,208.27,13.08
2019,5,27,10,0,205.24,10.85
2019,5,27,11,0,193.4,11.39
2019,5,27,12,0,182.54,12.06
2019,5,27,13,0,171.13,12.66
2019,5,27,14,0,176.13,11.08
2019,5,27,15,0,178.49,12.06
2019,5,27,16,0,170.72,10.67
2019,5,27,17,0,168.84,12.1
2019,5,27,18,0,148.18,9.05
2019,5,27,19,0,156.83,7.21
2019,5,27,20,0,178.54,9.040000000000001
2019,5,27,21,0,188,7.2700000000000005
2019,5,27,22,0,242.09,5.42
2019,5,27,23,0,317.01,2.16
2019,5,28,0,0,34.04,3.52
2019,5,28,1,0,48.65,5.33
2019,5,28,2,0,25.21,3.42
2019,5,28,3,0,330.42,0.36
2019,5,28,4,0,328.29,1.86
2019,5,28,5,0,334.6,2.77
2019,5,28,6,0,329.81,2.62
2019,5,28,7,0,341.03000000000003,3.17
2019,5,28,8,0,2.21,3.7600000000000002
2019,5,28,9,0,1.53,4.3500000000000005
2019,5,28,10,0,2.22,3.77
2019,5,28,11,0,328.63,3.0100000000000002
2019,5,28,12,0,330.67,2.35
2019,5,28,13,0,359.41,3.72
2019,5,28,14,0,17.57,3.83
2019,5,28,15,0,32.54,3.39
2019,5,28,16,0,28.53,5.26
2019,5,28,17,0,42.95,4.3
2019,5,28,18,0,32.45,4.19
2019,5,28,19,0,34.36,3.29
2019,5,28,20,0,10.870000000000001,4.28
2019,5,28,21,0,4.08,4.68
2019,5,28,22,0,1.41,4.61
2019,5,28,23,0,18.72,4.04
2019,5,29,0,0,25.2,2.0300000000000002
2019,5,29,1,0,53.63,0.77
2019,5,29,2,0,256.59000000000003,2.15
2019,5,29,3,0,259.97,1.5
2019,5,29,4,0,221.99,0.98
2019,5,29,5,0,222.38,1.07
2019,5,29,6,0,272.23,0.96
2019,5,29,7,0,293.44,2.16
2019,5,29,8,0,318.41,1.59
2019,5,29,9,0,294.56,1.24
2019,5,29,10,0,237.1,3.74
2019,5,29,11,0,245.82,3.87
2019,5,29,12,0,248.91,3.3200000000000003
2019,5,29,13,0,309.91,1.03
2019,5,29,14,0,351.94,2.1
2019,5,29,15,0,62.550000000000004,3.65
2019,5,29,16,0,66.28,6.890000000000001
2019,5,29,17,0,44.61,8.18
2019,5,29,18,0,50.49,7.97
2019,5,29,19,0,45.9,8.52
2019,5,29,20,0,30.990000000000002,8.77
2019,5,29,21,0,32.05,8.790000000000001
2019,5,29,22,0,32,9.56
2019,5,29,23,0,43.99,10.65
2019,5,30,0,0,60.13,9.200000000000001
2019,5,30,1,0,98.04,8.3
2019,5,30,2,0,166.97,3.7800000000000002
2019,5,30,3,0,107.49000000000001,9.31
2019,5,30,4,0,88.88,10.94
2019,5,30,5,0,88.65,9.55
2019,5,30,6,0,75.95,8.65
2019,5,30,7,0,64.04,9.89
2019,5,30,8,0,67.4,9.09
2019,5,30,9,0,35.81,7.82
2019,5,30,10,0,41.5,7.83
2019,5,30,11,0,31.94,9.66
2019,5,30,12,0,29.97,11.700000000000001
2019,5,30,13,0,30.82,11.46
2019,5,30,14,0,30.55,12.18
2019,5,30,15,0,43.46,10.450000000000001
2019,5,30,16,0,52.82,14.38
2019,5,30,17,0,48.9,13.780000000000001
2019,5,30,18,0,45.56,13.620000000000001
2019,5,30,19,0,48.730000000000004,14.790000000000001
2019,5,30,20,0,50.160000000000004,12.61
2019,5,30,21,0,54.660000000000004,15.05
2019,5,30,22,0,52.07,15.200000000000001
2019,5,30,23,0,48.04,13.76
2019,5,31,0,0,55.97,13.27
2019,5,31,1,0,51.54,11.35
2019,5,31,2,0,58.29,8.74
2019,5,31,3,0,59.04,7.5600000000000005
2019,5,31,4,0,59.160000000000004,7.57
2019,5,31,5,0,62.99,7.25
2019,5,31,6,0,57.28,6.7700000000000005
2019,5,31,7,0,46.78,6.22
2019,5,31,8,0,34.56,4.16
2019,5,31,9,0,32.47,5.05
2019,5,31,10,0,26.77,6.05
2019,5,31,11,0,40.62,6.43
2019,5,31,12,0,35.89,6.67
2019,5,31,13,0,43.18,5.87
2019,5,31,14,0,52.18,5.84
2019,5,31,15,0,50.67,6.09
2019,5,31,16,0,64.35,4.79
2019,5,31,17,0,70.25,2.7800000000000002
2019,5,31,18,0,27.560000000000002,1.83
2019,5,31,19,0,22.97,4
2019,5,31,20,0,33.21,4.18
2019,5,31,21,0,53.800000000000004,2.86
2019,5,31,22,0,75.79,1.03
2019,5,31,23,0,30.53,0.72
2019,6,1,0,0,10.76,2.13
2019,6,1,1,0,3.35,3.15
2019,6,1,2,0,14.57,3.5700000000000003
2019,6,1,3,0,28.96,3.93
2019,6,1,4,0,15.58,3.14
2019,6,1,5,0,24,1.32
2019,6,1,6,0,213.02,3.87
2019,6,1,7,0,247.32,3.98
2019,6,1,8,0,236.82,5.15
2019,6,1,9,0,217.16,5.96
2019,6,1,10,0,217.91,7.51
2019,6,1,11,0,209.37,7.51
2019,6,1,12,0,208.42000000000002,6.44
2019,6,1,13,0,207.17000000000002,6.19
2019,6,1,14,0,204.96,4.94
2019,6,1,15,0,209.97,4.91
2019,6,1,16,0,191.02,4.74
2019,6,1,17,0,204.18,4.7700000000000005
2019,6,1,18,0,227.85,5.14
2019,6,1,19,0,247.5,5.5600000000000005
2019,6,1,20,0,242.56,5.48
2019,6,1,21,0,249.73000000000002,4.91
2019,6,1,22,0,241.15,4.45
2019,6,1,23,0,254.35,3.19
2019,6,2,0,0,227.65,4.78
2019,6,2,1,0,210.89000000000001,7.12
2019,6,2,2,0,205.48000000000002,7.46
2019,6,2,3,0,210.84,7.28
2019,6,2,4,0,214.33,6.390000000000001
2019,6,2,5,0,204.07,6.4
2019,6,2,6,0,191.28,7.54
2019,6,2,7,0,194.89000000000001,7.78
2019,6,2,8,0,210.35,9.39
2019,6,2,9,0,216.37,10.55
2019,6,2,10,0,215.52,10.24
2019,6,2,11,0,209.86,9.450000000000001
2019,6,2,12,0,205.6,9.23
2019,6,2,13,0,207.9,8.5
2019,6,2,14,0,209.78,7.76
2019,6,2,15,0,208.57,7.45
2019,6,2,16,0,211.35,5.84
2019,6,2,17,0,202.71,5.21
2019,6,2,18,0,196.02,5.47
2019,6,2,19,0,192,5.68
2019,6,2,20,0,196.23000000000002,5.36
2019,6,2,21,0,197.47,5.62
2019,6,2,22,0,203.29,6.0600000000000005
2019,6,2,23,0,215.27,5.55
2019,6,3,0,0,224.66,5.59
2019,6,3,1,0,225.14000000000001,5.78
2019,6,3,2,0,226.53,5.46
2019,6,3,3,0,225.52,5.36
2019,6,3,4,0,226.97,4.8100000000000005
2019,6,3,5,0,229.93,4.38
2019,6,3,6,0,227.9,4.15
2019,6,3,7,0,222.53,4.28
2019,6,3,8,0,228.34,4.44
2019,6,3,9,0,235.12,3.7800000000000002
2019,6,3,10,0,238.56,3.9
2019,6,3,11,0,235.91,3.67
2019,6,3,12,0,246.58,3.13
2019,6,3,13,0,256.93,2.46
2019,6,3,14,0,255.54,1.26
2019,6,3,15,0,276.52,1.08
2019,6,3,16,0,348.37,0.68
2019,6,3,17,0,25.79,1.05
2019,6,3,18,0,28.61,1.05
2019,6,3,19,0,37.33,0.61
2019,6,3,20,0,200.34,1.32
2019,6,3,21,0,204.29,1.82
2019,6,3,22,0,210.63,3.66
2019,6,3,23,0,228.46,5.01
2019,6,4,0,0,236.66,5.14
2019,6,4,1,0,243.20000000000002,4.33
2019,6,4,2,0,251,2.29
2019,6,4,3,0,272.68,1.61
2019,6,4,4,0,298.12,1.43
2019,6,4,5,0,328.13,2.32
2019,6,4,6,0,299.27,1.47
2019,6,4,7,0,284.91,2.22
2019,6,4,8,0,326.27,1.26
2019,6,4,9,0,72.19,0.42
2019,6,4,10,0,256.13,1.36
2019,6,4,11,0,270.73,2.2600000000000002
2019,6,4,12,0,247.22,2.05
2019,6,4,13,0,249.96,1.3900000000000001
2019,6,4,14,0,232.85,1.57
2019,6,4,15,0,236.1,1.41
2019,6,4,16,0,241.9,1.55
2019,6,4,17,0,250.86,0.86
2019,6,4,18,0,201.29,0.8
2019,6,4,19,0,206.92000000000002,1.29
2019,6,4,20,0,209.87,1.99
2019,6,4,21,0,212.98000000000002,1.78
2019,6,4,22,0,228.67000000000002,3.0700000000000003
2019,6,4,23,0,224.78,4.86
2019,6,5,0,0,224.63,5.47
2019,6,5,1,0,220.71,6.32
2019,6,5,2,0,219.26,6.73
2019,6,5,3,0,223.99,6.19
2019,6,5,4,0,218.75,7.51
2019,6,5,5,0,219.09,7.12
2019,6,5,6,0,220.85,7.2700000000000005
2019,6,5,7,0,220.3,6.92
2019,6,5,8,0,209.41,7.48
2019,6,5,9,0,207.92000000000002,7.76
2019,6,5,10,0,205.54,6.18
2019,6,5,11,0,203.84,4.55
2019,6,5,12,0,223.83,3.31
2019,6,5,13,0,198.74,3.38
2019,6,5,14,0,212.85,2.11
2019,6,5,15,0,305.56,1.43
2019,6,5,16,0,304.74,1.1400000000000001
2019,6,5,17,0,358.62,0.63
2019,6,5,18,0,59.97,0.9500000000000001
2019,6,5,19,0,329.46,0.24
2019,6,5,20,0,27.66,0.45
2019,6,5,21,0,236.94,0.28
2019,6,5,22,0,221.59,2.73
2019,6,5,23,0,231.87,4.84
2019,6,6,0,0,247.61,6.99
2019,6,6,1,0,251.34,7.3500000000000005
2019,6,6,2,0,255.15,7.6000000000000005
2019,6,6,3,0,255.8,7.48
2019,6,6,4,0,255.52,7.07
2019,6,6,5,0,246.44,7.03
2019,6,6,6,0,248.88,6.890000000000001
2019,6,6,7,0,253.03,5.5600000000000005
2019,6,6,8,0,271.76,3.9
2019,6,6,9,0,304.42,3.16
2019,6,6,10,0,332.84000000000003,1.8800000000000001
2019,6,6,11,0,5.34,1.27
2019,6,6,12,0,47.15,0.99
2019,6,6,13,0,141.44,0.34
2019,6,6,14,0,206.82,0.8300000000000001
2019,6,6,15,0,102.29,0.35000000000000003
2019,6,6,16,0,156.98,0.76
2019,6,6,17,0,192.63,1.24
2019,6,6,18,0,226.06,1.28
2019,6,6,19,0,239.45000000000002,2.35
2019,6,6,20,0,253.65,2.98
2019,6,6,21,0,253.62,3.38
2019,6,6,22,0,246.62,4.5
2019,6,6,23,0,245.17000000000002,5.84
2019,6,7,0,0,241.6,6.3500000000000005
2019,6,7,1,0,239.65,5.55
2019,6,7,2,0,247.29,6.01
2019,6,7,3,0,252.58,7
2019,6,7,4,0,254.47,6.73
2019,6,7,5,0,257.89,5.32
2019,6,7,6,0,267,4.68
2019,6,7,7,0,283.43,5.73
2019,6,7,8,0,335.68,2.0300000000000002
2019,6,7,9,0,327.01,0.73
2019,6,7,10,0,87.76,1.26
2019,6,7,11,0,122,2.21
2019,6,7,12,0,187.72,2.56
2019,6,7,13,0,244.42000000000002,1.86
2019,6,7,14,0,214.95000000000002,0.65
2019,6,7,15,0,127.57000000000001,1.31
2019,6,7,16,0,51.77,2.46
2019,6,7,17,0,40.410000000000004,3.7600000000000002
2019,6,7,18,0,28.26,3.58
2019,6,7,19,0,60.65,3.59
2019,6,7,20,0,51.65,2.58
2019,6,7,21,0,45.77,1.07
2019,6,7,22,0,250.72,1.8900000000000001
2019,6,7,23,0,242.57,3.77
2019,6,8,0,0,244.47,3.44
2019,6,8,1,0,213.98000000000002,6.4
2019,6,8,2,0,217.78,6.6000000000000005
2019,6,8,3,0,213.20000000000002,5.76
2019,6,8,4,0,216.78,6.88
2019,6,8,5,0,208.67000000000002,6.1000000000000005
2019,6,8,6,0,210.36,5.2
2019,6,8,7,0,211.6,8.91
2019,6,8,8,0,208.6,12.57
2019,6,8,9,0,209.02,12.83
2019,6,8,10,0,206.26,10.27
2019,6,8,11,0,202.34,11.25
2019,6,8,12,0,204.49,11.86
2019,6,8,13,0,205.57,12.99
2019,6,8,14,0,208.4,12.18
2019,6,8,15,0,208.92000000000002,9.83
2019,6,8,16,0,209.39000000000001,7.92
2019,6,8,17,0,205.81,6.96
2019,6,8,18,0,207.15,7.69
2019,6,8,19,0,209.38,8.65
2019,6,8,20,0,207.25,8.290000000000001
2019,6,8,21,0,212.3,6.8
2019,6,8,22,0,209.43,7.75
2019,6,8,23,0,215.78,8.44
2019,6,9,0,0,208.52,7.16
2019,6,9,1,0,220.06,8.66
2019,6,9,2,0,221.06,14.36
2019,6,9,3,0,219.38,13.38
2019,6,9,4,0,218.32,12.1
2019,6,9,5,0,209.32,9.78
2019,6,9,6,0,212.89000000000001,10.78
2019,6,9,7,0,208.14000000000001,10.34
2019,6,9,8,0,207.33,10.98
2019,6,9,9,0,214.73000000000002,11.450000000000001
2019,6,9,10,0,215.72,9.98
2019,6,9,11,0,213.38,8.61
2019,6,9,12,0,213.70000000000002,7.1000000000000005
2019,6,9,13,0,198.17000000000002,5.08
2019,6,9,14,0,186.58,4.3
2019,6,9,15,0,174.85,3
2019,6,9,16,0,184.24,3.04
2019,6,9,17,0,211.37,2.18
2019,6,9,18,0,215.71,1.35
2019,6,9,19,0,254.74,0.99
2019,6,9,20,0,244.23000000000002,0.58
2019,6,9,21,0,24.53,0.44
2019,6,9,22,0,12.950000000000001,1.49
2019,6,9,23,0,53.71,0.54
2019,6,10,0,0,231.75,1.24
2019,6,10,1,0,241.81,1.84
2019,6,10,2,0,250.12,3.5300000000000002
2019,6,10,3,0,239.38,2.71
2019,6,10,4,0,257.66,3.83
2019,6,10,5,0,274.06,4.51
2019,6,10,6,0,294.85,4.3500000000000005
2019,6,10,7,0,316.32,3.89
2019,6,10,8,0,27.44,2.2800000000000002
2019,6,10,9,0,26.87,3.5700000000000003
2019,6,10,10,0,31.55,4.89
2019,6,10,11,0,21.41,5.72
2019,6,10,12,0,25.66,5.05
2019,6,10,13,0,62.4,3.4
2019,6,10,14,0,56.61,5.7
2019,6,10,15,0,52.65,7.12
2019,6,10,16,0,49.29,6.58
2019,6,10,17,0,38.76,5.47
2019,6,10,18,0,30.810000000000002,5.14
2019,6,10,19,0,36.53,4.41
2019,6,10,20,0,50.33,5.11
2019,6,10,21,0,48.67,5.49
2019,6,10,22,0,58.56,7.140000000000001
2019,6,10,23,0,60.29,7.55
2019,6,11,0,0,54.75,7.01
2019,6,11,1,0,43.89,7.87
2019,6,11,2,0,32.57,7.8100000000000005
2019,6,11,3,0,27.490000000000002,5.37
2019,6,11,4,0,132.54,7.3
2019,6,11,5,0,126.61,8.4
2019,6,11,6,0,111.04,8.11
2019,6,11,7,0,113,11.86
2019,6,11,8,0,107.56,12.21
2019,6,11,9,0,101.2,7.97
2019,6,11,10,0,55.78,2.64
2019,6,11,11,0,18.45,3.08
2019,6,11,12,0,340.76,3.23
2019,6,11,13,0,353.39,3.73
2019,6,11,14,0,2.08,3.75
2019,6,11,15,0,3.93,6.36
2019,6,11,16,0,31.6,6.8100000000000005
2019,6,11,17,0,39.13,8.41
2019,6,11,18,0,46.33,8.68
2019,6,11,19,0,45,7.67
2019,6,11,20,0,36.62,6.28
2019,6,11,21,0,51.38,9.18
2019,6,11,22,0,54.29,10.73
2019,6,11,23,0,56.11,11.02
2019,6,12,0,0,63.39,11.21
2019,6,12,1,0,60.08,8.38
2019,6,12,2,0,67.49,2.45
2019,6,12,3,0,39.77,0.91
2019,6,12,4,0,9.67,1.84
2019,6,12,5,0,35.59,3.61
2019,6,12,6,0,51.29,3.16
2019,6,12,7,0,46.15,3.34
2019,6,12,8,0,69.02,3.1
2019,6,12,9,0,41.74,3.69
2019,6,12,10,0,41.5,4.4
2019,6,12,11,0,13.09,3.84
2019,6,12,12,0,13.1,4.0600000000000005
2019,6,12,13,0,92.11,2.85
2019,6,12,14,0,89.45,1.75
2019,6,12,15,0,30.830000000000002,5.09
2019,6,12,16,0,40.76,4.72
2019,6,12,17,0,33.3,4.66
2019,6,12,18,0,22.47,4.64
2019,6,12,19,0,12.8,4.61
2019,6,12,20,0,11.35,5.01
2019,6,12,21,0,21.72,4.34
2019,6,12,22,0,18.64,4.3
2019,6,12,23,0,23.09,3.7800000000000002
2019,6,13,0,0,12.18,2.79
2019,6,13,1,0,53.660000000000004,2.19
2019,6,13,2,0,109.26,0.79
2019,6,13,3,0,210.67000000000002,2.6
2019,6,13,4,0,224.68,4.86
2019,6,13,5,0,231.73000000000002,5.2700000000000005
2019,6,13,6,0,218.33,6.3500000000000005
2019,6,13,7,0,211.13,6.53
2019,6,13,8,0,218.24,7.79
2019,6,13,9,0,206.24,8.91
2019,6,13,10,0,201.96,8.93
2019,6,13,11,0,207.68,7.76
2019,6,13,12,0,207.51,8.51
2019,6,13,13,0,212.20000000000002,10.15
2019,6,13,14,0,212.76,10.69
2019,6,13,15,0,207.59,9.59
2019,6,13,16,0,209.71,8.1
2019,6,13,17,0,203.5,6.33
2019,6,13,18,0,199.4,6.890000000000001
2019,6,13,19,0,198.27,6.3
2019,6,13,20,0,210.99,4.82
2019,6,13,21,0,217.36,3.97
2019,6,13,22,0,231.19,4.91
2019,6,13,23,0,238.27,4.25
2019,6,14,0,0,228.53,3.23
2019,6,14,1,0,216.46,4.93
2019,6,14,2,0,222.86,5.03
2019,6,14,3,0,216.33,4.82
2019,6,14,4,0,214,5.4
2019,6,14,5,0,223.28,6.96
2019,6,14,6,0,225.43,9.61
2019,6,14,7,0,218.72,9.450000000000001
2019,6,14,8,0,218.04,9.3
2019,6,14,9,0,217.84,9.27
2019,6,14,10,0,221.26,8.55
2019,6,14,11,0,215.8,9.33
2019,6,14,12,0,223.25,6.88
2019,6,14,13,0,241.47,3.93
2019,6,14,14,0,247.83,1.85
2019,6,14,15,0,38.2,0.22
2019,6,14,16,0,81.11,1.31
2019,6,14,17,0,68.83,1.3800000000000001
2019,6,14,18,0,41.910000000000004,2.41
2019,6,14,19,0,34.11,3.35
2019,6,14,20,0,21.69,3.65
2019,6,14,21,0,20.77,4.08
2019,6,14,22,0,26.1,2.5500000000000003
2019,6,14,23,0,351.14,0.58
2019,6,15,0,0,237.98000000000002,0.19
2019,6,15,1,0,226.62,1.1400000000000001
2019,6,15,2,0,251.79,1
2019,6,15,3,0,210.66,3
2019,6,15,4,0,222.19,4.78
2019,6,15,5,0,199.03,6.45
2019,6,15,6,0,222.32,7
2019,6,15,7,0,208.68,5.1000000000000005
2019,6,15,8,0,255.53,2.14
2019,6,15,9,0,259.3,1.3800000000000001
2019,6,15,10,0,18.650000000000002,1.85
2019,6,15,11,0,41.43,4.69
2019,6,15,12,0,74.8,4.36
2019,6,15,13,0,33.53,5.36
2019,6,15,14,0,40.410000000000004,5.94
2019,6,15,15,0,32.62,7.32
2019,6,15,16,0,32.46,7.7
2019,6,15,17,0,42.35,6.7700000000000005
2019,6,15,18,0,47.36,7.11
2019,6,15,19,0,45.69,7.74
2019,6,15,20,0,54.27,7.53
2019,6,15,21,0,50.99,7.23
2019,6,15,22,0,36.21,7.08
2019,6,15,23,0,32.45,7
2019,6,16,0,0,24.01,5.92
2019,6,16,1,0,11.540000000000001,5.11
2019,6,16,2,0,28.63,5.18
2019,6,16,3,0,57.800000000000004,7.9
2019,6,16,4,0,59.84,7.37
2019,6,16,5,0,52.75,7.88
2019,6,16,6,0,52.45,8.27
2019,6,16,7,0,65.78,7.45
2019,6,16,8,0,66.36,5.94
2019,6,16,9,0,63.33,6.72
2019,6,16,10,0,42.75,6.37
2019,6,16,11,0,42.56,5
2019,6,16,12,0,50.58,5.33
2019,6,16,13,0,28.85,8.38
2019,6,16,14,0,17.650000000000002,7.49
2019,6,16,15,0,17.63,9.32
2019,6,16,16,0,32.24,9.41
2019,6,16,17,0,34.480000000000004,9.82
2019,6,16,18,0,36.01,10.93
2019,6,16,19,0,39.6,11.69
2019,6,16,20,0,43.12,11.94
2019,6,16,21,0,34.61,12.200000000000001
2019,6,16,22,0,43.39,11.16
2019,6,16,23,0,46.78,14.18
2019,6,17,0,0,40.27,12.92
2019,6,17,1,0,35.42,11.84
2019,6,17,2,0,37.06,10.790000000000001
2019,6,17,3,0,45.28,10.870000000000001
2019,6,17,4,0,120.19,3.11
2019,6,17,5,0,113.88,5.26
2019,6,17,6,0,116.3,5.04
2019,6,17,7,0,130.6,3.2600000000000002
2019,6,17,8,0,111.95,3.89
2019,6,17,9,0,113.53,4.61
2019,6,17,10,0,116.58,3.65
2019,6,17,11,0,49.01,1.79
2019,6,17,12,0,0.8300000000000001,1.62
2019,6,17,13,0,6.26,1.26
2019,6,17,14,0,15.620000000000001,0.63
2019,6,17,15,0,327.32,0.8200000000000001
2019,6,17,16,0,296.72,1.02
2019,6,17,17,0,308.12,0.13
2019,6,17,18,0,90.57000000000001,0.47000000000000003
2019,6,17,19,0,51.19,0.73
2019,6,17,20,0,114.68,0.88
2019,6,17,21,0,161.88,0.97
2019,6,17,22,0,229.20000000000002,1.43
2019,6,17,23,0,249.12,1.93
2019,6,18,0,0,235.58,2.5100000000000002
2019,6,18,1,0,194.23000000000002,3.91
2019,6,18,2,0,212.27,6.36
2019,6,18,3,0,216.84,7.44
2019,6,18,4,0,211.39000000000001,7.38
2019,6,18,5,0,211.73000000000002,7.65
2019,6,18,6,0,210.98000000000002,7.58
2019,6,18,7,0,203.63,10.35
2019,6,18,8,0,205.43,12.13
2019,6,18,9,0,204.08,11.86
2019,6,18,10,0,201.26,11.200000000000001
2019,6,18,11,0,206.93,11.53
2019,6,18,12,0,202.42000000000002,10.77
2019,6,18,13,0,204.48000000000002,10.5
2019,6,18,14,0,202.75,10.02
2019,6,18,15,0,197.31,9.59
2019,6,18,16,0,200.92000000000002,9.700000000000001
2019,6,18,17,0,199.20000000000002,9.58
2019,6,18,18,0,197.34,9.24
2019,6,18,19,0,195.36,8.81
2019,6,18,20,0,198.69,9.13
2019,6,18,21,0,203.53,8.03
2019,6,18,22,0,204.14000000000001,7.33
2019,6,18,23,0,204.9,7.72
2019,6,19,0,0,208.16,8.31
2019,6,19,1,0,210.27,7.5
2019,6,19,2,0,209.33,6.88
2019,6,19,3,0,204.35,7.640000000000001
2019,6,19,4,0,196.91,9.1
2019,6,19,5,0,198.32,9.52
2019,6,19,6,0,200.65,10.78
2019,6,19,7,0,201.27,13.14
2019,6,19,8,0,198.85,13.040000000000001
2019,6,19,9,0,200.59,12.81
2019,6,19,10,0,207.36,11.23
2019,6,19,11,0,209.22,8.97
2019,6,19,12,0,208.82,7.94
2019,6,19,13,0,205.71,7.79
2019,6,19,14,0,210.73000000000002,6
2019,6,19,15,0,206.43,4.66
2019,6,19,16,0,196.96,2.23
2019,6,19,17,0,149.53,0.39
2019,6,19,18,0,66.62,1.37
2019,6,19,19,0,132.39000000000001,1.49
2019,6,19,20,0,166.12,2.0300000000000002
2019,6,19,21,0,174.14000000000001,2.73
2019,6,19,22,0,175.64000000000001,3.35
2019,6,19,23,0,189.71,2.42
2019,6,20,0,0,195.68,2.84
2019,6,20,1,0,203.62,2.82
2019,6,20,2,0,204.03,3.35
2019,6,20,3,0,206.3,4.32
2019,6,20,4,0,201.25,5.51
2019,6,20,5,0,212.39000000000001,6.15
2019,6,20,6,0,209.18,5.45
2019,6,20,7,0,207.25,7.72
2019,6,20,8,0,206.6,9.120000000000001
2019,6,20,9,0,206.09,9.040000000000001
2019,6,20,10,0,207.31,8.68
2019,6,20,11,0,209.39000000000001,8.1
2019,6,20,12,0,212.26,5.78
2019,6,20,13,0,201.87,4.61
2019,6,20,14,0,199.9,4.9
2019,6,20,15,0,211.20000000000002,4.03
2019,6,20,16,0,210.6,2.37
2019,6,20,17,0,177.39000000000001,1.94
2019,6,20,18,0,172.21,1.54
2019,6,20,19,0,74.38,0.6900000000000001
2019,6,20,20,0,70.3,0.74
2019,6,20,21,0,176,0.81
2019,6,20,22,0,190.23,1.25
2019,6,20,23,0,206.25,1.85
2019,6,21,0,0,219.1,2.5
2019,6,21,1,0,227.69,2.97
2019,6,21,2,0,229.47,4.14
2019,6,21,3,0,215.36,5.78
2019,6,21,4,0,207.54,5.59
2019,6,21,5,0,199.63,5.63
2019,6,21,6,0,211.66,6.5200000000000005
2019,6,21,7,0,211.87,6.16
2019,6,21,8,0,207.98000000000002,7.97
2019,6,21,9,0,211.43,8.22
2019,6,21,10,0,214.87,6.47
2019,6,21,11,0,212.99,6.37
2019,6,21,12,0,213.99,6.41
2019,6,21,13,0,216.41,6.15
2019,6,21,14,0,218.24,5.08
2019,6,21,15,0,202.84,2.85
2019,6,21,16,0,191.12,3.0100000000000002
2019,6,21,17,0,189.06,3.47
2019,6,21,18,0,197.68,2.68
2019,6,21,19,0,198.74,1.87
2019,6,21,20,0,198.94,1.52
2019,6,21,21,0,208.82,1.03
2019,6,21,22,0,219.01,1.78
2019,6,21,23,0,227.32,2.99
2019,6,22,0,0,230.03,4.0200000000000005
2019,6,22,1,0,228.06,4.5600000000000005
2019,6,22,2,0,226.62,4.59
2019,6,22,3,0,220.1,5.76
2019,6,22,4,0,214.29,6.36
2019,6,22,5,0,210.68,7.57
2019,6,22,6,0,201.95000000000002,10.27
2019,6,22,7,0,199.02,11.57
2019,6,22,8,0,201.70000000000002,12.01
2019,6,22,9,0,203.1,11.69
2019,6,22,10,0,204.63,11.21
2019,6,22,11,0,208.62,10.790000000000001
2019,6,22,12,0,208.96,9.73
2019,6,22,13,0,203.88,8.77
2019,6,22,14,0,203.39000000000001,8.31
2019,6,22,15,0,208.17000000000002,6.96
2019,6,22,16,0,202.32,6.640000000000001
2019,6,22,17,0,208.51,5.07
2019,6,22,18,0,220.43,2.84
2019,6,22,19,0,229.70000000000002,2.79
2019,6,22,20,0,219.15,2.63
2019,6,22,21,0,196.5,2.3000000000000003
2019,6,22,22,0,199.93,3.69
2019,6,22,23,0,203,4
2019,6,23,0,0,210.54,4.5
2019,6,23,1,0,217.9,4.69
2019,6,23,2,0,219.45000000000002,4.8500000000000005
2019,6,23,3,0,235.63,6.87
2019,6,23,4,0,243.11,7.79
2019,6,23,5,0,254.76000000000002,8.05
2019,6,23,6,0,256.27,7.54
2019,6,23,7,0,271.98,6.54
2019,6,23,8,0,302.32,3.7
2019,6,23,9,0,12.51,1.1
2019,6,23,10,0,136.77,1.03
2019,6,23,11,0,268.39,2.21
2019,6,23,12,0,246.62,1.9000000000000001
2019,6,23,13,0,81.29,0.98
2019,6,23,14,0,49.63,2.39
2019,6,23,15,0,40.4,1.73
2019,6,23,16,0,39.77,1.78
2019,6,23,17,0,223.01,0.97
2019,6,23,18,0,195.05,0.67
2019,6,23,19,0,233.63,1.31
2019,6,23,20,0,249.39000000000001,3.13
2019,6,23,21,0,257.94,3.19
2019,6,23,22,0,256.7,3.73
2019,6,23,23,0,258.1,4.21
2019,6,24,0,0,241.36,5.15
2019,6,24,1,0,250.46,5.36
2019,6,24,2,0,252.34,5.98
2019,6,24,3,0,253.72,7.61
2019,6,24,4,0,256.59000000000003,7.1000000000000005
2019,6,24,5,0,264.27,7.15
2019,6,24,6,0,271.89,5.79
2019,6,24,7,0,287.56,6.3100000000000005
2019,6,24,8,0,310.87,3.71
2019,6,24,9,0,55.97,3.85
2019,6,24,10,0,50.07,2.48
2019,6,24,11,0,30.03,1.75
2019,6,24,12,0,2.92,2.8000000000000003
2019,6,24,13,0,334.63,2.16
2019,6,24,14,0,13.07,3.16
2019,6,24,15,0,352.97,2.31
2019,6,24,16,0,322.82,0.65
2019,6,24,17,0,238.72,1.3800000000000001
2019,6,24,18,0,280.31,1.69
2019,6,24,19,0,258.09000000000003,1.56
2019,6,24,20,0,249.51000000000002,2.35
2019,6,24,21,0,225.13,3.04
2019,6,24,22,0,225.3,4.74
2019,6,24,23,0,223.85,6.140000000000001
2019,6,25,0,0,224.99,6.11
2019,6,25,1,0,231.1,6.29
2019,6,25,2,0,229.01,6.03
2019,6,25,3,0,225.42000000000002,7.13
2019,6,25,4,0,216.76,7.24
2019,6,25,5,0,220.4,11.44
2019,6,25,6,0,210.16,8.24
2019,6,25,7,0,218.72,8.5
2019,6,25,8,0,207.03,10.86
2019,6,25,9,0,208.11,12.99
2019,6,25,10,0,207.71,13.13
2019,6,25,11,0,208.09,12.530000000000001
2019,6,25,12,0,207.81,12.280000000000001
2019,6,25,13,0,204.94,12.59
2019,6,25,14,0,204.92000000000002,12.49
2019,6,25,15,0,206.27,10.42
2019,6,25,16,0,206.28,9.450000000000001
2019,6,25,17,0,203.74,8.98
2019,6,25,18,0,208.41,8.700000000000001
2019,6,25,19,0,208.84,7.86
2019,6,25,20,0,210.52,7.67
2019,6,25,21,0,208.19,7.96
2019,6,25,22,0,210.69,8.4
2019,6,25,23,0,211.94,8.73
2019,6,26,0,0,212.01,9.11
2019,6,26,1,0,211.15,10.09
2019,6,26,2,0,208.20000000000002,11.290000000000001
2019,6,26,3,0,211.20000000000002,11.08
2019,6,26,4,0,210.67000000000002,11.16
2019,6,26,5,0,210.55,11.98
2019,6,26,6,0,210.39000000000001,12.96
2019,6,26,7,0,207.98000000000002,14.63
2019,6,26,8,0,206.39000000000001,15.030000000000001
2019,6,26,9,0,203.4,12.92
2019,6,26,10,0,200.83,12.14
2019,6,26,11,0,204.27,11.040000000000001
2019,6,26,12,0,199.74,9.950000000000001
2019,6,26,13,0,198.84,9.15
2019,6,26,14,0,201.79,8.4
2019,6,26,15,0,209.87,6.69
2019,6,26,16,0,212.53,6.28
2019,6,26,17,0,220.17000000000002,6.55
2019,6,26,18,0,221.96,4.84
2019,6,26,19,0,219.84,3.09
2019,6,26,20,0,208.20000000000002,3.27
2019,6,26,21,0,208.08,3.61
2019,6,26,22,0,202.42000000000002,3.56
2019,6,26,23,0,210.34,3.75
2019,6,27,0,0,227.62,4.4
2019,6,27,1,0,215.94,3.92
2019,6,27,2,0,213.17000000000002,4.55
2019,6,27,3,0,216.4,4.65
2019,6,27,4,0,220.79,4.5600000000000005
2019,6,27,5,0,215.89000000000001,5.75
2019,6,27,6,0,215.78,5.65
2019,6,27,7,0,211.48000000000002,5.08
2019,6,27,8,0,208.37,4.96
2019,6,27,9,0,204.70000000000002,5.4
2019,6,27,10,0,206.93,5.15
2019,6,27,11,0,219.12,4.47
2019,6,27,12,0,219.04,3.21
2019,6,27,13,0,224.63,2.62
2019,6,27,14,0,237.71,1.68
2019,6,27,15,0,224.72,1.27
2019,6,27,16,0,204.93,1.03
2019,6,27,17,0,193.12,0.9400000000000001
2019,6,27,18,0,166.17000000000002,1.05
2019,6,27,19,0,119.58,0.74
2019,6,27,20,0,94.3,0.9
2019,6,27,21,0,93.46000000000001,1.11
2019,6,27,22,0,78.16,0.65
2019,6,27,23,0,182.92000000000002,0.64
2019,6,28,0,0,212.03,1.17
2019,6,28,1,0,204.8,1.6300000000000001
2019,6,28,2,0,208.85,2.19
2019,6,28,3,0,216.64000000000001,3.56
2019,6,28,4,0,220.01,3.5500000000000003
2019,6,28,5,0,211.04,4.92
2019,6,28,6,0,214.25,5.76
2019,6,28,7,0,217.64000000000001,7.38
2019,6,28,8,0,210.44,8.44
2019,6,28,9,0,207.68,8.72
2019,6,28,10,0,206.82,8.25
2019,6,28,11,0,206.56,7.96
2019,6,28,12,0,209.21,7.3100000000000005
2019,6,28,13,0,215.65,6.2700000000000005
2019,6,28,14,0,222.83,4.5200000000000005
2019,6,28,15,0,227.97,2.81
2019,6,28,16,0,191.68,1.3800000000000001
2019,6,28,17,0,175.91,1.33
2019,6,28,18,0,167.94,1.2
2019,6,28,19,0,208.14000000000001,0.9500000000000001
2019,6,28,20,0,217.23000000000002,0.5700000000000001
2019,6,28,21,0,221.97,0.26
2019,6,28,22,0,174.8,0.92
2019,6,28,23,0,210.15,1.6400000000000001
2019,6,29,0,0,206.82,2.2600000000000002
2019,6,29,1,0,210.33,2.94
2019,6,29,2,0,210.28,3.5100000000000002
2019,6,29,3,0,217.68,3.85
2019,6,29,4,0,216.82,4.26
2019,6,29,5,0,217.11,4.71
2019,6,29,6,0,217.20000000000002,5.09
2019,6,29,7,0,216.96,5.86
2019,6,29,8,0,218.05,6.98
2019,6,29,9,0,212.08,7.37
2019,6,29,10,0,212.66,7.32
2019,6,29,11,0,210.75,6.49
2019,6,29,12,0,212.82,6.03
2019,6,29,13,0,211.21,5.37
2019,6,29,14,0,215.65,4.25
2019,6,29,15,0,223.15,3.19
2019,6,29,16,0,241.14000000000001,2.15
2019,6,29,17,0,226.64000000000001,1.83
2019,6,29,18,0,211.13,1.57
2019,6,29,19,0,208.36,1.46
2019,6,29,20,0,203.79,1.52
2019,6,29,21,0,202.32,1.73
2019,6,29,22,0,196.08,1.97
2019,6,29,23,0,199.34,2.6
2019,6,30,0,0,198.46,3.15
2019,6,30,1,0,204.14000000000001,4
2019,6,30,2,0,205.8,4.84
2019,6,30,3,0,204.4,5.14
2019,6,30,4,0,216.58,5.17
2019,6,30,5,0,212.26,5.54
2019,6,30,6,0,213,6.16
2019,6,30,7,0,210.3,9.56
2019,6,30,8,0,208.68,10.93
2019,6,30,9,0,207.04,11.01
2019,6,30,10,0,200.94,10.96
2019,6,30,11,0,198.22,9.950000000000001
2019,6,30,12,0,201.12,8.5
2019,6,30,13,0,211.86,7.91
2019,6,30,14,0,220.86,5.84
2019,6,30,15,0,221.62,5.03
2019,6,30,16,0,225.22,4.74
2019,6,30,17,0,217.13,2.85
2019,6,30,18,0,196.99,3.0100000000000002
2019,6,30,19,0,203.52,6.2
2019,6,30,20,0,194.71,6.01
2019,6,30,21,0,200.08,6.44
2019,6,30,22,0,206.53,8.06
2019,6,30,23,0,206.98000000000002,8.99
2019,7,1,0,0,207.32,8.74
2019,7,1,1,0,203.9,9.66
2019,7,1,2,0,202.33,10.34
2019,7,1,3,0,201.07,9.97
2019,7,1,4,0,201.59,10.16
2019,7,1,5,0,200.37,10.63
2019,7,1,6,0,197.21,9.91
2019,7,1,7,0,200.13,8.92
2019,7,1,8,0,215.24,5.72
2019,7,1,9,0,216.67000000000002,2.58
2019,7,1,10,0,305.09000000000003,1.37
2019,7,1,11,0,6.71,4.14
2019,7,1,12,0,40.46,4.8500000000000005
2019,7,1,13,0,65.11,5.21
2019,7,1,14,0,73.81,3.5700000000000003
2019,7,1,15,0,97.72,2.37
2019,7,1,16,0,124.33,2.5500000000000003
2019,7,1,17,0,136.09,2.23
2019,7,1,18,0,154.84,2.05
2019,7,1,19,0,201.92000000000002,2.43
2019,7,1,20,0,209.23000000000002,3.35
2019,7,1,21,0,201.54,3.67
2019,7,1,22,0,200.39000000000001,3.71
2019,7,1,23,0,207.08,3.99
2019,7,2,0,0,219.48000000000002,3.46
2019,7,2,1,0,224.01,4.29
2019,7,2,2,0,239.92000000000002,4.57
2019,7,2,3,0,245.03,4.66
2019,7,2,4,0,236.39000000000001,4.28
2019,7,2,5,0,248.41,4.23
2019,7,2,6,0,245.92000000000002,3.31
2019,7,2,7,0,241.87,2.44
2019,7,2,8,0,231.31,2.04
2019,7,2,9,0,248.21,2.95
2019,7,2,10,0,226.95000000000002,2.8000000000000003
2019,7,2,11,0,211.1,3.97
2019,7,2,12,0,216.35,2.81
2019,7,2,13,0,195.70000000000002,1.45
2019,7,2,14,0,206.36,1.59
2019,7,2,15,0,347,1.2
2019,7,2,16,0,19.43,2.19
2019,7,2,17,0,18.34,2.44
2019,7,2,18,0,14.36,3.09
2019,7,2,19,0,37.88,3.14
2019,7,2,20,0,57.63,2.18
2019,7,2,21,0,92.15,1.1400000000000001
2019,7,2,22,0,207.43,1.78
2019,7,2,23,0,232.76,2.71
2019,7,3,0,0,240.22,3.49
2019,7,3,1,0,235.82,3.09
2019,7,3,2,0,215.66,2.98
2019,7,3,3,0,216.05,3.09
2019,7,3,4,0,213.41,4.15
2019,7,3,5,0,201.25,3.5300000000000002
2019,7,3,6,0,201.85,4.54
2019,7,3,7,0,204.23000000000002,6.26
2019,7,3,8,0,212.05,6.74
2019,7,3,9,0,204.4,6.61
2019,7,3,10,0,193.43,6.03
2019,7,3,11,0,197.35,5.83
2019,7,3,12,0,219.39000000000001,4.7
2019,7,3,13,0,235.37,3.5700000000000003
2019,7,3,14,0,232.71,1.8800000000000001
2019,7,3,15,0,193.85,0.35000000000000003
2019,7,3,16,0,82.78,2.2600000000000002
2019,7,3,17,0,106.17,2.22
2019,7,3,18,0,124.02,2.0300000000000002
2019,7,3,19,0,128.36,2.49
2019,7,3,20,0,146.36,2.44
2019,7,3,21,0,141.26,1.9000000000000001
2019,7,3,22,0,171.21,1.75
2019,7,3,23,0,213.5,1.72
2019,7,4,0,0,231.04,3.14
2019,7,4,1,0,227.57,3.52
2019,7,4,2,0,233.14000000000001,3.56
2019,7,4,3,0,242.44,3.24
2019,7,4,4,0,249.29,2.79
2019,7,4,5,0,263.11,2.79
2019,7,4,6,0,266.55,2.95
2019,7,4,7,0,275.53000000000003,2.83
2019,7,4,8,0,277.35,2.68
2019,7,4,9,0,38.67,2.58
2019,7,4,10,0,18.88,7.67
2019,7,4,11,0,16.46,8.96
2019,7,4,12,0,41.47,6.16
2019,7,4,13,0,65.19,7.22
2019,7,4,14,0,67.37,6.54
2019,7,4,15,0,55.75,7.19
2019,7,4,16,0,76.46000000000001,2.73
2019,7,4,17,0,65.69,3.34
2019,7,4,18,0,61.370000000000005,4.15
2019,7,4,19,0,66.51,0.87
2019,7,4,20,0,251.71,0.98
2019,7,4,21,0,271.5,0.28
2019,7,4,22,0,217.21,0.9
2019,7,4,23,0,248.89000000000001,2.44
2019,7,5,0,0,253.16,2.7
2019,7,5,1,0,246.39000000000001,1.87
2019,7,5,2,0,230.8,1.74
2019,7,5,3,0,242.28,2.14
2019,7,5,4,0,240.96,2.83
2019,7,5,5,0,263.66,2.98
2019,7,5,6,0,288.38,3.45
2019,7,5,7,0,296.83,4.78
2019,7,5,8,0,304.82,3.67
2019,7,5,9,0,357.64,2.84
2019,7,5,10,0,34.56,6.32
2019,7,5,11,0,23.09,4.54
2019,7,5,12,0,359.64,2.7600000000000002
2019,7,5,13,0,8.16,2.25
2019,7,5,14,0,49.39,2.09
2019,7,5,15,0,37.050000000000004,3.42
2019,7,5,16,0,64.89,5.5200000000000005
2019,7,5,17,0,79.86,4.44
2019,7,5,18,0,99.98,3.2800000000000002
2019,7,5,19,0,110.28,2.21
2019,7,5,20,0,109.02,1.25
2019,7,5,21,0,119.71000000000001,1.21
2019,7,5,22,0,173.20000000000002,0.96
2019,7,5,23,0,216.58,1.78
2019,7,6,0,0,230.18,3.17
2019,7,6,1,0,238.54,3.94
2019,7,6,2,0,233.13,4.68
2019,7,6,3,0,235.93,5.55
2019,7,6,4,0,231.26,6.07
2019,7,6,5,0,225.29,6.28
2019,7,6,6,0,221.87,6.0600000000000005
2019,7,6,7,0,220.58,7.03
2019,7,6,8,0,215.62,7.92
2019,7,6,9,0,210.76,8.51
2019,7,6,10,0,212.04,7.83
2019,7,6,11,0,212.89000000000001,6.16
2019,7,6,12,0,215.14000000000001,4.61
2019,7,6,13,0,221.44,3.33
2019,7,6,14,0,237.37,2.07
2019,7,6,15,0,262.4,1.2
2019,7,6,16,0,292.85,0.74
2019,7,6,17,0,6.05,0.99
2019,7,6,18,0,20.56,0.8
2019,7,6,19,0,19.95,1.42
2019,7,6,20,0,25.66,2.1
2019,7,6,21,0,24.27,1.55
2019,7,6,22,0,42.71,0.53
2019,7,6,23,0,5.98,0.2
2019,7,7,0,0,243,0.66
2019,7,7,1,0,242.81,2.04
2019,7,7,2,0,242.62,3.1
2019,7,7,3,0,243.34,4.18
2019,7,7,4,0,246.71,4.87
2019,7,7,5,0,243.45000000000002,4.94
2019,7,7,6,0,246.23000000000002,4.2700000000000005
2019,7,7,7,0,239.65,4.61
2019,7,7,8,0,241.79,5
2019,7,7,9,0,237.94,4.24
2019,7,7,10,0,238.21,4.15
2019,7,7,11,0,234.65,3.92
2019,7,7,12,0,237.58,3.42
2019,7,7,13,0,233.33,3.0500000000000003
2019,7,7,14,0,246.56,2.95
2019,7,7,15,0,252.06,1.81
2019,7,7,16,0,319.22,0.68
2019,7,7,17,0,43.57,1.87
2019,7,7,18,0,49.58,3.09
2019,7,7,19,0,45.58,3.2600000000000002
2019,7,7,20,0,47.36,2.89
2019,7,7,21,0,52.26,2.83
2019,7,7,22,0,66.38,1.6500000000000001
2019,7,7,23,0,65.97,0.85
2019,7,8,0,0,42.800000000000004,0.56
2019,7,8,1,0,317.72,0.4
2019,7,8,2,0,253.93,2.0100000000000002
2019,7,8,3,0,253.70000000000002,3.92
2019,7,8,4,0,247.46,4.64
2019,7,8,5,0,245.93,5.33
2019,7,8,6,0,248.85,5.5600000000000005
2019,7,8,7,0,241.37,5.4
2019,7,8,8,0,239.18,5.45
2019,7,8,9,0,240.49,5.37
2019,7,8,10,0,225.99,6.05
2019,7,8,11,0,228.47,5.12
2019,7,8,12,0,228.55,3.5700000000000003
2019,7,8,13,0,220.57,2.79
2019,7,8,14,0,239.14000000000001,1.21
2019,7,8,15,0,276.29,1.49
2019,7,8,16,0,337.92,1.6600000000000001
2019,7,8,17,0,13.31,2.46
2019,7,8,18,0,27.52,2.41
2019,7,8,19,0,34,1.73
2019,7,8,20,0,59.6,2.32
2019,7,8,21,0,72.38,3.61
2019,7,8,22,0,81.15,2.36
2019,7,8,23,0,73.26,1.69
2019,7,9,0,0,27.94,1.35
2019,7,9,1,0,12,0.81
2019,7,9,2,0,308.25,0.53
2019,7,9,3,0,278.62,0.97
2019,7,9,4,0,278.96,2.13
2019,7,9,5,0,285.92,3.02
2019,7,9,6,0,299.89,4.21
2019,7,9,7,0,293.39,3.84
2019,7,9,8,0,296.56,4.44
2019,7,9,9,0,257.25,3.56
2019,7,9,10,0,241.27,4.75
2019,7,9,11,0,235.27,4.75
2019,7,9,12,0,239.4,3.96
2019,7,9,13,0,236.25,3.69
2019,7,9,14,0,245.32,2.21
2019,7,9,15,0,282.01,0.74
2019,7,9,16,0,25.73,1.31
2019,7,9,17,0,54.13,2.72
2019,7,9,18,0,48.370000000000005,3.61
2019,7,9,19,0,56.76,3.54
2019,7,9,20,0,82.89,1.98
2019,7,9,21,0,158.55,2.0100000000000002
2019,7,9,22,0,180.41,3.71
2019,7,9,23,0,180.51,4.32
2019,7,10,0,0,180.55,4.7
2019,7,10,1,0,193.74,6.1000000000000005
2019,7,10,2,0,204.5,4.8500000000000005
2019,7,10,3,0,217.52,5.58
2019,7,10,4,0,215.62,6.38
2019,7,10,5,0,212.85,6.7
2019,7,10,6,0,214.01,8.34
2019,7,10,7,0,206.08,10.24
2019,7,10,8,0,203.63,10.39
2019,7,10,9,0,203.71,10.75
2019,7,10,10,0,201,10.950000000000001
2019,7,10,11,0,199.37,11.34
2019,7,10,12,0,199.94,10.88
2019,7,10,13,0,196.81,10.32
2019,7,10,14,0,194.32,10.19
2019,7,10,15,0,193.39000000000001,9.66
2019,7,10,16,0,191,8.85
2019,7,10,17,0,191.58,8.63
2019,7,10,18,0,190.31,8.59
2019,7,10,19,0,192.31,8.07
2019,7,10,20,0,195.78,7.84
2019,7,10,21,0,201.02,7.69
2019,7,10,22,0,209.1,7.09
2019,7,10,23,0,211.36,7.21
2019,7,11,0,0,209.48000000000002,7.1000000000000005
2019,7,11,1,0,209.23000000000002,7.86
2019,7,11,2,0,206.57,8.98
2019,7,11,3,0,208.36,8.94
2019,7,11,4,0,204.43,9.86
2019,7,11,5,0,204.86,10.8
2019,7,11,6,0,202.08,10.59
2019,7,11,7,0,202.01,10.68
2019,7,11,8,0,201.16,11.26
2019,7,11,9,0,200.88,11.5
2019,7,11,10,0,202.08,10.950000000000001
2019,7,11,11,0,196.52,10.9
2019,7,11,12,0,196.61,10
2019,7,11,13,0,196.02,9.23
2019,7,11,14,0,195.20000000000002,9.56
2019,7,11,15,0,196.54,9.370000000000001
2019,7,11,16,0,196.28,9.83
2019,7,11,17,0,195.92000000000002,9.15
2019,7,11,18,0,198.12,8.36
2019,7,11,19,0,197.84,8.71
2019,7,11,20,0,200.99,8.700000000000001
2019,7,11,21,0,203.62,8.38
2019,7,11,22,0,202.54,8.49
2019,7,11,23,0,204.99,8.69
2019,7,12,0,0,203.6,9.68
2019,7,12,1,0,201.43,10.31
2019,7,12,2,0,196.92000000000002,11.55
2019,7,12,3,0,196.78,12.14
2019,7,12,4,0,198.20000000000002,12.85
2019,7,12,5,0,201.07,13.38
2019,7,12,6,0,198.65,13.57
2019,7,12,7,0,197.29,15.07
2019,7,12,8,0,196.28,14.86
2019,7,12,9,0,196.62,14.38
2019,7,12,10,0,198.91,14.280000000000001
2019,7,12,11,0,196.87,13.36
2019,7,12,12,0,199.78,12.76
2019,7,12,13,0,197.14000000000001,11.89
2019,7,12,14,0,196.35,11.290000000000001
2019,7,12,15,0,194.54,11.64
2019,7,12,16,0,193.52,11
2019,7,12,17,0,195.61,10.870000000000001
2019,7,12,18,0,196.75,10.4
2019,7,12,19,0,196.08,10.46
2019,7,12,20,0,195.79,9.74
2019,7,12,21,0,197.43,9.31
2019,7,12,22,0,197.55,8.88
2019,7,12,23,0,201.09,9.05
2019,7,13,0,0,202.48000000000002,9.31
2019,7,13,1,0,203.6,8.99
2019,7,13,2,0,205.93,8.52
2019,7,13,3,0,204.3,9.53
2019,7,13,4,0,206.52,10.32
2019,7,13,5,0,207.70000000000002,10.370000000000001
2019,7,13,6,0,207.55,10.35
2019,7,13,7,0,208.8,10.6
2019,7,13,8,0,206.65,11.42
2019,7,13,9,0,203.57,11.15
2019,7,13,10,0,201.21,10.67
2019,7,13,11,0,201.24,9.88
2019,7,13,12,0,200.76,9.63
2019,7,13,13,0,196.4,9.370000000000001
2019,7,13,14,0,193.48000000000002,9.200000000000001
2019,7,13,15,0,193.95000000000002,8.790000000000001
2019,7,13,16,0,194.77,9.040000000000001
2019,7,13,17,0,197.03,8.870000000000001
2019,7,13,18,0,196.59,9.31
2019,7,13,19,0,195.43,8.790000000000001
2019,7,13,20,0,192.23000000000002,8.11
2019,7,13,21,0,187.14000000000001,7.79
2019,7,13,22,0,187.37,7.48
2019,7,13,23,0,190.77,7.75
2019,7,14,0,0,195.27,7.8
2019,7,14,1,0,202.24,7.640000000000001
2019,7,14,2,0,208.29,7.18
2019,7,14,3,0,204.32,7.98
2019,7,14,4,0,203.97,9
2019,7,14,5,0,204.32,9.03
2019,7,14,6,0,201.97,10.02
2019,7,14,7,0,204.81,10.71
2019,7,14,8,0,203.63,11.35
2019,7,14,9,0,204.49,10.9
2019,7,14,10,0,204.49,9.78
2019,7,14,11,0,202.88,9.74
2019,7,14,12,0,202.31,8.72
2019,7,14,13,0,203.70000000000002,8.07
2019,7,14,14,0,198.79,6.94
2019,7,14,15,0,198.5,6.8500000000000005
2019,7,14,16,0,196.18,6.22
2019,7,14,17,0,195.36,5.64
2019,7,14,18,0,190.59,4.61
2019,7,14,19,0,181.26,3.77
2019,7,14,20,0,179.5,3.09
2019,7,14,21,0,196.55,1.58
2019,7,14,22,0,289.87,0.49
2019,7,14,23,0,29.01,2.27
2019,7,15,0,0,28.41,3.15
2019,7,15,1,0,29.69,3.42
2019,7,15,2,0,43.78,3.5100000000000002
2019,7,15,3,0,51.04,2.5
2019,7,15,4,0,91.72,1.97
2019,7,15,5,0,106.04,1.6400000000000001
2019,7,15,6,0,123.89,2.71
2019,7,15,7,0,128.38,6.44
2019,7,15,8,0,128.67000000000002,5.53
2019,7,15,9,0,147.72,3.47
2019,7,15,10,0,183.06,1.82
2019,7,15,11,0,163.53,5.87
2019,7,15,12,0,173.77,4.78
2019,7,15,13,0,62.46,1.52
2019,7,15,14,0,18.64,2.73
2019,7,15,15,0,19.77,3.8200000000000003
2019,7,15,16,0,13.5,5.67
2019,7,15,17,0,99.01,5.91
2019,7,15,18,0,40.38,5.21
2019,7,15,19,0,39.39,6.07
2019,7,15,20,0,47.6,4.83
2019,7,15,21,0,71.57000000000001,2.69
2019,7,15,22,0,120.5,0.59
2019,7,15,23,0,98.56,0.77
2019,7,16,0,0,81.25,1.32
2019,7,16,1,0,17.93,1.05
2019,7,16,2,0,20.45,2.7800000000000002
2019,7,16,3,0,27.060000000000002,3.5300000000000002
2019,7,16,4,0,28.14,4.82
2019,7,16,5,0,107.64,5.73
2019,7,16,6,0,121.64,5.4
2019,7,16,7,0,133.77,6.01
2019,7,16,8,0,140.4,4.18
2019,7,16,9,0,184.74,6.17
2019,7,16,10,0,191.24,6.43
2019,7,16,11,0,199.28,4.12
2019,7,16,12,0,197.39000000000001,4.8
2019,7,16,13,0,217.5,4.5200000000000005
2019,7,16,14,0,192.07,2.8000000000000003
2019,7,16,15,0,185.74,2.07
2019,7,16,16,0,162.68,1.49
2019,7,16,17,0,206.70000000000002,0.91
2019,7,16,18,0,107.95,0.56
2019,7,16,19,0,97.38,0.9
2019,7,16,20,0,57.85,1.3900000000000001
2019,7,16,21,0,54.35,1.27
2019,7,16,22,0,60.63,1.44
2019,7,16,23,0,37.96,1.5
2019,7,17,0,0,170.44,3.1
2019,7,17,1,0,169.8,3.2800000000000002
2019,7,17,2,0,193.6,4.3
2019,7,17,3,0,197.22,4.3500000000000005
2019,7,17,4,0,191.04,3.95
2019,7,17,5,0,185.94,4.95
2019,7,17,6,0,192,5.55
2019,7,17,7,0,200.97,5.61
2019,7,17,8,0,199.72,5.08
2019,7,17,9,0,201.92000000000002,5.05
2019,7,17,10,0,200.73000000000002,5.18
2019,7,17,11,0,205.24,5.16
2019,7,17,12,0,209.79,4.18
2019,7,17,13,0,197.27,3.77
2019,7,17,14,0,198.94,3.2
2019,7,17,15,0,197.85,3.52
2019,7,17,16,0,192.61,3.13
2019,7,17,17,0,207.09,3.12
2019,7,17,18,0,204.25,3.35
2019,7,17,19,0,210.45000000000002,3.25
2019,7,17,20,0,222.67000000000002,3.37
2019,7,17,21,0,217.22,3.96
2019,7,17,22,0,217.45000000000002,4.72
2019,7,17,23,0,214.33,5.53
2019,7,18,0,0,209.44,6.54
2019,7,18,1,0,217,7.05
2019,7,18,2,0,219.83,7.390000000000001
2019,7,18,3,0,233.41,7.48
2019,7,18,4,0,236,6.82
2019,7,18,5,0,227.05,7.09
2019,7,18,6,0,259.46,4.97
2019,7,18,7,0,287.42,6.53
2019,7,18,8,0,57.81,3.09
2019,7,18,9,0,59.97,2.46
2019,7,18,10,0,22.46,1.59
2019,7,18,11,0,312.49,1.85
2019,7,18,12,0,346.16,1.81
2019,7,18,13,0,313.89,0.92
2019,7,18,14,0,22.63,0.8200000000000001
2019,7,18,15,0,25.46,3.2800000000000002
2019,7,18,16,0,31.17,3.48
2019,7,18,17,0,54.33,4.3100000000000005
2019,7,18,18,0,53.61,4.68
2019,7,18,19,0,60.83,3.2800000000000002
2019,7,18,20,0,88.48,2.5300000000000002
2019,7,18,21,0,155.93,1.07
2019,7,18,22,0,208.74,3.02
2019,7,18,23,0,221.08,4.38
2019,7,19,0,0,220.05,7.0200000000000005
2019,7,19,1,0,218.61,7.03
2019,7,19,2,0,218.45000000000002,6.47
2019,7,19,3,0,228.97,6.78
2019,7,19,4,0,258.43,6.3100000000000005
2019,7,19,5,0,273.27,5.76
2019,7,19,6,0,280.87,5.2700000000000005
2019,7,19,7,0,329.11,3.16
2019,7,19,8,0,116.10000000000001,2.36
2019,7,19,9,0,159.27,2.04
2019,7,19,10,0,121.17,3.38
2019,7,19,11,0,118.57000000000001,2.04
2019,7,19,12,0,5.3100000000000005,7.51
2019,7,19,13,0,16.27,9.1
2019,7,19,14,0,30.990000000000002,7.44
2019,7,19,15,0,40.4,6.87
2019,7,19,16,0,68.23,4.0600000000000005
2019,7,19,17,0,62.79,3.72
2019,7,19,18,0,44.72,2.5500000000000003
2019,7,19,19,0,50.38,3.04
2019,7,19,20,0,34.2,2.7800000000000002
2019,7,19,21,0,44.51,1.03
2019,7,19,22,0,85.75,0.75
2019,7,19,23,0,144.41,2.14
2019,7,20,0,0,188.32,3.2
2019,7,20,1,0,211.55,7.47
2019,7,20,2,0,201.85,8.2
2019,7,20,3,0,205.94,8.07
2019,7,20,4,0,216.26,8.68
2019,7,20,5,0,204.21,11.93
2019,7,20,6,0,202.04,13.14
2019,7,20,7,0,202.34,13.9
2019,7,20,8,0,202.61,12.74
2019,7,20,9,0,200.36,12.65
2019,7,20,10,0,200.67000000000002,11.68
2019,7,20,11,0,198.06,11.23
2019,7,20,12,0,199.69,10.41
2019,7,20,13,0,203.12,9.09
2019,7,20,14,0,203.23000000000002,8.47
2019,7,20,15,0,201.88,8.46
2019,7,20,16,0,205.37,7.21
2019,7,20,17,0,194.35,7.2700000000000005
2019,7,20,18,0,194.79,7.2700000000000005
2019,7,20,19,0,199.73000000000002,7.96
2019,7,20,20,0,201.28,9.18
2019,7,20,21,0,206.42000000000002,9.28
2019,7,20,22,0,210.84,7.69
2019,7,20,23,0,212.36,7
2019,7,21,0,0,214.87,5.95
2019,7,21,1,0,205.59,6.2
2019,7,21,2,0,205.66,9.18
2019,7,21,3,0,202.37,10.48
2019,7,21,4,0,201.06,11.44
2019,7,21,5,0,198.91,12.09
2019,7,21,6,0,198.41,11.83
2019,7,21,7,0,194.32,11.94
2019,7,21,8,0,196.46,10.040000000000001
2019,7,21,9,0,192.17000000000002,10.22
2019,7,21,10,0,188.49,10.02
2019,7,21,11,0,184.5,9.040000000000001
2019,7,21,12,0,186.21,8.52
2019,7,21,13,0,187.05,7.71
2019,7,21,14,0,187.82,7.04
2019,7,21,15,0,185.68,6.74
2019,7,21,16,0,187.92000000000002,5.76
2019,7,21,17,0,188.73,4.69
2019,7,21,18,0,184.26,3.33
2019,7,21,19,0,181.52,2.37
2019,7,21,20,0,169.99,1.32
2019,7,21,21,0,156.01,1.76
2019,7,21,22,0,169.56,3.2600000000000002
2019,7,21,23,0,190.49,4.9
2019,7,22,0,0,195.37,5.65
2019,7,22,1,0,206.23000000000002,5.58
2019,7,22,2,0,221.15,5
2019,7,22,3,0,219.39000000000001,4.67
2019,7,22,4,0,203.59,5.5600000000000005
2019,7,22,5,0,202.06,5.97
2019,7,22,6,0,204.36,7.2700000000000005
2019,7,22,7,0,207.25,7.8
2019,7,22,8,0,210.72,7.69
2019,7,22,9,0,211.25,7.5600000000000005
2019,7,22,10,0,213.41,6.45
2019,7,22,11,0,219.45000000000002,5.25
2019,7,22,12,0,213.53,4.03
2019,7,22,13,0,221.23000000000002,3.39
2019,7,22,14,0,218.28,2.5
2019,7,22,15,0,222.99,1.77
2019,7,22,16,0,252.74,0.73
2019,7,22,17,0,338.77,1.02
2019,7,22,18,0,13.700000000000001,1.86
2019,7,22,19,0,64.17,2.41
2019,7,22,20,0,73.04,2.65
2019,7,22,21,0,69.09,2
2019,7,22,22,0,76.87,1.59
2019,7,22,23,0,89.4,1.42
2019,7,23,0,0,138.94,0.9500000000000001
2019,7,23,1,0,190.77,1.42
2019,7,23,2,0,209.71,2.08
2019,7,23,3,0,224.5,2.83
2019,7,23,4,0,226.02,3.7
2019,7,23,5,0,222.08,5.34
2019,7,23,6,0,215.87,6.91
2019,7,23,7,0,212.15,7.890000000000001
2019,7,23,8,0,213.9,9.1
2019,7,23,9,0,212.19,8.620000000000001
2019,7,23,10,0,207.8,7.95
2019,7,23,11,0,206.54,6.5600000000000005
2019,7,23,12,0,203.84,5.44
2019,7,23,13,0,203.39000000000001,5.75
2019,7,23,14,0,201.56,5.72
2019,7,23,15,0,211.53,3.7
2019,7,23,16,0,202.20000000000002,2.9
2019,7,23,17,0,214.68,1.6400000000000001
2019,7,23,18,0,222.91,0.85
2019,7,23,19,0,171.54,0.99
2019,7,23,20,0,171.45000000000002,1.54
2019,7,23,21,0,181.93,1.9100000000000001
2019,7,23,22,0,193.6,2.59
2019,7,23,23,0,208.99,2.79
2019,7,24,0,0,204.59,3.8000000000000003
2019,7,24,1,0,192.70000000000002,4.79
2019,7,24,2,0,180.34,5.76
2019,7,24,3,0,200.73000000000002,8.68
2019,7,24,4,0,208.42000000000002,9.02
2019,7,24,5,0,204.02,9.36
2019,7,24,6,0,201.47,12.25
2019,7,24,7,0,202.19,14.040000000000001
2019,7,24,8,0,203.49,15.46
2019,7,24,9,0,204.88,15.83
2019,7,24,10,0,203.33,15.96
2019,7,24,11,0,202.23000000000002,15.82
2019,7,24,12,0,197.38,15.36
2019,7,24,13,0,193.97,15.82
2019,7,24,14,0,185.37,15.290000000000001
2019,7,24,15,0,182.68,14.38
2019,7,24,16,0,188.67000000000002,13.5
2019,7,24,17,0,192.13,13.42
2019,7,24,18,0,197.84,13.620000000000001
2019,7,24,19,0,201.34,13.26
2019,7,24,20,0,199.55,13.35
2019,7,24,21,0,198.86,12.8
2019,7,24,22,0,206.04,12.61
2019,7,24,23,0,200.08,11.23
2019,7,25,0,0,195.68,11.53
2019,7,25,1,0,203.26,12.290000000000001
2019,7,25,2,0,203.63,11.94
2019,7,25,3,0,204.81,11.78
2019,7,25,4,0,202.18,11.84
2019,7,25,5,0,203.57,12.59
2019,7,25,6,0,197.57,12.59
2019,7,25,7,0,200.22,13.36
2019,7,25,8,0,199.46,13.17
2019,7,25,9,0,196.97,13.3
2019,7,25,10,0,195.93,13.120000000000001
2019,7,25,11,0,195.8,13.17
2019,7,25,12,0,197.01,12.450000000000001
2019,7,25,13,0,193.77,12.07
2019,7,25,14,0,193.96,12.61
2019,7,25,15,0,188.61,12.5
2019,7,25,16,0,184.83,11.51
2019,7,25,17,0,185.16,11.38
2019,7,25,18,0,186.31,11.09
2019,7,25,19,0,187.84,12.4
2019,7,25,20,0,188.47,13.89
2019,7,25,21,0,193.27,13.36
2019,7,25,22,0,192.49,12.97
2019,7,25,23,0,200.96,13.99
2019,7,26,0,0,205.6,13.98
2019,7,26,1,0,206.15,13.4
2019,7,26,2,0,208.93,13.07
2019,7,26,3,0,205.32,14.620000000000001
2019,7,26,4,0,202.61,15.41
2019,7,26,5,0,198.83,14.94
2019,7,26,6,0,189.4,14.14
2019,7,26,7,0,184.94,13.280000000000001
2019,7,26,8,0,181.13,13.81
2019,7,26,9,0,176.71,13.14
2019,7,26,10,0,179.26,15.23
2019,7,26,11,0,177.06,15.200000000000001
2019,7,26,12,0,178.46,16.830000000000002
2019,7,26,13,0,180.5,17.42
2019,7,26,14,0,179.65,15
2019,7,26,15,0,179.77,13.43
2019,7,26,16,0,174.95000000000002,13.65
2019,7,26,17,0,173.63,11.14
2019,7,26,18,0,174.24,9.25
2019,7,26,19,0,159.77,7.54
2019,7,26,20,0,175.24,8.56
2019,7,26,21,0,178.35,9.58
2019,7,26,22,0,195.63,10.53
2019,7,26,23,0,189.5,9.77
2019,7,27,0,0,183.15,9.67
2019,7,27,1,0,190.85,9.41
2019,7,27,2,0,205.64000000000001,6.65
2019,7,27,3,0,183.35,6.98
2019,7,27,4,0,184.01,6.73
2019,7,27,5,0,185.70000000000002,9.38
2019,7,27,6,0,188.86,9.02
2019,7,27,7,0,192.74,8.81
2019,7,27,8,0,184.65,10.33
2019,7,27,9,0,190.66,9.16
2019,7,27,10,0,198.19,7.18
2019,7,27,11,0,188.12,6.26
2019,7,27,12,0,185.70000000000002,5.41
2019,7,27,13,0,175.64000000000001,4.89
2019,7,27,14,0,151.68,4.45
2019,7,27,15,0,146.52,3.5700000000000003
2019,7,27,16,0,148.66,2.37
2019,7,27,17,0,118.67,1.41
2019,7,27,18,0,70.07000000000001,1.46
2019,7,27,19,0,61.65,1.81
2019,7,27,20,0,53.49,1.52
2019,7,27,21,0,64.02,2.48
2019,7,27,22,0,132.88,0.35000000000000003
2019,7,27,23,0,194.3,1.16
2019,7,28,0,0,228.18,1.76
2019,7,28,1,0,214.92000000000002,2.2600000000000002
2019,7,28,2,0,203.53,5.22
2019,7,28,3,0,219.52,4.5600000000000005
2019,7,28,4,0,206.93,3.09
2019,7,28,5,0,208.6,5.26
2019,7,28,6,0,222.24,3.67
2019,7,28,7,0,225.84,3.47
2019,7,28,8,0,247.84,4.57
2019,7,28,9,0,261.32,5.15
2019,7,28,10,0,274.37,2.98
2019,7,28,11,0,293.22,2.42
2019,7,28,12,0,247.46,1.6
2019,7,28,13,0,124,0.9400000000000001
2019,7,28,14,0,135.98,1.87
2019,7,28,15,0,172.6,1.7
2019,7,28,16,0,167.22,1.4000000000000001
2019,7,28,17,0,143.62,1.7
2019,7,28,18,0,90.5,1.23
2019,7,28,19,0,126.34,1.6400000000000001
2019,7,28,20,0,178.69,3.4
2019,7,28,21,0,206.71,5.25
2019,7,28,22,0,213.73000000000002,4.87
2019,7,28,23,0,224.83,4.21
2019,7,29,0,0,213.93,3.77
2019,7,29,1,0,182.21,5.78
2019,7,29,2,0,189.72,7.890000000000001
2019,7,29,3,0,193.04,7.5200000000000005
2019,7,29,4,0,188.82,6.8100000000000005
2019,7,29,5,0,202.27,6.49
2019,7,29,6,0,210.56,5.75
2019,7,29,7,0,213.34,5.49
2019,7,29,8,0,226.20000000000002,4.67
2019,7,29,9,0,250.55,2.9
2019,7,29,10,0,355.93,1.85
2019,7,29,11,0,54.28,4.67
2019,7,29,12,0,28.72,3.42
2019,7,29,13,0,38.480000000000004,3.39
2019,7,29,14,0,65.88,3.69
2019,7,29,15,0,356.88,4.1
2019,7,29,16,0,16.34,5.42
2019,7,29,17,0,32.09,4.0600000000000005
2019,7,29,18,0,52.300000000000004,2.82
2019,7,29,19,0,89.91,1.3
2019,7,29,20,0,116.41,1.68
2019,7,29,21,0,137.76,2.11
2019,7,29,22,0,189.32,2.46
2019,7,29,23,0,205.14000000000001,2.81
2019,7,30,0,0,197.78,3.59
2019,7,30,1,0,193.85,4.21
2019,7,30,2,0,195.45000000000002,5.45
2019,7,30,3,0,200.18,6.45
2019,7,30,4,0,203.56,6.49
2019,7,30,5,0,205.88,7.2
2019,7,30,6,0,204.84,8.82
2019,7,30,7,0,203.45000000000002,9.67
2019,7,30,8,0,203.8,8.370000000000001
2019,7,30,9,0,200.34,7.42
2019,7,30,10,0,185.85,5.73
2019,7,30,11,0,182.95000000000002,4.28
2019,7,30,12,0,194.13,3.54
2019,7,30,13,0,205.14000000000001,2.1
2019,7,30,14,0,268.9,0.56
2019,7,30,15,0,19.66,1.8800000000000001
2019,7,30,16,0,20.52,3.59
2019,7,30,17,0,26.11,3.06
2019,7,30,18,0,26.36,3.54
2019,7,30,19,0,41.84,3.19
2019,7,30,20,0,53.42,1.61
2019,7,30,21,0,140.84,1.26
2019,7,30,22,0,179.5,3.0300000000000002
2019,7,30,23,0,194,4.25
2019,7,31,0,0,200.12,5.7
2019,7,31,1,0,201.28,6.63
2019,7,31,2,0,209.65,7.07
2019,7,31,3,0,207.58,8.75
2019,7,31,4,0,206.24,9.96
2019,7,31,5,0,203.19,11.91
2019,7,31,6,0,201.33,11.68
2019,7,31,7,0,197.19,11.84
2019,7,31,8,0,197.47,12.31
2019,7,31,9,0,196.14000000000001,12.280000000000001
2019,7,31,10,0,194.91,11.4
2019,7,31,11,0,191.26,10.31
2019,7,31,12,0,195.17000000000002,10.43
2019,7,31,13,0,198.55,9.84
2019,7,31,14,0,194.43,9.19
2019,7,31,15,0,193.99,9.07
2019,7,31,16,0,193.05,9.31
2019,7,31,17,0,196.4,9.85
2019,7,31,18,0,197.21,10.370000000000001
2019,7,31,19,0,197.13,10.870000000000001
2019,7,31,20,0,196.24,11.26
2019,7,31,21,0,196.92000000000002,11.74
2019,7,31,22,0,200.43,11.67
2019,7,31,23,0,202.63,10.78
2019,8,1,0,0,198.93,10.97
2019,8,1,1,0,204.55,11.39
2019,8,1,2,0,204.28,12.02
2019,8,1,3,0,206.63,12.42
2019,8,1,4,0,209.27,14.370000000000001
2019,8,1,5,0,204.14000000000001,14.74
2019,8,1,6,0,203.9,15.58
2019,8,1,7,0,201.85,16.11
2019,8,1,8,0,203.34,16.37
2019,8,1,9,0,201.53,16.75
2019,8,1,10,0,200.29,16.84
2019,8,1,11,0,200.19,16.76
2019,8,1,12,0,200.19,15.76
2019,8,1,13,0,198.59,15.06
2019,8,1,14,0,198.69,14.43
2019,8,1,15,0,197.84,14.1
2019,8,1,16,0,198.31,13.34
2019,8,1,17,0,198.64000000000001,13.030000000000001
2019,8,1,18,0,195.63,12.780000000000001
2019,8,1,19,0,194.94,12.39
2019,8,1,20,0,192.69,11.19
2019,8,1,21,0,189.96,10.17
2019,8,1,22,0,196.48000000000002,11.41
2019,8,1,23,0,200.35,11.48
2019,8,2,0,0,203.24,10.92
2019,8,2,1,0,203.19,11.16
2019,8,2,2,0,203.68,11.24
2019,8,2,3,0,200.47,11.9
2019,8,2,4,0,201.22,11.66
2019,8,2,5,0,202.71,11.450000000000001
2019,8,2,6,0,201.74,11.25
2019,8,2,7,0,202.66,10.6
2019,8,2,8,0,202.67000000000002,10.4
2019,8,2,9,0,202.8,9.88
2019,8,2,10,0,207.84,8.84
2019,8,2,11,0,219.32,7.16
2019,8,2,12,0,225.51,5.1000000000000005
2019,8,2,13,0,232.64000000000001,2.5100000000000002
2019,8,2,14,0,200.3,2
2019,8,2,15,0,223.5,3.5
2019,8,2,16,0,235.85,6.08
2019,8,2,17,0,224.13,6.57
2019,8,2,18,0,239.53,10.790000000000001
2019,8,2,19,0,224.81,10.98
2019,8,2,20,0,213.22,8.57
2019,8,2,21,0,189.57,7.07
2019,8,2,22,0,191.87,12.450000000000001
2019,8,2,23,0,191.64000000000001,11.450000000000001
2019,8,3,0,0,201.57,10.36
2019,8,3,1,0,199.29,13.13
2019,8,3,2,0,196.16,14.22
2019,8,3,3,0,199.65,15.38
2019,8,3,4,0,202.87,14.91
2019,8,3,5,0,206.04,14.76
2019,8,3,6,0,200.64000000000001,15.27
2019,8,3,7,0,201.54,14.34
2019,8,3,8,0,201,14.120000000000001
2019,8,3,9,0,202.35,13.46
2019,8,3,10,0,196.88,12.86
2019,8,3,11,0,197.75,11.950000000000001
2019,8,3,12,0,198.84,12.41
2019,8,3,13,0,198.97,12.13
2019,8,3,14,0,199.19,12.030000000000001
2019,8,3,15,0,201.9,12.31
2019,8,3,16,0,200.72,13.36
2019,8,3,17,0,197.78,14.76
2019,8,3,18,0,199.17000000000002,13.9
2019,8,3,19,0,196.79,13.09
2019,8,3,20,0,194.21,12.96
2019,8,3,21,0,196.05,12.86
2019,8,3,22,0,195.38,12.530000000000001
2019,8,3,23,0,198.17000000000002,10.81
2019,8,4,0,0,204.1,8.05
2019,8,4,1,0,206.49,7.69
2019,8,4,2,0,201.08,8.51
2019,8,4,3,0,200.56,8.870000000000001
2019,8,4,4,0,197.88,7.53
2019,8,4,5,0,194.9,5.5
2019,8,4,6,0,218.66,6.49
2019,8,4,7,0,228.66,8.11
2019,8,4,8,0,222.31,7.32
2019,8,4,9,0,236.76,8.6
2019,8,4,10,0,240.36,6.97
2019,8,4,11,0,206.45000000000002,6.91
2019,8,4,12,0,208.42000000000002,4.66
2019,8,4,13,0,213.08,7.53
2019,8,4,14,0,204.03,12.200000000000001
2019,8,4,15,0,203.06,12.15
2019,8,4,16,0,210.79,13.13
2019,8,4,17,0,216.95000000000002,12.48
2019,8,4,18,0,217.88,10.13
2019,8,4,19,0,212.52,11.870000000000001
2019,8,4,20,0,212.03,10.82
2019,8,4,21,0,226.8,8.15
2019,8,4,22,0,234.64000000000001,11.31
2019,8,4,23,0,239.53,7.86
2019,8,5,0,0,224.4,10.950000000000001
2019,8,5,1,0,212.61,8.84
2019,8,5,2,0,207.03,8.5
2019,8,5,3,0,206.01,7.930000000000001
2019,8,5,4,0,217.41,6.47
2019,8,5,5,0,228.63,6.49
2019,8,5,6,0,218.22,5.45
2019,8,5,7,0,235.25,4.91
2019,8,5,8,0,233.86,5.61
2019,8,5,9,0,241.21,5.94
2019,8,5,10,0,208.39000000000001,5.3100000000000005
2019,8,5,11,0,193.19,4.71
2019,8,5,12,0,207.32,5.43
2019,8,5,13,0,198.59,4.6000000000000005
2019,8,5,14,0,210.87,6.99
2019,8,5,15,0,216.87,7.54
2019,8,5,16,0,222.78,6.36
2019,8,5,17,0,236.19,6.43
2019,8,5,18,0,200.51,6.8100000000000005
2019,8,5,19,0,198.14000000000001,5.49
2019,8,5,20,0,208.66,7.5600000000000005
2019,8,5,21,0,204.65,8.98
2019,8,5,22,0,211.19,9.71
2019,8,5,23,0,227.78,7.54
2019,8,6,0,0,238.93,8
2019,8,6,1,0,237.59,7.21
2019,8,6,2,0,232.44,4.69
2019,8,6,3,0,211.36,5.37
2019,8,6,4,0,223.83,4.3
2019,8,6,5,0,269.85,9.99
2019,8,6,6,0,259.9,10.51
2019,8,6,7,0,238.44,8.3
2019,8,6,8,0,232.74,8.42
2019,8,6,9,0,247.84,9.700000000000001
2019,8,6,10,0,244.41,9.540000000000001
2019,8,6,11,0,274.15000000000003,12.44
2019,8,6,12,0,282.24,6.34
2019,8,6,13,0,265.45,1.68
2019,8,6,14,0,69.39,3.89
2019,8,6,15,0,65.22,6.11
2019,8,6,16,0,71.33,3.81
2019,8,6,17,0,66.65,2.02
2019,8,6,18,0,108,2.89
2019,8,6,19,0,98.78,2.04
2019,8,6,20,0,62.5,2.07
2019,8,6,21,0,62.52,0.9400000000000001
2019,8,6,22,0,95.53,0.9
2019,8,6,23,0,122.91,0.98
2019,8,7,0,0,158.39000000000001,0.76
2019,8,7,1,0,182.11,1.26
2019,8,7,2,0,176.12,1.46
2019,8,7,3,0,148.74,1.11
2019,8,7,4,0,170.06,1.01
2019,8,7,5,0,72.31,0.14
2019,8,7,6,0,5.25,1.07
2019,8,7,7,0,57.25,3.95
2019,8,7,8,0,9.870000000000001,7.55
2019,8,7,9,0,17.990000000000002,2.37
2019,8,7,10,0,239.5,2.14
2019,8,7,11,0,230.69,4.2700000000000005
2019,8,7,12,0,130.69,3.36
2019,8,7,13,0,99.2,4.3
2019,8,7,14,0,94.89,3.41
2019,8,7,15,0,354.44,5.08
2019,8,7,16,0,341.84000000000003,4.98
2019,8,7,17,0,21.23,1.21
2019,8,7,18,0,265.56,1.51
2019,8,7,19,0,271.19,3.09
2019,8,7,20,0,253.17000000000002,3.45
2019,8,7,21,0,245.56,2.37
2019,8,7,22,0,247.55,3.75
2019,8,7,23,0,245.61,3.47
2019,8,8,0,0,241.61,3.5
2019,8,8,1,0,241.18,5.08
2019,8,8,2,0,251.43,5.7700000000000005
2019,8,8,3,0,257.05,5.92
2019,8,8,4,0,277.37,5.21
2019,8,8,5,0,285.8,5.47
2019,8,8,6,0,308.45,5.91
2019,8,8,7,0,343.86,2.65
2019,8,8,8,0,344.73,3.96
2019,8,8,9,0,0.42,6.29
2019,8,8,10,0,356.93,5.58
2019,8,8,11,0,343.07,3.79
2019,8,8,12,0,339.72,2.7600000000000002
2019,8,8,13,0,350.74,1.35
2019,8,8,14,0,347.36,2.08
2019,8,8,15,0,350.91,4.37
2019,8,8,16,0,24.740000000000002,9.98
2019,8,8,17,0,22.37,5.5
2019,8,8,18,0,4.44,3.97
2019,8,8,19,0,35.71,5.14
2019,8,8,20,0,45.19,4.55
2019,8,8,21,0,37.37,3.66
2019,8,8,22,0,36.160000000000004,4.49
2019,8,8,23,0,352.40000000000003,0.92
2019,8,9,0,0,241.88,2.29
2019,8,9,1,0,234.03,3.66
2019,8,9,2,0,251.35,3.94
2019,8,9,3,0,254.85,3.63
2019,8,9,4,0,257.07,3.5
2019,8,9,5,0,273.97,3.67
2019,8,9,6,0,276.04,3.56
2019,8,9,7,0,279.81,5.24
2019,8,9,8,0,284.53000000000003,4.66
2019,8,9,9,0,300.01,3.42
2019,8,9,10,0,353.52,1.1500000000000001
2019,8,9,11,0,85.08,2.18
2019,8,9,12,0,67.12,2.5300000000000002
2019,8,9,13,0,75.67,1.94
2019,8,9,14,0,16.27,4.46
2019,8,9,15,0,56.910000000000004,1.79
2019,8,9,16,0,35.42,1.4000000000000001
2019,8,9,17,0,23.82,2.65
2019,8,9,18,0,11.17,1.98
2019,8,9,19,0,16.85,1.11
2019,8,9,20,0,56.69,2.37
2019,8,9,21,0,58.160000000000004,0.86
2019,8,9,22,0,262.7,1.76
2019,8,9,23,0,246.28,3.1
2019,8,10,0,0,246.33,3.65
2019,8,10,1,0,242.29,3.5500000000000003
2019,8,10,2,0,242.98000000000002,3.99
2019,8,10,3,0,262.43,5.15
2019,8,10,4,0,285.29,5.49
2019,8,10,5,0,295.18,5.94
2019,8,10,6,0,3,4.71
2019,8,10,7,0,346.22,5.16
2019,8,10,8,0,354,6.2700000000000005
2019,8,10,9,0,358.59000000000003,4.8500000000000005
2019,8,10,10,0,355.17,4.11
2019,8,10,11,0,355.5,3.49
2019,8,10,12,0,340.47,3.27
2019,8,10,13,0,359.55,2.82
2019,8,10,14,0,0.81,3.23
2019,8,10,15,0,10.6,3.7800000000000002
2019,8,10,16,0,15.85,6.43
2019,8,10,17,0,16.59,6.5
2019,8,10,18,0,13.46,4.8500000000000005
2019,8,10,19,0,52.660000000000004,2.25
2019,8,10,20,0,46.92,1.47
2019,8,10,21,0,6.2700000000000005,0.96
2019,8,10,22,0,34.74,1.27
2019,8,10,23,0,56.120000000000005,2.2600000000000002
2019,8,11,0,0,48.97,2.38
2019,8,11,1,0,48.38,1.9100000000000001
2019,8,11,2,0,306.57,1.3900000000000001
2019,8,11,3,0,270.4,3.35
2019,8,11,4,0,270.15,3.5
2019,8,11,5,0,289.93,4.15
2019,8,11,6,0,289.15000000000003,3.87
2019,8,11,7,0,11.700000000000001,6.75
2019,8,11,8,0,6.8500000000000005,9.99
2019,8,11,9,0,10.69,9.73
2019,8,11,10,0,8.790000000000001,9.51
2019,8,11,11,0,7.87,8.97
2019,8,11,12,0,7.96,6.67
2019,8,11,13,0,32.75,4.2
2019,8,11,14,0,56.06,4.18
2019,8,11,15,0,61.5,4.3500000000000005
2019,8,11,16,0,66.37,4.29
2019,8,11,17,0,58.11,3.36
2019,8,11,18,0,60.300000000000004,1.8800000000000001
2019,8,11,19,0,61.53,0.99
2019,8,11,20,0,142.04,0.72
2019,8,11,21,0,232.38,1.1400000000000001
2019,8,11,22,0,248.29,1.3900000000000001
2019,8,11,23,0,110.03,0.31
2019,8,12,0,0,108.59,0.5700000000000001
2019,8,12,1,0,174.04,0.56
2019,8,12,2,0,228.11,1.75
2019,8,12,3,0,228.08,2.07
2019,8,12,4,0,219.13,2.49
2019,8,12,5,0,233.82,3.17
2019,8,12,6,0,241.03,3.75
2019,8,12,7,0,247.81,3.94
2019,8,12,8,0,236.93,2.81
2019,8,12,9,0,204.88,2.9
2019,8,12,10,0,202.68,4.32
2019,8,12,11,0,215.06,4.29
2019,8,12,12,0,208.47,4.3500000000000005
2019,8,12,13,0,205.25,3.96
2019,8,12,14,0,198.79,3.23
2019,8,12,15,0,189.51,2.32
2019,8,12,16,0,166.69,2.05
2019,8,12,17,0,149.4,2.05
2019,8,12,18,0,168.39000000000001,1.3800000000000001
2019,8,12,19,0,159.6,1.17
2019,8,12,20,0,164.67000000000002,1.47
2019,8,12,21,0,176.12,1.68
2019,8,12,22,0,176.92000000000002,2.21
2019,8,12,23,0,194.94,3.08
2019,8,13,0,0,206.15,3.54
2019,8,13,1,0,191.20000000000002,3.23
2019,8,13,2,0,204.21,4
2019,8,13,3,0,209.20000000000002,4.71
2019,8,13,4,0,208.05,4.87
2019,8,13,5,0,212.91,6.76
2019,8,13,6,0,203.09,8.43
2019,8,13,7,0,201.71,8.870000000000001
2019,8,13,8,0,200.71,9.08
2019,8,13,9,0,202.28,9.040000000000001
2019,8,13,10,0,202.98000000000002,8.9
2019,8,13,11,0,204.74,8.41
2019,8,13,12,0,205.98000000000002,7.92
2019,8,13,13,0,205.71,6.78
2019,8,13,14,0,204.75,5.73
2019,8,13,15,0,210.06,6.2700000000000005
2019,8,13,16,0,213.32,6.12
2019,8,13,17,0,217.70000000000002,4.69
2019,8,13,18,0,233.75,1.8
2019,8,13,19,0,207.52,2.68
2019,8,13,20,0,203.23000000000002,7.97
2019,8,13,21,0,214.36,6.390000000000001
2019,8,13,22,0,209.17000000000002,8.38
2019,8,13,23,0,205.48000000000002,11.790000000000001
2019,8,14,0,0,206.29,13.88
2019,8,14,1,0,202.87,14.530000000000001
2019,8,14,2,0,205.19,13.280000000000001
2019,8,14,3,0,206.38,11.98
2019,8,14,4,0,205.93,11.8
2019,8,14,5,0,203.82,11.08
2019,8,14,6,0,201.9,10.950000000000001
2019,8,14,7,0,200.79,10.16
2019,8,14,8,0,199.81,8.55
2019,8,14,9,0,196.95000000000002,6.2700000000000005
2019,8,14,10,0,209.13,4.28
2019,8,14,11,0,225.88,3.58
2019,8,14,12,0,216.66,3.62
2019,8,14,13,0,218.17000000000002,6.11
2019,8,14,14,0,205.41,4.86
2019,8,14,15,0,210.49,2.99
2019,8,14,16,0,231.16,3.35
2019,8,14,17,0,223.69,3.42
2019,8,14,18,0,222.72,3.22
2019,8,14,19,0,223.70000000000002,4.48
2019,8,14,20,0,229.37,4.05
2019,8,14,21,0,199.88,3.71
2019,8,14,22,0,190.34,4.67
2019,8,14,23,0,188.36,5.15
2019,8,15,0,0,180.77,5.69
2019,8,15,1,0,181.58,5.51
2019,8,15,2,0,191.73000000000002,4.73
2019,8,15,3,0,211.8,4.03
2019,8,15,4,0,230.45000000000002,3.5300000000000002
2019,8,15,5,0,231.18,3.42
2019,8,15,6,0,255.15,3.59
2019,8,15,7,0,227.95000000000002,5.21
2019,8,15,8,0,206.47,6.19
2019,8,15,9,0,205.54,6.3500000000000005
2019,8,15,10,0,204.96,6.8
2019,8,15,11,0,200.74,6.58
2019,8,15,12,0,192.45000000000002,5.5200000000000005
2019,8,15,13,0,201.57,4.14
2019,8,15,14,0,170.73,3.33
2019,8,15,15,0,212.02,2.2800000000000002
2019,8,15,16,0,243.02,1.33
2019,8,15,17,0,274.47,0.77
2019,8,15,18,0,171.73,0.65
2019,8,15,19,0,112.57000000000001,0.52
2019,8,15,20,0,146.13,1.22
2019,8,15,21,0,172.18,2.52
2019,8,15,22,0,192.67000000000002,3.72
2019,8,15,23,0,203.66,5.46
2019,8,16,0,0,210.27,4.8100000000000005
2019,8,16,1,0,207.18,4.65
2019,8,16,2,0,206.72,6.48
2019,8,16,3,0,206.47,6.99
2019,8,16,4,0,204.6,8.700000000000001
2019,8,16,5,0,220.94,6.36
2019,8,16,6,0,233.6,2.09
2019,8,16,7,0,47.81,1.17
2019,8,16,8,0,76.05,2.5500000000000003
2019,8,16,9,0,130.44,5.09
2019,8,16,10,0,127.08,5.28
2019,8,16,11,0,145.89000000000001,4.54
2019,8,16,12,0,182.53,2.66
2019,8,16,13,0,189.34,2.49
2019,8,16,14,0,201.07,4.5
2019,8,16,15,0,183.48,2.31
2019,8,16,16,0,120.2,1.03
2019,8,16,17,0,94.60000000000001,3.68
2019,8,16,18,0,76.07000000000001,2.89
2019,8,16,19,0,78.71000000000001,3.68
2019,8,16,20,0,81.49,3.43
2019,8,16,21,0,95.34,2.58
2019,8,16,22,0,125.72,3.1
2019,8,16,23,0,148.49,2.25
2019,8,17,0,0,181.87,1.42
2019,8,17,1,0,9.59,1.75
2019,8,17,2,0,333.8,3.23
2019,8,17,3,0,347.26,9.31
2019,8,17,4,0,7.5,13.24
2019,8,17,5,0,326.1,2.47
2019,8,17,6,0,18.080000000000002,15.950000000000001
2019,8,17,7,0,13.49,23.02
2019,8,17,8,0,1.16,18.12
2019,8,17,9,0,9.9,17.28
2019,8,17,10,0,3.8200000000000003,18.990000000000002
2019,8,17,11,0,11.27,17.39
2019,8,17,12,0,15.06,16.13
2019,8,17,13,0,22.19,13.66
2019,8,17,14,0,25.900000000000002,17.45
2019,8,17,15,0,17.63,15.66
2019,8,17,16,0,15.71,14.950000000000001
2019,8,17,17,0,7.97,14.73
2019,8,17,18,0,9.950000000000001,14.55
2019,8,17,19,0,17.3,15.700000000000001
2019,8,17,20,0,22.25,11.620000000000001
2019,8,17,21,0,16.240000000000002,12.86
2019,8,17,22,0,16.8,10.53
2019,8,17,23,0,20.67,9.790000000000001
2019,8,18,0,0,27.01,10.38
2019,8,18,1,0,38.800000000000004,8.39
2019,8,18,2,0,31.03,12.11
2019,8,18,3,0,19.17,10.11
2019,8,18,4,0,14.55,11.55
2019,8,18,5,0,10.540000000000001,11.39
2019,8,18,6,0,6.83,13.540000000000001
2019,8,18,7,0,3.2,14.540000000000001
2019,8,18,8,0,12.13,15.98
2019,8,18,9,0,16.78,14.72
2019,8,18,10,0,21.21,15.35
2019,8,18,11,0,12.74,15.530000000000001
2019,8,18,12,0,19.2,14.620000000000001
2019,8,18,13,0,20.080000000000002,13.84
2019,8,18,14,0,14.11,14.540000000000001
2019,8,18,15,0,17.900000000000002,15.610000000000001
2019,8,18,16,0,15.13,15.200000000000001
2019,8,18,17,0,12.21,17.32
2019,8,18,18,0,15.700000000000001,19.400000000000002
2019,8,18,19,0,13.83,20.57
2019,8,18,20,0,14.35,18.31
2019,8,18,21,0,17.44,17.27
2019,8,18,22,0,16.38,18.12
2019,8,18,23,0,20.75,16.86
2019,8,19,0,0,22.69,17.18
2019,8,19,1,0,21.5,17.01
2019,8,19,2,0,20.14,16.29
2019,8,19,3,0,17.64,13.56
2019,8,19,4,0,17.3,14.9
2019,8,19,5,0,9.67,12.3
2019,8,19,6,0,7.92,14.620000000000001
2019,8,19,7,0,13.620000000000001,15.57
2019,8,19,8,0,17.95,14.99
2019,8,19,9,0,18.52,15.47
2019,8,19,10,0,20.28,14.66
2019,8,19,11,0,22.04,13.14
2019,8,19,12,0,19.73,13.89
2019,8,19,13,0,18.78,11.83
2019,8,19,14,0,23.900000000000002,11.9
2019,8,19,15,0,21,10.13
2019,8,19,16,0,22.79,8.870000000000001
2019,8,19,17,0,21.1,9.53
2019,8,19,18,0,21.04,8.93
2019,8,19,19,0,25.990000000000002,8
2019,8,19,20,0,38.11,6.41
2019,8,19,21,0,47.660000000000004,4.9
2019,8,19,22,0,49.93,3.18
2019,8,19,23,0,75.53,1.6400000000000001
2019,8,20,0,0,132.39000000000001,1.32
2019,8,20,1,0,186.17000000000002,1.61
2019,8,20,2,0,207.02,2.52
2019,8,20,3,0,218.07,3.35
2019,8,20,4,0,227.12,3.23
2019,8,20,5,0,240.54,3.1
2019,8,20,6,0,254.25,2.83
2019,8,20,7,0,274.53000000000003,2.75
2019,8,20,8,0,272.1,2.7600000000000002
2019,8,20,9,0,274.74,2.2600000000000002
2019,8,20,10,0,134.87,0.54
2019,8,20,11,0,150.67000000000002,1.86
2019,8,20,12,0,182.88,3.4
2019,8,20,13,0,184.31,3.34
2019,8,20,14,0,184.91,2.5500000000000003
2019,8,20,15,0,179.33,1.9100000000000001
2019,8,20,16,0,21.91,3.5700000000000003
2019,8,20,17,0,24.88,4.45
2019,8,20,18,0,49.230000000000004,2.56
2019,8,20,19,0,59.03,3.25
2019,8,20,20,0,66.25,3.0500000000000003
2019,8,20,21,0,100.32000000000001,1.62
2019,8,20,22,0,176.54,1.78
2019,8,20,23,0,178.14000000000001,1.93
2019,8,21,0,0,186.66,2.08
2019,8,21,1,0,195.43,2.49
2019,8,21,2,0,203.81,2.4
2019,8,21,3,0,208.13,3.85
2019,8,21,4,0,200.34,4.72
2019,8,21,5,0,221.31,5.39
2019,8,21,6,0,216.6,4.87
2019,8,21,7,0,213.63,5.11
2019,8,21,8,0,210.74,5.04
2019,8,21,9,0,213.17000000000002,4.6000000000000005
2019,8,21,10,0,225.73000000000002,3.5300000000000002
2019,8,21,11,0,223.87,2.49
2019,8,21,12,0,239.59,1.45
2019,8,21,13,0,233.15,1.34
2019,8,21,14,0,235.94,1.27
2019,8,21,15,0,38.42,3.5100000000000002
2019,8,21,16,0,29.25,6.32
2019,8,21,17,0,44.660000000000004,8.120000000000001
2019,8,21,18,0,38.99,6.28
2019,8,21,19,0,37.35,5.08
2019,8,21,20,0,34.97,3.41
2019,8,21,21,0,43.74,1.83
2019,8,21,22,0,58.22,1.87
2019,8,21,23,0,173.61,1.17
2019,8,22,0,0,89.3,0.92
2019,8,22,1,0,99.23,1.72
2019,8,22,2,0,86.9,1.21
2019,8,22,3,0,117.5,0.6
2019,8,22,4,0,49.17,0.35000000000000003
2019,8,22,5,0,261.23,0.47000000000000003
2019,8,22,6,0,275.71,1.58
2019,8,22,7,0,291.31,0.99
2019,8,22,8,0,47.34,0.77
2019,8,22,9,0,46.24,1.16
2019,8,22,10,0,33.08,2.58
2019,8,22,11,0,45.35,2.47
2019,8,22,12,0,31.6,2.43
2019,8,22,13,0,61.18,1.27
2019,8,22,14,0,30.93,1.23
2019,8,22,15,0,46.87,1.33
2019,8,22,16,0,50.53,0.99
2019,8,22,17,0,48.31,0.9
2019,8,22,18,0,34.78,1.43
2019,8,22,19,0,79.94,1.05
2019,8,22,20,0,133.33,1.59
2019,8,22,21,0,185.26,2.02
2019,8,22,22,0,193.32,2.88
2019,8,22,23,0,188.06,4.84
2019,8,23,0,0,195.8,6.75
2019,8,23,1,0,201.91,7.15
2019,8,23,2,0,196.46,7.26
2019,8,23,3,0,199.29,8.39
2019,8,23,4,0,200.8,9.19
2019,8,23,5,0,203.21,10.14
2019,8,23,6,0,203.49,9.88
2019,8,23,7,0,202.76,9.790000000000001
2019,8,23,8,0,286.79,2.8000000000000003
2019,8,23,9,0,239.56,1.32
2019,8,23,10,0,231.02,2.11
2019,8,23,11,0,223.06,1.07
2019,8,23,12,0,60.2,3.1
2019,8,23,13,0,59.06,2.69
2019,8,23,14,0,61.160000000000004,2.5300000000000002
2019,8,23,15,0,27.64,2.94
2019,8,23,16,0,24.93,3.96
2019,8,23,17,0,28.95,3.64
2019,8,23,18,0,28.52,3.74
2019,8,23,19,0,23.97,4.75
2019,8,23,20,0,37.79,3.88
2019,8,23,21,0,57.160000000000004,3.17
2019,8,23,22,0,54.1,1.9100000000000001
2019,8,23,23,0,57.57,1.59
2019,8,24,0,0,81.52,1.55
2019,8,24,1,0,96.04,1.48
2019,8,24,2,0,109.77,1.6400000000000001
2019,8,24,3,0,81.53,2.42
2019,8,24,4,0,125.28,0.92
2019,8,24,5,0,116.28,0.66
2019,8,24,6,0,41.67,1.8
2019,8,24,7,0,27.330000000000002,5.13
2019,8,24,8,0,22.240000000000002,7.48
2019,8,24,9,0,39.77,7.15
2019,8,24,10,0,40.410000000000004,8.33
2019,8,24,11,0,46.22,8.67
2019,8,24,12,0,52.53,7.95
2019,8,24,13,0,42.25,6.24
2019,8,24,14,0,23.81,5.96
2019,8,24,15,0,17.44,5.91
2019,8,24,16,0,26.740000000000002,6.890000000000001
2019,8,24,17,0,37.49,7.2700000000000005
2019,8,24,18,0,39.480000000000004,6.41
2019,8,24,19,0,42.27,5.48
2019,8,24,20,0,38.07,3.68
2019,8,24,21,0,58.300000000000004,3.02
2019,8,24,22,0,72.51,3.18
2019,8,24,23,0,73.2,2.73
2019,8,25,0,0,78.06,1.81
2019,8,25,1,0,104.81,1.1300000000000001
2019,8,25,2,0,155.27,1.2
2019,8,25,3,0,200.66,1.3900000000000001
2019,8,25,4,0,242.49,2.18
2019,8,25,5,0,264.07,1.36
2019,8,25,6,0,267.62,2.31
2019,8,25,7,0,264.06,2.36
2019,8,25,8,0,269.07,1.61
2019,8,25,9,0,319.42,1.18
2019,8,25,10,0,49.79,1.74
2019,8,25,11,0,54.22,1.83
2019,8,25,12,0,44.28,1.74
2019,8,25,13,0,57.800000000000004,1.36
2019,8,25,14,0,84.22,0.99
2019,8,25,15,0,106.66,0.42
2019,8,25,16,0,58.26,0.79
2019,8,25,17,0,47.13,1.24
2019,8,25,18,0,122.9,1.1300000000000001
2019,8,25,19,0,167.32,3.13
2019,8,25,20,0,168.05,3.38
2019,8,25,21,0,170.53,2.64
2019,8,25,22,0,183.61,2.96
2019,8,25,23,0,202.91,3.35
2019,8,26,0,0,205.64000000000001,3.81
2019,8,26,1,0,192.05,5.3
2019,8,26,2,0,188.23,8.290000000000001
2019,8,26,3,0,196.58,7.2700000000000005
2019,8,26,4,0,198.43,7.42
2019,8,26,5,0,201.9,7.3
2019,8,26,6,0,202.45000000000002,7.61
2019,8,26,7,0,197.32,7.5200000000000005
2019,8,26,8,0,192.93,7.26
2019,8,26,9,0,194.84,7.69
2019,8,26,10,0,186.18,7.09
2019,8,26,11,0,176.61,6.7700000000000005
2019,8,26,12,0,172.05,6.78
2019,8,26,13,0,167.48,6.07
2019,8,26,14,0,159.94,6.21
2019,8,26,15,0,147.54,5.42
2019,8,26,16,0,123.3,4.98
2019,8,26,17,0,108.3,4.68
2019,8,26,18,0,113.53,3.93
2019,8,26,19,0,119.9,2.87
2019,8,26,20,0,109.86,2.1
2019,8,26,21,0,121.69,1.3800000000000001
2019,8,26,22,0,127.42,1.08
2019,8,26,23,0,126.75,0.41000000000000003
2019,8,27,0,0,214.43,1
2019,8,27,1,0,198.96,2.08
2019,8,27,2,0,210.07,2.27
2019,8,27,3,0,204.6,2.95
2019,8,27,4,0,209.07,3.3200000000000003
2019,8,27,5,0,205.52,3.39
2019,8,27,6,0,199.54,4.93
2019,8,27,7,0,229.04,3.16
2019,8,27,8,0,233.53,2.24
2019,8,27,9,0,237.5,0.99
2019,8,27,10,0,103.69,0.12
2019,8,27,11,0,67.11,1.09
2019,8,27,12,0,65.87,2.41
2019,8,27,13,0,89.53,3.2800000000000002
2019,8,27,14,0,51.1,2.56
2019,8,27,15,0,35.09,3.62
2019,8,27,16,0,24.8,3.97
2019,8,27,17,0,7.12,4.25
2019,8,27,18,0,30.080000000000002,4.79
2019,8,27,19,0,44.86,3.77
2019,8,27,20,0,32.56,2.69
2019,8,27,21,0,25.740000000000002,1.59
2019,8,27,22,0,137.1,0.86
2019,8,27,23,0,195.39000000000001,1.03
2019,8,28,0,0,197.39000000000001,0.93
2019,8,28,1,0,196.93,1.34
2019,8,28,2,0,223.66,0.85
2019,8,28,3,0,217.76,0.68
2019,8,28,4,0,236.4,1.24
2019,8,28,5,0,264.44,1.12
2019,8,28,6,0,290.53000000000003,1.08
2019,8,28,7,0,338.77,0.86
2019,8,28,8,0,33.92,2.65
2019,8,28,9,0,7.11,5.3100000000000005
2019,8,28,10,0,34.89,6.69
2019,8,28,11,0,28.66,6.7
2019,8,28,12,0,35.87,7.01
2019,8,28,13,0,72.64,6.12
2019,8,28,14,0,69,4.16
2019,8,28,15,0,63.730000000000004,3.02
2019,8,28,16,0,66.71000000000001,2.21
2019,8,28,17,0,60.480000000000004,1.79
2019,8,28,18,0,57.69,0.59
2019,8,28,19,0,10.72,1.3900000000000001
2019,8,28,20,0,29.03,1.49
2019,8,28,21,0,53.15,1.1500000000000001
2019,8,28,22,0,51.69,1.56
2019,8,28,23,0,60.78,1.96
2019,8,29,0,0,67.76,1.22
2019,8,29,1,0,155.20000000000002,0.56
2019,8,29,2,0,236.72,1.43
2019,8,29,3,0,250.77,2.42
2019,8,29,4,0,249.02,2.5
2019,8,29,5,0,251.9,2.15
2019,8,29,6,0,239.21,2.06
2019,8,29,7,0,200.87,1.59
2019,8,29,8,0,180.32,2.59
2019,8,29,9,0,199.02,3.54
2019,8,29,10,0,203.16,4.08
2019,8,29,11,0,214.20000000000002,4.43
2019,8,29,12,0,217.04,4.2
2019,8,29,13,0,213.06,3.24
2019,8,29,14,0,208.92000000000002,1.94
2019,8,29,15,0,168.17000000000002,1.56
2019,8,29,16,0,165.94,2.59
2019,8,29,17,0,159.16,2.5
2019,8,29,18,0,119.57000000000001,2.17
2019,8,29,19,0,101.16,2.1
2019,8,29,20,0,63.45,2.48
2019,8,29,21,0,59.77,2.27
2019,8,29,22,0,52.26,1.76
2019,8,29,23,0,71.47,1.07
2019,8,30,0,0,186.5,1.1
2019,8,30,1,0,207.32,1.55
2019,8,30,2,0,233.04,1.8900000000000001
2019,8,30,3,0,242.71,2.21
2019,8,30,4,0,238.75,2.1
2019,8,30,5,0,231.9,2.42
2019,8,30,6,0,217.69,2.54
2019,8,30,7,0,207.26,4.07
2019,8,30,8,0,238.1,1.97
2019,8,30,9,0,218.05,1.4000000000000001
2019,8,30,10,0,204.96,2.17
2019,8,30,11,0,217.89000000000001,4.3
2019,8,30,12,0,218.56,3.91
2019,8,30,13,0,224.47,1.86
2019,8,30,14,0,58.22,0.55
2019,8,30,15,0,159.39000000000001,0.93
2019,8,30,16,0,154.41,0.39
2019,8,30,17,0,33.9,1.09
2019,8,30,18,0,42.15,1.22
2019,8,30,19,0,65.9,0.88
2019,8,30,20,0,85.03,1.07
2019,8,30,21,0,39.17,1.57
2019,8,30,22,0,46.410000000000004,2.08
2019,8,30,23,0,44.04,2.14
2019,8,31,0,0,48.84,2.63
2019,8,31,1,0,51.22,1.71
2019,8,31,2,0,0.07,0.49
2019,8,31,3,0,268.44,1.04
2019,8,31,4,0,245.16,2.2800000000000002
2019,8,31,5,0,204.38,4.45
2019,8,31,6,0,215.33,5.93
2019,8,31,7,0,215.79,6.73
2019,8,31,8,0,215.4,7.79
2019,8,31,9,0,215.02,8.38
2019,8,31,10,0,212.33,8.43
2019,8,31,11,0,219.17000000000002,7.21
2019,8,31,12,0,211.49,5.67
2019,8,31,13,0,202.89000000000001,4.82
2019,8,31,14,0,184.27,2.4
2019,8,31,15,0,107.65,1.04
2019,8,31,16,0,71.05,1.3900000000000001
2019,8,31,17,0,38.79,2.9
2019,8,31,18,0,45.95,4.21
2019,8,31,19,0,61.06,6.07
2019,8,31,20,0,39.84,5.6000000000000005
2019,8,31,21,0,34.12,6.1000000000000005
2019,8,31,22,0,34.660000000000004,5.2
2019,8,31,23,0,44.24,4.22
2019,9,1,0,0,40.28,3.09
2019,9,1,1,0,28.3,4.88
2019,9,1,2,0,15.14,5.99
2019,9,1,3,0,44.49,7.09
2019,9,1,4,0,66.51,4.72
2019,9,1,5,0,79.02,5.19
2019,9,1,6,0,93.67,3.45
2019,9,1,7,0,161.79,2.77
2019,9,1,8,0,119.43,7.390000000000001
2019,9,1,9,0,139.31,6.22
2019,9,1,10,0,106.19,4.37
2019,9,1,11,0,182.09,4.1
2019,9,1,12,0,209.1,1.36
2019,9,1,13,0,106.04,1.85
2019,9,1,14,0,113.7,3.04
2019,9,1,15,0,96.77,2.05
2019,9,1,16,0,84.73,1.98
2019,9,1,17,0,101.29,4.8500000000000005
2019,9,1,18,0,95.67,5.19
2019,9,1,19,0,79.47,6.32
2019,9,1,20,0,70.87,3.71
2019,9,1,21,0,3.71,3.54
2019,9,1,22,0,8.89,3.8200000000000003
2019,9,1,23,0,56.980000000000004,3.98
2019,9,2,0,0,70.44,4.29
2019,9,2,1,0,147.92000000000002,20.830000000000002
2019,9,2,2,0,139.27,12.73
2019,9,2,3,0,146.32,16.75
2019,9,2,4,0,181.26,12.93
2019,9,2,5,0,181.52,7.45
2019,9,2,6,0,178.07,7.26
2019,9,2,7,0,200.59,6.3
2019,9,2,8,0,194.64000000000001,8.41
2019,9,2,9,0,173.91,9.42
2019,9,2,10,0,154.91,10.370000000000001
2019,9,2,11,0,148.28,11.72
2019,9,2,12,0,159.09,10.81
2019,9,2,13,0,158.09,11.08
2019,9,2,14,0,163.01,10.94
2019,9,2,15,0,169.9,12.18
2019,9,2,16,0,170.61,12.83
2019,9,2,17,0,161.54,13.35
2019,9,2,18,0,168,13.74
2019,9,2,19,0,164.99,14.94
2019,9,2,20,0,170.5,13.61
2019,9,2,21,0,164.51,13.540000000000001
2019,9,2,22,0,180.22,14.52
2019,9,2,23,0,177.09,12.39
2019,9,3,0,0,174.09,8.67
2019,9,3,1,0,191.26,12.56
2019,9,3,2,0,187.12,13.120000000000001
2019,9,3,3,0,177.93,11.620000000000001
2019,9,3,4,0,187.78,9.98
2019,9,3,5,0,193.68,9.82
2019,9,3,6,0,208.24,8.73
2019,9,3,7,0,233.72,10.23
2019,9,3,8,0,267.79,11.74
2019,9,3,9,0,257.24,13.64
2019,9,3,10,0,258.94,13.200000000000001
2019,9,3,11,0,265.39,12.98
2019,9,3,12,0,258.79,12
2019,9,3,13,0,258.77,9.5
2019,9,3,14,0,258.45,5.92
2019,9,3,15,0,193.87,1.33
2019,9,3,16,0,242.29,3.5500000000000003
2019,9,3,17,0,249.17000000000002,3.88
2019,9,3,18,0,193.93,6.33
2019,9,3,19,0,203.91,4.48
2019,9,3,20,0,196.72,9.06
2019,9,3,21,0,185.15,9.66
2019,9,3,22,0,198.36,11.6
2019,9,3,23,0,202.39000000000001,13.18
2019,9,4,0,0,199.21,12.47
2019,9,4,1,0,203.03,12.65
2019,9,4,2,0,201.95000000000002,12.73
2019,9,4,3,0,198.46,11.38
2019,9,4,4,0,198.42000000000002,10.94
2019,9,4,5,0,193.34,10.49
2019,9,4,6,0,190.1,8.59
2019,9,4,7,0,193.43,8.58
2019,9,4,8,0,191.05,9.8
2019,9,4,9,0,195.01,11.08
2019,9,4,10,0,194.12,10.790000000000001
2019,9,4,11,0,189.96,10.47
2019,9,4,12,0,194.22,10.33
2019,9,4,13,0,195.16,10.96
2019,9,4,14,0,195.52,10.5
2019,9,4,15,0,188.11,10.450000000000001
2019,9,4,16,0,166,7.94
2019,9,4,17,0,193.99,7.33
2019,9,4,18,0,206.62,9.14
2019,9,4,19,0,199.29,8.46
2019,9,4,20,0,196.94,9.370000000000001
2019,9,4,21,0,196.20000000000002,9.63
2019,9,4,22,0,198.83,9.200000000000001
2019,9,4,23,0,198.32,11.41
2019,9,5,0,0,202.18,10.92
2019,9,5,1,0,199.91,12.64
2019,9,5,2,0,201.18,11.78
2019,9,5,3,0,200.97,11.94
2019,9,5,4,0,200.31,11.98
2019,9,5,5,0,200.34,11.790000000000001
2019,9,5,6,0,200.89000000000001,11.63
2019,9,5,7,0,204.91,11.040000000000001
2019,9,5,8,0,201.14000000000001,10.48
2019,9,5,9,0,201.85,10.15
2019,9,5,10,0,198.1,9.65
2019,9,5,11,0,198.31,8.69
2019,9,5,12,0,197.68,7.63
2019,9,5,13,0,192.08,7.05
2019,9,5,14,0,184.92000000000002,6.09
2019,9,5,15,0,182.11,5.76
2019,9,5,16,0,173.94,5.29
2019,9,5,17,0,169.55,5.4
2019,9,5,18,0,179.51,5.21
2019,9,5,19,0,185.11,4.74
2019,9,5,20,0,178.79,4.14
2019,9,5,21,0,179.37,4.9
2019,9,5,22,0,184.43,5.5600000000000005
2019,9,5,23,0,186.53,4.5
2019,9,6,0,0,194.46,3.75
2019,9,6,1,0,194.87,3.5
2019,9,6,2,0,195.33,4.37
2019,9,6,3,0,201.53,4.91
2019,9,6,4,0,212.73000000000002,4.21
2019,9,6,5,0,207.66,4.3100000000000005
2019,9,6,6,0,206.38,4.62
2019,9,6,7,0,201.81,4.3
2019,9,6,8,0,188.87,3.79
2019,9,6,9,0,194.21,3.54
2019,9,6,10,0,215.93,3.74
2019,9,6,11,0,215.84,1.12
2019,9,6,12,0,209.1,1.3800000000000001
2019,9,6,13,0,146.14000000000001,1.28
2019,9,6,14,0,167.70000000000002,2.38
2019,9,6,15,0,162.65,1.59
2019,9,6,16,0,150.81,0.62
2019,9,6,17,0,31.46,1.07
2019,9,6,18,0,19.84,3.25
2019,9,6,19,0,19.36,3.52
2019,9,6,20,0,74.68,3.54
2019,9,6,21,0,66.05,4.17
2019,9,6,22,0,64.88,4.5
2019,9,6,23,0,62.800000000000004,4.0600000000000005
2019,9,7,0,0,47.46,2.85
2019,9,7,1,0,39.6,1.11
2019,9,7,2,0,15.700000000000001,1.11
2019,9,7,3,0,21.55,1.5
2019,9,7,4,0,41.08,2.09
2019,9,7,5,0,27.63,1.3800000000000001
2019,9,7,6,0,324.09000000000003,0.48
2019,9,7,7,0,15.290000000000001,1.22
2019,9,7,8,0,331.93,1.3
2019,9,7,9,0,358.93,1.94
2019,9,7,10,0,33.75,0.73
2019,9,7,11,0,95.39,0.66
2019,9,7,12,0,116.03,2.08
2019,9,7,13,0,121.79,3.62
2019,9,7,14,0,121.66,3.65
2019,9,7,15,0,178.68,2.08
2019,9,7,16,0,259.52,2.75
2019,9,7,17,0,247.64000000000001,2.02
2019,9,7,18,0,256.99,0.84
2019,9,7,19,0,71.92,3.6
2019,9,7,20,0,123.44,2.42
2019,9,7,21,0,100.99000000000001,2.68
2019,9,7,22,0,141.68,1.34
2019,9,7,23,0,46.82,1.26
2019,9,8,0,0,20.11,2.35
2019,9,8,1,0,16.29,2.8000000000000003
2019,9,8,2,0,5.03,2.97
2019,9,8,3,0,353.67,3.46
2019,9,8,4,0,357.94,5.74
2019,9,8,5,0,358.09000000000003,8.61
2019,9,8,6,0,0.71,9.89
2019,9,8,7,0,0.3,10.53
2019,9,8,8,0,27.66,6.49
2019,9,8,9,0,352.88,7.97
2019,9,8,10,0,7.97,8.05
2019,9,8,11,0,356.46,7.54
2019,9,8,12,0,357.57,6.59
2019,9,8,13,0,24.62,5.8
2019,9,8,14,0,24.21,4.24
2019,9,8,15,0,26.71,3.85
2019,9,8,16,0,29.93,3.35
2019,9,8,17,0,51.13,2.39
2019,9,8,18,0,60.72,1.87
2019,9,8,19,0,60.4,1.83
2019,9,8,20,0,64.12,1.61
2019,9,8,21,0,68.58,1.3800000000000001
2019,9,8,22,0,70.96000000000001,0.63
2019,9,8,23,0,85.86,0.36
2019,9,9,0,0,274.02,0.21
2019,9,9,1,0,243.20000000000002,1.09
2019,9,9,2,0,236.79,1.6400000000000001
2019,9,9,3,0,221,0.8200000000000001
2019,9,9,4,0,168.52,2.5100000000000002
2019,9,9,5,0,187.4,4.64
2019,9,9,6,0,201.35,4.08
2019,9,9,7,0,201.65,5.7700000000000005
2019,9,9,8,0,195.44,6.45
2019,9,9,9,0,198.72,7.36
2019,9,9,10,0,196.22,7.03
2019,9,9,11,0,193.57,6.59
2019,9,9,12,0,191.65,6.34
2019,9,9,13,0,180.97,6.08
2019,9,9,14,0,156.15,6.01
2019,9,9,15,0,145.62,5.16
2019,9,9,16,0,133.71,6.34
2019,9,9,17,0,139.62,5.44
2019,9,9,18,0,118.56,5.88
2019,9,9,19,0,156.48,6.83
2019,9,9,20,0,164.31,6.48
2019,9,9,21,0,179.14000000000001,9.53
2019,9,9,22,0,162.51,5.0200000000000005
2019,9,9,23,0,167.69,7.66
2019,9,10,0,0,179.73,7.8
2019,9,10,1,0,178.70000000000002,7.51
2019,9,10,2,0,189.48,8.86
2019,9,10,3,0,200.45000000000002,8.870000000000001
2019,9,10,4,0,201.09,9.25
2019,9,10,5,0,195.28,11.32
2019,9,10,6,0,210.46,7.930000000000001
2019,9,10,7,0,194.1,11.01
2019,9,10,8,0,194.02,11.44
2019,9,10,9,0,193.57,10.43
2019,9,10,10,0,189.70000000000002,9.47
2019,9,10,11,0,185.76,8.370000000000001
2019,9,10,12,0,188.33,8.35
2019,9,10,13,0,191.46,8.11
2019,9,10,14,0,198.27,8.14
2019,9,10,15,0,214.82,6.96
2019,9,10,16,0,226.12,3.71
2019,9,10,17,0,201.98000000000002,6.08
2019,9,10,18,0,190.48,6.83
2019,9,10,19,0,189.16,7.390000000000001
2019,9,10,20,0,187.77,6.96
2019,9,10,21,0,191.97,6.1000000000000005
2019,9,10,22,0,188.61,6
2019,9,10,23,0,182.48,5.25
2019,9,11,0,0,163.83,4.43
2019,9,11,1,0,177.39000000000001,5.25
2019,9,11,2,0,198.75,5.4
2019,9,11,3,0,192.92000000000002,5.2700000000000005
2019,9,11,4,0,219.15,4.01
2019,9,11,5,0,230.36,2.2800000000000002
2019,9,11,6,0,228.76,4.59
2019,9,11,7,0,281.36,3.8200000000000003
2019,9,11,8,0,291.63,2.5
2019,9,11,9,0,211.09,3.37
2019,9,11,10,0,270.12,2.47
2019,9,11,11,0,287.14,1.61
2019,9,11,12,0,330.62,0.48
2019,9,11,13,0,27.41,1.06
2019,9,11,14,0,350.90000000000003,0.81
2019,9,11,15,0,186.83,4.67
2019,9,11,16,0,169.31,4.0200000000000005
2019,9,11,17,0,160.29,4.24
2019,9,11,18,0,173.67000000000002,3.94
2019,9,11,19,0,173.77,2.5300000000000002
2019,9,11,20,0,165.21,2.57
2019,9,11,21,0,161.88,2.5500000000000003
2019,9,11,22,0,167.01,2.95
2019,9,11,23,0,189.64000000000001,2.92
2019,9,12,0,0,211.97,3.0100000000000002
2019,9,12,1,0,218.4,2.87
2019,9,12,2,0,213.32,1.9100000000000001
2019,9,12,3,0,169.21,0.71
2019,9,12,4,0,122.33,2.35
2019,9,12,5,0,102.3,2.37
2019,9,12,6,0,91.57000000000001,3.02
2019,9,12,7,0,110.45,3.08
2019,9,12,8,0,137.56,3.17
2019,9,12,9,0,105.55,3.5700000000000003
2019,9,12,10,0,148.4,5.29
2019,9,12,11,0,115.8,5.28
2019,9,12,12,0,117.25,7.84
2019,9,12,13,0,128.03,9.65
2019,9,12,14,0,131.57,9.66
2019,9,12,15,0,126.19,8.63
2019,9,12,16,0,123.66,8.67
2019,9,12,17,0,129.32,8.25
2019,9,12,18,0,129.18,6.84
2019,9,12,19,0,103.44,5.25
2019,9,12,20,0,103.52,4.59
2019,9,12,21,0,68.46000000000001,1.92
2019,9,12,22,0,96.51,6.17
2019,9,12,23,0,107.43,7.45
2019,9,13,0,0,121.4,9.540000000000001
2019,9,13,1,0,92.69,6.92
2019,9,13,2,0,99.61,10.43
2019,9,13,3,0,95.96000000000001,10.57
2019,9,13,4,0,108.82000000000001,9.35
2019,9,13,5,0,75.93,6.3100000000000005
2019,9,13,6,0,70.58,7.43
2019,9,13,7,0,81.85000000000001,8.38
2019,9,13,8,0,66.86,7.69
2019,9,13,9,0,85.31,8.63
2019,9,13,10,0,98.86,8.370000000000001
2019,9,13,11,0,177,4.8100000000000005
2019,9,13,12,0,180.62,4.87
2019,9,13,13,0,180.04,5.26
2019,9,13,14,0,178.76,4.45
2019,9,13,15,0,184.69,5.22
2019,9,13,16,0,180.36,4.57
2019,9,13,17,0,182.83,3.59
2019,9,13,18,0,167.46,1.93
2019,9,13,19,0,135.26,1.25
2019,9,13,20,0,63.730000000000004,1.45
2019,9,13,21,0,39.82,2.2800000000000002
2019,9,13,22,0,39.72,4.41
2019,9,13,23,0,36.62,6.32
2019,9,14,0,0,12.84,4.39
2019,9,14,1,0,348.36,3.7
2019,9,14,2,0,6.75,3.09
2019,9,14,3,0,330.95,3.69
2019,9,14,4,0,1.56,4.15
2019,9,14,5,0,22.76,4.82
2019,9,14,6,0,24.18,5
2019,9,14,7,0,328.7,3.36
2019,9,14,8,0,306.67,3.58
2019,9,14,9,0,287.95,2.07
2019,9,14,10,0,254.67000000000002,2.91
2019,9,14,11,0,261.39,3.62
2019,9,14,12,0,254.39000000000001,3.93
2019,9,14,13,0,239.55,3.7
2019,9,14,14,0,207.61,3.4
2019,9,14,15,0,201.87,4.3500000000000005
2019,9,14,16,0,192.65,4.9
2019,9,14,17,0,189.62,4.8500000000000005
2019,9,14,18,0,192.96,4.28
2019,9,14,19,0,192.88,3.85
2019,9,14,20,0,203.88,4.64
2019,9,14,21,0,218.73000000000002,2.66
2019,9,14,22,0,224.84,2.85
2019,9,14,23,0,217.92000000000002,2.17
2019,9,15,0,0,221.11,2.81
2019,9,15,1,0,222.38,3.62
2019,9,15,2,0,218.05,3.02
2019,9,15,3,0,198.58,3.69
2019,9,15,4,0,208.20000000000002,4.69
2019,9,15,5,0,203.81,3.62
2019,9,15,6,0,201.51,4.54
2019,9,15,7,0,193.93,5.12
2019,9,15,8,0,202.5,4.96
2019,9,15,9,0,199.29,4.38
2019,9,15,10,0,192.6,3.66
2019,9,15,11,0,200.5,3.45
2019,9,15,12,0,193.78,3.79
2019,9,15,13,0,165.54,2.1
2019,9,15,14,0,165.48,4.38
2019,9,15,15,0,166.68,5.39
2019,9,15,16,0,200.29,8.08
2019,9,15,17,0,199.96,9.85
2019,9,15,18,0,190.92000000000002,10.1
2019,9,15,19,0,185.45000000000002,9.75
2019,9,15,20,0,181.64000000000001,5.41
2019,9,15,21,0,147.48,4.49
2019,9,15,22,0,130.03,1.98
2019,9,15,23,0,146.83,6.76
2019,9,16,0,0,140.05,5.16
2019,9,16,1,0,94.38,5.15
2019,9,16,2,0,77.01,6.54
2019,9,16,3,0,59.32,6.57
2019,9,16,4,0,40.08,7.76
2019,9,16,5,0,25.01,9.61
2019,9,16,6,0,31.650000000000002,11.92
2019,9,16,7,0,27.990000000000002,14.44
2019,9,16,8,0,28.35,12.64
2019,9,16,9,0,23.45,10.21
2019,9,16,10,0,27.07,8.25
2019,9,16,11,0,17.44,6.96
2019,9,16,12,0,7.59,7.59
2019,9,16,13,0,348.34000000000003,3.65
2019,9,16,14,0,18.03,2.16
2019,9,16,15,0,185.41,0.59
2019,9,16,16,0,234.89000000000001,2.5500000000000003
2019,9,16,17,0,217.74,2.46
2019,9,16,18,0,201.73000000000002,3.93
2019,9,16,19,0,185.06,4.92
2019,9,16,20,0,188.5,5.63
2019,9,16,21,0,194.66,6.94
2019,9,16,22,0,196.45000000000002,6.61
2019,9,16,23,0,193.79,5.68
2019,9,17,0,0,181.99,3.64
2019,9,17,1,0,154.37,2.33
2019,9,17,2,0,91.06,1.44
2019,9,17,3,0,53.17,1.87
2019,9,17,4,0,59.94,7.26
2019,9,17,5,0,72.4,9.36
2019,9,17,6,0,19.400000000000002,6.26
2019,9,17,7,0,19.37,4.07
2019,9,17,8,0,355.7,1.7
2019,9,17,9,0,13.450000000000001,5.24
2019,9,17,10,0,39.45,4.58
2019,9,17,11,0,69.11,6.78
2019,9,17,12,0,87.42,8.11
2019,9,17,13,0,93.59,6.5200000000000005
2019,9,17,14,0,102.06,5.63
2019,9,17,15,0,119.53,4.13
2019,9,17,16,0,119.83,3.96
2019,9,17,17,0,85.93,4.07
2019,9,17,18,0,93.96000000000001,4.47
2019,9,17,19,0,92.57000000000001,4.67
2019,9,17,20,0,86.25,3.73
2019,9,17,21,0,68.69,2.87
2019,9,17,22,0,38.480000000000004,2.23
2019,9,17,23,0,42.94,1.84
2019,9,18,0,0,36.230000000000004,1.49
2019,9,18,1,0,55.54,0.38
2019,9,18,2,0,36.800000000000004,0.38
2019,9,18,3,0,280,0.54
2019,9,18,4,0,173.82,1.29
2019,9,18,5,0,3.7600000000000002,2.07
2019,9,18,6,0,38.21,4.34
2019,9,18,7,0,24.86,8.040000000000001
2019,9,18,8,0,17.43,11.01
2019,9,18,9,0,13.65,10.950000000000001
2019,9,18,10,0,15.63,10.61
2019,9,18,11,0,9.51,9.55
2019,9,18,12,0,8.790000000000001,8.09
2019,9,18,13,0,353.93,7.28
2019,9,18,14,0,343.04,3.3200000000000003
2019,9,18,15,0,236.86,2.59
2019,9,18,16,0,190.94,5.08
2019,9,18,17,0,182.42000000000002,11.65
2019,9,18,18,0,196.11,14.15
2019,9,18,19,0,197.55,12.02
2019,9,18,20,0,197.08,12.5
2019,9,18,21,0,198.29,13.68
2019,9,18,22,0,196.53,12.450000000000001
2019,9,18,23,0,200.73000000000002,11.66
2019,9,19,0,0,200.24,12.6
2019,9,19,1,0,203.03,12.05
2019,9,19,2,0,200.5,12.36
2019,9,19,3,0,202.19,11.08
2019,9,19,4,0,214.69,10.42
2019,9,19,5,0,213.49,9.52
2019,9,19,6,0,240.61,7.18
2019,9,19,7,0,233.57,9.76
2019,9,19,8,0,255.61,8.1
2019,9,19,9,0,240.19,6.33
2019,9,19,10,0,242.61,6.97
2019,9,19,11,0,238.13,4.64
2019,9,19,12,0,148.4,2.19
2019,9,19,13,0,28.75,1.9000000000000001
2019,9,19,14,0,73.97,2.13
2019,9,19,15,0,159.38,5.69
2019,9,19,16,0,126.08,1.1500000000000001
2019,9,19,17,0,358.48,4.32
2019,9,19,18,0,1.59,4.75
2019,9,19,19,0,13.11,4.5200000000000005
2019,9,19,20,0,6.29,4.14
2019,9,19,21,0,126.54,0.73
2019,9,19,22,0,182.94,7.04
2019,9,19,23,0,182.4,6.44
2019,9,20,0,0,185.93,6.38
2019,9,20,1,0,193.69,5.42
2019,9,20,2,0,196.83,4.34
2019,9,20,3,0,193.51,3.9
2019,9,20,4,0,194.94,2.5300000000000002
2019,9,20,5,0,155.47,1.99
2019,9,20,6,0,117.07000000000001,4.2
2019,9,20,7,0,70.25,3.0500000000000003
2019,9,20,8,0,43.37,3.56
2019,9,20,9,0,74.89,3.45
2019,9,20,10,0,54.19,4.03
2019,9,20,11,0,87.4,3.89
2019,9,20,12,0,23.21,5.51
2019,9,20,13,0,38.17,7.36
2019,9,20,14,0,1.97,8.68
2019,9,20,15,0,26.66,9.27
2019,9,20,16,0,22.43,9.15
2019,9,20,17,0,18.34,9.52
2019,9,20,18,0,17.75,9.26
2019,9,20,19,0,14.38,8.17
2019,9,20,20,0,2.75,5.25
2019,9,20,21,0,336.31,1.56
2019,9,20,22,0,219.43,1.68
2019,9,20,23,0,215.45000000000002,2.29
2019,9,21,0,0,210.53,3.99
2019,9,21,1,0,196.45000000000002,6.24
2019,9,21,2,0,289.1,5.83
2019,9,21,3,0,329.45,5.14
2019,9,21,4,0,351.19,6.04
2019,9,21,5,0,44.44,7.08
2019,9,21,6,0,316.03000000000003,8.33
2019,9,21,7,0,339.64,5.45
2019,9,21,8,0,346.83,11.57
2019,9,21,9,0,346.62,11.8
2019,9,21,10,0,338.44,15.1
2019,9,21,11,0,341.62,12.27
2019,9,21,12,0,335.76,12.02
2019,9,21,13,0,337.01,14.85
2019,9,21,14,0,339.22,13.09
2019,9,21,15,0,338.77,15.07
2019,9,21,16,0,336.27,16.76
2019,9,21,17,0,340,14.92
2019,9,21,18,0,339.65000000000003,12.780000000000001
2019,9,21,19,0,339.81,11.19
2019,9,21,20,0,49.54,5.39
2019,9,21,21,0,252,2.87
2019,9,21,22,0,303.44,5.72
2019,9,21,23,0,309.59000000000003,6.5600000000000005
2019,9,22,0,0,58.120000000000005,2.5500000000000003
2019,9,22,1,0,33.51,1.85
2019,9,22,2,0,110.64,0.59
2019,9,22,3,0,202.69,2.7800000000000002
2019,9,22,4,0,204.24,1.52
2019,9,22,5,0,157.6,3.49
2019,9,22,6,0,134.32,6.32
2019,9,22,7,0,135.56,6.32
2019,9,22,8,0,147.38,6.88
2019,9,22,9,0,150.11,7.4
2019,9,22,10,0,157.49,6.8500000000000005
2019,9,22,11,0,182.20000000000002,2.7800000000000002
2019,9,22,12,0,128.63,4.07
2019,9,22,13,0,136.3,3.23
2019,9,22,14,0,165.44,5.8500000000000005
2019,9,22,15,0,164.55,5.89
2019,9,22,16,0,153.07,3.94
2019,9,22,17,0,29.3,3.87
2019,9,22,18,0,82.96000000000001,3.67
2019,9,22,19,0,2.49,3.34
2019,9,22,20,0,165.18,4.08
2019,9,22,21,0,171.71,6.17
2019,9,22,22,0,164.91,3.94
2019,9,22,23,0,126.32000000000001,2.4
2019,9,23,0,0,67.39,2.02
2019,9,23,1,0,56.93,8.07
2019,9,23,2,0,56.910000000000004,9.870000000000001
2019,9,23,3,0,51.6,9.65
2019,9,23,4,0,94.36,6.4
2019,9,23,5,0,180.05,5.5
2019,9,23,6,0,96.33,7.03
2019,9,23,7,0,88.21000000000001,10.33
2019,9,23,8,0,63.2,11.98
2019,9,23,9,0,65.52,10.870000000000001
2019,9,23,10,0,38.67,13.06
2019,9,23,11,0,35.25,14.86
2019,9,23,12,0,33.19,13.55
2019,9,23,13,0,31.39,12.61
2019,9,23,14,0,30.72,12.34
2019,9,23,15,0,26.69,12.31
2019,9,23,16,0,24.46,12.76
2019,9,23,17,0,30.46,12.280000000000001
2019,9,23,18,0,31.37,11.790000000000001
2019,9,23,19,0,29.990000000000002,10.97
2019,9,23,20,0,33.94,10.22
2019,9,23,21,0,31.8,9.5
2019,9,23,22,0,37.74,8.81
2019,9,23,23,0,30.77,7.2
2019,9,24,0,0,20.27,5.62
2019,9,24,1,0,11.16,3.42
2019,9,24,2,0,353.16,2.25
2019,9,24,3,0,291.88,3.0300000000000002
2019,9,24,4,0,277.55,2.84
2019,9,24,5,0,283.48,3.33
2019,9,24,6,0,296.67,2.2
2019,9,24,7,0,274.22,2.02
2019,9,24,8,0,195.72,0.45
2019,9,24,9,0,101.35000000000001,0.76
2019,9,24,10,0,139.61,1.71
2019,9,24,11,0,173.05,5.45
2019,9,24,12,0,171.3,4.62
2019,9,24,13,0,161.92000000000002,3.67
2019,9,24,14,0,160.37,2.87
2019,9,24,15,0,159.46,1.95
2019,9,24,16,0,120.69,1.58
2019,9,24,17,0,92.22,3.25
2019,9,24,18,0,87.22,3.93
2019,9,24,19,0,89.94,4.54
2019,9,24,20,0,84.5,4.8100000000000005
2019,9,24,21,0,31.2,5.97
2019,9,24,22,0,17.990000000000002,3.7800000000000002
2019,9,24,23,0,248.01000000000002,0.8300000000000001
2019,9,25,0,0,47.95,3.22
2019,9,25,1,0,61.33,1.04
2019,9,25,2,0,64.18,1.87
2019,9,25,3,0,106.82000000000001,1.87
2019,9,25,4,0,213.14000000000001,3.8000000000000003
2019,9,25,5,0,222.8,2.5500000000000003
2019,9,25,6,0,254.18,4.38
2019,9,25,7,0,255.01000000000002,9.16
2019,9,25,8,0,241.8,10.790000000000001
2019,9,25,9,0,252.86,11.42
2019,9,25,10,0,242.28,2.89
2019,9,25,11,0,203.34,6.2700000000000005
2019,9,25,12,0,198.93,15.49
2019,9,25,13,0,202.26,17.02
2019,9,25,14,0,227.01,13.34
2019,9,25,15,0,272.03000000000003,11.33
2019,9,25,16,0,277.81,16.580000000000002
2019,9,25,17,0,276.42,14.67
2019,9,25,18,0,270.98,12.21
2019,9,25,19,0,282.08,14.13
2019,9,25,20,0,291.09000000000003,18.12
2019,9,25,21,0,283.85,15.74
2019,9,25,22,0,286.55,18.16
2019,9,25,23,0,291.1,15.06
2019,9,26,0,0,309.62,12.13
2019,9,26,1,0,303.76,11.9
2019,9,26,2,0,299.47,10.92
2019,9,26,3,0,299.74,15.25
2019,9,26,4,0,297.09000000000003,15.65
2019,9,26,5,0,287.04,16.79
2019,9,26,6,0,286.7,20.05
2019,9,26,7,0,294.62,21.64
2019,9,26,8,0,287.35,16.4
2019,9,26,9,0,319.85,9.88
2019,9,26,10,0,298.58,6.41
2019,9,26,11,0,291.58,10.19
2019,9,26,12,0,293.46,11.040000000000001
2019,9,26,13,0,327.67,7.59
2019,9,26,14,0,328,7.9
2019,9,26,15,0,346.78000000000003,10.82
2019,9,26,16,0,298.22,5.15
2019,9,26,17,0,106.16,6.8500000000000005
2019,9,26,18,0,109.42,6.11
2019,9,26,19,0,115.01,4.5200000000000005
2019,9,26,20,0,114.81,3.09
2019,9,26,21,0,135.54,2.15
2019,9,26,22,0,127.26,1.59
2019,9,26,23,0,107.77,1.52
2019,9,27,0,0,57.19,2.18
2019,9,27,1,0,53.58,4.28
2019,9,27,2,0,51.76,4.21
2019,9,27,3,0,54.43,4.0600000000000005
2019,9,27,4,0,60.870000000000005,4.0200000000000005
2019,9,27,5,0,86.4,3.66
2019,9,27,6,0,70.18,4.37
2019,9,27,7,0,52.86,7.18
2019,9,27,8,0,46.47,8.76
2019,9,27,9,0,32.82,7.75
2019,9,27,10,0,37.29,8.53
2019,9,27,11,0,32.43,8.370000000000001
2019,9,27,12,0,17.18,8.33
2019,9,27,13,0,34.42,6.86
2019,9,27,14,0,91.01,4.43
2019,9,27,15,0,90.47,4.7700000000000005
2019,9,27,16,0,84.04,3.94
2019,9,27,17,0,34.7,3.23
2019,9,27,18,0,28.2,4.12
2019,9,27,19,0,39.4,4.23
2019,9,27,20,0,22.46,3.88
2019,9,27,21,0,38.31,4.5600000000000005
2019,9,27,22,0,39.62,3.5300000000000002
2019,9,27,23,0,65.71000000000001,4.7700000000000005
2019,9,28,0,0,69.77,4.21
2019,9,28,1,0,44.62,3.56
2019,9,28,2,0,47.39,2.98
2019,9,28,3,0,56.67,2.85
2019,9,28,4,0,91.95,1.98
2019,9,28,5,0,100.2,1.83
2019,9,28,6,0,110.65,1.8800000000000001
2019,9,28,7,0,100.74000000000001,2.77
2019,9,28,8,0,97.64,2.27
2019,9,28,9,0,85.16,1.8800000000000001
2019,9,28,10,0,39.08,1.48
2019,9,28,11,0,58.54,2.35
2019,9,28,12,0,58.9,2.85
2019,9,28,13,0,85.68,2.0100000000000002
2019,9,28,14,0,132.18,4.0200000000000005
2019,9,28,15,0,139.34,4.33
2019,9,28,16,0,122.07000000000001,2.62
2019,9,28,17,0,69.59,2.57
2019,9,28,18,0,66.62,1.8800000000000001
2019,9,28,19,0,27.41,2.09
2019,9,28,20,0,18.240000000000002,5.66
2019,9,28,21,0,17.31,7.29
2019,9,28,22,0,29.05,5.8100000000000005
2019,9,28,23,0,42.36,3.09
2019,9,29,0,0,43.300000000000004,4.15
2019,9,29,1,0,34.550000000000004,5.69
2019,9,29,2,0,20.39,7.25
2019,9,29,3,0,11.96,8.18
2019,9,29,4,0,9.02,8.2
2019,9,29,5,0,2.29,8.48
2019,9,29,6,0,14.4,7.59
2019,9,29,7,0,2.13,9.06
2019,9,29,8,0,359.78000000000003,9.16
2019,9,29,9,0,7.9,7.8
2019,9,29,10,0,1.53,6.65
2019,9,29,11,0,6.3,6.37
2019,9,29,12,0,14.43,4.76
2019,9,29,13,0,9.99,5.63
2019,9,29,14,0,14.58,5.67
2019,9,29,15,0,9.14,3.14
2019,9,29,16,0,355.41,2.46
2019,9,29,17,0,12.790000000000001,0.5
2019,9,29,18,0,47.22,2.72
2019,9,29,19,0,146.13,4.3100000000000005
2019,9,29,20,0,151,9.27
2019,9,29,21,0,134.64000000000001,8.23
2019,9,29,22,0,168.22,7.15
2019,9,29,23,0,181.75,9.950000000000001
2019,9,30,0,0,200.34,8.78
2019,9,30,1,0,204.22,4.72
2019,9,30,2,0,198.57,3.08
2019,9,30,3,0,191.89000000000001,4.54
2019,9,30,4,0,215.16,6.5200000000000005
2019,9,30,5,0,240.64000000000001,5.3500000000000005
2019,9,30,6,0,223.54,3.37
2019,9,30,7,0,265,7.83
2019,9,30,8,0,271.05,7.5600000000000005
2019,9,30,9,0,292.56,4.01
2019,9,30,10,0,354.15000000000003,1.56
2019,9,30,11,0,29.27,2.41
2019,9,30,12,0,102.28,3.41
2019,9,30,13,0,179.47,4.17
2019,9,30,14,0,125.06,4.93
2019,9,30,15,0,88.96000000000001,6.16
2019,9,30,16,0,37.61,5.01
2019,9,30,17,0,20.44,8.55
2019,9,30,18,0,28.94,11.07
2019,9,30,19,0,30.830000000000002,9.01
2019,9,30,20,0,35.37,7.19
2019,9,30,21,0,9.96,6.48
2019,9,30,22,0,15.96,7.7
2019,9,30,23,0,13.030000000000001,7.7700000000000005
2019,10,1,0,0,11.56,9.39
2019,10,1,1,0,11.11,9.67
2019,10,1,2,0,8.65,10.16
2019,10,1,3,0,7.1000000000000005,12.370000000000001
2019,10,1,4,0,5.3,14.120000000000001
2019,10,1,5,0,3.97,15.27
2019,10,1,6,0,5.7700000000000005,18.150000000000002
2019,10,1,7,0,3.63,18.48
2019,10,1,8,0,357.56,19.900000000000002
2019,10,1,9,0,357.75,20.990000000000002
2019,10,1,10,0,1.61,22.84
2019,10,1,11,0,2.31,21.86
2019,10,1,12,0,3.34,25.35
2019,10,1,13,0,3.79,27.04
2019,10,1,14,0,2.6,27.29
2019,10,1,15,0,1.86,26.01
2019,10,1,16,0,4.41,25.96
2019,10,1,17,0,5.3,27.77
2019,10,1,18,0,358.25,28.91
2019,10,1,19,0,5.26,27.09
2019,10,1,20,0,4.94,27.580000000000002
2019,10,1,21,0,9.34,25.25
2019,10,1,22,0,7.82,23.580000000000002
2019,10,1,23,0,11.32,20.43
2019,10,2,0,0,12.48,15.69
2019,10,2,1,0,57.29,14.91
2019,10,2,2,0,45.51,13.89
2019,10,2,3,0,37.22,12.96
2019,10,2,4,0,15.05,11.24
2019,10,2,5,0,12.47,11.96
2019,10,2,6,0,6.3,9.07
2019,10,2,7,0,0.92,7.24
2019,10,2,8,0,5.16,4.78
2019,10,2,9,0,359.17,2.73
2019,10,2,10,0,18.67,1.06
2019,10,2,11,0,166.45000000000002,1.93
2019,10,2,12,0,99.86,2.5500000000000003
2019,10,2,13,0,114.06,2.59
2019,10,2,14,0,107.99000000000001,3.27
2019,10,2,15,0,133.63,3.84
2019,10,2,16,0,153.26,3.23
2019,10,2,17,0,176.32,2.7600000000000002
2019,10,2,18,0,155.32,3.41
2019,10,2,19,0,154.27,2.86
2019,10,2,20,0,154.14000000000001,3.71
2019,10,2,21,0,157.51,4.34
2019,10,2,22,0,156.05,3.79
2019,10,2,23,0,162.37,3.92
2019,10,3,0,0,179.68,3.75
2019,10,3,1,0,187.22,3.0500000000000003
2019,10,3,2,0,185.45000000000002,2.95
2019,10,3,3,0,223.62,3.39
2019,10,3,4,0,218.39000000000001,2.79
2019,10,3,5,0,216.24,1.9100000000000001
2019,10,3,6,0,200.36,2.5300000000000002
2019,10,3,7,0,229.27,2.25
2019,10,3,8,0,222.91,2.04
2019,10,3,9,0,205.93,1.86
2019,10,3,10,0,185.02,1.85
2019,10,3,11,0,202.69,2.32
2019,10,3,12,0,188.79,2.6
2019,10,3,13,0,175.37,2.52
2019,10,3,14,0,130.47,0.93
2019,10,3,15,0,100.74000000000001,1.98
2019,10,3,16,0,139.98,2.97
2019,10,3,17,0,136.99,2.81
2019,10,3,18,0,127.97,2.4
2019,10,3,19,0,85.65,2.22
2019,10,3,20,0,68.19,1.8800000000000001
2019,10,3,21,0,72.22,1.6400000000000001
2019,10,3,22,0,71.49,2.15
2019,10,3,23,0,38.27,2.5500000000000003
2019,10,4,0,0,66.28,2.22
2019,10,4,1,0,72.69,1.9100000000000001
2019,10,4,2,0,49.83,1.22
2019,10,4,3,0,343.6,1.03
2019,10,4,4,0,269.91,1.92
2019,10,4,5,0,248.57,2.2600000000000002
2019,10,4,6,0,225.57,2.77
2019,10,4,7,0,192.95000000000002,3.71
2019,10,4,8,0,218.81,4.99
2019,10,4,9,0,208.27,6.34
2019,10,4,10,0,207.70000000000002,6.6000000000000005
2019,10,4,11,0,205.95000000000002,11.15
2019,10,4,12,0,209.27,13.91
2019,10,4,13,0,201.4,15.66
2019,10,4,14,0,203.24,15.040000000000001
2019,10,4,15,0,202.78,17.48
2019,10,4,16,0,207.99,18.98
2019,10,4,17,0,203.94,20.18
2019,10,4,18,0,203.68,19.27
2019,10,4,19,0,206.74,18.45
2019,10,4,20,0,206.83,17.14
2019,10,4,21,0,214.70000000000002,17.47
2019,10,4,22,0,212.94,17
2019,10,4,23,0,211.08,16.82
2019,10,5,0,0,219.26,15.42
2019,10,5,1,0,252.27,11.91
2019,10,5,2,0,262.82,12
2019,10,5,3,0,280.81,12.6
2019,10,5,4,0,285.6,11.52
2019,10,5,5,0,250.38,9.65
2019,10,5,6,0,247.45000000000002,10.17
2019,10,5,7,0,245.83,9.77
2019,10,5,8,0,256.1,9.6
2019,10,5,9,0,277.19,6.63
2019,10,5,10,0,280.93,6.58
2019,10,5,11,0,293.35,8.53
2019,10,5,12,0,259.13,7.66
2019,10,5,13,0,252.75,9.84
2019,10,5,14,0,251.11,11.200000000000001
2019,10,5,15,0,249.69,10.450000000000001
2019,10,5,16,0,256.3,12.08
2019,10,5,17,0,231.62,8.24
2019,10,5,18,0,237.36,5.79
2019,10,5,19,0,280.57,3.62
2019,10,5,20,0,231.32,6.53
2019,10,5,21,0,239.61,10.35
2019,10,5,22,0,240.61,7.55
2019,10,5,23,0,250.4,7.13
2019,10,6,0,0,247.99,12.19
2019,10,6,1,0,262.88,9.92
2019,10,6,2,0,269.98,10.73
2019,10,6,3,0,261.22,11.03
2019,10,6,4,0,253.22,11.540000000000001
2019,10,6,5,0,254.78,13.11
2019,10,6,6,0,244.68,12.22
2019,10,6,7,0,250.21,14.530000000000001
2019,10,6,8,0,249.34,15.65
2019,10,6,9,0,256.69,16.17
2019,10,6,10,0,244.99,15.07
2019,10,6,11,0,270,13.07
2019,10,6,12,0,261.35,13.64
2019,10,6,13,0,282.96,15.14
2019,10,6,14,0,308.76,8.55
2019,10,6,15,0,321.39,11.01
2019,10,6,16,0,325.82,12.25
2019,10,6,17,0,338.48,15.93
2019,10,6,18,0,334.95,17.23
2019,10,6,19,0,333.7,15.71
2019,10,6,20,0,337.17,15.57
2019,10,6,21,0,334.14,15.74
2019,10,6,22,0,336.38,14.06
2019,10,6,23,0,340.83,13.13
2019,10,7,0,0,336.04,11.98
2019,10,7,1,0,336.21,12.89
2019,10,7,2,0,334.92,14.09
2019,10,7,3,0,335.77,12.540000000000001
2019,10,7,4,0,316.88,7.74
2019,10,7,5,0,332.84000000000003,10.48
2019,10,7,6,0,356.53000000000003,8.01
2019,10,7,7,0,31.43,13.06
2019,10,7,8,0,49.800000000000004,8.18
2019,10,7,9,0,65.98,7.74
2019,10,7,10,0,89.9,4.9
2019,10,7,11,0,132.7,5.51
2019,10,7,12,0,149.03,5.89
2019,10,7,13,0,151.66,4.59
2019,10,7,14,0,161.72,5.62
2019,10,7,15,0,167.05,5.36
2019,10,7,16,0,168.34,5.04
2019,10,7,17,0,171.97,4.4
2019,10,7,18,0,161.20000000000002,5.3500000000000005
2019,10,7,19,0,148.65,4.64
2019,10,7,20,0,150.48,4.24
2019,10,7,21,0,147.38,3.5300000000000002
2019,10,7,22,0,160.84,1.82
2019,10,7,23,0,163.43,2.71
2019,10,8,0,0,167.39000000000001,2.81
2019,10,8,1,0,155.87,2.44
2019,10,8,2,0,144.39000000000001,2.6
2019,10,8,3,0,151.64000000000001,2.5100000000000002
2019,10,8,4,0,146.39000000000001,2.68
2019,10,8,5,0,144.93,4.17
2019,10,8,6,0,148.31,4.6000000000000005
2019,10,8,7,0,142.84,5.43
2019,10,8,8,0,141.94,5.8100000000000005
2019,10,8,9,0,145.57,5.55
2019,10,8,10,0,167.20000000000002,4.46
2019,10,8,11,0,212.77,3.34
2019,10,8,12,0,186.71,5.09
2019,10,8,13,0,182.41,5.38
2019,10,8,14,0,215.48000000000002,4.7700000000000005
2019,10,8,15,0,221.67000000000002,4.55
2019,10,8,16,0,224.07,3.73
2019,10,8,17,0,184.25,9.25
2019,10,8,18,0,175.79,9.81
2019,10,8,19,0,200.75,9.540000000000001
2019,10,8,20,0,230.77,4.57
2019,10,8,21,0,218.39000000000001,5.12
2019,10,8,22,0,211.77,5.93
2019,10,8,23,0,211.71,11.66
2019,10,9,0,0,188.13,13.39
2019,10,9,1,0,194.63,17.3
2019,10,9,2,0,204.38,13.07
2019,10,9,3,0,209.38,9.93
2019,10,9,4,0,203.43,9.09
2019,10,9,5,0,188.73,16.75
2019,10,9,6,0,198.12,13.450000000000001
2019,10,9,7,0,199.17000000000002,15.16
2019,10,9,8,0,203.18,11.06
2019,10,9,9,0,193.5,16.94
2019,10,9,10,0,196.16,15.860000000000001
2019,10,9,11,0,194.16,17.36
2019,10,9,12,0,193.73000000000002,17.93
2019,10,9,13,0,189.48,17.14
2019,10,9,14,0,188.1,17.53
2019,10,9,15,0,188.62,16.29
2019,10,9,16,0,187.53,16.68
2019,10,9,17,0,183.71,16.71
2019,10,9,18,0,185.81,16.69
2019,10,9,19,0,193.6,17.76
2019,10,9,20,0,198.97,15.610000000000001
2019,10,9,21,0,199.82,12.620000000000001
2019,10,9,22,0,203.49,9.94
2019,10,9,23,0,208.13,9.27
2019,10,10,0,0,203.06,11.72
2019,10,10,1,0,198.08,12.19
2019,10,10,2,0,196.34,10.790000000000001
2019,10,10,3,0,207.18,8.61
2019,10,10,4,0,260.21,5.41
2019,10,10,5,0,242.53,7.54
2019,10,10,6,0,265.82,8.38
2019,10,10,7,0,265.62,5.11
2019,10,10,8,0,211.5,2.58
2019,10,10,9,0,54.78,3.39
2019,10,10,10,0,32.13,5.78
2019,10,10,11,0,17.650000000000002,6.4
2019,10,10,12,0,337.82,3.24
2019,10,10,13,0,12.52,1.79
2019,10,10,14,0,16,3.95
2019,10,10,15,0,1.94,5.7
2019,10,10,16,0,19.740000000000002,4.18
2019,10,10,17,0,34.62,3.68
2019,10,10,18,0,44.7,4.41
2019,10,10,19,0,53.57,4.22
2019,10,10,20,0,56.27,4.14
2019,10,10,21,0,57.34,2.59
2019,10,10,22,0,35.51,1.98
2019,10,10,23,0,34.72,2.5500000000000003
2019,10,11,0,0,38.02,1.3800000000000001
2019,10,11,1,0,284.24,1.46
2019,10,11,2,0,301.5,1.85
2019,10,11,3,0,322.79,2.08
2019,10,11,4,0,334.25,2.39
2019,10,11,5,0,333.85,3.5700000000000003
2019,10,11,6,0,349.67,7.54
2019,10,11,7,0,319.46,6.21
2019,10,11,8,0,351.3,8.96
2019,10,11,9,0,355.25,5.93
2019,10,11,10,0,330.32,9.93
2019,10,11,11,0,347.44,10.5
2019,10,11,12,0,343.77,10.1
2019,10,11,13,0,330.47,8.66
2019,10,11,14,0,327.5,11.25
2019,10,11,15,0,335.54,13.83
2019,10,11,16,0,337.35,12.01
2019,10,11,17,0,328.57,13.36
2019,10,11,18,0,329.91,14.55
2019,10,11,19,0,329.92,14.72
2019,10,11,20,0,341.71,8.72
2019,10,11,21,0,336.97,10.67
2019,10,11,22,0,340.44,9.71
2019,10,11,23,0,343.65000000000003,6.83
2019,10,12,0,0,339.64,7.54
2019,10,12,1,0,331.52,11.85
2019,10,12,2,0,329.49,14.86
2019,10,12,3,0,331.55,11.08
2019,10,12,4,0,326.22,10.700000000000001
2019,10,12,5,0,329.26,10.21
2019,10,12,6,0,328.97,9.9
2019,10,12,7,0,326.84000000000003,7.26
2019,10,12,8,0,342.74,6.0600000000000005
2019,10,12,9,0,3.77,8.39
2019,10,12,10,0,343.66,7.11
2019,10,12,11,0,350.16,4.8500000000000005
2019,10,12,12,0,358.23,8.39
2019,10,12,13,0,1.8,3.45
2019,10,12,14,0,15.33,10.790000000000001
2019,10,12,15,0,20.62,13.540000000000001
2019,10,12,16,0,14.57,11.94
2019,10,12,17,0,14.44,13.64
2019,10,12,18,0,17.78,12.030000000000001
2019,10,12,19,0,13.57,10.28
2019,10,12,20,0,342.27,4.69
2019,10,12,21,0,292.13,3.79
2019,10,12,22,0,345.98,1.9000000000000001
2019,10,12,23,0,21.07,3.35
2019,10,13,0,0,14.07,3.72
2019,10,13,1,0,18.43,3.96
2019,10,13,2,0,341.06,4.2
2019,10,13,3,0,14.790000000000001,5.29
2019,10,13,4,0,16.12,5.57
2019,10,13,5,0,23.98,5.48
2019,10,13,6,0,15.530000000000001,6.8500000000000005
2019,10,13,7,0,14.71,7.83
2019,10,13,8,0,19.22,8.48
2019,10,13,9,0,33.14,7.75
2019,10,13,10,0,31.330000000000002,7.46
2019,10,13,11,0,38.09,6.93
2019,10,13,12,0,37.14,6.94
2019,10,13,13,0,38.71,7.05
2019,10,13,14,0,33.93,7.99
2019,10,13,15,0,41.910000000000004,5.51
2019,10,13,16,0,90.10000000000001,3.36
2019,10,13,17,0,23.87,6.07
2019,10,13,18,0,31.93,6.49
2019,10,13,19,0,29.54,6.8
2019,10,13,20,0,26.490000000000002,6.69
2019,10,13,21,0,34.89,6.86
2019,10,13,22,0,32.95,7.88
2019,10,13,23,0,32.5,8.53
2019,10,14,0,0,35.19,8.16
2019,10,14,1,0,36.47,8.22
2019,10,14,2,0,35.050000000000004,8.700000000000001
2019,10,14,3,0,32,9.78
2019,10,14,4,0,34.08,9.63
2019,10,14,5,0,29.45,10.22
2019,10,14,6,0,30.970000000000002,10.15
2019,10,14,7,0,25.6,12.14
2019,10,14,8,0,28.35,11.82
2019,10,14,9,0,33.51,11.68
2019,10,14,10,0,33.08,11.4
2019,10,14,11,0,28.79,11.450000000000001
2019,10,14,12,0,30.84,12.370000000000001
2019,10,14,13,0,33.3,12.25
2019,10,14,14,0,31.54,12.64
2019,10,14,15,0,34.08,12.17
2019,10,14,16,0,31.990000000000002,12.69
2019,10,14,17,0,34.87,12.13
2019,10,14,18,0,34.1,11.98
2019,10,14,19,0,34.6,11.47
2019,10,14,20,0,35.51,11.81
2019,10,14,21,0,36.67,11.540000000000001
2019,10,14,22,0,37.54,10.94
2019,10,14,23,0,34.59,11.23
2019,10,15,0,0,32.94,11.22
2019,10,15,1,0,36.63,10.96
2019,10,15,2,0,33.2,11.49
2019,10,15,3,0,30.68,11.93
2019,10,15,4,0,28.740000000000002,11.3
2019,10,15,5,0,26.240000000000002,11.35
2019,10,15,6,0,24.35,11.790000000000001
2019,10,15,7,0,24.76,12.59
2019,10,15,8,0,27.02,12.73
2019,10,15,9,0,28.86,13.08
2019,10,15,10,0,29.11,13.27
2019,10,15,11,0,26.22,13.59
2019,10,15,12,0,26.7,14.76
2019,10,15,13,0,22.62,15.4
2019,10,15,14,0,24.2,14.61
2019,10,15,15,0,28.27,14.71
2019,10,15,16,0,25.41,14.620000000000001
2019,10,15,17,0,24.02,15.07
2019,10,15,18,0,24.82,13.94
2019,10,15,19,0,21.48,13.21
2019,10,15,20,0,22.29,11.790000000000001
2019,10,15,21,0,20.95,11
2019,10,15,22,0,22.09,9.85
2019,10,15,23,0,25.66,9.41
2019,10,16,0,0,26.34,8.870000000000001
2019,10,16,1,0,24.76,8.32
2019,10,16,2,0,29.2,8.31
2019,10,16,3,0,25.07,7.94
2019,10,16,4,0,24.150000000000002,7.33
2019,10,16,5,0,23.44,6.13
2019,10,16,6,0,13.09,5.22
2019,10,16,7,0,16.92,4.8500000000000005
2019,10,16,8,0,24.88,5.4
2019,10,16,9,0,19.95,4.07
2019,10,16,10,0,28.91,1.9000000000000001
2019,10,16,11,0,138.37,1.1400000000000001
2019,10,16,12,0,146.34,2.42
2019,10,16,13,0,129.62,3.33
2019,10,16,14,0,114.73,2.91
2019,10,16,15,0,101.01,2.79
2019,10,16,16,0,88.28,2.39
2019,10,16,17,0,84.05,2.79
2019,10,16,18,0,87.93,2.58
2019,10,16,19,0,70.02,1.6400000000000001
2019,10,16,20,0,88.39,2.5100000000000002
2019,10,16,21,0,79.52,2.52
2019,10,16,22,0,36.21,3.69
2019,10,16,23,0,35.9,5.44
2019,10,17,0,0,34.9,6.26
2019,10,17,1,0,34.87,6.4
2019,10,17,2,0,38.85,6.03
2019,10,17,3,0,35.08,5.42
2019,10,17,4,0,36.050000000000004,5.67
2019,10,17,5,0,36.83,6.01
2019,10,17,6,0,30.78,6.78
2019,10,17,7,0,19.16,6.15
2019,10,17,8,0,9.49,5.15
2019,10,17,9,0,357.79,4.22
2019,10,17,10,0,356.01,3.66
2019,10,17,11,0,353.38,4.38
2019,10,17,12,0,350.36,4.5
2019,10,17,13,0,3.63,4.75
2019,10,17,14,0,344.96,4.24
2019,10,17,15,0,339.81,3.2800000000000002
2019,10,17,16,0,348.76,3.46
2019,10,17,17,0,11.01,2.69
2019,10,17,18,0,25.03,7.25
2019,10,17,19,0,15.370000000000001,6.38
2019,10,17,20,0,8.290000000000001,7.12
2019,10,17,21,0,11.68,7.01
2019,10,17,22,0,13.870000000000001,6.79
2019,10,17,23,0,26.12,8.51
2019,10,18,0,0,29.97,8.8
2019,10,18,1,0,32.05,8.24
2019,10,18,2,0,28.35,8.99
2019,10,18,3,0,20.67,10.040000000000001
2019,10,18,4,0,13.39,9
2019,10,18,5,0,4.53,8.69
2019,10,18,6,0,25.91,7.22
2019,10,18,7,0,25.580000000000002,6.0600000000000005
2019,10,18,8,0,28.560000000000002,8.31
2019,10,18,9,0,44.050000000000004,9.870000000000001
2019,10,18,10,0,29.18,9.82
2019,10,18,11,0,34.83,10.13
2019,10,18,12,0,28.37,10.88
2019,10,18,13,0,31.94,11
2019,10,18,14,0,31.490000000000002,10.38
2019,10,18,15,0,32.83,9.78
2019,10,18,16,0,37.08,8.620000000000001
2019,10,18,17,0,37.410000000000004,8.63
2019,10,18,18,0,38.56,7.38
2019,10,18,19,0,41.97,6.74
2019,10,18,20,0,43.32,6.7700000000000005
2019,10,18,21,0,41.96,6.22
2019,10,18,22,0,34.87,4.99
2019,10,18,23,0,36.87,4.55
2019,10,19,0,0,49.77,4.62
2019,10,19,1,0,42.97,4.43
2019,10,19,2,0,38.38,4.41
2019,10,19,3,0,41.47,4.04
2019,10,19,4,0,31.88,3.5100000000000002
2019,10,19,5,0,19.23,3.5500000000000003
2019,10,19,6,0,10.01,4.17
2019,10,19,7,0,7.140000000000001,4.71
2019,10,19,8,0,5.25,5.3
2019,10,19,9,0,354.92,5.04
2019,10,19,10,0,4.65,4.94
2019,10,19,11,0,275.74,4.4
2019,10,19,12,0,316.44,3.25
2019,10,19,13,0,306.12,2.31
2019,10,19,14,0,303.81,1.1500000000000001
2019,10,19,15,0,157.6,0.9400000000000001
2019,10,19,16,0,203.29,5.22
2019,10,19,17,0,199.64000000000001,4.03
2019,10,19,18,0,174.91,4.1
2019,10,19,19,0,169.18,4.3
2019,10,19,20,0,159.38,3.83
2019,10,19,21,0,159.24,2.87
2019,10,19,22,0,182.97,0.64
2019,10,19,23,0,55.33,0.97
2019,10,20,0,0,54.94,1.52
2019,10,20,1,0,49.15,1.4000000000000001
2019,10,20,2,0,35.29,2.17
2019,10,20,3,0,14,2.95
2019,10,20,4,0,350.28000000000003,4.84
2019,10,20,5,0,356.15000000000003,3.7600000000000002
2019,10,20,6,0,353.86,3.5300000000000002
2019,10,20,7,0,345.09000000000003,4.14
2019,10,20,8,0,353.18,4.88
2019,10,20,9,0,2.31,5.2700000000000005
2019,10,20,10,0,10.71,5.45
2019,10,20,11,0,15.450000000000001,5.98
2019,10,20,12,0,11.58,6.09
2019,10,20,13,0,16.25,6.2700000000000005
2019,10,20,14,0,30.92,5.45
2019,10,20,15,0,51.77,6.12
2019,10,20,16,0,64.82000000000001,6.29
2019,10,20,17,0,74.56,6.23
2019,10,20,18,0,74.63,5.84
2019,10,20,19,0,72.02,5.37
2019,10,20,20,0,63.53,5.2700000000000005
2019,10,20,21,0,42.56,6.34
2019,10,20,22,0,48.24,5.66
2019,10,20,23,0,43.53,5.58
2019,10,21,0,0,41.550000000000004,6.13
2019,10,21,1,0,46.56,5.96
2019,10,21,2,0,48.51,5.6000000000000005
2019,10,21,3,0,49.050000000000004,5.57
2019,10,21,4,0,60.42,5.28
2019,10,21,5,0,65.18,5.6000000000000005
2019,10,21,6,0,84.71000000000001,4.68
2019,10,21,7,0,144.27,3.89
2019,10,21,8,0,275.95,0.58
2019,10,21,9,0,348.13,5.3500000000000005
2019,10,21,10,0,350.58,5.05
2019,10,21,11,0,6.87,4.49
2019,10,21,12,0,12.06,3
2019,10,21,13,0,43.03,1.03
2019,10,21,14,0,359.8,4.26
2019,10,21,15,0,2.2800000000000002,5.58
2019,10,21,16,0,6.54,5.3500000000000005
2019,10,21,17,0,9.36,7.83
2019,10,21,18,0,10.15,6.12
2019,10,21,19,0,21.84,8.16
2019,10,21,20,0,25.29,6.97
2019,10,21,21,0,22.02,6.73
2019,10,21,22,0,23.86,7.21
2019,10,21,23,0,25.87,7.29
2019,10,22,0,0,13.780000000000001,5.39
2019,10,22,1,0,31.66,6.5600000000000005
2019,10,22,2,0,44.44,6.29
2019,10,22,3,0,50.88,5.8500000000000005
2019,10,22,4,0,56.550000000000004,6.99
2019,10,22,5,0,70.49,5.19
2019,10,22,6,0,79.34,6.58
2019,10,22,7,0,57.28,6.8
2019,10,22,8,0,50.870000000000005,6.46
2019,10,22,9,0,61.59,5.67
2019,10,22,10,0,65.07000000000001,6.0200000000000005
2019,10,22,11,0,43.42,7.21
2019,10,22,12,0,38.7,7.21
2019,10,22,13,0,43.94,6.8500000000000005
2019,10,22,14,0,49.74,6.71
2019,10,22,15,0,43.800000000000004,7.5600000000000005
2019,10,22,16,0,48.75,7.11
2019,10,22,17,0,68.05,6.43
2019,10,22,18,0,51.85,6.95
2019,10,22,19,0,56,6.57
2019,10,22,20,0,64.15,5.39
2019,10,22,21,0,38.45,8.370000000000001
2019,10,22,22,0,46.15,8.49
2019,10,22,23,0,54.21,6.49
2019,10,23,0,0,68.35000000000001,7.5
2019,10,23,1,0,101.99000000000001,10.01
2019,10,23,2,0,94.24,9.98
2019,10,23,3,0,91.02,11.97
2019,10,23,4,0,80.73,12.92
2019,10,23,5,0,85.32000000000001,14.55
2019,10,23,6,0,78.42,14.4
2019,10,23,7,0,79.79,11.21
2019,10,23,8,0,76.85000000000001,12.44
2019,10,23,9,0,70.64,14.09
2019,10,23,10,0,98.71000000000001,17.32
2019,10,23,11,0,73.32000000000001,12.33
2019,10,23,12,0,71.06,17.44
2019,10,23,13,0,69.65,18.35
2019,10,23,14,0,70.24,17.39
2019,10,23,15,0,78.65,15.69
2019,10,23,16,0,95.79,16.740000000000002
2019,10,23,17,0,167.86,6.7700000000000005
2019,10,23,18,0,190.88,14.51
2019,10,23,19,0,185.54,15.31
2019,10,23,20,0,180.53,14.06
2019,10,23,21,0,190.72,15.08
2019,10,23,22,0,180.23,15.85
2019,10,23,23,0,181.25,10.790000000000001
2019,10,24,0,0,161.97,18.2
2019,10,24,1,0,154.87,10.64
2019,10,24,2,0,141.74,15.14
2019,10,24,3,0,151.01,10.120000000000001
2019,10,24,4,0,143.6,11.17
2019,10,24,5,0,136.26,10.93
2019,10,24,6,0,147.78,13.96
2019,10,24,7,0,134.06,12.16
2019,10,24,8,0,107.14,10.01
2019,10,24,9,0,106.74000000000001,10.43
2019,10,24,10,0,129.85,9.57
2019,10,24,11,0,129.98,9.11
2019,10,24,12,0,109.92,8.8
2019,10,24,13,0,124.24000000000001,8.69
2019,10,24,14,0,128.41,7.5
2019,10,24,15,0,99.62,6.28
2019,10,24,16,0,88.14,7.94
2019,10,24,17,0,87.52,7.38
2019,10,24,18,0,74.2,7.8500000000000005
2019,10,24,19,0,54.660000000000004,8.01
2019,10,24,20,0,65.8,8.25
2019,10,24,21,0,73.24,5.39
2019,10,24,22,0,60.92,6.92
2019,10,24,23,0,40.730000000000004,6.26
2019,10,25,0,0,25.57,5.79
2019,10,25,1,0,358.01,12.19
2019,10,25,2,0,2.19,10.43
2019,10,25,3,0,9.93,10.03
2019,10,25,4,0,25.16,7.3
2019,10,25,5,0,25.84,4.44
2019,10,25,6,0,276.56,0.76
2019,10,25,7,0,177.43,4.87
2019,10,25,8,0,233.33,1.85
2019,10,25,9,0,354.92,3.89
2019,10,25,10,0,314.41,3.8200000000000003
2019,10,25,11,0,289.95,5.97
2019,10,25,12,0,314.33,7.87
2019,10,25,13,0,292.23,6.9
2019,10,25,14,0,200.66,1.32
2019,10,25,15,0,296.93,9.01
2019,10,25,16,0,297.41,5.22
2019,10,25,17,0,275.14,1.73
2019,10,25,18,0,27.2,0.64
2019,10,25,19,0,257.24,0.98
2019,10,25,20,0,28.69,3.33
2019,10,25,21,0,36.35,7.15
2019,10,25,22,0,22.06,8.91
2019,10,25,23,0,19.51,7.1000000000000005
2019,10,26,0,0,20.900000000000002,5.67
2019,10,26,1,0,30.330000000000002,3.11
2019,10,26,2,0,96.04,0.9
2019,10,26,3,0,339.3,1.37
2019,10,26,4,0,7.37,3.02
2019,10,26,5,0,75.57000000000001,1.72
2019,10,26,6,0,58.18,1.48
2019,10,26,7,0,32.730000000000004,1.46
2019,10,26,8,0,42.89,1.19
2019,10,26,9,0,167.53,2.67
2019,10,26,10,0,152.70000000000002,4.54
2019,10,26,11,0,139.33,3.93
2019,10,26,12,0,124.36,3.61
2019,10,26,13,0,124.14,3.67
2019,10,26,14,0,115.48,2.7600000000000002
2019,10,26,15,0,78.82000000000001,2.64
2019,10,26,16,0,92.67,2.1
2019,10,26,17,0,66.11,1.92
2019,10,26,18,0,69.85000000000001,3.04
2019,10,26,19,0,59.89,3.27
2019,10,26,20,0,37.56,4.48
2019,10,26,21,0,20.39,6.6000000000000005
2019,10,26,22,0,11.51,5.9
2019,10,26,23,0,8.55,5.12
2019,10,27,0,0,12.73,5.75
2019,10,27,1,0,10.31,6.09
2019,10,27,2,0,18.68,4.05
2019,10,27,3,0,354.39,3.25
2019,10,27,4,0,351.45,3.5500000000000003
2019,10,27,5,0,352.29,7.87
2019,10,27,6,0,352.2,9.4
2019,10,27,7,0,356.34000000000003,8.28
2019,10,27,8,0,9.13,5.7700000000000005
2019,10,27,9,0,13.46,3.72
2019,10,27,10,0,6.28,5.21
2019,10,27,11,0,12.49,6.01
2019,10,27,12,0,357.92,6.140000000000001
2019,10,27,13,0,4.76,7.41
2019,10,27,14,0,2.85,7.15
2019,10,27,15,0,3.63,6.75
2019,10,27,16,0,23.55,5.14
2019,10,27,17,0,40.1,2.99
2019,10,27,18,0,119.05,9.44
2019,10,27,19,0,128.8,9.81
2019,10,27,20,0,113.99000000000001,5.15
2019,10,27,21,0,77.67,9.11
2019,10,27,22,0,106.34,8.58
2019,10,27,23,0,106.98,18.38
2019,10,28,0,0,109.52,20.78
2019,10,28,1,0,111.61,23.240000000000002
2019,10,28,2,0,117.88,23.84
2019,10,28,3,0,121.46000000000001,20.79
2019,10,28,4,0,115.47,16.98
2019,10,28,5,0,122.71000000000001,14.35
2019,10,28,6,0,129.43,15.88
2019,10,28,7,0,135.34,20.35
2019,10,28,8,0,134.34,23.3
2019,10,28,9,0,135.88,21.27
2019,10,28,10,0,137.99,19.85
2019,10,28,11,0,134.75,17.650000000000002
2019,10,28,12,0,132.86,14.9
2019,10,28,13,0,156.47,7.51
2019,10,28,14,0,152.86,8.15
2019,10,28,15,0,161.54,10.4
2019,10,28,16,0,173.51,16.48
2019,10,28,17,0,182.70000000000002,16.06
2019,10,28,18,0,185.20000000000002,15.89
2019,10,28,19,0,186.54,16
2019,10,28,20,0,186.65,15.56
2019,10,28,21,0,190.6,15.36
2019,10,28,22,0,193.76,15.73
2019,10,28,23,0,185.16,14.1
2019,10,29,0,0,180.14000000000001,11.13
2019,10,29,1,0,173.79,13.58
2019,10,29,2,0,169.81,14.86
2019,10,29,3,0,164.73,14.46
2019,10,29,4,0,163.23,14.42
2019,10,29,5,0,168.01,15.870000000000001
2019,10,29,6,0,164.9,15.9
2019,10,29,7,0,161.82,16.42
2019,10,29,8,0,165.07,15.57
2019,10,29,9,0,170.97,16.73
2019,10,29,10,0,175.75,19.39
2019,10,29,11,0,177.1,18.69
2019,10,29,12,0,180.04,18.73
2019,10,29,13,0,183.71,19.17
2019,10,29,14,0,185.89000000000001,17.02
2019,10,29,15,0,183.23,17.44
2019,10,29,16,0,183.18,16.63
2019,10,29,17,0,186.25,17.42
2019,10,29,18,0,182.04,17.580000000000002
2019,10,29,19,0,179.46,17.04
2019,10,29,20,0,190.39000000000001,18.54
2019,10,29,21,0,192.92000000000002,14.66
2019,10,29,22,0,195.12,19.240000000000002
2019,10,29,23,0,191.32,18.37
2019,10,30,0,0,192.98000000000002,19.19
2019,10,30,1,0,190.38,20.16
2019,10,30,2,0,190.84,18.54
2019,10,30,3,0,196.52,18.27
2019,10,30,4,0,199.01,16.490000000000002
2019,10,30,5,0,213.25,13.030000000000001
2019,10,30,6,0,250.91,11.17
2019,10,30,7,0,244.87,13.26
2019,10,30,8,0,247.72,12.16
2019,10,30,9,0,223.19,12.99
2019,10,30,10,0,227.61,14.25
2019,10,30,11,0,250.11,17.53
2019,10,30,12,0,243.09,16.53
2019,10,30,13,0,243.62,13.26
2019,10,30,14,0,241.15,13.64
2019,10,30,15,0,244.4,12.71
2019,10,30,16,0,245.59,12.33
2019,10,30,17,0,249.61,10.27
2019,10,30,18,0,240.9,10.05
2019,10,30,19,0,239.04,8.34
2019,10,30,20,0,232.37,9.6
2019,10,30,21,0,235.97,9.31
2019,10,30,22,0,232.37,8.81
2019,10,30,23,0,236.55,8.07
2019,10,31,0,0,245.44,8.16
2019,10,31,1,0,249.78,7.8
2019,10,31,2,0,251.34,6.53
2019,10,31,3,0,259.83,5.86
2019,10,31,4,0,240.6,5.84
2019,10,31,5,0,268.49,4.48
2019,10,31,6,0,244.93,2.85
2019,10,31,7,0,32.72,5.12
2019,10,31,8,0,36.660000000000004,6.2
2019,10,31,9,0,36.69,6.37
2019,10,31,10,0,33.42,6.11
2019,10,31,11,0,22.07,6.8100000000000005
2019,10,31,12,0,28.18,8.71
2019,10,31,13,0,24.75,8.78
2019,10,31,14,0,24.34,9.46
2019,10,31,15,0,26.13,10.120000000000001
2019,10,31,16,0,28.6,11.36
2019,10,31,17,0,26.89,12.24
2019,10,31,18,0,26.84,12.92
2019,10,31,19,0,27.71,13.42
2019,10,31,20,0,30.580000000000002,14.16
2019,10,31,21,0,31.73,15.07
2019,10,31,22,0,25.6,15.780000000000001
2019,10,31,23,0,24.19,16.17
2019,11,1,0,0,25.8,16.61
2019,11,1,1,0,25.46,16.56
2019,11,1,2,0,25.51,17.11
2019,11,1,3,0,27.38,16.14
2019,11,1,4,0,25.25,15.34
2019,11,1,5,0,27.13,15.450000000000001
2019,11,1,6,0,29.080000000000002,14.77
2019,11,1,7,0,28.61,14.58
2019,11,1,8,0,28.07,13.32
2019,11,1,9,0,25.84,12.120000000000001
2019,11,1,10,0,26.46,10.120000000000001
2019,11,1,11,0,27.66,8.51
2019,11,1,12,0,26.46,7.65
2019,11,1,13,0,22.69,6.38
2019,11,1,14,0,22.72,5.29
2019,11,1,15,0,24.43,5.82
2019,11,1,16,0,24.18,5.59
2019,11,1,17,0,37.06,4.75
2019,11,1,18,0,30.96,4.3100000000000005
2019,11,1,19,0,26.490000000000002,4.34
2019,11,1,20,0,28.080000000000002,5.37
2019,11,1,21,0,29.02,5.44
2019,11,1,22,0,27.63,5.53
2019,11,1,23,0,32.95,5.5
2019,11,2,0,0,31.16,5.51
2019,11,2,1,0,3.8200000000000003,4.88
2019,11,2,2,0,19.650000000000002,3.98
2019,11,2,3,0,22.76,3.67
2019,11,2,4,0,3.3000000000000003,3.59
2019,11,2,5,0,19.89,4.04
2019,11,2,6,0,18.91,3.64
2019,11,2,7,0,28.18,3.5500000000000003
2019,11,2,8,0,33.17,3.39
2019,11,2,9,0,44.87,2.62
2019,11,2,10,0,62.75,1.3
2019,11,2,11,0,69.91,1.52
2019,11,2,12,0,56.28,1.8
2019,11,2,13,0,43.89,2.24
2019,11,2,14,0,46.58,2.66
2019,11,2,15,0,39.25,3.2
2019,11,2,16,0,27.29,2.94
2019,11,2,17,0,41.35,2.94
2019,11,2,18,0,37.59,3.46
2019,11,2,19,0,36.61,3.87
2019,11,2,20,0,27.64,4.05
2019,11,2,21,0,26.52,4.66
2019,11,2,22,0,27.07,4.38
2019,11,2,23,0,22.650000000000002,4.08
2019,11,3,0,0,25.64,3.49
2019,11,3,1,0,22.03,4.05
2019,11,3,2,0,15.44,3.87
2019,11,3,3,0,20.18,4.7700000000000005
2019,11,3,4,0,18.61,4.64
2019,11,3,5,0,18.32,4.78
2019,11,3,6,0,20.35,5.03
2019,11,3,7,0,33.8,5.3500000000000005
2019,11,3,8,0,26.650000000000002,6.54
2019,11,3,9,0,29.16,6.45
2019,11,3,10,0,31.720000000000002,7.22
2019,11,3,11,0,35.32,7.140000000000001
2019,11,3,12,0,35.54,6.78
2019,11,3,13,0,31.79,5.74
2019,11,3,14,0,31.39,7.44
2019,11,3,15,0,35.79,7.390000000000001
2019,11,3,16,0,37.51,7.0200000000000005
2019,11,3,17,0,31.63,6.67
2019,11,3,18,0,32.22,7.62
2019,11,3,19,0,33.52,7.46
2019,11,3,20,0,33.3,6.87
2019,11,3,21,0,28.71,6.65
2019,11,3,22,0,24.990000000000002,7.47
2019,11,3,23,0,25.900000000000002,8.67
2019,11,4,0,0,30.3,8.82
2019,11,4,1,0,31.990000000000002,8.08
2019,11,4,2,0,24.37,9.61
2019,11,4,3,0,26.21,9.02
2019,11,4,4,0,25.12,9.84
2019,11,4,5,0,29.36,7.99
2019,11,4,6,0,32.53,7.7700000000000005
2019,11,4,7,0,29.75,8.38
2019,11,4,8,0,34.160000000000004,8.91
2019,11,4,9,0,37.480000000000004,9.23
2019,11,4,10,0,37.34,9.18
2019,11,4,11,0,34.33,9.46
2019,11,4,12,0,31.73,9.58
2019,11,4,13,0,31.73,10.32
2019,11,4,14,0,26.59,10.55
2019,11,4,15,0,20.5,10.51
2019,11,4,16,0,18.01,10.97
2019,11,4,17,0,15.92,11.4
2019,11,4,18,0,18.19,11.61
2019,11,4,19,0,15.02,11.36
2019,11,4,20,0,18.43,11.450000000000001
2019,11,4,21,0,19.650000000000002,11.82
2019,11,4,22,0,23.12,11.76
2019,11,4,23,0,21.740000000000002,12.06
2019,11,5,0,0,23.19,11.58
2019,11,5,1,0,23.84,11.51
2019,11,5,2,0,23.48,11.43
2019,11,5,3,0,23.41,11.72
2019,11,5,4,0,24.32,11.78
2019,11,5,5,0,22.68,12.14
2019,11,5,6,0,21.900000000000002,12.19
2019,11,5,7,0,22.22,12.27
2019,11,5,8,0,22.830000000000002,12.4
2019,11,5,9,0,23.11,12.17
2019,11,5,10,0,23.92,12.25
2019,11,5,11,0,23.75,12.17
2019,11,5,12,0,24.82,11.89
2019,11,5,13,0,24.1,11.35
2019,11,5,14,0,24.560000000000002,11.4
2019,11,5,15,0,26.23,11.33
2019,11,5,16,0,27.68,11.07
2019,11,5,17,0,28.48,11.47
2019,11,5,18,0,28.43,12.19
2019,11,5,19,0,30.09,12.59
2019,11,5,20,0,29.97,13.08
2019,11,5,21,0,30.88,12.530000000000001
2019,11,5,22,0,30.03,11.93
2019,11,5,23,0,30.48,11.86
2019,11,6,0,0,30.66,11.25
2019,11,6,1,0,20.14,11.43
2019,11,6,2,0,21.48,13.25
2019,11,6,3,0,24.25,12.61
2019,11,6,4,0,17.61,11.89
2019,11,6,5,0,20.19,12.14
2019,11,6,6,0,15.200000000000001,12.63
2019,11,6,7,0,14.66,12.89
2019,11,6,8,0,17.55,13.040000000000001
2019,11,6,9,0,19.63,12.66
2019,11,6,10,0,12.94,12.75
2019,11,6,11,0,15.35,11.83
2019,11,6,12,0,21.69,11.32
2019,11,6,13,0,20.73,11.65
2019,11,6,14,0,22,13.25
2019,11,6,15,0,26.77,13.73
2019,11,6,16,0,33.17,13.11
2019,11,6,17,0,25.71,13.25
2019,11,6,18,0,32.83,12.93
2019,11,6,19,0,38.06,10.53
2019,11,6,20,0,29.07,10.42
2019,11,6,21,0,36.37,9.94
2019,11,6,22,0,31.330000000000002,9.91
2019,11,6,23,0,28.150000000000002,10.57
2019,11,7,0,0,27.990000000000002,10.200000000000001
2019,11,7,1,0,26.1,9.870000000000001
2019,11,7,2,0,35.85,10.950000000000001
2019,11,7,3,0,25.53,10.73
2019,11,7,4,0,17.05,10.86
2019,11,7,5,0,13.950000000000001,11.58
2019,11,7,6,0,39.88,12.57
2019,11,7,7,0,21.650000000000002,9.03
2019,11,7,8,0,18.51,9.35
2019,11,7,9,0,15.63,9.74
2019,11,7,10,0,13.86,9.09
2019,11,7,11,0,14.93,9.11
2019,11,7,12,0,14.450000000000001,9.200000000000001
2019,11,7,13,0,19.25,8.73
2019,11,7,14,0,19.78,8.91
2019,11,7,15,0,20.61,9.65
2019,11,7,16,0,18.62,9.13
2019,11,7,17,0,21.68,9.61
2019,11,7,18,0,22.67,9.700000000000001
2019,11,7,19,0,20.830000000000002,9.67
2019,11,7,20,0,21.22,9.83
2019,11,7,21,0,24.18,10.39
2019,11,7,22,0,22.64,11.42
2019,11,7,23,0,23.150000000000002,11.74
2019,11,8,0,0,25.36,11.56
2019,11,8,1,0,24.41,10.75
2019,11,8,2,0,23.580000000000002,11.26
2019,11,8,3,0,27.22,10.98
2019,11,8,4,0,27.77,11.14
2019,11,8,5,0,29.54,11.120000000000001
2019,11,8,6,0,30.41,11.24
2019,11,8,7,0,28.46,11.36
2019,11,8,8,0,28.45,11.34
2019,11,8,9,0,29.14,11.44
2019,11,8,10,0,26.310000000000002,10.89
2019,11,8,11,0,26.86,12.040000000000001
2019,11,8,12,0,27.11,11.85
2019,11,8,13,0,26.71,11.64
2019,11,8,14,0,26.77,11.28
2019,11,8,15,0,27.3,11.01
2019,11,8,16,0,30.8,10.72
2019,11,8,17,0,30.12,11.19
2019,11,8,18,0,29.11,11.18
2019,11,8,19,0,25.67,11.02
2019,11,8,20,0,26.97,10.33
2019,11,8,21,0,25.36,10.75
2019,11,8,22,0,27.23,9.72
2019,11,8,23,0,29.09,9.48
2019,11,9,0,0,28.27,9.46
2019,11,9,1,0,24.92,8.96
2019,11,9,2,0,22.82,9.26
2019,11,9,3,0,21.61,11.58
2019,11,9,4,0,23.88,10.370000000000001
2019,11,9,5,0,18.32,9.61
2019,11,9,6,0,16.59,8.75
2019,11,9,7,0,16.740000000000002,9.83
2019,11,9,8,0,21.25,11.77
2019,11,9,9,0,23.240000000000002,12.49
2019,11,9,10,0,22.86,11.96
2019,11,9,11,0,24.75,13.540000000000001
2019,11,9,12,0,25.88,13.8
2019,11,9,13,0,27.650000000000002,14.13
2019,11,9,14,0,24.95,13.52
2019,11,9,15,0,26.09,12.65
2019,11,9,16,0,27.3,13.19
2019,11,9,17,0,30.580000000000002,12.950000000000001
2019,11,9,18,0,34.05,12
2019,11,9,19,0,31.990000000000002,11.32
2019,11,9,20,0,31.330000000000002,11.25
2019,11,9,21,0,31.44,10.67
2019,11,9,22,0,34.84,10.44
2019,11,9,23,0,35.67,9.700000000000001
2019,11,10,0,0,37.42,9.57
2019,11,10,1,0,39.910000000000004,9.46
2019,11,10,2,0,41.160000000000004,8.34
2019,11,10,3,0,44.85,7.68
2019,11,10,4,0,43.81,6.93
2019,11,10,5,0,43.2,6.19
2019,11,10,6,0,42.46,5.53
2019,11,10,7,0,38.89,5.26
2019,11,10,8,0,36.01,5.95
2019,11,10,9,0,33.69,6.12
2019,11,10,10,0,32.78,6.140000000000001
2019,11,10,11,0,31.91,6.67
2019,11,10,12,0,32.27,6.38
2019,11,10,13,0,23.830000000000002,6.87
2019,11,10,14,0,18.19,7.86
2019,11,10,15,0,20.580000000000002,9.47
2019,11,10,16,0,20.830000000000002,9.72
2019,11,10,17,0,22.09,10.61
2019,11,10,18,0,21.26,10.4
2019,11,10,19,0,19.62,10.59
2019,11,10,20,0,20.68,11.290000000000001
2019,11,10,21,0,25.07,10.52
2019,11,10,22,0,24.73,10.99
2019,11,10,23,0,26.12,11.01
2019,11,11,0,0,28.01,10.790000000000001
2019,11,11,1,0,28.88,11.53
2019,11,11,2,0,24.89,11.75
2019,11,11,3,0,30.25,11.78
2019,11,11,4,0,29.61,11.51
2019,11,11,5,0,28.39,11.16
2019,11,11,6,0,28.3,11.28
2019,11,11,7,0,28.13,11.290000000000001
2019,11,11,8,0,26.44,11.3
2019,11,11,9,0,29.150000000000002,10.84
2019,11,11,10,0,27.71,10.82
2019,11,11,11,0,24.18,11.15
2019,11,11,12,0,26.310000000000002,11.49
2019,11,11,13,0,17.05,10.71
2019,11,11,14,0,17.32,10.82
2019,11,11,15,0,20.12,11.36
2019,11,11,16,0,15.15,11.19
2019,11,11,17,0,17.95,12.41
2019,11,11,18,0,14.91,13.51
2019,11,11,19,0,23.17,14.44
2019,11,11,20,0,24.04,15.75
2019,11,11,21,0,26.13,14.94
2019,11,11,22,0,27.96,15.09
2019,11,11,23,0,26.14,15.36
2019,11,12,0,0,24.47,14.530000000000001
2019,11,12,1,0,28.490000000000002,14.3
2019,11,12,2,0,35.480000000000004,13.09
2019,11,12,3,0,34.86,11.55
2019,11,12,4,0,32.65,10.34
2019,11,12,5,0,23.78,10.01
2019,11,12,6,0,24.73,11.1
2019,11,12,7,0,38.980000000000004,9.61
2019,11,12,8,0,22.23,11.02
2019,11,12,9,0,19.18,9.49
2019,11,12,10,0,19.92,9.64
2019,11,12,11,0,22.900000000000002,9.92
2019,11,12,12,0,33.43,10.43
2019,11,12,13,0,34.230000000000004,11.26
2019,11,12,14,0,34.56,11.19
2019,11,12,15,0,35.2,10.77
2019,11,12,16,0,40.71,9.040000000000001
2019,11,12,17,0,36.32,8.75
2019,11,12,18,0,29.900000000000002,9.25
2019,11,12,19,0,21.53,8.82
2019,11,12,20,0,23.21,9.73
2019,11,12,21,0,30.77,9.03
2019,11,12,22,0,32.38,9.17
2019,11,12,23,0,36.1,9.41
2019,11,13,0,0,33.77,9.38
2019,11,13,1,0,32.21,8.69
2019,11,13,2,0,27.22,9.540000000000001
2019,11,13,3,0,29.18,10.59
2019,11,13,4,0,33.8,11.290000000000001
2019,11,13,5,0,31.2,11.86
2019,11,13,6,0,29.59,12.21
2019,11,13,7,0,28.8,11.700000000000001
2019,11,13,8,0,28.34,11.8
2019,11,13,9,0,31.740000000000002,11.950000000000001
2019,11,13,10,0,25.42,12.36
2019,11,13,11,0,20.67,13.64
2019,11,13,12,0,18.91,14.19
2019,11,13,13,0,23,14.05
2019,11,13,14,0,25.240000000000002,14.01
2019,11,13,15,0,22.36,15.42
2019,11,13,16,0,22.12,15.32
2019,11,13,17,0,20.07,14.4
2019,11,13,18,0,16.97,14.74
2019,11,13,19,0,17.86,15.33
2019,11,13,20,0,19.47,15.35
2019,11,13,21,0,20.47,15.33
2019,11,13,22,0,22.98,15.19
2019,11,13,23,0,18.75,15.46
2019,11,14,0,0,17.94,15.84
2019,11,14,1,0,24.09,14.83
2019,11,14,2,0,26.94,14.32
2019,11,14,3,0,20.19,13.14
2019,11,14,4,0,22.56,12.200000000000001
2019,11,14,5,0,23.23,10.99
2019,11,14,6,0,28.400000000000002,10.77
2019,11,14,7,0,26.01,10.08
2019,11,14,8,0,27.79,10.28
2019,11,14,9,0,26.67,10.22
2019,11,14,10,0,31.8,10.52
2019,11,14,11,0,30.63,10.67
2019,11,14,12,0,28.41,11.31
2019,11,14,13,0,22.580000000000002,10.35
2019,11,14,14,0,24.650000000000002,10.870000000000001
2019,11,14,15,0,33.04,10.72
2019,11,14,16,0,22.88,12.34
2019,11,14,17,0,21.07,9.78
2019,11,14,18,0,23.990000000000002,8.93
2019,11,14,19,0,27.32,7.640000000000001
2019,11,14,20,0,54.63,5.59
2019,11,14,21,0,71.54,4.9
2019,11,14,22,0,71.05,3.19
2019,11,14,23,0,83.33,1.37
2019,11,15,0,0,54.42,2.24
2019,11,15,1,0,47.36,3.5300000000000002
2019,11,15,2,0,39.300000000000004,5.37
2019,11,15,3,0,37.35,5.93
2019,11,15,4,0,18.150000000000002,7.8
2019,11,15,5,0,17.07,9.14
2019,11,15,6,0,3.38,9.68
2019,11,15,7,0,11.21,11.52
2019,11,15,8,0,39.76,14.450000000000001
2019,11,15,9,0,32.67,14.43
2019,11,15,10,0,35.660000000000004,14.81
2019,11,15,11,0,35.980000000000004,13.9
2019,11,15,12,0,30.21,13.98
2019,11,15,13,0,33.17,13.46
2019,11,15,14,0,39.1,14.450000000000001
2019,11,15,15,0,41.660000000000004,14.41
2019,11,15,16,0,48.04,13.92
2019,11,15,17,0,40.56,14.64
2019,11,15,18,0,47.4,14.46
2019,11,15,19,0,48.78,14.370000000000001
2019,11,15,20,0,48.89,14.84
2019,11,15,21,0,48.14,14.76
2019,11,15,22,0,47.81,15.13
2019,11,15,23,0,56.6,14.620000000000001
2019,11,16,0,0,200.45000000000002,10.1
2019,11,16,1,0,203.19,9.98
2019,11,16,2,0,194.58,12.31
2019,11,16,3,0,187.73,11.3
2019,11,16,4,0,204.42000000000002,11.96
2019,11,16,5,0,199.20000000000002,12.98
2019,11,16,6,0,183.31,13.42
2019,11,16,7,0,169.58,12.34
2019,11,16,8,0,153.64000000000001,12.65
2019,11,16,9,0,167.09,13.9
2019,11,16,10,0,154.69,14.05
2019,11,16,11,0,196.52,9.4
2019,11,16,12,0,215.09,13.58
2019,11,16,13,0,212.27,7.55
2019,11,16,14,0,215.45000000000002,6.11
2019,11,16,15,0,192.70000000000002,4.98
2019,11,16,16,0,183.76,3.65
2019,11,16,17,0,199.03,1
2019,11,16,18,0,261.14,1.3900000000000001
2019,11,16,19,0,273.36,1.41
2019,11,16,20,0,203.21,1.56
2019,11,16,21,0,101.03,0.36
2019,11,16,22,0,345.26,1.25
2019,11,16,23,0,343.12,1.46
2019,11,17,0,0,345.78000000000003,0.8
2019,11,17,1,0,323.91,0.15
2019,11,17,2,0,260.98,0.66
2019,11,17,3,0,262.64,1.83
2019,11,17,4,0,254.71,2.39
2019,11,17,5,0,249.14000000000001,2.6
2019,11,17,6,0,243.95000000000002,3.29
2019,11,17,7,0,255.71,2.93
2019,11,17,8,0,242.68,2.44
2019,11,17,9,0,252.35,1.32
2019,11,17,10,0,351.81,2.02
2019,11,17,11,0,10.85,7.37
2019,11,17,12,0,27.68,7.1000000000000005
2019,11,17,13,0,25.98,5.65
2019,11,17,14,0,21.93,5.1000000000000005
2019,11,17,15,0,24.26,5.57
2019,11,17,16,0,20.35,4.84
2019,11,17,17,0,26.16,4.23
2019,11,17,18,0,36.45,3.5300000000000002
2019,11,17,19,0,34.4,3.09
2019,11,17,20,0,43.36,2.62
2019,11,17,21,0,39.49,2.73
2019,11,17,22,0,29.88,3.7600000000000002
2019,11,17,23,0,18.98,3.12
2019,11,18,0,0,52.050000000000004,2.16
2019,11,18,1,0,28.75,3.6
2019,11,18,2,0,23.44,4.21
2019,11,18,3,0,12.92,4.94
2019,11,18,4,0,11.35,5.39
2019,11,18,5,0,8.92,6.54
2019,11,18,6,0,355.8,5.61
2019,11,18,7,0,351.97,5.04
2019,11,18,8,0,350.86,2.36
2019,11,18,9,0,254.81,1.6400000000000001
2019,11,18,10,0,239.81,1.74
2019,11,18,11,0,266.79,5.94
2019,11,18,12,0,225.11,5.87
2019,11,18,13,0,272.31,9.19
2019,11,18,14,0,260.36,6.75
2019,11,18,15,0,252,6.390000000000001
2019,11,18,16,0,252.53,6.92
2019,11,18,17,0,272.34000000000003,5.17
2019,11,18,18,0,270.22,3.27
2019,11,18,19,0,287.44,1.43
2019,11,18,20,0,17.86,2.2800000000000002
2019,11,18,21,0,46.86,3.7600000000000002
2019,11,18,22,0,45.14,5.03
2019,11,18,23,0,45.99,5.25
2019,11,19,0,0,44.95,5.55
2019,11,19,1,0,42.36,6.09
2019,11,19,2,0,34.33,6.62
2019,11,19,3,0,26.43,7.91
2019,11,19,4,0,26.22,9.07
2019,11,19,5,0,22.38,9.040000000000001
2019,11,19,6,0,29.86,9.73
2019,11,19,7,0,26.16,10.46
2019,11,19,8,0,28.38,11.69
2019,11,19,9,0,25.16,11.19
2019,11,19,10,0,23.75,11.72
2019,11,19,11,0,14.99,11.32
2019,11,19,12,0,17.41,13.68
2019,11,19,13,0,14.61,14.67
2019,11,19,14,0,15.77,15.620000000000001
2019,11,19,15,0,23.63,15.83
2019,11,19,16,0,29.62,15.91
2019,11,19,17,0,34.45,11.97
2019,11,19,18,0,91.60000000000001,13.09
2019,11,19,19,0,128.12,9.23
2019,11,19,20,0,143.16,7.13
2019,11,19,21,0,179.45000000000002,9.69
2019,11,19,22,0,209.41,8.99
2019,11,19,23,0,215.51,10.61
2019,11,20,0,0,198.57,15.32
2019,11,20,1,0,190.46,16.11
2019,11,20,2,0,185.87,18.32
2019,11,20,3,0,186.69,17.62
2019,11,20,4,0,187.62,17.580000000000002
2019,11,20,5,0,181.52,17.91
2019,11,20,6,0,186.1,16.63
2019,11,20,7,0,186.37,14.82
2019,11,20,8,0,189.35,13.92
2019,11,20,9,0,182.16,11.72
2019,11,20,10,0,188.13,13.19
2019,11,20,11,0,183.14000000000001,14.01
2019,11,20,12,0,177.72,14.82
2019,11,20,13,0,173.45000000000002,15.84
2019,11,20,14,0,162.45000000000002,16.94
2019,11,20,15,0,163.01,18.2
2019,11,20,16,0,164.99,20.64
2019,11,20,17,0,169.91,22.53
2019,11,20,18,0,180.84,23.59
2019,11,20,19,0,193.55,16.28
2019,11,20,20,0,191.86,16.5
2019,11,20,21,0,186.08,16.97
2019,11,20,22,0,186.02,18.01
2019,11,20,23,0,183.1,18.96
2019,11,21,0,0,196.13,19.61
2019,11,21,1,0,204.82,18.12
2019,11,21,2,0,205.86,17.36
2019,11,21,3,0,206.76,14.47
2019,11,21,4,0,205.74,16.51
2019,11,21,5,0,203.88,16.76
2019,11,21,6,0,200.93,17.62
2019,11,21,7,0,200,16.64
2019,11,21,8,0,201.62,16.28
2019,11,21,9,0,202.91,14.69
2019,11,21,10,0,199.11,13.08
2019,11,21,11,0,196.6,11.21
2019,11,21,12,0,181.88,11.74
2019,11,21,13,0,185.88,12.49
2019,11,21,14,0,179.33,10.82
2019,11,21,15,0,177.08,7.19
2019,11,21,16,0,118.62,6.11
2019,11,21,17,0,170.06,4.75
2019,11,21,18,0,51.71,4.55
2019,11,21,19,0,63.7,5.76
2019,11,21,20,0,44.39,3.24
2019,11,21,21,0,34.86,5.94
2019,11,21,22,0,136.72,10.1
2019,11,21,23,0,137.63,15.25
2019,11,22,0,0,129.04,16.82
2019,11,22,1,0,118.51,22.2
2019,11,22,2,0,116.94,19.990000000000002
2019,11,22,3,0,120,21.56
2019,11,22,4,0,124.35000000000001,14.49
2019,11,22,5,0,127.34,9.19
2019,11,22,6,0,108.97,12.11
2019,11,22,7,0,153.53,11.23
2019,11,22,8,0,193.62,9.52
2019,11,22,9,0,182.61,13.05
2019,11,22,10,0,173.5,12.56
2019,11,22,11,0,173.5,15.6
2019,11,22,12,0,182.83,13.61
2019,11,22,13,0,188.70000000000002,12.200000000000001
2019,11,22,14,0,188.36,13.35
2019,11,22,15,0,193.67000000000002,12.450000000000001
2019,11,22,16,0,197.94,12.27
2019,11,22,17,0,201.72,12.540000000000001
2019,11,22,18,0,202.74,12.64
2019,11,22,19,0,208.98000000000002,12.68
2019,11,22,20,0,191.83,11.99
2019,11,22,21,0,211.42000000000002,12.15
2019,11,22,22,0,261.42,11.46
2019,11,22,23,0,279.3,14.27
2019,11,23,0,0,262.75,12.23
2019,11,23,1,0,230,10.790000000000001
2019,11,23,2,0,231.73000000000002,10.77
2019,11,23,3,0,230.35,14.31
2019,11,23,4,0,238.28,13.23
2019,11,23,5,0,230.08,11.91
2019,11,23,6,0,224.14000000000001,11.78
2019,11,23,7,0,221.38,11.58
2019,11,23,8,0,216.36,10.43
2019,11,23,9,0,220.58,9.13
2019,11,23,10,0,219.66,7.63
2019,11,23,11,0,211.6,8.44
2019,11,23,12,0,210.73000000000002,7.8100000000000005
2019,11,23,13,0,209.43,6.22
2019,11,23,14,0,237.5,3.65
2019,11,23,15,0,276.49,1.32
2019,11,23,16,0,284.44,0.62
2019,11,23,17,0,19.68,2.6
2019,11,23,18,0,2.0100000000000002,3.67
2019,11,23,19,0,6.53,3.64
2019,11,23,20,0,122.4,4.19
2019,11,23,21,0,161.08,0.56
2019,11,23,22,0,341.01,3.22
2019,11,23,23,0,341.82,2.33
2019,11,24,0,0,342.26,0.91
2019,11,24,1,0,347.63,0.6900000000000001
2019,11,24,2,0,52.620000000000005,3.77
2019,11,24,3,0,54.96,3.31
2019,11,24,4,0,78.32000000000001,2.74
2019,11,24,5,0,97.41,2.09
2019,11,24,6,0,88.04,2.73
2019,11,24,7,0,94.51,2.24
2019,11,24,8,0,100.71000000000001,3.12
2019,11,24,9,0,125.23,1.77
2019,11,24,10,0,96.36,2.62
2019,11,24,11,0,165.4,1.35
2019,11,24,12,0,297.93,1.6300000000000001
2019,11,24,13,0,340.8,1.33
2019,11,24,14,0,7.03,3.94
2019,11,24,15,0,22.47,3.86
2019,11,24,16,0,34.81,3.59
2019,11,24,17,0,28.59,1.82
2019,11,24,18,0,264.58,0.71
2019,11,24,19,0,182.20000000000002,1.01
2019,11,24,20,0,240.36,3.45
2019,11,24,21,0,265.03000000000003,5.88
2019,11,24,22,0,264.57,5.5600000000000005
2019,11,24,23,0,267.16,9.200000000000001
2019,11,25,0,0,301.06,8.73
2019,11,25,1,0,296.25,8.620000000000001
2019,11,25,2,0,301.32,10.84
2019,11,25,3,0,308.24,10.32
2019,11,25,4,0,342.14,7.09
2019,11,25,5,0,354.87,10.72
2019,11,25,6,0,344.99,10.58
2019,11,25,7,0,345.12,8.68
2019,11,25,8,0,337.76,6.29
2019,11,25,9,0,300.72,5.08
2019,11,25,10,0,313.71,9.99
2019,11,25,11,0,315.12,11.47
2019,11,25,12,0,338.98,9.86
2019,11,25,13,0,114.93,3.12
2019,11,25,14,0,334.51,12.950000000000001
2019,11,25,15,0,343.36,15.43
2019,11,25,16,0,338.71,12.23
2019,11,25,17,0,322.77,9.08
2019,11,25,18,0,340.17,10.34
2019,11,25,19,0,337.48,12.16
2019,11,25,20,0,347.35,9.72
2019,11,25,21,0,340.21,8.370000000000001
2019,11,25,22,0,338.5,4.0200000000000005
2019,11,25,23,0,333.2,4.58
2019,11,26,0,0,80,1.84
2019,11,26,1,0,111.96000000000001,4.14
2019,11,26,2,0,121.45,4.14
2019,11,26,3,0,140.23,4.37
2019,11,26,4,0,159.26,3
2019,11,26,5,0,93.72,4.43
2019,11,26,6,0,61.24,5.44
2019,11,26,7,0,70.4,6.34
2019,11,26,8,0,113.19,6.5200000000000005
2019,11,26,9,0,91.86,5.75
2019,11,26,10,0,89.26,4.43
2019,11,26,11,0,110.8,3.52
2019,11,26,12,0,110.23,3.15
2019,11,26,13,0,92.38,3.43
2019,11,26,14,0,99.64,4.73
2019,11,26,15,0,105,5.3100000000000005
2019,11,26,16,0,102.54,3.61
2019,11,26,17,0,88.06,3.49
2019,11,26,18,0,84.06,3.4
2019,11,26,19,0,87.02,3.49
2019,11,26,20,0,88.81,2.77
2019,11,26,21,0,90.66,2.5100000000000002
2019,11,26,22,0,86.53,2.33
2019,11,26,23,0,85.65,2.6
2019,11,27,0,0,77.48,2.16
2019,11,27,1,0,80.32000000000001,2.71
2019,11,27,2,0,54.82,3.31
2019,11,27,3,0,57.730000000000004,3.99
2019,11,27,4,0,90.32000000000001,3.0500000000000003
2019,11,27,5,0,78.43,2.92
2019,11,27,6,0,40.22,5.59
2019,11,27,7,0,33,5.73
2019,11,27,8,0,34.99,4.5600000000000005
2019,11,27,9,0,26.66,4.58
2019,11,27,10,0,33.87,5.22
2019,11,27,11,0,32.1,4.39
2019,11,27,12,0,29.51,4.19
2019,11,27,13,0,45.2,2.48
2019,11,27,14,0,231.20000000000002,2.5500000000000003
2019,11,27,15,0,216.18,3.94
2019,11,27,16,0,178.08,9.73
2019,11,27,17,0,165.26,5.89
2019,11,27,18,0,153.63,5.5600000000000005
2019,11,27,19,0,167.89000000000001,4.0200000000000005
2019,11,27,20,0,170.3,3.68
2019,11,27,21,0,169.91,1.81
2019,11,27,22,0,200.52,1.76
2019,11,27,23,0,238.95000000000002,1.4000000000000001
2019,11,28,0,0,271.78000000000003,1.03
2019,11,28,1,0,204.54,1.32
2019,11,28,2,0,185.81,1.6400000000000001
2019,11,28,3,0,311.94,1.3900000000000001
2019,11,28,4,0,246.56,0.43
2019,11,28,5,0,156.53,18.12
2019,11,28,6,0,159.42000000000002,23.26
2019,11,28,7,0,163.06,24.94
2019,11,28,8,0,168.23,22.73
2019,11,28,9,0,181.75,20.63
2019,11,28,10,0,187.16,18
2019,11,28,11,0,192.8,14.76
2019,11,28,12,0,192.89000000000001,14.58
2019,11,28,13,0,191.79,13.68
2019,11,28,14,0,195.66,12.57
2019,11,28,15,0,194.78,11.03
2019,11,28,16,0,196.39000000000001,9.3
2019,11,28,17,0,195.77,8
2019,11,28,18,0,192.51,6.5600000000000005
2019,11,28,19,0,171.84,6.17
2019,11,28,20,0,163.06,4.53
2019,11,28,21,0,125.25,4.48
2019,11,28,22,0,42.65,2.08
2019,11,28,23,0,50.42,2.52
2019,11,29,0,0,36.15,3.29
2019,11,29,1,0,130.96,3.4
2019,11,29,2,0,18.56,1.99
2019,11,29,3,0,15.51,3
2019,11,29,4,0,14.13,4.17
2019,11,29,5,0,28.52,6.13
2019,11,29,6,0,27.78,5.57
2019,11,29,7,0,24.45,5.07
2019,11,29,8,0,12.5,7.24
2019,11,29,9,0,8.19,6.16
2019,11,29,10,0,356.44,4.47
2019,11,29,11,0,16.740000000000002,3.79
2019,11,29,12,0,357.5,4.69
2019,11,29,13,0,351.45,7.96
2019,11,29,14,0,84.19,5.13
2019,11,29,15,0,90.38,10.35
2019,11,29,16,0,84.46000000000001,9.41
2019,11,29,17,0,91.38,8.24
2019,11,29,18,0,112.34,8.06
2019,11,29,19,0,101.78,9.53
2019,11,29,20,0,110.2,9.11
2019,11,29,21,0,137.95000000000002,6.59
2019,11,29,22,0,114.15,2.38
2019,11,29,23,0,123.3,6.58
2019,11,30,0,0,128.16,8.91
2019,11,30,1,0,133.93,10.46
2019,11,30,2,0,119.82000000000001,5.17
2019,11,30,3,0,144.27,9.3
2019,11,30,4,0,161.09,4.16
2019,11,30,5,0,143.44,3.19
2019,11,30,6,0,131.87,5.18
2019,11,30,7,0,177.6,4.1
2019,11,30,8,0,173.27,4.24
2019,11,30,9,0,165.73,4.9
2019,11,30,10,0,166.68,6.11
2019,11,30,11,0,183.8,7.87
2019,11,30,12,0,178.62,8.83
2019,11,30,13,0,181.87,7.62
2019,11,30,14,0,185.77,8.15
2019,11,30,15,0,182.87,8.78
2019,11,30,16,0,183.71,9.49
2019,11,30,17,0,189.96,10.620000000000001
2019,11,30,18,0,191.56,10.42
2019,11,30,19,0,190.18,8.69
2019,11,30,20,0,194.82,8.65
2019,11,30,21,0,202.20000000000002,9.09
2019,11,30,22,0,203.35,8.65
2019,11,30,23,0,203.85,7.15
2019,12,1,0,0,203.83,7.69
2019,12,1,1,0,211.07,7.97
2019,12,1,2,0,222.74,5.96
2019,12,1,3,0,239.5,3.71
2019,12,1,4,0,210.25,5.84
2019,12,1,5,0,103.27,1.37
2019,12,1,6,0,39.17,6.3500000000000005
2019,12,1,7,0,18.05,6.82
2019,12,1,8,0,20.56,5.66
2019,12,1,9,0,28.05,4.26
2019,12,1,10,0,41.1,2.69
2019,12,1,11,0,28.7,4.7
2019,12,1,12,0,138.9,2.58
2019,12,1,13,0,145.3,3.06
2019,12,1,14,0,163.49,3.74
2019,12,1,15,0,132.35,2.57
2019,12,1,16,0,92.93,2.48
2019,12,1,17,0,11.96,2.69
2019,12,1,18,0,28.69,8.34
2019,12,1,19,0,26.8,9.32
2019,12,1,20,0,27.8,8.77
2019,12,1,21,0,25.57,9.74
2019,12,1,22,0,21.330000000000002,10.23
2019,12,1,23,0,10.53,9.5
2019,12,2,0,0,350.43,7.51
2019,12,2,1,0,350.47,6.23
2019,12,2,2,0,335.55,4.73
2019,12,2,3,0,304.11,3.66
2019,12,2,4,0,272.27,3.67
2019,12,2,5,0,257.32,5.89
2019,12,2,6,0,241.69,6.2
2019,12,2,7,0,234.41,5.3100000000000005
2019,12,2,8,0,246.84,3.47
2019,12,2,9,0,346.1,6.17
2019,12,2,10,0,300.37,3.92
2019,12,2,11,0,335.21,3.84
2019,12,2,12,0,323.63,8.64
2019,12,2,13,0,334.43,11.97
2019,12,2,14,0,339.87,12.58
2019,12,2,15,0,330.17,9.17
2019,12,2,16,0,345.62,13.49
2019,12,2,17,0,322.40000000000003,9.86
2019,12,2,18,0,334.42,15.91
2019,12,2,19,0,337.86,12.44
2019,12,2,20,0,328.74,11.99
2019,12,2,21,0,310.66,11.41
2019,12,2,22,0,308.83,12.5
2019,12,2,23,0,311.78000000000003,10.6
2019,12,3,0,0,315.11,10.68
2019,12,3,1,0,314.97,10.47
2019,12,3,2,0,314.48,10.6
2019,12,3,3,0,324.83,7.36
2019,12,3,4,0,331.74,8.540000000000001
2019,12,3,5,0,337.32,7.88
2019,12,3,6,0,334.04,6.26
2019,12,3,7,0,320.34000000000003,6.44
2019,12,3,8,0,334.62,8.13
2019,12,3,9,0,333.42,5.39
2019,12,3,10,0,321.40000000000003,3.86
2019,12,3,11,0,307.19,3.17
2019,12,3,12,0,150.17000000000002,2.89
2019,12,3,13,0,154.87,3.34
2019,12,3,14,0,141.01,3.19
2019,12,3,15,0,136.92000000000002,3.2600000000000002
2019,12,3,16,0,222.83,3.98
2019,12,3,17,0,243.79,1.71
2019,12,3,18,0,19.92,1.9000000000000001
2019,12,3,19,0,28.39,5.45
2019,12,3,20,0,38.7,6.57
2019,12,3,21,0,51.71,6.5200000000000005
2019,12,3,22,0,73.26,5.6000000000000005
2019,12,3,23,0,91.91,4.79
2019,12,4,0,0,101.18,3.96
2019,12,4,1,0,100.10000000000001,3.64
2019,12,4,2,0,98.96000000000001,3.46
2019,12,4,3,0,94.78,2.97
2019,12,4,4,0,102.51,2.24
2019,12,4,5,0,93.38,1.45
2019,12,4,6,0,345.1,0.78
2019,12,4,7,0,45.89,2.77
2019,12,4,8,0,66.43,2.54
2019,12,4,9,0,27.13,1.94
2019,12,4,10,0,350.41,2.61
2019,12,4,11,0,342.37,2.56
2019,12,4,12,0,331.5,2.5500000000000003
2019,12,4,13,0,303.26,2.37
2019,12,4,14,0,322.57,2.46
2019,12,4,15,0,2.66,3.15
2019,12,4,16,0,19.16,5.95
2019,12,4,17,0,14.94,7.61
2019,12,4,18,0,20.34,8.03
2019,12,4,19,0,22.09,7.66
2019,12,4,20,0,27.02,7.98
2019,12,4,21,0,17,8.24
2019,12,4,22,0,10.88,6.26
2019,12,4,23,0,22.240000000000002,6.62
2019,12,5,0,0,32.71,7.09
2019,12,5,1,0,27.21,6.5
2019,12,5,2,0,21.5,6.74
2019,12,5,3,0,22.990000000000002,6.07
2019,12,5,4,0,30.310000000000002,6.22
2019,12,5,5,0,33.62,6.51
2019,12,5,6,0,50.27,6.37
2019,12,5,7,0,59.78,5.14
2019,12,5,8,0,71.87,4.88
2019,12,5,9,0,52.17,5.19
2019,12,5,10,0,47.13,4.12
2019,12,5,11,0,64.57000000000001,2.93
2019,12,5,12,0,89.31,3.45
2019,12,5,13,0,86.14,3.67
2019,12,5,14,0,80.8,3.61
2019,12,5,15,0,84.77,4.03
2019,12,5,16,0,70.67,3.5700000000000003
2019,12,5,17,0,77.54,3.97
2019,12,5,18,0,68.82000000000001,4.2700000000000005
2019,12,5,19,0,80.93,4.14
2019,12,5,20,0,79.76,4.72
2019,12,5,21,0,38.910000000000004,6.5
2019,12,5,22,0,39.76,7.0600000000000005
2019,12,5,23,0,36.82,6.6000000000000005
2019,12,6,0,0,32.22,7.0200000000000005
2019,12,6,1,0,34.05,7.8100000000000005
2019,12,6,2,0,29.830000000000002,8.4
2019,12,6,3,0,24.47,9.19
2019,12,6,4,0,29.02,9.74
2019,12,6,5,0,22.29,11.13
2019,12,6,6,0,21.56,11.25
2019,12,6,7,0,23.76,11.86
2019,12,6,8,0,26.64,12.39
2019,12,6,9,0,25.64,13.120000000000001
2019,12,6,10,0,25.41,12.38
2019,12,6,11,0,23.62,11.370000000000001
2019,12,6,12,0,22.41,10.84
2019,12,6,13,0,18.3,10.6
2019,12,6,14,0,14.44,9.49
2019,12,6,15,0,11.76,8.040000000000001
2019,12,6,16,0,14.530000000000001,8.33
2019,12,6,17,0,20.06,8.4
2019,12,6,18,0,28.82,8.06
2019,12,6,19,0,30.87,7.74
2019,12,6,20,0,19.66,6.97
2019,12,6,21,0,8.49,6.96
2019,12,6,22,0,16.41,6.92
2019,12,6,23,0,22.150000000000002,6.96
2019,12,7,0,0,25.21,8.540000000000001
2019,12,7,1,0,25.990000000000002,9.120000000000001
2019,12,7,2,0,21.43,10.07
2019,12,7,3,0,22.900000000000002,9.91
2019,12,7,4,0,26.150000000000002,10.93
2019,12,7,5,0,28.75,11.23
2019,12,7,6,0,26.67,11.73
2019,12,7,7,0,22.2,11.94
2019,12,7,8,0,21.44,12.530000000000001
2019,12,7,9,0,19.61,10.68
2019,12,7,10,0,51.46,7.37
2019,12,7,11,0,80.18,6.7700000000000005
2019,12,7,12,0,96.9,6.62
2019,12,7,13,0,70.78,6.5200000000000005
2019,12,7,14,0,74.37,5.87
2019,12,7,15,0,89.27,4.32
2019,12,7,16,0,100.72,6.25
2019,12,7,17,0,111.71000000000001,11.52
2019,12,7,18,0,83.60000000000001,10.450000000000001
2019,12,7,19,0,89.8,11.290000000000001
2019,12,7,20,0,87.43,11.76
2019,12,7,21,0,75.97,11.13
2019,12,7,22,0,79.37,10.85
2019,12,7,23,0,85.37,11.620000000000001
2019,12,8,0,0,105.81,19.1
2019,12,8,1,0,105.99000000000001,18.240000000000002
2019,12,8,2,0,97.78,18.53
2019,12,8,3,0,97.48,16.63
2019,12,8,4,0,120.97,17.09
2019,12,8,5,0,113.93,15.030000000000001
2019,12,8,6,0,105.37,8.6
2019,12,8,7,0,110.86,11
2019,12,8,8,0,125.86,7.7700000000000005
2019,12,8,9,0,172.28,6.8
2019,12,8,10,0,187.81,20.27
2019,12,8,11,0,211.76,21.07
2019,12,8,12,0,194.82,19.21
2019,12,8,13,0,210.63,19.27
2019,12,8,14,0,204.57,20.01
2019,12,8,15,0,204.04,17.87
2019,12,8,16,0,204.91,15.8
2019,12,8,17,0,205.96,13.620000000000001
2019,12,8,18,0,204.03,11.42
2019,12,8,19,0,190.84,7.99
2019,12,8,20,0,170.74,6.34
2019,12,8,21,0,148.19,5.37
2019,12,8,22,0,116.02,3.14
2019,12,8,23,0,35.01,3.79
2019,12,9,0,0,20.330000000000002,9.66
2019,12,9,1,0,14.15,11.76
2019,12,9,2,0,13.35,13.22
2019,12,9,3,0,36.51,16.76
2019,12,9,4,0,36.42,19.1
2019,12,9,5,0,27.98,21.06
2019,12,9,6,0,29.650000000000002,21.72
2019,12,9,7,0,37.33,21.04
2019,12,9,8,0,44.01,19.87
2019,12,9,9,0,49.54,20.44
2019,12,9,10,0,63.230000000000004,17.64
2019,12,9,11,0,58.730000000000004,19.26
2019,12,9,12,0,75.67,23.13
2019,12,9,13,0,73,22.07
2019,12,9,14,0,68.13,21.85
2019,12,9,15,0,49.74,22.330000000000002
2019,12,9,16,0,71.3,17
2019,12,9,17,0,62.18,18.89
2019,12,9,18,0,97.85000000000001,17.53
2019,12,9,19,0,93.56,21.79
2019,12,9,20,0,99.95,22.92
2019,12,9,21,0,104.58,24.14
2019,12,9,22,0,105.02,24.46
2019,12,9,23,0,113.16,20.95
2019,12,10,0,0,184.37,12.47
2019,12,10,1,0,172.59,10.38
2019,12,10,2,0,162.6,8.790000000000001
2019,12,10,3,0,144.81,7.73
2019,12,10,4,0,153.43,8.16
2019,12,10,5,0,144.32,6.97
2019,12,10,6,0,114.01,4.32
2019,12,10,7,0,119.64,3.85
2019,12,10,8,0,152.64000000000001,2.43
2019,12,10,9,0,135.92000000000002,0.92
2019,12,10,10,0,9.56,2.4
2019,12,10,11,0,31.37,6.5600000000000005
2019,12,10,12,0,40.51,7.390000000000001
2019,12,10,13,0,36.9,7.640000000000001
2019,12,10,14,0,33.480000000000004,7.33
2019,12,10,15,0,39.74,6.890000000000001
2019,12,10,16,0,35.730000000000004,9.41
2019,12,10,17,0,41.29,11.59
2019,12,10,18,0,44.47,9.36
2019,12,10,19,0,56.06,12.450000000000001
2019,12,10,20,0,44.550000000000004,11.84
2019,12,10,21,0,52.4,12.44
2019,12,10,22,0,59.94,12.620000000000001
2019,12,10,23,0,75.7,12.51
2019,12,11,0,0,62.190000000000005,12.200000000000001
2019,12,11,1,0,57.99,11.76
2019,12,11,2,0,69.36,11.13
2019,12,11,3,0,62.28,9.370000000000001
2019,12,11,4,0,60.45,9.06
2019,12,11,5,0,46.76,10.09
2019,12,11,6,0,47.63,12.63
2019,12,11,7,0,40.51,14.92
2019,12,11,8,0,43.2,15.280000000000001
2019,12,11,9,0,39.42,14.89
2019,12,11,10,0,36.07,15.96
2019,12,11,11,0,38.160000000000004,16.98
2019,12,11,12,0,36.06,17.1
2019,12,11,13,0,37.47,17.44
2019,12,11,14,0,43.62,16.72
2019,12,11,15,0,38.47,16.66
2019,12,11,16,0,36.71,17.830000000000002
2019,12,11,17,0,37.5,18.85
2019,12,11,18,0,35.11,19.63
2019,12,11,19,0,36.03,18.73
2019,12,11,20,0,30.47,18.35
2019,12,11,21,0,31.77,16.98
2019,12,11,22,0,33.38,17.87
2019,12,11,23,0,34.58,17.81
2019,12,12,0,0,25.98,16.04
2019,12,12,1,0,30.240000000000002,17.48
2019,12,12,2,0,30.47,18.3
2019,12,12,3,0,25.03,18.03
2019,12,12,4,0,20.150000000000002,19
2019,12,12,5,0,17.44,18.21
2019,12,12,6,0,22.55,17.98
2019,12,12,7,0,27.650000000000002,19.3
2019,12,12,8,0,32.87,19.36
2019,12,12,9,0,30.67,18.96
2019,12,12,10,0,30.03,19.05
2019,12,12,11,0,33.1,18.09
2019,12,12,12,0,36.6,19.91
2019,12,12,13,0,38.6,19.05
2019,12,12,14,0,35.45,17.19
2019,12,12,15,0,36.71,16.7
2019,12,12,16,0,26.71,15.24
2019,12,12,17,0,22.84,14.030000000000001
2019,12,12,18,0,33.81,16.28
2019,12,12,19,0,32.8,15.01
2019,12,12,20,0,32.28,14.85
2019,12,12,21,0,41.82,14.17
2019,12,12,22,0,52.120000000000005,15.950000000000001
2019,12,12,23,0,48.230000000000004,15.63
2019,12,13,0,0,35.84,15.06
2019,12,13,1,0,28.72,14.950000000000001
2019,12,13,2,0,33.84,13.66
2019,12,13,3,0,38.45,15.47
2019,12,13,4,0,36.04,17.740000000000002
2019,12,13,5,0,39.87,16.94
2019,12,13,6,0,59.370000000000005,17.22
2019,12,13,7,0,43.1,15.610000000000001
2019,12,13,8,0,41.82,15.620000000000001
2019,12,13,9,0,40,14.65
2019,12,13,10,0,23.04,15.17
2019,12,13,11,0,20.830000000000002,15.82
2019,12,13,12,0,39.64,16.68
2019,12,13,13,0,35.89,17.69
2019,12,13,14,0,39.32,17.78
2019,12,13,15,0,44.300000000000004,17.48
2019,12,13,16,0,50.14,16.57
2019,12,13,17,0,41.83,17.080000000000002
2019,12,13,18,0,48.870000000000005,17.64
2019,12,13,19,0,63.550000000000004,17.35
2019,12,13,20,0,57.660000000000004,17.01
2019,12,13,21,0,59.58,14.47
2019,12,13,22,0,52.19,14.3
2019,12,13,23,0,47.11,14.55
2019,12,14,0,0,50.410000000000004,14.11
2019,12,14,1,0,48.84,14.030000000000001
2019,12,14,2,0,48.35,15.06
2019,12,14,3,0,44.01,16.12
2019,12,14,4,0,53.72,18.2
2019,12,14,5,0,22.3,14.58
2019,12,14,6,0,30.36,15.3
2019,12,14,7,0,44.56,15.83
2019,12,14,8,0,40.11,15.66
2019,12,14,9,0,35.21,15.02
2019,12,14,10,0,35.46,13.88
2019,12,14,11,0,42.74,12.61
2019,12,14,12,0,47.24,11.97
2019,12,14,13,0,54.43,11.51
2019,12,14,14,0,38.04,11.21
2019,12,14,15,0,40.94,10.450000000000001
2019,12,14,16,0,42.71,9.53
2019,12,14,17,0,48.72,6.44
2019,12,14,18,0,142.34,7.37
2019,12,14,19,0,200.38,10.32
2019,12,14,20,0,207.64000000000001,6.22
2019,12,14,21,0,234.45000000000002,4.66
2019,12,14,22,0,66.81,3.6
2019,12,14,23,0,57.52,5.53
2019,12,15,0,0,140.66,5.88
2019,12,15,1,0,102.15,6.55
2019,12,15,2,0,84.95,9.64
2019,12,15,3,0,64.21000000000001,10.9
2019,12,15,4,0,64.98,9.58
2019,12,15,5,0,87.28,13.05
2019,12,15,6,0,88.34,15.860000000000001
2019,12,15,7,0,54.31,11.08
2019,12,15,8,0,54.31,14.55
2019,12,15,9,0,53.370000000000005,14.280000000000001
2019,12,15,10,0,55.22,16.36
2019,12,15,11,0,53.910000000000004,16.78
2019,12,15,12,0,53.46,15.92
2019,12,15,13,0,50.1,15.47
2019,12,15,14,0,49.81,15.06
2019,12,15,15,0,54.53,16.23
2019,12,15,16,0,50.78,19.46
2019,12,15,17,0,53.27,21.05
2019,12,15,18,0,50.04,18.7
2019,12,15,19,0,47.230000000000004,19.34
2019,12,15,20,0,49.800000000000004,19.26
2019,12,15,21,0,52.75,21.080000000000002
2019,12,15,22,0,41.5,19.05
2019,12,15,23,0,42.09,18.22
2019,12,16,0,0,49.53,19.68
2019,12,16,1,0,39.26,18.91
2019,12,16,2,0,36.59,18.47
2019,12,16,3,0,39.35,18.080000000000002
2019,12,16,4,0,42.56,17.68
2019,12,16,5,0,36.03,17.67
2019,12,16,6,0,45.34,18.97
2019,12,16,7,0,42.04,19.42
2019,12,16,8,0,43.31,16.91
2019,12,16,9,0,33.69,17.27
2019,12,16,10,0,30.38,16.92
2019,12,16,11,0,29.990000000000002,16.87
2019,12,16,12,0,24.810000000000002,16.06
2019,12,16,13,0,29.91,15.280000000000001
2019,12,16,14,0,31.43,16.64
2019,12,16,15,0,38.71,17.6
2019,12,16,16,0,33.78,15.4
2019,12,16,17,0,27.26,13.69
2019,12,16,18,0,37.89,12.790000000000001
2019,12,16,19,0,49.47,12.83
2019,12,16,20,0,46.33,13.23
2019,12,16,21,0,47.7,11.08
2019,12,16,22,0,40.84,10.58
2019,12,16,23,0,41.1,10.48
2019,12,17,0,0,38.230000000000004,10.9
2019,12,17,1,0,51.97,9.46
2019,12,17,2,0,32.160000000000004,10.75
2019,12,17,3,0,36.7,11.03
2019,12,17,4,0,59.93,11.040000000000001
2019,12,17,5,0,52.28,12.76
2019,12,17,6,0,57.89,11.57
2019,12,17,7,0,47.06,13.56
2019,12,17,8,0,49.42,13.39
2019,12,17,9,0,48.84,15.43
2019,12,17,10,0,39.36,14.56
2019,12,17,11,0,41.95,14.73
2019,12,17,12,0,41.72,15.040000000000001
2019,12,17,13,0,41.61,14.42
2019,12,17,14,0,41.19,15.38
2019,12,17,15,0,41.82,14.98
2019,12,17,16,0,39.58,15.35
2019,12,17,17,0,38.77,14.4
2019,12,17,18,0,39.28,14.870000000000001
2019,12,17,19,0,36.92,14.68
2019,12,17,20,0,37.93,14.540000000000001
2019,12,17,21,0,41.33,13.870000000000001
2019,12,17,22,0,34.78,14.75
2019,12,17,23,0,40.29,15.47
2019,12,18,0,0,38.76,14.620000000000001
2019,12,18,1,0,43.06,15.72
2019,12,18,2,0,38.77,15.120000000000001
2019,12,18,3,0,37.230000000000004,15.75
2019,12,18,4,0,30.98,15.07
2019,12,18,5,0,33.79,15.1
2019,12,18,6,0,38.78,15.74
2019,12,18,7,0,31.77,14.32
2019,12,18,8,0,33.17,14.370000000000001
2019,12,18,9,0,28.53,15.11
2019,12,18,10,0,30.04,15.33
2019,12,18,11,0,25.52,15.18
2019,12,18,12,0,23.31,14.280000000000001
2019,12,18,13,0,19.29,13.950000000000001
2019,12,18,14,0,22.75,13.35
2019,12,18,15,0,24.26,13.790000000000001
2019,12,18,16,0,21.19,14.25
2019,12,18,17,0,25.2,13.71
2019,12,18,18,0,23.47,13.5
2019,12,18,19,0,21.150000000000002,14.81
2019,12,18,20,0,24.3,14.72
2019,12,18,21,0,15.120000000000001,14.01
2019,12,18,22,0,16.330000000000002,12.290000000000001
2019,12,18,23,0,15.56,11.48
2019,12,19,0,0,16.25,10.85
2019,12,19,1,0,12.790000000000001,11.01
2019,12,19,2,0,17.3,10.67
2019,12,19,3,0,22.37,11.08
2019,12,19,4,0,19.88,7.15
2019,12,19,5,0,341.66,1.28
2019,12,19,6,0,268.13,0.9400000000000001
2019,12,19,7,0,280.48,4.0200000000000005
2019,12,19,8,0,294.22,4.73
2019,12,19,9,0,282.1,4.04
2019,12,19,10,0,6.41,1.37
2019,12,19,11,0,23.03,5.64
2019,12,19,12,0,28.27,11.41
2019,12,19,13,0,46.71,8.51
2019,12,19,14,0,43.34,9.33
2019,12,19,15,0,33.27,9.290000000000001
2019,12,19,16,0,43.79,9.76
2019,12,19,17,0,38.51,9.19
2019,12,19,18,0,21.12,7.21
2019,12,19,19,0,42.97,7.38
2019,12,19,20,0,326.13,5.51
2019,12,19,21,0,4.83,4.54
2019,12,19,22,0,354.72,5.15
2019,12,19,23,0,0.8200000000000001,7.2
2019,12,20,0,0,3.5700000000000003,7.69
2019,12,20,1,0,2.77,8.46
2019,12,20,2,0,11.89,8.52
2019,12,20,3,0,2.75,9.200000000000001
2019,12,20,4,0,350.69,8.28
2019,12,20,5,0,6.44,11.83
2019,12,20,6,0,10.11,15.92
2019,12,20,7,0,12.71,19.31
2019,12,20,8,0,13.780000000000001,19.2
2019,12,20,9,0,14.67,19.46
2019,12,20,10,0,14.71,16.63
2019,12,20,11,0,13.51,16.43
2019,12,20,12,0,13.790000000000001,15.14
2019,12,20,13,0,11.99,15.57
2019,12,20,14,0,14.55,14.040000000000001
2019,12,20,15,0,18.330000000000002,12.99
2019,12,20,16,0,21.67,12.11
2019,12,20,17,0,23.18,11.32
2019,12,20,18,0,17.14,10.39
2019,12,20,19,0,14.24,11.97
2019,12,20,20,0,16.81,10.68
2019,12,20,21,0,16.12,9.64
2019,12,20,22,0,20.7,8.67
2019,12,20,23,0,34.05,8.870000000000001
2019,12,21,0,0,40.65,7.44
2019,12,21,1,0,37.63,8.36
2019,12,21,2,0,31.990000000000002,8.73
2019,12,21,3,0,29,9.8
2019,12,21,4,0,34.38,9.47
2019,12,21,5,0,39.660000000000004,8.31
2019,12,21,6,0,22.12,7.32
2019,12,21,7,0,29.94,7.84
2019,12,21,8,0,39.49,8.290000000000001
2019,12,21,9,0,37.75,8.950000000000001
2019,12,21,10,0,48.95,7.58
2019,12,21,11,0,34.28,7.6000000000000005
2019,12,21,12,0,39.01,6.88
2019,12,21,13,0,44,6.82
2019,12,21,14,0,41.29,6.53
2019,12,21,15,0,42.730000000000004,6.66
2019,12,21,16,0,30.37,5.57
2019,12,21,17,0,51.71,6.28
2019,12,21,18,0,20.14,5.07
2019,12,21,19,0,36.11,5.2
2019,12,21,20,0,26.400000000000002,5.38
2019,12,21,21,0,314.39,2.84
2019,12,21,22,0,5.84,4.89
2019,12,21,23,0,23.36,5.8100000000000005
2019,12,22,0,0,18.900000000000002,6.2700000000000005
2019,12,22,1,0,16,7.47
2019,12,22,2,0,11.85,6.75
2019,12,22,3,0,40.230000000000004,8.620000000000001
2019,12,22,4,0,76.93,4.74
2019,12,22,5,0,66.27,4.46
2019,12,22,6,0,42.17,4.1
2019,12,22,7,0,26.990000000000002,4.44
2019,12,22,8,0,50.11,6.82
2019,12,22,9,0,66.06,5.7
2019,12,22,10,0,73.77,4.18
2019,12,22,11,0,31.36,4.3100000000000005
2019,12,22,12,0,31.650000000000002,5.0200000000000005
2019,12,22,13,0,27.75,6.12
2019,12,22,14,0,86.79,5.12
2019,12,22,15,0,76.23,5.4
2019,12,22,16,0,80.5,5.0200000000000005
2019,12,22,17,0,67.95,5.87
2019,12,22,18,0,37.29,7.3100000000000005
2019,12,22,19,0,34.62,7.92
2019,12,22,20,0,29.16,9.47
2019,12,22,21,0,27.32,11.88
2019,12,22,22,0,29.12,11.92
2019,12,22,23,0,28.63,12.5
2019,12,23,0,0,24.67,13.780000000000001
2019,12,23,1,0,22.3,14.280000000000001
2019,12,23,2,0,21.84,14.68
2019,12,23,3,0,20.68,15.35
2019,12,23,4,0,20.75,15.66
2019,12,23,5,0,20.650000000000002,15.81
2019,12,23,6,0,19.87,15.75
2019,12,23,7,0,17.240000000000002,15.74
2019,12,23,8,0,15.22,15.18
2019,12,23,9,0,16.97,14.27
2019,12,23,10,0,16.37,13.72
2019,12,23,11,0,15.99,12.36
2019,12,23,12,0,21.17,12.8
2019,12,23,13,0,22.06,12.56
2019,12,23,14,0,15.89,11.59
2019,12,23,15,0,9.36,9.81
2019,12,23,16,0,8.72,8.73
2019,12,23,17,0,5.08,7.07
2019,12,23,18,0,38.03,5.69
2019,12,23,19,0,69.71000000000001,4.49
2019,12,23,20,0,75.7,3.85
2019,12,23,21,0,73.75,3.8000000000000003
2019,12,23,22,0,67.25,3.8000000000000003
2019,12,23,23,0,34.92,5.69
2019,12,24,0,0,38.96,6
2019,12,24,1,0,35.29,6.34
2019,12,24,2,0,23.69,7.37
2019,12,24,3,0,22.59,7.58
2019,12,24,4,0,19.8,8.59
2019,12,24,5,0,13,8.82
2019,12,24,6,0,20.16,9.22
2019,12,24,7,0,23.3,9.6
2019,12,24,8,0,19,9.33
2019,12,24,9,0,14.950000000000001,9.11
2019,12,24,10,0,18.14,8.33
2019,12,24,11,0,14.69,8.19
2019,12,24,12,0,14.46,8.59
2019,12,24,13,0,9.38,8.33
2019,12,24,14,0,11.4,8.16
2019,12,24,15,0,10.07,7.49
2019,12,24,16,0,14.86,6.6000000000000005
2019,12,24,17,0,27.93,6.9
2019,12,24,18,0,31.150000000000002,7.66
2019,12,24,19,0,24.82,7.96
2019,12,24,20,0,20.990000000000002,8.64
2019,12,24,21,0,19.03,9.13
2019,12,24,22,0,18.61,10
2019,12,24,23,0,17.740000000000002,9.76
2019,12,25,0,0,339.49,5.09
2019,12,25,1,0,307.24,4.54
2019,12,25,2,0,291.28000000000003,4.84
2019,12,25,3,0,280.21,4.87
2019,12,25,4,0,278.22,4.89
2019,12,25,5,0,277.29,3.84
2019,12,25,6,0,166.91,3.36
2019,12,25,7,0,204.42000000000002,10.07
2019,12,25,8,0,201.93,11.47
2019,12,25,9,0,198.52,12.65
2019,12,25,10,0,197.13,11.47
2019,12,25,11,0,192.62,11.32
2019,12,25,12,0,197.98000000000002,11.38
2019,12,25,13,0,203.14000000000001,10.03
2019,12,25,14,0,210.43,8.75
2019,12,25,15,0,213.98000000000002,6.8500000000000005
2019,12,25,16,0,225.63,4.07
2019,12,25,17,0,314.41,0.72
2019,12,25,18,0,65.84,4.46
2019,12,25,19,0,22.09,8.67
2019,12,25,20,0,2.87,13.59
2019,12,25,21,0,13.93,15.790000000000001
2019,12,25,22,0,16.21,17.11
2019,12,25,23,0,18.35,17.1
2019,12,26,0,0,17.6,18.39
2019,12,26,1,0,20.11,19.14
2019,12,26,2,0,20.13,19.16
2019,12,26,3,0,17.3,19.75
2019,12,26,4,0,14.280000000000001,20.240000000000002
2019,12,26,5,0,12.77,19.740000000000002
2019,12,26,6,0,8.93,20.57
2019,12,26,7,0,4.46,20.04
2019,12,26,8,0,0.72,19.04
2019,12,26,9,0,356.31,15.89
2019,12,26,10,0,354.72,11.43
2019,12,26,11,0,350.17,9.27
2019,12,26,12,0,250.72,2.1
2019,12,26,13,0,313.87,4.12
2019,12,26,14,0,327.93,5.26
2019,12,26,15,0,317.86,4.5600000000000005
2019,12,26,16,0,310.98,2.24
2019,12,26,17,0,311.81,3.14
2019,12,26,18,0,337.37,5.0600000000000005
2019,12,26,19,0,343.93,4.16
2019,12,26,20,0,293.5,5.09
2019,12,26,21,0,306.85,8.19
2019,12,26,22,0,12.5,3.13
2019,12,26,23,0,311.82,3.75
2019,12,27,0,0,342.34000000000003,3.23
2019,12,27,1,0,350.45,6.7
2019,12,27,2,0,357.72,8.69
2019,12,27,3,0,349.63,12.200000000000001
2019,12,27,4,0,5.59,8.01
2019,12,27,5,0,26.86,6.92
2019,12,27,6,0,42.95,7.8100000000000005
2019,12,27,7,0,49.09,8.370000000000001
2019,12,27,8,0,26.77,8.8
2019,12,27,9,0,34.64,10.75
2019,12,27,10,0,40.89,10.9
2019,12,27,11,0,44.12,9.31
2019,12,27,12,0,46.65,9.450000000000001
2019,12,27,13,0,50.410000000000004,8.5
2019,12,27,14,0,42.56,7.71
2019,12,27,15,0,36.11,7.8
2019,12,27,16,0,42.61,8.86
2019,12,27,17,0,50.59,8.53
2019,12,27,18,0,40.11,8.93
2019,12,27,19,0,23.93,10.46
2019,12,27,20,0,11.5,10.77
2019,12,27,21,0,21.67,12.15
2019,12,27,22,0,30.79,15.21
2019,12,27,23,0,25.72,16.51
2019,12,28,0,0,25.810000000000002,16.18
2019,12,28,1,0,29.1,17
2019,12,28,2,0,25.38,16.3
2019,12,28,3,0,19.89,16.02
2019,12,28,4,0,24.92,14.98
2019,12,28,5,0,20.54,16.18
2019,12,28,6,0,20.48,15.120000000000001
2019,12,28,7,0,15.25,13.21
2019,12,28,8,0,15.01,15.950000000000001
2019,12,28,9,0,17.56,16.580000000000002
2019,12,28,10,0,21.95,16.03
2019,12,28,11,0,17.14,15.83
2019,12,28,12,0,350.3,10.790000000000001
2019,12,28,13,0,321.08,6.82
2019,12,28,14,0,274.08,5.8100000000000005
2019,12,28,15,0,240.94,5.41
2019,12,28,16,0,225.89000000000001,6.38
2019,12,28,17,0,209.76,6.57
2019,12,28,18,0,202.75,7.930000000000001
2019,12,28,19,0,189.65,7.42
2019,12,28,20,0,181.39000000000001,9.59
2019,12,28,21,0,183.03,10.59
2019,12,28,22,0,190.73,9.34
2019,12,28,23,0,196.55,9.74
2019,12,29,0,0,192.57,8.93
2019,12,29,1,0,188.59,8.620000000000001
2019,12,29,2,0,178.81,7.58
2019,12,29,3,0,190.08,5.16
2019,12,29,4,0,173.87,3.06
2019,12,29,5,0,127.84,2.44
2019,12,29,6,0,88.29,2.79
2019,12,29,7,0,355.2,6.13
2019,12,29,8,0,15.950000000000001,7.71
2019,12,29,9,0,26.580000000000002,7.5200000000000005
2019,12,29,10,0,40.660000000000004,9.370000000000001
2019,12,29,11,0,34.37,10.700000000000001
2019,12,29,12,0,28.94,12.370000000000001
2019,12,29,13,0,26.02,10.64
2019,12,29,14,0,37.63,10.370000000000001
2019,12,29,15,0,39.15,11.35
2019,12,29,16,0,42.43,13.8
2019,12,29,17,0,43.36,12.870000000000001
2019,12,29,18,0,50.57,10.64
2019,12,29,19,0,109.19,8.74
2019,12,29,20,0,180.07,6.04
2019,12,29,21,0,191.05,9.23
2019,12,29,22,0,198.98000000000002,6.28
2019,12,29,23,0,237.08,1.78
2019,12,30,0,0,353.53000000000003,3.66
2019,12,30,1,0,4.69,7.42
2019,12,30,2,0,12.85,12.02
2019,12,30,3,0,21.5,13.98
2019,12,30,4,0,18.55,15.01
2019,12,30,5,0,20.37,14.39
2019,12,30,6,0,50.64,16.240000000000002
2019,12,30,7,0,45.42,17.150000000000002
2019,12,30,8,0,39.85,17.650000000000002
2019,12,30,9,0,36.75,16.35
2019,12,30,10,0,34.93,15.36
2019,12,30,11,0,34.77,12.75
2019,12,30,12,0,38.39,11.35
2019,12,30,13,0,46.75,9.73
2019,12,30,14,0,35.99,8.66
2019,12,30,15,0,17.78,7.83
2019,12,30,16,0,348.32,6.16
2019,12,30,17,0,244.17000000000002,1.54
2019,12,30,18,0,179.46,10.32
2019,12,30,19,0,187.37,13.66
2019,12,30,20,0,191.18,13.870000000000001
2019,12,30,21,0,196.67000000000002,13.92
2019,12,30,22,0,194.35,12.3
2019,12,30,23,0,198.62,11.6
2019,12,31,0,0,203.73000000000002,9.77
2019,12,31,1,0,205.88,8.1
2019,12,31,2,0,208.01,5.34
2019,12,31,3,0,126.49000000000001,1.12
2019,12,31,4,0,16.23,2.62
2019,12,31,5,0,29,4.82
2019,12,31,6,0,40.11,5.37
2019,12,31,7,0,45.45,4.93
2019,12,31,8,0,53.14,4.23
2019,12,31,9,0,63.480000000000004,3.4
2019,12,31,10,0,171.87,6.63
2019,12,31,11,0,171.34,16.75
2019,12,31,12,0,174.47,17.36
2019,12,31,13,0,168.81,16.98
2019,12,31,14,0,163.21,16.8
2019,12,31,15,0,166.94,16.48
2019,12,31,16,0,170.36,17.12
2019,12,31,17,0,166.31,16.01
2019,12,31,18,0,164.87,15.69
2019,12,31,19,0,153.31,12.85
2019,12,31,20,0,186.97,11.47
2019,12,31,21,0,196.96,13.76
2019,12,31,22,0,188.71,12.92
2019,12,31,23,0,182.07,14.030000000000001
