SiteID,987358,Site Timezone,-9,Data Timezone,0,Longitude,-150.24704,Latitude,61.13556
Year,Month,Day,Hour,Minute,wind direction at 80m (deg),wind speed at 80m (m/s)
2018,1,1,0,0,59.1,8.92
2018,1,1,1,0,6.53,9.58
2018,1,1,2,0,11.700000000000001,8.22
2018,1,1,3,0,3.35,8.83
2018,1,1,4,0,358.53000000000003,9.76
2018,1,1,5,0,3.22,9.43
2018,1,1,6,0,0.58,10.4
2018,1,1,7,0,1.19,10.85
2018,1,1,8,0,3.42,11.86
2018,1,1,9,0,2.89,11.24
2018,1,1,10,0,5.61,9.89
2018,1,1,11,0,8.6,7.62
2018,1,1,12,0,54.89,3.7
2018,1,1,13,0,97.31,4.84
2018,1,1,14,0,88.92,5.67
2018,1,1,15,0,98.39,9.08
2018,1,1,16,0,88.04,5.18
2018,1,1,17,0,36.87,2.95
2018,1,1,18,0,0.81,5.26
2018,1,1,19,0,357.58,8.31
2018,1,1,20,0,4.87,10.26
2018,1,1,21,0,1.74,9.39
2018,1,1,22,0,358.96,10.83
2018,1,1,23,0,0.92,10.93
2018,1,2,0,0,358.28000000000003,11.39
2018,1,2,1,0,2.23,11.1
2018,1,2,2,0,21.46,8
2018,1,2,3,0,24.76,9.82
2018,1,2,4,0,31.98,8.3
2018,1,2,5,0,99.91,16.55
2018,1,2,6,0,90.78,11.5
2018,1,2,7,0,113.8,20.91
2018,1,2,8,0,121.61,25.59
2018,1,2,9,0,125.14,27.59
2018,1,2,10,0,124.05,31.57
2018,1,2,11,0,127.2,32.46
2018,1,2,12,0,124.54,32.13
2018,1,2,13,0,124.43,30.45
2018,1,2,14,0,124.5,27.71
2018,1,2,15,0,126.10000000000001,27.17
2018,1,2,16,0,126.39,30.01
2018,1,2,17,0,126.02,29.91
2018,1,2,18,0,131.32,26.96
2018,1,2,19,0,128.53,26.16
2018,1,2,20,0,139.46,13.27
2018,1,2,21,0,137.92000000000002,20.080000000000002
2018,1,2,22,0,133.28,21.990000000000002
2018,1,2,23,0,131.97,21.42
2018,1,3,0,0,130.89000000000001,19.71
2018,1,3,1,0,130.82,12.69
2018,1,3,2,0,127.84,19.93
2018,1,3,3,0,132.97,19.56
2018,1,3,4,0,129.97,19.07
2018,1,3,5,0,130.96,17.31
2018,1,3,6,0,130.68,14.66
2018,1,3,7,0,132.07,10.51
2018,1,3,8,0,133.05,11.18
2018,1,3,9,0,137.8,10
2018,1,3,10,0,148.53,10.23
2018,1,3,11,0,140.46,8.86
2018,1,3,12,0,201.17000000000002,9.6
2018,1,3,13,0,191.32,9.83
2018,1,3,14,0,186.70000000000002,9.76
2018,1,3,15,0,176.77,8.72
2018,1,3,16,0,176.45000000000002,11.23
2018,1,3,17,0,187.48,10.67
2018,1,3,18,0,157.49,8.120000000000001
2018,1,3,19,0,170.65,10.48
2018,1,3,20,0,181.33,11.73
2018,1,3,21,0,173.39000000000001,12.21
2018,1,3,22,0,182.27,12.27
2018,1,3,23,0,191.47,13.3
2018,1,4,0,0,180.93,11.97
2018,1,4,1,0,191.95000000000002,13.1
2018,1,4,2,0,190.01,12.75
2018,1,4,3,0,192.4,14.31
2018,1,4,4,0,194.52,13.76
2018,1,4,5,0,187.68,12.72
2018,1,4,6,0,187.3,12.74
2018,1,4,7,0,194.07,13.74
2018,1,4,8,0,202.75,12.76
2018,1,4,9,0,178.63,9.64
2018,1,4,10,0,188.45000000000002,9.59
2018,1,4,11,0,182.43,8.46
2018,1,4,12,0,188.64000000000001,9.83
2018,1,4,13,0,194.95000000000002,10.290000000000001
2018,1,4,14,0,220.78,8.66
2018,1,4,15,0,202.4,3.25
2018,1,4,16,0,205.85,4.15
2018,1,4,17,0,204.08,2.61
2018,1,4,18,0,230.36,1.87
2018,1,4,19,0,3.59,1.98
2018,1,4,20,0,13.01,4.49
2018,1,4,21,0,17.31,4.7700000000000005
2018,1,4,22,0,19.67,4.76
2018,1,4,23,0,20.240000000000002,5.86
2018,1,5,0,0,14.47,6.2
2018,1,5,1,0,14.56,7.140000000000001
2018,1,5,2,0,8.07,7.82
2018,1,5,3,0,3.06,8.92
2018,1,5,4,0,358.43,10.450000000000001
2018,1,5,5,0,354.17,11.14
2018,1,5,6,0,357.93,11.18
2018,1,5,7,0,0.81,10.8
2018,1,5,8,0,7.84,9.540000000000001
2018,1,5,9,0,10.870000000000001,9.09
2018,1,5,10,0,5.5200000000000005,9.290000000000001
2018,1,5,11,0,355.97,7.73
2018,1,5,12,0,3.23,8.27
2018,1,5,13,0,357.29,8.89
2018,1,5,14,0,353.03000000000003,7.930000000000001
2018,1,5,15,0,301.07,3.79
2018,1,5,16,0,347.71,2.7
2018,1,5,17,0,29.52,4.78
2018,1,5,18,0,29.44,5.87
2018,1,5,19,0,21.71,9.24
2018,1,5,20,0,15.370000000000001,9.3
2018,1,5,21,0,13.77,9.11
2018,1,5,22,0,17.93,8.52
2018,1,5,23,0,22.88,7.74
2018,1,6,0,0,27.43,7.26
2018,1,6,1,0,52.64,6.98
2018,1,6,2,0,60.01,6.79
2018,1,6,3,0,27.54,6.87
2018,1,6,4,0,15.97,5.9
2018,1,6,5,0,7.63,6.03
2018,1,6,6,0,12.040000000000001,6.86
2018,1,6,7,0,25.060000000000002,6.24
2018,1,6,8,0,29.490000000000002,5.53
2018,1,6,9,0,15.92,8.16
2018,1,6,10,0,11.03,8.57
2018,1,6,11,0,2.24,10.05
2018,1,6,12,0,359.64,12.02
2018,1,6,13,0,5.0600000000000005,12.05
2018,1,6,14,0,5.8,11.41
2018,1,6,15,0,7.58,12.15
2018,1,6,16,0,5.68,10.97
2018,1,6,17,0,5.0600000000000005,11.28
2018,1,6,18,0,4.47,11.25
2018,1,6,19,0,11.5,11.06
2018,1,6,20,0,7.97,10.35
2018,1,6,21,0,11.53,9.36
2018,1,6,22,0,17.650000000000002,8.41
2018,1,6,23,0,9.99,8.23
2018,1,7,0,0,8.15,7.9
2018,1,7,1,0,7.48,8.27
2018,1,7,2,0,8.540000000000001,8.85
2018,1,7,3,0,17.61,8.9
2018,1,7,4,0,16.26,10.24
2018,1,7,5,0,10.950000000000001,11.08
2018,1,7,6,0,9.21,10.09
2018,1,7,7,0,16.3,10.370000000000001
2018,1,7,8,0,13.46,10.78
2018,1,7,9,0,4.5600000000000005,12.620000000000001
2018,1,7,10,0,5.49,12.1
2018,1,7,11,0,5.16,11.88
2018,1,7,12,0,2.92,11.42
2018,1,7,13,0,6.45,10.77
2018,1,7,14,0,8.63,10.46
2018,1,7,15,0,15.860000000000001,9.76
2018,1,7,16,0,14.19,9.57
2018,1,7,17,0,11.700000000000001,10.870000000000001
2018,1,7,18,0,18.94,8.620000000000001
2018,1,7,19,0,21.650000000000002,7.94
2018,1,7,20,0,19.98,8.28
2018,1,7,21,0,21.47,7.9
2018,1,7,22,0,17.94,8.35
2018,1,7,23,0,24.41,8.16
2018,1,8,0,0,24.080000000000002,8.51
2018,1,8,1,0,15.6,8.73
2018,1,8,2,0,15.860000000000001,8.84
2018,1,8,3,0,16.6,8.47
2018,1,8,4,0,18.650000000000002,8
2018,1,8,5,0,16.78,8.05
2018,1,8,6,0,16.17,7.82
2018,1,8,7,0,12.450000000000001,7.91
2018,1,8,8,0,12.59,7.18
2018,1,8,9,0,20.3,4.99
2018,1,8,10,0,21.13,4.79
2018,1,8,11,0,30.17,4.5600000000000005
2018,1,8,12,0,38.33,4.03
2018,1,8,13,0,33.13,3.72
2018,1,8,14,0,16.87,4
2018,1,8,15,0,0.9,5.32
2018,1,8,16,0,318.76,2.92
2018,1,8,17,0,327.45,1.29
2018,1,8,18,0,342.05,1.47
2018,1,8,19,0,300.09000000000003,1.52
2018,1,8,20,0,345.2,2.5500000000000003
2018,1,8,21,0,349.57,2.7800000000000002
2018,1,8,22,0,1.76,3.88
2018,1,8,23,0,24.6,4.57
2018,1,9,0,0,63.190000000000005,3.3200000000000003
2018,1,9,1,0,47,3.65
2018,1,9,2,0,23.73,7.72
2018,1,9,3,0,22.34,9.91
2018,1,9,4,0,25.53,10.61
2018,1,9,5,0,27.17,10.46
2018,1,9,6,0,24.42,10.46
2018,1,9,7,0,26.01,11.99
2018,1,9,8,0,23.14,13.24
2018,1,9,9,0,20.5,14
2018,1,9,10,0,21.69,15.15
2018,1,9,11,0,22.51,15.64
2018,1,9,12,0,19.900000000000002,15.75
2018,1,9,13,0,16.990000000000002,15.47
2018,1,9,14,0,18.12,15.43
2018,1,9,15,0,18.14,15.35
2018,1,9,16,0,17.02,14.56
2018,1,9,17,0,13.74,13.870000000000001
2018,1,9,18,0,12.77,12.99
2018,1,9,19,0,15.48,12.68
2018,1,9,20,0,17.86,11.63
2018,1,9,21,0,18.240000000000002,10.27
2018,1,9,22,0,17.96,9.49
2018,1,9,23,0,15.1,9.49
2018,1,10,0,0,14.08,9.700000000000001
2018,1,10,1,0,13.8,10.05
2018,1,10,2,0,15.280000000000001,10.28
2018,1,10,3,0,15.4,10.18
2018,1,10,4,0,14.780000000000001,10.42
2018,1,10,5,0,14.82,11.16
2018,1,10,6,0,13.01,11.06
2018,1,10,7,0,13.48,10.870000000000001
2018,1,10,8,0,15.16,10.59
2018,1,10,9,0,16.91,10.61
2018,1,10,10,0,16.45,10.28
2018,1,10,11,0,15.09,10.52
2018,1,10,12,0,16.6,10.77
2018,1,10,13,0,13.96,10.83
2018,1,10,14,0,15.18,10.91
2018,1,10,15,0,13.93,10.72
2018,1,10,16,0,15.97,10.57
2018,1,10,17,0,14.46,10.41
2018,1,10,18,0,17.79,10.43
2018,1,10,19,0,14.780000000000001,10.17
2018,1,10,20,0,15.620000000000001,9.47
2018,1,10,21,0,17.61,9.51
2018,1,10,22,0,18.580000000000002,9.08
2018,1,10,23,0,18.51,9.01
2018,1,11,0,0,19.45,9.46
2018,1,11,1,0,20.8,9.07
2018,1,11,2,0,18.71,8.97
2018,1,11,3,0,15.23,9.120000000000001
2018,1,11,4,0,17.96,9.040000000000001
2018,1,11,5,0,17.5,9.21
2018,1,11,6,0,18.080000000000002,9.84
2018,1,11,7,0,19.39,9.96
2018,1,11,8,0,17.080000000000002,9.88
2018,1,11,9,0,16.67,9.76
2018,1,11,10,0,15.89,9.27
2018,1,11,11,0,16.02,8.790000000000001
2018,1,11,12,0,14.58,8.24
2018,1,11,13,0,19.85,7.86
2018,1,11,14,0,22.41,8
2018,1,11,15,0,18.97,8.22
2018,1,11,16,0,17.29,8.3
2018,1,11,17,0,13.82,8.91
2018,1,11,18,0,19.080000000000002,9.05
2018,1,11,19,0,18.28,9.450000000000001
2018,1,11,20,0,16.65,9.63
2018,1,11,21,0,16.01,9.450000000000001
2018,1,11,22,0,13.67,9.91
2018,1,11,23,0,15.4,11.06
2018,1,12,0,0,11.120000000000001,11.16
2018,1,12,1,0,11.07,11.22
2018,1,12,2,0,10.28,11.19
2018,1,12,3,0,10.65,12.22
2018,1,12,4,0,11.09,11.34
2018,1,12,5,0,12.49,10.68
2018,1,12,6,0,13.84,10.9
2018,1,12,7,0,20.28,11.290000000000001
2018,1,12,8,0,13.67,11.55
2018,1,12,9,0,13.3,11.27
2018,1,12,10,0,14.280000000000001,11.28
2018,1,12,11,0,9.58,11
2018,1,12,12,0,9.58,11.56
2018,1,12,13,0,10.290000000000001,11.08
2018,1,12,14,0,9.49,11.17
2018,1,12,15,0,10.620000000000001,11.14
2018,1,12,16,0,359.84000000000003,11.28
2018,1,12,17,0,5.93,10.82
2018,1,12,18,0,7.0600000000000005,10.55
2018,1,12,19,0,7.72,10.86
2018,1,12,20,0,7.16,10.56
2018,1,12,21,0,5.03,11.3
2018,1,12,22,0,8.16,11.620000000000001
2018,1,12,23,0,5.44,12.96
2018,1,13,0,0,1.95,12.27
2018,1,13,1,0,3.21,13.290000000000001
2018,1,13,2,0,8.370000000000001,13.99
2018,1,13,3,0,9.1,14.42
2018,1,13,4,0,12.040000000000001,14.22
2018,1,13,5,0,3.72,13.530000000000001
2018,1,13,6,0,7.69,13.76
2018,1,13,7,0,11.43,11.6
2018,1,13,8,0,28.94,8.51
2018,1,13,9,0,18.36,9.89
2018,1,13,10,0,52.32,7.58
2018,1,13,11,0,58.67,5.58
2018,1,13,12,0,73.11,7.11
2018,1,13,13,0,74.88,8.35
2018,1,13,14,0,142.38,19.11
2018,1,13,15,0,159.05,8.02
2018,1,13,16,0,4.71,9.76
2018,1,13,17,0,14.48,8.32
2018,1,13,18,0,13.91,10.790000000000001
2018,1,13,19,0,359.73,12.69
2018,1,13,20,0,19.09,12.48
2018,1,13,21,0,62.99,9.85
2018,1,13,22,0,39.71,12.18
2018,1,13,23,0,25.2,19.8
2018,1,14,0,0,47.58,14.93
2018,1,14,1,0,60.59,15.74
2018,1,14,2,0,112.04,30.52
2018,1,14,3,0,126.82000000000001,32.17
2018,1,14,4,0,168.57,12.27
2018,1,14,5,0,140.93,11.33
2018,1,14,6,0,131.64000000000001,15.870000000000001
2018,1,14,7,0,133.81,20.28
2018,1,14,8,0,128.86,21.400000000000002
2018,1,14,9,0,125.51,23.990000000000002
2018,1,14,10,0,127.12,25.080000000000002
2018,1,14,11,0,126.12,26.87
2018,1,14,12,0,126.01,26.04
2018,1,14,13,0,127.60000000000001,26.21
2018,1,14,14,0,127.75,26.03
2018,1,14,15,0,128.75,24.63
2018,1,14,16,0,127.35000000000001,24.75
2018,1,14,17,0,129.13,24.32
2018,1,14,18,0,124.86,22.2
2018,1,14,19,0,105.91,12.93
2018,1,14,20,0,104.52,5.13
2018,1,14,21,0,126.76,15.14
2018,1,14,22,0,116.62,11.16
2018,1,14,23,0,17.75,1.02
2018,1,15,0,0,80.46000000000001,6.04
2018,1,15,1,0,89.48,5.2700000000000005
2018,1,15,2,0,96.26,5.09
2018,1,15,3,0,119.02,11.55
2018,1,15,4,0,122.45,12.790000000000001
2018,1,15,5,0,122.15,13.200000000000001
2018,1,15,6,0,99.67,5.5
2018,1,15,7,0,76.17,4.25
2018,1,15,8,0,14.540000000000001,3.7
2018,1,15,9,0,13.57,6.3100000000000005
2018,1,15,10,0,11.65,6.97
2018,1,15,11,0,4.32,7.21
2018,1,15,12,0,6.61,8.16
2018,1,15,13,0,4.67,6.84
2018,1,15,14,0,4.58,3.11
2018,1,15,15,0,15.51,2.36
2018,1,15,16,0,28.53,2.73
2018,1,15,17,0,352.88,0.18
2018,1,15,18,0,190.93,1.6600000000000001
2018,1,15,19,0,202.24,2.06
2018,1,15,20,0,210.52,1.73
2018,1,15,21,0,234.99,1.58
2018,1,15,22,0,300.3,1.85
2018,1,15,23,0,329.64,3.27
2018,1,16,0,0,359.42,2.84
2018,1,16,1,0,15.13,4.28
2018,1,16,2,0,5.08,7.68
2018,1,16,3,0,23.03,9.48
2018,1,16,4,0,8.870000000000001,9.92
2018,1,16,5,0,6.61,11.17
2018,1,16,6,0,12.65,10.98
2018,1,16,7,0,13.32,11.56
2018,1,16,8,0,8.84,12.89
2018,1,16,9,0,3.5300000000000002,12.65
2018,1,16,10,0,6.0600000000000005,12.85
2018,1,16,11,0,10.66,11.89
2018,1,16,12,0,4.3500000000000005,14.15
2018,1,16,13,0,4.5,15.530000000000001
2018,1,16,14,0,1.6300000000000001,15.48
2018,1,16,15,0,9.84,13.47
2018,1,16,16,0,5.91,11.200000000000001
2018,1,16,17,0,1,9.51
2018,1,16,18,0,4.2,8.74
2018,1,16,19,0,18.46,3.75
2018,1,16,20,0,7.46,6.0600000000000005
2018,1,16,21,0,352.99,7.87
2018,1,16,22,0,17.88,5.17
2018,1,16,23,0,68.68,6.25
2018,1,17,0,0,28.580000000000002,3.5300000000000002
2018,1,17,1,0,18.97,5.45
2018,1,17,2,0,341.52,3.39
2018,1,17,3,0,50.29,6.94
2018,1,17,4,0,71.06,5.48
2018,1,17,5,0,68.5,8.21
2018,1,17,6,0,39.94,6.72
2018,1,17,7,0,52.99,4.14
2018,1,17,8,0,26.91,6.29
2018,1,17,9,0,48.54,3.34
2018,1,17,10,0,39.95,9.31
2018,1,17,11,0,52.17,3.67
2018,1,17,12,0,18.84,9.28
2018,1,17,13,0,18.73,6.41
2018,1,17,14,0,9.47,9.77
2018,1,17,15,0,7.47,8.5
2018,1,17,16,0,10.48,8.290000000000001
2018,1,17,17,0,13.98,6.4
2018,1,17,18,0,9,8.84
2018,1,17,19,0,18.400000000000002,6.58
2018,1,17,20,0,83.26,3.27
2018,1,17,21,0,116.34,14.23
2018,1,17,22,0,102.68,7.13
2018,1,17,23,0,122.95,23.12
2018,1,18,0,0,126.65,25.1
2018,1,18,1,0,134.17000000000002,23.77
2018,1,18,2,0,141.98,20.13
2018,1,18,3,0,128.31,17.36
2018,1,18,4,0,124.39,21.09
2018,1,18,5,0,104.8,14.32
2018,1,18,6,0,22.04,5.82
2018,1,18,7,0,13.59,8.21
2018,1,18,8,0,12.89,7.41
2018,1,18,9,0,9.76,8.59
2018,1,18,10,0,25.13,7.13
2018,1,18,11,0,16.66,7.8
2018,1,18,12,0,21.900000000000002,7.16
2018,1,18,13,0,25.35,6.87
2018,1,18,14,0,14.5,8.040000000000001
2018,1,18,15,0,10.39,9.69
2018,1,18,16,0,6.23,9.21
2018,1,18,17,0,10.950000000000001,8.05
2018,1,18,18,0,4.89,8.09
2018,1,18,19,0,3.17,7.38
2018,1,18,20,0,29.91,3.87
2018,1,18,21,0,57.34,2.35
2018,1,18,22,0,42.980000000000004,1.45
2018,1,18,23,0,44.18,2.08
2018,1,19,0,0,36.14,1.07
2018,1,19,1,0,40.58,0.71
2018,1,19,2,0,73.96000000000001,0.55
2018,1,19,3,0,180.09,1.8800000000000001
2018,1,19,4,0,180.32,1.93
2018,1,19,5,0,198.02,2.63
2018,1,19,6,0,188.32,2.62
2018,1,19,7,0,210.88,2.71
2018,1,19,8,0,228.63,1.3800000000000001
2018,1,19,9,0,143.59,1.25
2018,1,19,10,0,140.73,1.8900000000000001
2018,1,19,11,0,124.25,1.46
2018,1,19,12,0,72.61,1.97
2018,1,19,13,0,67.16,2.82
2018,1,19,14,0,26.37,3.35
2018,1,19,15,0,19.91,4.7
2018,1,19,16,0,18.97,4.59
2018,1,19,17,0,25.47,4.08
2018,1,19,18,0,20.2,4.48
2018,1,19,19,0,26.03,5.7700000000000005
2018,1,19,20,0,19.85,6.49
2018,1,19,21,0,23.650000000000002,6.92
2018,1,19,22,0,21.400000000000002,8.01
2018,1,19,23,0,15.46,8.53
2018,1,20,0,0,12.33,9.03
2018,1,20,1,0,9.38,8.88
2018,1,20,2,0,4.82,9.96
2018,1,20,3,0,11.290000000000001,8.69
2018,1,20,4,0,8.27,9.16
2018,1,20,5,0,11.01,9
2018,1,20,6,0,8.25,9.4
2018,1,20,7,0,7.61,10.46
2018,1,20,8,0,8.540000000000001,10.35
2018,1,20,9,0,1.48,12.370000000000001
2018,1,20,10,0,357.90000000000003,13.81
2018,1,20,11,0,354.83,13.83
2018,1,20,12,0,358.12,14.74
2018,1,20,13,0,353.40000000000003,15.21
2018,1,20,14,0,347.79,12.19
2018,1,20,15,0,350.84000000000003,11.58
2018,1,20,16,0,352.46,11.72
2018,1,20,17,0,354.35,14
2018,1,20,18,0,351.3,15.01
2018,1,20,19,0,349.17,15.26
2018,1,20,20,0,351.16,16.1
2018,1,20,21,0,351.79,16.44
2018,1,20,22,0,354.98,15.33
2018,1,20,23,0,356.2,15.07
2018,1,21,0,0,358.64,15.02
2018,1,21,1,0,357.61,15.18
2018,1,21,2,0,355.42,15.25
2018,1,21,3,0,356.41,15.48
2018,1,21,4,0,357.84000000000003,14.08
2018,1,21,5,0,358.57,13.73
2018,1,21,6,0,358.21,12.46
2018,1,21,7,0,11.43,9.86
2018,1,21,8,0,13.83,11.22
2018,1,21,9,0,5.75,12.09
2018,1,21,10,0,359.95,11.39
2018,1,21,11,0,357.22,11.44
2018,1,21,12,0,355.93,13.35
2018,1,21,13,0,354.12,13.61
2018,1,21,14,0,355.13,12.52
2018,1,21,15,0,355.96,12.85
2018,1,21,16,0,1.02,13.14
2018,1,21,17,0,356.7,12.030000000000001
2018,1,21,18,0,354.07,10.13
2018,1,21,19,0,6.94,9.870000000000001
2018,1,21,20,0,5.84,10.52
2018,1,21,21,0,3.2600000000000002,10.85
2018,1,21,22,0,0.54,10.89
2018,1,21,23,0,358.65000000000003,10.56
2018,1,22,0,0,2.86,9.89
2018,1,22,1,0,6.18,8.81
2018,1,22,2,0,7.15,9.84
2018,1,22,3,0,4.7,9.77
2018,1,22,4,0,10.31,8.42
2018,1,22,5,0,10.15,8.14
2018,1,22,6,0,12.44,8.040000000000001
2018,1,22,7,0,12.69,8.370000000000001
2018,1,22,8,0,10.21,8.41
2018,1,22,9,0,19.12,8.120000000000001
2018,1,22,10,0,16.96,8.65
2018,1,22,11,0,12.07,9.52
2018,1,22,12,0,19.2,9.14
2018,1,22,13,0,14.9,9.6
2018,1,22,14,0,13.51,9.76
2018,1,22,15,0,15.26,9.59
2018,1,22,16,0,10.92,11.82
2018,1,22,17,0,12.790000000000001,11.51
2018,1,22,18,0,11.17,12.450000000000001
2018,1,22,19,0,6.2700000000000005,13.07
2018,1,22,20,0,3.2600000000000002,13.98
2018,1,22,21,0,1.22,14.120000000000001
2018,1,22,22,0,4.8,12.200000000000001
2018,1,22,23,0,5.58,12.42
2018,1,23,0,0,3.7800000000000002,12.67
2018,1,23,1,0,6.19,11.72
2018,1,23,2,0,5.2,11.81
2018,1,23,3,0,6.95,11.370000000000001
2018,1,23,4,0,8.86,11.14
2018,1,23,5,0,8.47,11.07
2018,1,23,6,0,10.44,10.66
2018,1,23,7,0,10.28,10.74
2018,1,23,8,0,11.07,10.200000000000001
2018,1,23,9,0,15.290000000000001,9.64
2018,1,23,10,0,13.17,9.120000000000001
2018,1,23,11,0,16.97,9.040000000000001
2018,1,23,12,0,21.88,8.3
2018,1,23,13,0,16.03,8.44
2018,1,23,14,0,18.3,7.640000000000001
2018,1,23,15,0,24.3,7.7700000000000005
2018,1,23,16,0,73.92,7.930000000000001
2018,1,23,17,0,105.78,6.2700000000000005
2018,1,23,18,0,119,14.56
2018,1,23,19,0,65.78,6.8500000000000005
2018,1,23,20,0,45.81,6.5600000000000005
2018,1,23,21,0,33.37,6.92
2018,1,23,22,0,29.560000000000002,7.48
2018,1,23,23,0,21.47,7.57
2018,1,24,0,0,16.17,7.72
2018,1,24,1,0,17.05,8.14
2018,1,24,2,0,17.73,8.3
2018,1,24,3,0,9.35,8.89
2018,1,24,4,0,4.01,9.66
2018,1,24,5,0,2.37,9.46
2018,1,24,6,0,359.45,10.56
2018,1,24,7,0,5.21,10.35
2018,1,24,8,0,2.32,10.97
2018,1,24,9,0,359.29,11.91
2018,1,24,10,0,2.93,10.120000000000001
2018,1,24,11,0,2.5300000000000002,10.49
2018,1,24,12,0,354.84000000000003,12.24
2018,1,24,13,0,356.54,12.19
2018,1,24,14,0,349.94,14.4
2018,1,24,15,0,351.71,13
2018,1,24,16,0,357.84000000000003,12.620000000000001
2018,1,24,17,0,352.90000000000003,12.950000000000001
2018,1,24,18,0,351.1,11.41
2018,1,24,19,0,356.11,12.13
2018,1,24,20,0,355.84000000000003,13.26
2018,1,24,21,0,353.47,13.23
2018,1,24,22,0,351.99,10.71
2018,1,24,23,0,355.97,11.200000000000001
2018,1,25,0,0,352.67,11.89
2018,1,25,1,0,350.8,12.42
2018,1,25,2,0,352.35,13.58
2018,1,25,3,0,354,13.93
2018,1,25,4,0,354.29,13.530000000000001
2018,1,25,5,0,4.01,11.66
2018,1,25,6,0,10.74,11.11
2018,1,25,7,0,4.72,11.44
2018,1,25,8,0,355.63,10.13
2018,1,25,9,0,352.85,12.61
2018,1,25,10,0,347.85,13.64
2018,1,25,11,0,344.57,12.82
2018,1,25,12,0,345.63,14.450000000000001
2018,1,25,13,0,339.79,13.120000000000001
2018,1,25,14,0,337.04,13.790000000000001
2018,1,25,15,0,348.46,14.27
2018,1,25,16,0,350.47,14.32
2018,1,25,17,0,357.17,12.35
2018,1,25,18,0,8.9,13.35
2018,1,25,19,0,11.11,12.25
2018,1,25,20,0,4.71,13.25
2018,1,25,21,0,4.21,12.950000000000001
2018,1,25,22,0,4.76,14.69
2018,1,25,23,0,4.21,13.67
2018,1,26,0,0,6.59,13.540000000000001
2018,1,26,1,0,5.29,14.86
2018,1,26,2,0,5.43,15.07
2018,1,26,3,0,360,14.6
2018,1,26,4,0,2.5100000000000002,15.16
2018,1,26,5,0,5.8,13.93
2018,1,26,6,0,3.62,13.18
2018,1,26,7,0,359.43,14.67
2018,1,26,8,0,1.97,13.93
2018,1,26,9,0,0.35000000000000003,14.15
2018,1,26,10,0,0.92,14.02
2018,1,26,11,0,358.84000000000003,14.18
2018,1,26,12,0,356.1,13.84
2018,1,26,13,0,355.89,12.88
2018,1,26,14,0,356.87,12.94
2018,1,26,15,0,359.71,12.66
2018,1,26,16,0,0.75,12.88
2018,1,26,17,0,354.24,14.98
2018,1,26,18,0,354.24,14.540000000000001
2018,1,26,19,0,357.75,13.46
2018,1,26,20,0,357.3,13
2018,1,26,21,0,358.53000000000003,12.73
2018,1,26,22,0,358.61,11.88
2018,1,26,23,0,0.65,11.66
2018,1,27,0,0,357.38,12.35
2018,1,27,1,0,353.22,11.94
2018,1,27,2,0,356.47,10.86
2018,1,27,3,0,2.98,10.25
2018,1,27,4,0,6.61,9.43
2018,1,27,5,0,8.1,9.84
2018,1,27,6,0,11.34,10.540000000000001
2018,1,27,7,0,18.28,10.9
2018,1,27,8,0,12.47,11.26
2018,1,27,9,0,9.81,11.59
2018,1,27,10,0,9.61,12.31
2018,1,27,11,0,6.7700000000000005,12.55
2018,1,27,12,0,4.13,13.16
2018,1,27,13,0,1.43,13.05
2018,1,27,14,0,0.71,12.71
2018,1,27,15,0,1.09,12.09
2018,1,27,16,0,0.9400000000000001,11.91
2018,1,27,17,0,2.89,11.19
2018,1,27,18,0,5.58,10.92
2018,1,27,19,0,3.38,10.58
2018,1,27,20,0,7.22,10.26
2018,1,27,21,0,8.8,9.73
2018,1,27,22,0,12.3,9.36
2018,1,27,23,0,25.36,9.56
2018,1,28,0,0,35.34,9.370000000000001
2018,1,28,1,0,18.89,10.120000000000001
2018,1,28,2,0,12.24,11.03
2018,1,28,3,0,17.080000000000002,11.81
2018,1,28,4,0,18.45,11.950000000000001
2018,1,28,5,0,15.07,12.35
2018,1,28,6,0,14.14,12.84
2018,1,28,7,0,15.39,12.74
2018,1,28,8,0,9.56,12.98
2018,1,28,9,0,13.69,12.96
2018,1,28,10,0,12.13,13.38
2018,1,28,11,0,13.41,13.18
2018,1,28,12,0,8.84,13.31
2018,1,28,13,0,5.49,13.67
2018,1,28,14,0,4.16,14.34
2018,1,28,15,0,3.59,14.33
2018,1,28,16,0,0.47000000000000003,12.96
2018,1,28,17,0,1.53,12.92
2018,1,28,18,0,354.94,15.870000000000001
2018,1,28,19,0,358.47,15.85
2018,1,28,20,0,0.74,16.2
2018,1,28,21,0,0.21,17.63
2018,1,28,22,0,5.2,16.6
2018,1,28,23,0,3.74,17.01
2018,1,29,0,0,5.08,17.41
2018,1,29,1,0,7.59,20.03
2018,1,29,2,0,12.620000000000001,22.8
2018,1,29,3,0,24.91,24.93
2018,1,29,4,0,24.5,25.97
2018,1,29,5,0,26.12,25.330000000000002
2018,1,29,6,0,24.89,26.26
2018,1,29,7,0,26.55,31.150000000000002
2018,1,29,8,0,19.45,30.85
2018,1,29,9,0,20.66,29.7
2018,1,29,10,0,18.73,31.28
2018,1,29,11,0,22.3,29.490000000000002
2018,1,29,12,0,19.87,28.94
2018,1,29,13,0,18.6,28.73
2018,1,29,14,0,16.14,31.05
2018,1,29,15,0,19.63,31.01
2018,1,29,16,0,29.39,24.62
2018,1,29,17,0,20.63,22.330000000000002
2018,1,29,18,0,30.82,24.68
2018,1,29,19,0,26.46,23.66
2018,1,29,20,0,19.68,21.48
2018,1,29,21,0,17.8,19.82
2018,1,29,22,0,16.25,22.57
2018,1,29,23,0,22.48,22.150000000000002
2018,1,30,0,0,15.83,18.16
2018,1,30,1,0,15.8,20.490000000000002
2018,1,30,2,0,10.23,21.06
2018,1,30,3,0,10.89,19.57
2018,1,30,4,0,8.6,18.04
2018,1,30,5,0,21.07,20.93
2018,1,30,6,0,14.47,19.87
2018,1,30,7,0,10.370000000000001,18.580000000000002
2018,1,30,8,0,18.5,20.94
2018,1,30,9,0,21.61,20.86
2018,1,30,10,0,28.14,19.57
2018,1,30,11,0,25.84,20.21
2018,1,30,12,0,33.78,21.07
2018,1,30,13,0,16.38,19.34
2018,1,30,14,0,17.07,17.77
2018,1,30,15,0,25.35,19.44
2018,1,30,16,0,16.17,18.84
2018,1,30,17,0,13.26,17.96
2018,1,30,18,0,6.8100000000000005,18.57
2018,1,30,19,0,7.22,19.400000000000002
2018,1,30,20,0,11.26,19.84
2018,1,30,21,0,10.72,21.02
2018,1,30,22,0,12.870000000000001,19.2
2018,1,30,23,0,9.38,17.92
2018,1,31,0,0,10.5,13.84
2018,1,31,1,0,15.94,10.25
2018,1,31,2,0,42.64,7.43
2018,1,31,3,0,40.68,6.390000000000001
2018,1,31,4,0,52.94,6.53
2018,1,31,5,0,61.83,5.66
2018,1,31,6,0,54.15,6.2
2018,1,31,7,0,50.33,9.42
2018,1,31,8,0,31.38,8.92
2018,1,31,9,0,16.47,13.86
2018,1,31,10,0,18.37,12.790000000000001
2018,1,31,11,0,17.490000000000002,13.08
2018,1,31,12,0,21.03,16
2018,1,31,13,0,18.29,15.85
2018,1,31,14,0,15.83,16.78
2018,1,31,15,0,13.86,16.79
2018,1,31,16,0,17.25,18.04
2018,1,31,17,0,13.46,18.02
2018,1,31,18,0,12.030000000000001,18.080000000000002
2018,1,31,19,0,12.200000000000001,18.07
2018,1,31,20,0,13.19,18.01
2018,1,31,21,0,14.43,17.56
2018,1,31,22,0,11.71,17.23
2018,1,31,23,0,11.6,16.65
2018,2,1,0,0,10.28,15.9
2018,2,1,1,0,7.66,15.870000000000001
2018,2,1,2,0,6.69,16.27
2018,2,1,3,0,8.84,16.94
2018,2,1,4,0,10.78,17.84
2018,2,1,5,0,7.86,18
2018,2,1,6,0,10.76,18.01
2018,2,1,7,0,13.15,17.32
2018,2,1,8,0,15.290000000000001,18.73
2018,2,1,9,0,9.91,14.19
2018,2,1,10,0,37.65,7.13
2018,2,1,11,0,18.68,6.3500000000000005
2018,2,1,12,0,20.05,5.46
2018,2,1,13,0,17.43,8.44
2018,2,1,14,0,17.63,8.57
2018,2,1,15,0,22.53,6.6000000000000005
2018,2,1,16,0,11.35,10.89
2018,2,1,17,0,11.790000000000001,9.33
2018,2,1,18,0,13.620000000000001,11.03
2018,2,1,19,0,12.92,12.15
2018,2,1,20,0,12.55,12.950000000000001
2018,2,1,21,0,12.6,13.25
2018,2,1,22,0,14.38,12.88
2018,2,1,23,0,12.17,12.17
2018,2,2,0,0,14.61,12.13
2018,2,2,1,0,13.44,11.450000000000001
2018,2,2,2,0,13.52,11.58
2018,2,2,3,0,12.02,12.05
2018,2,2,4,0,7.0200000000000005,11.41
2018,2,2,5,0,9.07,11.08
2018,2,2,6,0,14.92,9.17
2018,2,2,7,0,23.68,11.120000000000001
2018,2,2,8,0,27.78,11.15
2018,2,2,9,0,24.740000000000002,10.13
2018,2,2,10,0,15.69,10.31
2018,2,2,11,0,23.81,10.71
2018,2,2,12,0,29.150000000000002,12.06
2018,2,2,13,0,19.14,12.58
2018,2,2,14,0,22.330000000000002,13.64
2018,2,2,15,0,29.64,12.82
2018,2,2,16,0,32.08,11.42
2018,2,2,17,0,27.92,9.88
2018,2,2,18,0,31.11,7.43
2018,2,2,19,0,30.310000000000002,4.3100000000000005
2018,2,2,20,0,20.63,12.33
2018,2,2,21,0,32.6,6.32
2018,2,2,22,0,62.35,3.36
2018,2,2,23,0,8.83,4.1
2018,2,3,0,0,58.77,2.5100000000000002
2018,2,3,1,0,20.19,11.26
2018,2,3,2,0,21.12,5.54
2018,2,3,3,0,87.78,3.74
2018,2,3,4,0,14.92,4.04
2018,2,3,5,0,23.29,7.05
2018,2,3,6,0,17.72,13.17
2018,2,3,7,0,12.47,13.98
2018,2,3,8,0,14.73,11.58
2018,2,3,9,0,14.17,8.72
2018,2,3,10,0,20.96,7.640000000000001
2018,2,3,11,0,19.18,7.61
2018,2,3,12,0,20.73,9.93
2018,2,3,13,0,17.53,8.97
2018,2,3,14,0,25.7,10.26
2018,2,3,15,0,23.5,9.97
2018,2,3,16,0,18.87,9.31
2018,2,3,17,0,20.580000000000002,8.91
2018,2,3,18,0,20.900000000000002,9.21
2018,2,3,19,0,19.27,9.700000000000001
2018,2,3,20,0,17.400000000000002,9.1
2018,2,3,21,0,17.080000000000002,9.11
2018,2,3,22,0,15.65,8.81
2018,2,3,23,0,17.46,9.14
2018,2,4,0,0,20.88,9.48
2018,2,4,1,0,20.7,9.64
2018,2,4,2,0,19.39,9.58
2018,2,4,3,0,20.01,9.48
2018,2,4,4,0,17.94,10.35
2018,2,4,5,0,12.89,10.540000000000001
2018,2,4,6,0,17.29,10.370000000000001
2018,2,4,7,0,17.2,9.9
2018,2,4,8,0,17.900000000000002,8.94
2018,2,4,9,0,20.38,8.35
2018,2,4,10,0,23.57,8.790000000000001
2018,2,4,11,0,23.51,9.26
2018,2,4,12,0,21.16,9.25
2018,2,4,13,0,18.14,8.84
2018,2,4,14,0,14.89,9.370000000000001
2018,2,4,15,0,18.43,8.63
2018,2,4,16,0,16.77,8.41
2018,2,4,17,0,16.27,7.8500000000000005
2018,2,4,18,0,14.34,7.84
2018,2,4,19,0,19.72,7.140000000000001
2018,2,4,20,0,14.68,6.92
2018,2,4,21,0,15.56,6.21
2018,2,4,22,0,354.64,4.5
2018,2,4,23,0,354.27,4.24
2018,2,5,0,0,15.860000000000001,3.88
2018,2,5,1,0,5.84,2.44
2018,2,5,2,0,342.52,2.31
2018,2,5,3,0,330.28000000000003,1.97
2018,2,5,4,0,333.42,2.22
2018,2,5,5,0,336.02,2.16
2018,2,5,6,0,347.67,2.5300000000000002
2018,2,5,7,0,344.24,3.87
2018,2,5,8,0,352.52,4.07
2018,2,5,9,0,12.620000000000001,6.59
2018,2,5,10,0,14.790000000000001,6.95
2018,2,5,11,0,15.17,8.18
2018,2,5,12,0,11.59,8.26
2018,2,5,13,0,5.8100000000000005,8.82
2018,2,5,14,0,11.23,9.39
2018,2,5,15,0,17.23,8.540000000000001
2018,2,5,16,0,20.72,9.11
2018,2,5,17,0,15.5,9.58
2018,2,5,18,0,14.46,9.93
2018,2,5,19,0,12.41,10.4
2018,2,5,20,0,15.43,10.44
2018,2,5,21,0,18.1,10
2018,2,5,22,0,15.91,10.17
2018,2,5,23,0,15.030000000000001,9.6
2018,2,6,0,0,15.02,9.84
2018,2,6,1,0,16.47,9.73
2018,2,6,2,0,15.77,9.9
2018,2,6,3,0,19.94,9.43
2018,2,6,4,0,11.39,9.38
2018,2,6,5,0,10.68,8.07
2018,2,6,6,0,7.38,6.32
2018,2,6,7,0,7.28,5.03
2018,2,6,8,0,1.45,3.98
2018,2,6,9,0,356.5,4.65
2018,2,6,10,0,352.68,3.64
2018,2,6,11,0,6.37,5.25
2018,2,6,12,0,349.57,5.01
2018,2,6,13,0,352.22,4.42
2018,2,6,14,0,352.83,4.3
2018,2,6,15,0,6.61,5.19
2018,2,6,16,0,348.21,6.32
2018,2,6,17,0,347.73,7.18
2018,2,6,18,0,9.53,6.41
2018,2,6,19,0,12.59,8.370000000000001
2018,2,6,20,0,13.32,7.91
2018,2,6,21,0,17.740000000000002,7.61
2018,2,6,22,0,22.92,7.23
2018,2,6,23,0,23.48,6.96
2018,2,7,0,0,20.72,6.97
2018,2,7,1,0,15.25,7.11
2018,2,7,2,0,11.870000000000001,6.8
2018,2,7,3,0,14.16,6.71
2018,2,7,4,0,14.23,5.68
2018,2,7,5,0,14.93,4.3100000000000005
2018,2,7,6,0,14.290000000000001,3.43
2018,2,7,7,0,12.790000000000001,2.96
2018,2,7,8,0,20.6,1.79
2018,2,7,9,0,51.980000000000004,1.74
2018,2,7,10,0,127.08,0.78
2018,2,7,11,0,137.62,0.8200000000000001
2018,2,7,12,0,161.8,1.3
2018,2,7,13,0,190.41,1.44
2018,2,7,14,0,230.24,1.52
2018,2,7,15,0,211.05,1.44
2018,2,7,16,0,247.72,1.81
2018,2,7,17,0,274.36,2.19
2018,2,7,18,0,334.46,1.16
2018,2,7,19,0,358.90000000000003,1.6
2018,2,7,20,0,354.13,2.37
2018,2,7,21,0,349.43,2.4
2018,2,7,22,0,351.53000000000003,2.87
2018,2,7,23,0,343.81,3.41
2018,2,8,0,0,354.28000000000003,3.0500000000000003
2018,2,8,1,0,3.6,2.69
2018,2,8,2,0,21.42,3.11
2018,2,8,3,0,15.49,2.72
2018,2,8,4,0,338.15000000000003,1.9100000000000001
2018,2,8,5,0,324.58,1.23
2018,2,8,6,0,344.32,0.86
2018,2,8,7,0,318.53000000000003,1.72
2018,2,8,8,0,323.53000000000003,2.1
2018,2,8,9,0,3.93,1.83
2018,2,8,10,0,36.81,1.58
2018,2,8,11,0,20.71,2.62
2018,2,8,12,0,5.8,3.58
2018,2,8,13,0,6.69,3.99
2018,2,8,14,0,13.6,3.31
2018,2,8,15,0,10.870000000000001,2.19
2018,2,8,16,0,7.73,1.96
2018,2,8,17,0,79.5,0.65
2018,2,8,18,0,149.02,1.18
2018,2,8,19,0,136.36,1.17
2018,2,8,20,0,52.51,1.9000000000000001
2018,2,8,21,0,31.1,4.16
2018,2,8,22,0,30.57,4.45
2018,2,8,23,0,18.990000000000002,5.73
2018,2,9,0,0,23.69,6.88
2018,2,9,1,0,23.23,7.83
2018,2,9,2,0,20.62,8
2018,2,9,3,0,20.55,7.930000000000001
2018,2,9,4,0,13.06,7.37
2018,2,9,5,0,7.59,7.1000000000000005
2018,2,9,6,0,7.98,7.51
2018,2,9,7,0,15.67,7.46
2018,2,9,8,0,19.46,7.84
2018,2,9,9,0,19.01,7.47
2018,2,9,10,0,20.23,7.95
2018,2,9,11,0,18.57,8.51
2018,2,9,12,0,18,9.1
2018,2,9,13,0,15.74,9.28
2018,2,9,14,0,14.66,8.870000000000001
2018,2,9,15,0,16.67,8.46
2018,2,9,16,0,16.35,8.11
2018,2,9,17,0,15.08,8.44
2018,2,9,18,0,15.34,8.36
2018,2,9,19,0,20.02,8.15
2018,2,9,20,0,18.01,7.5600000000000005
2018,2,9,21,0,16.75,8.3
2018,2,9,22,0,12.27,8.78
2018,2,9,23,0,13.35,8.06
2018,2,10,0,0,19.59,7.8100000000000005
2018,2,10,1,0,19.080000000000002,7.890000000000001
2018,2,10,2,0,16.22,7.5600000000000005
2018,2,10,3,0,11.32,6
2018,2,10,4,0,18.73,5.37
2018,2,10,5,0,22.47,5.46
2018,2,10,6,0,53.480000000000004,4.92
2018,2,10,7,0,41.93,5.5200000000000005
2018,2,10,8,0,48.06,5.82
2018,2,10,9,0,43.81,5.8
2018,2,10,10,0,29.330000000000002,5.47
2018,2,10,11,0,356.56,3.5300000000000002
2018,2,10,12,0,46.43,3.16
2018,2,10,13,0,18.62,3.79
2018,2,10,14,0,32.28,5.11
2018,2,10,15,0,17.86,7.68
2018,2,10,16,0,7.48,5.76
2018,2,10,17,0,353.74,3.84
2018,2,10,18,0,12.74,4.79
2018,2,10,19,0,14.75,5.08
2018,2,10,20,0,1.56,5.29
2018,2,10,21,0,14.67,7.44
2018,2,10,22,0,9.44,8.07
2018,2,10,23,0,14.05,9.450000000000001
2018,2,11,0,0,25.990000000000002,8.34
2018,2,11,1,0,17.97,8.21
2018,2,11,2,0,11.77,8.28
2018,2,11,3,0,19.86,7.76
2018,2,11,4,0,26.61,7.61
2018,2,11,5,0,27.79,6.73
2018,2,11,6,0,25.19,5.93
2018,2,11,7,0,25.01,5.39
2018,2,11,8,0,71.96000000000001,5.24
2018,2,11,9,0,119.23,14.16
2018,2,11,10,0,126.95,17.490000000000002
2018,2,11,11,0,126.49000000000001,18.95
2018,2,11,12,0,125.68,20.1
2018,2,11,13,0,125.37,19.62
2018,2,11,14,0,122.98,19.51
2018,2,11,15,0,124.10000000000001,20.09
2018,2,11,16,0,128.73,18.47
2018,2,11,17,0,130.94,18.150000000000002
2018,2,11,18,0,129.67000000000002,18.62
2018,2,11,19,0,128.76,19.080000000000002
2018,2,11,20,0,128.1,19.96
2018,2,11,21,0,127.32000000000001,20.46
2018,2,11,22,0,125.71000000000001,21.32
2018,2,11,23,0,123.42,21.88
2018,2,12,0,0,123.48,22.92
2018,2,12,1,0,121.49000000000001,23.330000000000002
2018,2,12,2,0,121.84,24.080000000000002
2018,2,12,3,0,124.09,23.91
2018,2,12,4,0,127.28,21.77
2018,2,12,5,0,128.24,20.740000000000002
2018,2,12,6,0,130.12,20.18
2018,2,12,7,0,129.25,23.35
2018,2,12,8,0,129.21,25.64
2018,2,12,9,0,128.37,26.69
2018,2,12,10,0,127.47,28.27
2018,2,12,11,0,122.95,31.2
2018,2,12,12,0,124.06,33.71
2018,2,12,13,0,124.45,33.07
2018,2,12,14,0,124.43,33.15
2018,2,12,15,0,124,32.64
2018,2,12,16,0,125.17,30.240000000000002
2018,2,12,17,0,126.2,25.96
2018,2,12,18,0,126,22.63
2018,2,12,19,0,136.81,20.490000000000002
2018,2,12,20,0,167.79,11.52
2018,2,12,21,0,191.25,12.9
2018,2,12,22,0,199.77,12.49
2018,2,12,23,0,197.03,13.92
2018,2,13,0,0,190.98,11.26
2018,2,13,1,0,198.66,4.55
2018,2,13,2,0,200.25,4.61
2018,2,13,3,0,86.44,0.78
2018,2,13,4,0,42.550000000000004,7.83
2018,2,13,5,0,34.1,9.18
2018,2,13,6,0,39.07,7.5200000000000005
2018,2,13,7,0,71.95,6.0600000000000005
2018,2,13,8,0,35.71,6.2700000000000005
2018,2,13,9,0,320.90000000000003,1.47
2018,2,13,10,0,98.8,1.8
2018,2,13,11,0,48.53,5.01
2018,2,13,12,0,83.42,6.84
2018,2,13,13,0,58.21,7.66
2018,2,13,14,0,70.69,5.98
2018,2,13,15,0,74.03,6.91
2018,2,13,16,0,53.86,9.58
2018,2,13,17,0,46.42,7.05
2018,2,13,18,0,52.59,6.140000000000001
2018,2,13,19,0,59.45,7.5
2018,2,13,20,0,68.4,5.23
2018,2,13,21,0,75.02,7.71
2018,2,13,22,0,74.43,7.37
2018,2,13,23,0,68.71000000000001,7.03
2018,2,14,0,0,76.96000000000001,6.59
2018,2,14,1,0,88.01,4.86
2018,2,14,2,0,118.84,4.86
2018,2,14,3,0,129.84,6.04
2018,2,14,4,0,144.86,5.54
2018,2,14,5,0,156.83,5.64
2018,2,14,6,0,167.4,4.2
2018,2,14,7,0,156.97,3.46
2018,2,14,8,0,154.01,3.34
2018,2,14,9,0,165.5,1.34
2018,2,14,10,0,192.5,1.96
2018,2,14,11,0,195.79,3.2800000000000002
2018,2,14,12,0,214.47,2.41
2018,2,14,13,0,324.25,0.88
2018,2,14,14,0,354.86,2.15
2018,2,14,15,0,10.01,3.37
2018,2,14,16,0,24.060000000000002,4.3500000000000005
2018,2,14,17,0,23.45,3.42
2018,2,14,18,0,72.04,1.3900000000000001
2018,2,14,19,0,116.03,1.48
2018,2,14,20,0,125.01,1.83
2018,2,14,21,0,160.43,1.47
2018,2,14,22,0,221.16,1.54
2018,2,14,23,0,326.19,1.83
2018,2,15,0,0,340.12,2.44
2018,2,15,1,0,7.75,1.33
2018,2,15,2,0,57.51,0.19
2018,2,15,3,0,322.72,0.97
2018,2,15,4,0,13.290000000000001,3.22
2018,2,15,5,0,29.46,2.95
2018,2,15,6,0,62.620000000000005,2.69
2018,2,15,7,0,29.92,3.14
2018,2,15,8,0,29.35,2.52
2018,2,15,9,0,111.68,0.88
2018,2,15,10,0,303.17,0.89
2018,2,15,11,0,272.66,2.68
2018,2,15,12,0,262.78000000000003,2.5500000000000003
2018,2,15,13,0,244.62,2.02
2018,2,15,14,0,223.35,1.28
2018,2,15,15,0,201.96,0.5700000000000001
2018,2,15,16,0,176.08,0.84
2018,2,15,17,0,288.81,0.65
2018,2,15,18,0,4.74,3.39
2018,2,15,19,0,347.17,5.57
2018,2,15,20,0,351.06,3.5300000000000002
2018,2,15,21,0,17.72,2.58
2018,2,15,22,0,27.16,1.92
2018,2,15,23,0,20.64,2.35
2018,2,16,0,0,50.4,3.14
2018,2,16,1,0,46.9,2.79
2018,2,16,2,0,37.94,1.68
2018,2,16,3,0,28.41,2.45
2018,2,16,4,0,35.07,4.62
2018,2,16,5,0,28.76,5.86
2018,2,16,6,0,10.27,6.5200000000000005
2018,2,16,7,0,0.9500000000000001,7.45
2018,2,16,8,0,9.91,6.11
2018,2,16,9,0,23.36,5.53
2018,2,16,10,0,38.09,8
2018,2,16,11,0,30.080000000000002,9.73
2018,2,16,12,0,6.37,8.94
2018,2,16,13,0,11.5,8.370000000000001
2018,2,16,14,0,22.61,7.87
2018,2,16,15,0,21.13,8.15
2018,2,16,16,0,13.82,8.38
2018,2,16,17,0,11.39,8.39
2018,2,16,18,0,10.6,7.8
2018,2,16,19,0,13.64,7.09
2018,2,16,20,0,18.55,6.38
2018,2,16,21,0,19.87,4.73
2018,2,16,22,0,29.61,3.15
2018,2,16,23,0,32.14,3.79
2018,2,17,0,0,41.99,3.3000000000000003
2018,2,17,1,0,212.28,2.15
2018,2,17,2,0,210.19,2.54
2018,2,17,3,0,179.70000000000002,3.27
2018,2,17,4,0,205.99,3.38
2018,2,17,5,0,223.63,3.95
2018,2,17,6,0,205.13,3.66
2018,2,17,7,0,154.54,4.09
2018,2,17,8,0,213.89000000000001,3.49
2018,2,17,9,0,226.23000000000002,2.86
2018,2,17,10,0,236.81,1.9100000000000001
2018,2,17,11,0,284.96,1.36
2018,2,17,12,0,264.99,1.53
2018,2,17,13,0,21.17,2.19
2018,2,17,14,0,76.53,2.15
2018,2,17,15,0,352.36,2.0100000000000002
2018,2,17,16,0,32.3,1.73
2018,2,17,17,0,17,3
2018,2,17,18,0,2.9,3.38
2018,2,17,19,0,345.68,5.03
2018,2,17,20,0,13,6.38
2018,2,17,21,0,358.24,5.97
2018,2,17,22,0,4.05,3.48
2018,2,17,23,0,28.400000000000002,1.51
2018,2,18,0,0,12.280000000000001,3.45
2018,2,18,1,0,5.05,4.78
2018,2,18,2,0,356.68,3.54
2018,2,18,3,0,1.78,1.95
2018,2,18,4,0,69.49,0.02
2018,2,18,5,0,44.96,1.1
2018,2,18,6,0,16.89,2.72
2018,2,18,7,0,22.71,4.98
2018,2,18,8,0,11.11,7.71
2018,2,18,9,0,13.620000000000001,8.07
2018,2,18,10,0,359.76,4.11
2018,2,18,11,0,351.06,1.75
2018,2,18,12,0,21.54,4.58
2018,2,18,13,0,16.7,6.23
2018,2,18,14,0,2.6,5.5600000000000005
2018,2,18,15,0,17.92,5.79
2018,2,18,16,0,21.96,4.17
2018,2,18,17,0,25.63,2.47
2018,2,18,18,0,96.76,3.31
2018,2,18,19,0,127.9,4.86
2018,2,18,20,0,167.92000000000002,4.43
2018,2,18,21,0,188.77,3.71
2018,2,18,22,0,237,3.71
2018,2,18,23,0,269.37,3.11
2018,2,19,0,0,226.49,1.6400000000000001
2018,2,19,1,0,218.31,1.5
2018,2,19,2,0,175.18,0.99
2018,2,19,3,0,101.64,2.43
2018,2,19,4,0,81.2,3.23
2018,2,19,5,0,41.76,4.44
2018,2,19,6,0,20.330000000000002,4.97
2018,2,19,7,0,355.78000000000003,6.47
2018,2,19,8,0,359.27,7.09
2018,2,19,9,0,5.89,8.540000000000001
2018,2,19,10,0,15.280000000000001,7.45
2018,2,19,11,0,18.740000000000002,6.13
2018,2,19,12,0,16.01,6.15
2018,2,19,13,0,10.64,6.5
2018,2,19,14,0,7.12,7.65
2018,2,19,15,0,10.700000000000001,8.23
2018,2,19,16,0,9.75,7.74
2018,2,19,17,0,7.86,8.040000000000001
2018,2,19,18,0,6.6000000000000005,7.23
2018,2,19,19,0,2.68,7.1000000000000005
2018,2,19,20,0,9.620000000000001,5.41
2018,2,19,21,0,17.42,3.93
2018,2,19,22,0,15.030000000000001,2.2800000000000002
2018,2,19,23,0,11.4,1.43
2018,2,20,0,0,28.400000000000002,1.55
2018,2,20,1,0,33.97,1.94
2018,2,20,2,0,27.35,2.94
2018,2,20,3,0,38.85,3.0300000000000002
2018,2,20,4,0,354.3,2.67
2018,2,20,5,0,333.62,2.17
2018,2,20,6,0,333.76,2.5100000000000002
2018,2,20,7,0,327.96,3.41
2018,2,20,8,0,358.23,2.73
2018,2,20,9,0,346.24,2.56
2018,2,20,10,0,323.65000000000003,1.54
2018,2,20,11,0,277.81,1.8
2018,2,20,12,0,225.49,1.4000000000000001
2018,2,20,13,0,228.57,1.41
2018,2,20,14,0,283.91,2.39
2018,2,20,15,0,304.57,1.8
2018,2,20,16,0,345.40000000000003,0.54
2018,2,20,17,0,332.65000000000003,1.94
2018,2,20,18,0,48.7,2.19
2018,2,20,19,0,27.1,1.84
2018,2,20,20,0,56.77,0.2
2018,2,20,21,0,246.38,1.59
2018,2,20,22,0,284.15000000000003,4.59
2018,2,20,23,0,300.90000000000003,3.48
2018,2,21,0,0,318.87,4.1
2018,2,21,1,0,327.68,4.07
2018,2,21,2,0,25.38,4.18
2018,2,21,3,0,343.61,3.67
2018,2,21,4,0,25,3.11
2018,2,21,5,0,23.28,2.99
2018,2,21,6,0,37.45,2.11
2018,2,21,7,0,23.23,3
2018,2,21,8,0,21.13,4.5200000000000005
2018,2,21,9,0,26.38,4.64
2018,2,21,10,0,19.27,2.44
2018,2,21,11,0,22.06,3.19
2018,2,21,12,0,18.03,5.87
2018,2,21,13,0,9.16,5.78
2018,2,21,14,0,11.36,5.82
2018,2,21,15,0,4.42,5.58
2018,2,21,16,0,354.25,5.8100000000000005
2018,2,21,17,0,4.43,6.2700000000000005
2018,2,21,18,0,5.38,6.18
2018,2,21,19,0,4.0600000000000005,4.4
2018,2,21,20,0,7.98,4.03
2018,2,21,21,0,5.71,5.66
2018,2,21,22,0,5.92,5.48
2018,2,21,23,0,10.83,4.74
2018,2,22,0,0,3.79,3.71
2018,2,22,1,0,339.72,2.04
2018,2,22,2,0,336.2,1.81
2018,2,22,3,0,331.79,1.36
2018,2,22,4,0,307.63,0.81
2018,2,22,5,0,211.43,0.9400000000000001
2018,2,22,6,0,178.39000000000001,0.96
2018,2,22,7,0,195.89000000000001,0.8200000000000001
2018,2,22,8,0,195.23000000000002,0.47000000000000003
2018,2,22,9,0,151.19,0.16
2018,2,22,10,0,292.33,0.37
2018,2,22,11,0,214.39000000000001,0.78
2018,2,22,12,0,102.88,0.29
2018,2,22,13,0,140.98,0.17
2018,2,22,14,0,45.39,0.07
2018,2,22,15,0,38.18,0.71
2018,2,22,16,0,12.22,0.63
2018,2,22,17,0,8.2,0.9
2018,2,22,18,0,2.84,1.3
2018,2,22,19,0,19.98,1.03
2018,2,22,20,0,33.79,1.48
2018,2,22,21,0,36.94,1.33
2018,2,22,22,0,18.51,1.21
2018,2,22,23,0,31.95,1.7
2018,2,23,0,0,18.82,1.3
2018,2,23,1,0,61.99,1.34
2018,2,23,2,0,41.78,1.75
2018,2,23,3,0,28.23,1.16
2018,2,23,4,0,50.69,1.31
2018,2,23,5,0,68.49,1.17
2018,2,23,6,0,95.92,1.1300000000000001
2018,2,23,7,0,152.6,0.54
2018,2,23,8,0,128.98,1.1
2018,2,23,9,0,148.39000000000001,0.89
2018,2,23,10,0,170.48,1.07
2018,2,23,11,0,188.74,1.68
2018,2,23,12,0,173.92000000000002,2.43
2018,2,23,13,0,204.94,1.9000000000000001
2018,2,23,14,0,213.9,2.2600000000000002
2018,2,23,15,0,247.96,0.4
2018,2,23,16,0,293.07,0.49
2018,2,23,17,0,356.03000000000003,0.28
2018,2,23,18,0,81.89,1.1300000000000001
2018,2,23,19,0,162.73,1.48
2018,2,23,20,0,323,0.99
2018,2,23,21,0,194.67000000000002,0.76
2018,2,23,22,0,313.65000000000003,0.63
2018,2,23,23,0,302.24,0.71
2018,2,24,0,0,332.78000000000003,0.15
2018,2,24,1,0,15.71,1.41
2018,2,24,2,0,9.540000000000001,0.88
2018,2,24,3,0,59.09,0.41000000000000003
2018,2,24,4,0,256.32,1.08
2018,2,24,5,0,245.1,0.41000000000000003
2018,2,24,6,0,177.92000000000002,1.42
2018,2,24,7,0,178.56,1.8800000000000001
2018,2,24,8,0,167.12,3.22
2018,2,24,9,0,171.28,4.8500000000000005
2018,2,24,10,0,187.11,5.12
2018,2,24,11,0,175.31,5.32
2018,2,24,12,0,116.26,5.5
2018,2,24,13,0,91.79,4.51
2018,2,24,14,0,71.56,4.2700000000000005
2018,2,24,15,0,67.71000000000001,4.4
2018,2,24,16,0,56.09,4.96
2018,2,24,17,0,62.480000000000004,4.63
2018,2,24,18,0,66.39,2.86
2018,2,24,19,0,110.4,3.02
2018,2,24,20,0,117.85000000000001,3.7
2018,2,24,21,0,131.1,5.38
2018,2,24,22,0,121.97,5.19
2018,2,24,23,0,143.93,3.56
2018,2,25,0,0,166.49,5.48
2018,2,25,1,0,216.81,4.5200000000000005
2018,2,25,2,0,188.29,3.43
2018,2,25,3,0,147.68,2.24
2018,2,25,4,0,206.13,4.39
2018,2,25,5,0,193.46,5.71
2018,2,25,6,0,225.72,4.7700000000000005
2018,2,25,7,0,197.75,2.07
2018,2,25,8,0,113.73,4.94
2018,2,25,9,0,207.18,1.9000000000000001
2018,2,25,10,0,148.5,2.79
2018,2,25,11,0,177.05,3.8000000000000003
2018,2,25,12,0,179.08,4.25
2018,2,25,13,0,200.96,4.26
2018,2,25,14,0,188.69,4.19
2018,2,25,15,0,201.05,4.42
2018,2,25,16,0,182.29,4.76
2018,2,25,17,0,183.57,4.61
2018,2,25,18,0,181.43,6.74
2018,2,25,19,0,192.9,5.12
2018,2,25,20,0,187.22,6.07
2018,2,25,21,0,167.46,3.45
2018,2,25,22,0,162.8,4.11
2018,2,25,23,0,184.82,4.38
2018,2,26,0,0,192.65,4.14
2018,2,26,1,0,214.9,3.73
2018,2,26,2,0,213.1,3.13
2018,2,26,3,0,202.81,3.73
2018,2,26,4,0,203.41,6.24
2018,2,26,5,0,207.53,6.76
2018,2,26,6,0,196.01,3.38
2018,2,26,7,0,179.97,3.44
2018,2,26,8,0,201.01,6.45
2018,2,26,9,0,209.36,4.14
2018,2,26,10,0,231.19,3.7600000000000002
2018,2,26,11,0,208.38,0.84
2018,2,26,12,0,203.55,1.6300000000000001
2018,2,26,13,0,188.25,3.36
2018,2,26,14,0,185.59,3.38
2018,2,26,15,0,212.18,2.0100000000000002
2018,2,26,16,0,219.93,0.73
2018,2,26,17,0,349.32,2.81
2018,2,26,18,0,20.75,5.8500000000000005
2018,2,26,19,0,57.15,2.41
2018,2,26,20,0,359.45,4.61
2018,2,26,21,0,2.57,13
2018,2,26,22,0,356.42,11.31
2018,2,26,23,0,359.2,7.68
2018,2,27,0,0,7.6000000000000005,7.15
2018,2,27,1,0,21.91,3.6
2018,2,27,2,0,19.14,7.3
2018,2,27,3,0,32.51,4.97
2018,2,27,4,0,86.19,3.63
2018,2,27,5,0,79.24,4.46
2018,2,27,6,0,350.62,6.11
2018,2,27,7,0,337.04,8.36
2018,2,27,8,0,357.83,6.96
2018,2,27,9,0,1.17,5
2018,2,27,10,0,21.5,4.74
2018,2,27,11,0,118.93,1.47
2018,2,27,12,0,346.07,1.73
2018,2,27,13,0,86.04,1.1
2018,2,27,14,0,110,0.78
2018,2,27,15,0,29.37,0.31
2018,2,27,16,0,96.21000000000001,0.15
2018,2,27,17,0,130.85,0.55
2018,2,27,18,0,167.16,0.39
2018,2,27,19,0,227.57,1.12
2018,2,27,20,0,256.47,1.12
2018,2,27,21,0,75.44,0.65
2018,2,27,22,0,195.78,0.23
2018,2,27,23,0,96.69,0.93
2018,2,28,0,0,234.43,0.16
2018,2,28,1,0,345.54,1.09
2018,2,28,2,0,357.35,1.73
2018,2,28,3,0,4.05,1.74
2018,2,28,4,0,25.89,2.99
2018,2,28,5,0,48.85,2.31
2018,2,28,6,0,40.76,1.74
2018,2,28,7,0,32.480000000000004,2.5
2018,2,28,8,0,11.290000000000001,2.1
2018,2,28,9,0,12,4.6000000000000005
2018,2,28,10,0,13.34,2.92
2018,2,28,11,0,9.73,3.95
2018,2,28,12,0,24.1,4.84
2018,2,28,13,0,18.57,4.21
2018,2,28,14,0,14.55,5.14
2018,2,28,15,0,11.23,5.19
2018,2,28,16,0,7.12,4.54
2018,2,28,17,0,6.9,4.96
2018,2,28,18,0,21.740000000000002,3.9
2018,2,28,19,0,30.03,3.6
2018,2,28,20,0,17.330000000000002,3.2800000000000002
2018,2,28,21,0,9.040000000000001,2.5100000000000002
2018,2,28,22,0,359.69,2.65
2018,2,28,23,0,2.39,2.81
2018,3,1,0,0,359.40000000000003,2.7800000000000002
2018,3,1,1,0,7.53,2.45
2018,3,1,2,0,4.55,2.94
2018,3,1,3,0,5.53,3.42
2018,3,1,4,0,20.91,3.91
2018,3,1,5,0,24.19,4.16
2018,3,1,6,0,14.4,3.62
2018,3,1,7,0,19.64,4.22
2018,3,1,8,0,12.94,4.15
2018,3,1,9,0,9.200000000000001,4.66
2018,3,1,10,0,9.47,4.48
2018,3,1,11,0,6.65,4.3
2018,3,1,12,0,3.89,4.2
2018,3,1,13,0,2.0300000000000002,5.48
2018,3,1,14,0,5.44,5.21
2018,3,1,15,0,7.57,5.49
2018,3,1,16,0,6.12,5.72
2018,3,1,17,0,8.1,5.78
2018,3,1,18,0,2.14,5.03
2018,3,1,19,0,356.78000000000003,3.52
2018,3,1,20,0,25.85,3.04
2018,3,1,21,0,25.59,3.43
2018,3,1,22,0,12.700000000000001,3.5500000000000003
2018,3,1,23,0,1.83,3.14
2018,3,2,0,0,350.78000000000003,3.35
2018,3,2,1,0,326.11,3.08
2018,3,2,2,0,343.95,2.71
2018,3,2,3,0,333.65000000000003,2.25
2018,3,2,4,0,348.51,2.16
2018,3,2,5,0,5.5600000000000005,2.98
2018,3,2,6,0,11.09,4.89
2018,3,2,7,0,11.59,4.68
2018,3,2,8,0,0.7000000000000001,4.62
2018,3,2,9,0,11.25,5.48
2018,3,2,10,0,11.07,5.93
2018,3,2,11,0,5.13,6.08
2018,3,2,12,0,2.74,6.2700000000000005
2018,3,2,13,0,4.5200000000000005,6.09
2018,3,2,14,0,2.1,5.43
2018,3,2,15,0,4.24,5.28
2018,3,2,16,0,1.7,5.22
2018,3,2,17,0,8.01,4.69
2018,3,2,18,0,10.96,4.79
2018,3,2,19,0,357.07,6.36
2018,3,2,20,0,349.01,6.32
2018,3,2,21,0,9.72,5.08
2018,3,2,22,0,11.67,4.23
2018,3,2,23,0,13.33,4.97
2018,3,3,0,0,18.62,5.66
2018,3,3,1,0,20,6.83
2018,3,3,2,0,20.580000000000002,6.68
2018,3,3,3,0,17.89,7.76
2018,3,3,4,0,16.07,8.66
2018,3,3,5,0,23.34,8.4
2018,3,3,6,0,36.17,6.95
2018,3,3,7,0,27.77,4.63
2018,3,3,8,0,41.480000000000004,3.52
2018,3,3,9,0,84.41,4.41
2018,3,3,10,0,136.29,7.23
2018,3,3,11,0,102.37,2.71
2018,3,3,12,0,117.08,6.26
2018,3,3,13,0,110.8,4.8
2018,3,3,14,0,113.84,8.66
2018,3,3,15,0,94.22,3.89
2018,3,3,16,0,43.230000000000004,3.54
2018,3,3,17,0,31.34,3.43
2018,3,3,18,0,55.78,2.86
2018,3,3,19,0,105.79,5.44
2018,3,3,20,0,118.17,8.25
2018,3,3,21,0,121.83,9.93
2018,3,3,22,0,127.10000000000001,12.69
2018,3,3,23,0,134.69,12.5
2018,3,4,0,0,143.95000000000002,9.6
2018,3,4,1,0,152.64000000000001,4.46
2018,3,4,2,0,164.8,2.0100000000000002
2018,3,4,3,0,284.6,1.04
2018,3,4,4,0,18.34,6.3
2018,3,4,5,0,22.05,6.65
2018,3,4,6,0,43.37,5.3100000000000005
2018,3,4,7,0,48.01,5.0200000000000005
2018,3,4,8,0,63.46,3.0300000000000002
2018,3,4,9,0,69.92,1.46
2018,3,4,10,0,63.4,3.11
2018,3,4,11,0,44.72,6.71
2018,3,4,12,0,23.23,8.870000000000001
2018,3,4,13,0,8.22,8.22
2018,3,4,14,0,350.08,5.99
2018,3,4,15,0,319.12,4.24
2018,3,4,16,0,357.65000000000003,4.17
2018,3,4,17,0,8.9,8.1
2018,3,4,18,0,20.3,4.84
2018,3,4,19,0,8.88,4.46
2018,3,4,20,0,357.98,7.01
2018,3,4,21,0,352.52,6.83
2018,3,4,22,0,5.88,4.43
2018,3,4,23,0,4.9,3.21
2018,3,5,0,0,353.66,5.19
2018,3,5,1,0,346.98,3.89
2018,3,5,2,0,334.03000000000003,3.19
2018,3,5,3,0,336.17,2.85
2018,3,5,4,0,331.2,1.99
2018,3,5,5,0,341.48,0.76
2018,3,5,6,0,237.5,0.78
2018,3,5,7,0,286.85,0.92
2018,3,5,8,0,354.72,0.79
2018,3,5,9,0,41.78,1.84
2018,3,5,10,0,54.68,2.5
2018,3,5,11,0,47.75,2.18
2018,3,5,12,0,19.29,2.44
2018,3,5,13,0,34.52,3.58
2018,3,5,14,0,25.740000000000002,3.66
2018,3,5,15,0,5,4
2018,3,5,16,0,357.98,3.5100000000000002
2018,3,5,17,0,7.75,3.5
2018,3,5,18,0,1.3800000000000001,4.0200000000000005
2018,3,5,19,0,8.790000000000001,3.86
2018,3,5,20,0,2.66,3.81
2018,3,5,21,0,3.09,3.83
2018,3,5,22,0,1.59,3.5300000000000002
2018,3,5,23,0,1.78,2.92
2018,3,6,0,0,355.69,2.52
2018,3,6,1,0,311.1,1.69
2018,3,6,2,0,306.23,1.1
2018,3,6,3,0,212.37,0.68
2018,3,6,4,0,177.92000000000002,1.55
2018,3,6,5,0,172.70000000000002,2.33
2018,3,6,6,0,206.24,2.58
2018,3,6,7,0,228.25,1.54
2018,3,6,8,0,209.69,1.05
2018,3,6,9,0,119.65,1.27
2018,3,6,10,0,117.27,1.35
2018,3,6,11,0,141.29,1.21
2018,3,6,12,0,105.73,1.36
2018,3,6,13,0,57.38,2.18
2018,3,6,14,0,56.03,3.42
2018,3,6,15,0,25.64,4.09
2018,3,6,16,0,17.41,5.66
2018,3,6,17,0,27.87,6.29
2018,3,6,18,0,22.86,5.87
2018,3,6,19,0,16.94,5.42
2018,3,6,20,0,22.240000000000002,5.2
2018,3,6,21,0,32.88,3.5300000000000002
2018,3,6,22,0,71.89,3.18
2018,3,6,23,0,112.96000000000001,4.95
2018,3,7,0,0,129.52,12.81
2018,3,7,1,0,130.4,12.33
2018,3,7,2,0,129.52,13.74
2018,3,7,3,0,128.02,14.25
2018,3,7,4,0,130.22,14.18
2018,3,7,5,0,132.99,13
2018,3,7,6,0,135.03,11
2018,3,7,7,0,138.46,9.31
2018,3,7,8,0,141.42000000000002,6.51
2018,3,7,9,0,197.61,3.2
2018,3,7,10,0,28.400000000000002,5.92
2018,3,7,11,0,4.46,5.99
2018,3,7,12,0,0.76,5.9
2018,3,7,13,0,357.92,6.13
2018,3,7,14,0,357.78000000000003,6.7
2018,3,7,15,0,356.3,6.73
2018,3,7,16,0,3.58,6.2
2018,3,7,17,0,8.75,5.37
2018,3,7,18,0,1.81,6.6000000000000005
2018,3,7,19,0,13.69,5.07
2018,3,7,20,0,16.27,3.89
2018,3,7,21,0,7.23,3.34
2018,3,7,22,0,8.48,2.84
2018,3,7,23,0,344,2.48
2018,3,8,0,0,333.51,2.27
2018,3,8,1,0,320.14,1.5
2018,3,8,2,0,291.58,0.87
2018,3,8,3,0,111.18,0.29
2018,3,8,4,0,184.34,0.32
2018,3,8,5,0,113.8,1.28
2018,3,8,6,0,129.05,1.97
2018,3,8,7,0,112.04,1.95
2018,3,8,8,0,84.14,2.32
2018,3,8,9,0,41.35,2.16
2018,3,8,10,0,33.51,0.48
2018,3,8,11,0,18.39,1.09
2018,3,8,12,0,45.32,1.44
2018,3,8,13,0,80.63,1.3900000000000001
2018,3,8,14,0,157.85,1.08
2018,3,8,15,0,107.10000000000001,1.41
2018,3,8,16,0,129.12,14.67
2018,3,8,17,0,124.17,19.02
2018,3,8,18,0,126.85000000000001,20.02
2018,3,8,19,0,131.98,19.42
2018,3,8,20,0,124.32000000000001,22.76
2018,3,8,21,0,119.32000000000001,28.2
2018,3,8,22,0,117.86,28.93
2018,3,8,23,0,117.04,27.76
2018,3,9,0,0,105.86,24.240000000000002
2018,3,9,1,0,65.56,12.81
2018,3,9,2,0,350.12,9.55
2018,3,9,3,0,14.4,7.0600000000000005
2018,3,9,4,0,341.86,4.18
2018,3,9,5,0,51.980000000000004,3.08
2018,3,9,6,0,82.47,6.49
2018,3,9,7,0,26.02,4.12
2018,3,9,8,0,57.1,7.23
2018,3,9,9,0,109.54,16.29
2018,3,9,10,0,121.2,26.060000000000002
2018,3,9,11,0,68.13,10.27
2018,3,9,12,0,77.73,13.22
2018,3,9,13,0,39.230000000000004,14.1
2018,3,9,14,0,59.300000000000004,15.55
2018,3,9,15,0,8.45,8.24
2018,3,9,16,0,27.18,9.63
2018,3,9,17,0,44.59,9.52
2018,3,9,18,0,76.81,8.8
2018,3,9,19,0,128.62,18.55
2018,3,9,20,0,147.07,16.81
2018,3,9,21,0,164.31,18.88
2018,3,9,22,0,175.74,13.18
2018,3,9,23,0,160.76,10.43
2018,3,10,0,0,160.32,10.96
2018,3,10,1,0,145.05,9.93
2018,3,10,2,0,162.78,9.76
2018,3,10,3,0,166.22,8.02
2018,3,10,4,0,196.91,1.79
2018,3,10,5,0,119.52,4.37
2018,3,10,6,0,122.44,6.47
2018,3,10,7,0,126.32000000000001,7.17
2018,3,10,8,0,124.11,4.32
2018,3,10,9,0,98.39,8.73
2018,3,10,10,0,23.650000000000002,8.96
2018,3,10,11,0,27.59,7.66
2018,3,10,12,0,26.490000000000002,7.03
2018,3,10,13,0,32.12,6.55
2018,3,10,14,0,65.18,4.8100000000000005
2018,3,10,15,0,128.49,12.59
2018,3,10,16,0,121.73,13.23
2018,3,10,17,0,131.34,8.65
2018,3,10,18,0,125.76,10.76
2018,3,10,19,0,128.74,13.700000000000001
2018,3,10,20,0,128.98,17.22
2018,3,10,21,0,105.05,13.18
2018,3,10,22,0,124.42,8.57
2018,3,10,23,0,91.47,9.69
2018,3,11,0,0,114.57000000000001,12.68
2018,3,11,1,0,121.21000000000001,12.870000000000001
2018,3,11,2,0,99.77,6.71
2018,3,11,3,0,39.54,4.21
2018,3,11,4,0,37.21,4.3
2018,3,11,5,0,68.23,5.69
2018,3,11,6,0,18.400000000000002,4.7700000000000005
2018,3,11,7,0,7.92,4.75
2018,3,11,8,0,10.05,3.99
2018,3,11,9,0,9.17,6.11
2018,3,11,10,0,6.2,7.890000000000001
2018,3,11,11,0,10.700000000000001,9.07
2018,3,11,12,0,13.4,10.9
2018,3,11,13,0,14.83,12.700000000000001
2018,3,11,14,0,12.42,11.620000000000001
2018,3,11,15,0,6.6000000000000005,11.84
2018,3,11,16,0,0.39,11.790000000000001
2018,3,11,17,0,0.22,12.49
2018,3,11,18,0,352.71,13.08
2018,3,11,19,0,349.77,14.290000000000001
2018,3,11,20,0,352.84000000000003,13.59
2018,3,11,21,0,354.89,12.39
2018,3,11,22,0,2.97,6.87
2018,3,11,23,0,353.58,3.5
2018,3,12,0,0,212.66,3
2018,3,12,1,0,208.11,5.76
2018,3,12,2,0,230.65,7.0600000000000005
2018,3,12,3,0,217.81,8.24
2018,3,12,4,0,204.9,8.45
2018,3,12,5,0,182.65,7.94
2018,3,12,6,0,180.02,8.93
2018,3,12,7,0,177.17000000000002,8.78
2018,3,12,8,0,166.05,6.390000000000001
2018,3,12,9,0,139.78,6.25
2018,3,12,10,0,144.02,8.870000000000001
2018,3,12,11,0,132.31,10.68
2018,3,12,12,0,129.24,13.700000000000001
2018,3,12,13,0,130.35,14.31
2018,3,12,14,0,127.2,17
2018,3,12,15,0,126.95,18.82
2018,3,12,16,0,132.07,17.23
2018,3,12,17,0,130.24,17.080000000000002
2018,3,12,18,0,133.08,15.93
2018,3,12,19,0,132.47,16.53
2018,3,12,20,0,125.58,16.87
2018,3,12,21,0,125.18,15.47
2018,3,12,22,0,97.88,10.82
2018,3,12,23,0,12.9,2.66
2018,3,13,0,0,6.05,6.19
2018,3,13,1,0,8.21,8.01
2018,3,13,2,0,8.76,8.49
2018,3,13,3,0,8.09,9.98
2018,3,13,4,0,9.950000000000001,10.53
2018,3,13,5,0,11.35,11.11
2018,3,13,6,0,13.27,10.84
2018,3,13,7,0,5.07,11.1
2018,3,13,8,0,3.16,12.1
2018,3,13,9,0,3.72,12.22
2018,3,13,10,0,7.66,12.06
2018,3,13,11,0,8.23,11.620000000000001
2018,3,13,12,0,4.28,11.58
2018,3,13,13,0,359.77,12.16
2018,3,13,14,0,0.73,11.05
2018,3,13,15,0,7.83,11.81
2018,3,13,16,0,11.620000000000001,9.34
2018,3,13,17,0,24.53,9.11
2018,3,13,18,0,25.5,9.08
2018,3,13,19,0,21.27,7.28
2018,3,13,20,0,24.47,6.63
2018,3,13,21,0,16.490000000000002,5.69
2018,3,13,22,0,14.58,7.08
2018,3,13,23,0,14.07,6.6000000000000005
2018,3,14,0,0,13.14,6.66
2018,3,14,1,0,15.24,6.96
2018,3,14,2,0,14.76,7.04
2018,3,14,3,0,23.82,7.36
2018,3,14,4,0,26.650000000000002,7.82
2018,3,14,5,0,33.3,7.57
2018,3,14,6,0,29.3,6.76
2018,3,14,7,0,29.94,5.48
2018,3,14,8,0,18.25,4.33
2018,3,14,9,0,13.18,4.25
2018,3,14,10,0,357.12,1.75
2018,3,14,11,0,274.33,0.34
2018,3,14,12,0,165.59,2.14
2018,3,14,13,0,175.69,2.39
2018,3,14,14,0,197.82,1.86
2018,3,14,15,0,245.24,2.46
2018,3,14,16,0,289.7,2.27
2018,3,14,17,0,176.13,1.1300000000000001
2018,3,14,18,0,221.81,1.53
2018,3,14,19,0,130.39000000000001,1.1500000000000001
2018,3,14,20,0,121.39,1.59
2018,3,14,21,0,178.07,1.04
2018,3,14,22,0,191.72,0.41000000000000003
2018,3,14,23,0,109.92,0.63
2018,3,15,0,0,146.05,1.72
2018,3,15,1,0,163.24,3.02
2018,3,15,2,0,164.41,2.67
2018,3,15,3,0,171.17000000000002,2.2600000000000002
2018,3,15,4,0,185.21,1.55
2018,3,15,5,0,171.88,1.3800000000000001
2018,3,15,6,0,205.6,1.18
2018,3,15,7,0,189.3,2.56
2018,3,15,8,0,202.93,3.37
2018,3,15,9,0,213.11,3.5100000000000002
2018,3,15,10,0,242.76,2.34
2018,3,15,11,0,253.59,2.2600000000000002
2018,3,15,12,0,263.23,1.82
2018,3,15,13,0,209.15,0.91
2018,3,15,14,0,246.38,0.99
2018,3,15,15,0,276.24,0.85
2018,3,15,16,0,24.45,0.9400000000000001
2018,3,15,17,0,7.390000000000001,1.1500000000000001
2018,3,15,18,0,15.700000000000001,2.52
2018,3,15,19,0,29.91,2.98
2018,3,15,20,0,19.52,2.83
2018,3,15,21,0,18.04,2.87
2018,3,15,22,0,14.700000000000001,2.88
2018,3,15,23,0,17.38,2.42
2018,3,16,0,0,25.93,2.0300000000000002
2018,3,16,1,0,39.230000000000004,2.63
2018,3,16,2,0,79.66,4.57
2018,3,16,3,0,120.33,12.620000000000001
2018,3,16,4,0,103.38,10.92
2018,3,16,5,0,100.93,10.540000000000001
2018,3,16,6,0,99.84,9.3
2018,3,16,7,0,88.53,8.66
2018,3,16,8,0,81.88,8.33
2018,3,16,9,0,117.87,24.13
2018,3,16,10,0,118.69,25.86
2018,3,16,11,0,119.19,25.89
2018,3,16,12,0,120.77,26.42
2018,3,16,13,0,121.54,27.29
2018,3,16,14,0,124.74000000000001,27.490000000000002
2018,3,16,15,0,126.23,27.39
2018,3,16,16,0,127.15,25.54
2018,3,16,17,0,138.04,19.64
2018,3,16,18,0,193.55,10.53
2018,3,16,19,0,189.03,9.75
2018,3,16,20,0,202,10.26
2018,3,16,21,0,204.18,8.93
2018,3,16,22,0,208.20000000000002,8.47
2018,3,16,23,0,173.5,6.04
2018,3,17,0,0,156.22,7.21
2018,3,17,1,0,151.25,8.36
2018,3,17,2,0,150.35,8.33
2018,3,17,3,0,136.72,10.14
2018,3,17,4,0,137.56,9.56
2018,3,17,5,0,143.05,8.22
2018,3,17,6,0,146.69,7.88
2018,3,17,7,0,152.18,4.68
2018,3,17,8,0,166.79,2.07
2018,3,17,9,0,164.37,2.74
2018,3,17,10,0,186.37,2.22
2018,3,17,11,0,208.26,2.89
2018,3,17,12,0,183.64000000000001,1.04
2018,3,17,13,0,229.15,1.11
2018,3,17,14,0,252.34,1.01
2018,3,17,15,0,216.13,0.67
2018,3,17,16,0,138.59,0.74
2018,3,17,17,0,163.25,0.67
2018,3,17,18,0,297.34000000000003,0.92
2018,3,17,19,0,312.07,0.73
2018,3,17,20,0,346,1.48
2018,3,17,21,0,336.93,1.81
2018,3,17,22,0,1.49,1.72
2018,3,17,23,0,5.21,2.17
2018,3,18,0,0,346.3,1.8900000000000001
2018,3,18,1,0,0.13,2.2
2018,3,18,2,0,9.540000000000001,2.19
2018,3,18,3,0,117.47,0.27
2018,3,18,4,0,140.13,0.74
2018,3,18,5,0,153.46,1.44
2018,3,18,6,0,189.19,1.8900000000000001
2018,3,18,7,0,200.5,2.6
2018,3,18,8,0,160.65,3.42
2018,3,18,9,0,168.32,3.63
2018,3,18,10,0,174.63,3.83
2018,3,18,11,0,172.72,4.26
2018,3,18,12,0,185.71,3.95
2018,3,18,13,0,181.19,4.03
2018,3,18,14,0,170.06,5.21
2018,3,18,15,0,173.58,6.45
2018,3,18,16,0,182.39000000000001,6.98
2018,3,18,17,0,168.73,6.7
2018,3,18,18,0,169.77,6.29
2018,3,18,19,0,172.29,5.21
2018,3,18,20,0,177.1,5.95
2018,3,18,21,0,176.62,5.91
2018,3,18,22,0,161.38,4.61
2018,3,18,23,0,144.5,6.2
2018,3,19,0,0,164.11,4.74
2018,3,19,1,0,152.69,5.42
2018,3,19,2,0,152.63,4.68
2018,3,19,3,0,142.93,7.86
2018,3,19,4,0,141.62,9.47
2018,3,19,5,0,139.73,9.620000000000001
2018,3,19,6,0,134.04,12.84
2018,3,19,7,0,131.94,15.16
2018,3,19,8,0,135.65,15.19
2018,3,19,9,0,141.1,14.120000000000001
2018,3,19,10,0,148.58,11.700000000000001
2018,3,19,11,0,144.47,12.01
2018,3,19,12,0,136.65,14.09
2018,3,19,13,0,158.81,9.870000000000001
2018,3,19,14,0,207.70000000000002,14.700000000000001
2018,3,19,15,0,231.16,14.8
2018,3,19,16,0,240.51,16.27
2018,3,19,17,0,266.23,9.92
2018,3,19,18,0,236.26,6.8
2018,3,19,19,0,250.74,4.16
2018,3,19,20,0,312.58,12.700000000000001
2018,3,19,21,0,302.93,13.26
2018,3,19,22,0,300.3,14.86
2018,3,19,23,0,298.05,14.280000000000001
2018,3,20,0,0,287.07,9.42
2018,3,20,1,0,268.15,4.03
2018,3,20,2,0,264.11,6.8
2018,3,20,3,0,273.1,7.0600000000000005
2018,3,20,4,0,252.48000000000002,7.0200000000000005
2018,3,20,5,0,208.82,3.75
2018,3,20,6,0,234.38,4.24
2018,3,20,7,0,270.32,5.16
2018,3,20,8,0,282.51,5.33
2018,3,20,9,0,260,8.88
2018,3,20,10,0,237.25,7.59
2018,3,20,11,0,253.41,11.13
2018,3,20,12,0,287,7.72
2018,3,20,13,0,277.06,5.86
2018,3,20,14,0,343.71,2.61
2018,3,20,15,0,32.33,2.93
2018,3,20,16,0,341.06,7.3100000000000005
2018,3,20,17,0,344.71,10.700000000000001
2018,3,20,18,0,333.34000000000003,5.94
2018,3,20,19,0,334.07,13.35
2018,3,20,20,0,339.57,16.080000000000002
2018,3,20,21,0,340.68,16.13
2018,3,20,22,0,342.93,13.93
2018,3,20,23,0,332.36,6.48
2018,3,21,0,0,354.5,2.75
2018,3,21,1,0,345.03000000000003,24.91
2018,3,21,2,0,339.77,24.52
2018,3,21,3,0,342.74,22.69
2018,3,21,4,0,342.5,21.16
2018,3,21,5,0,338.41,18.490000000000002
2018,3,21,6,0,355.29,19.92
2018,3,21,7,0,343.12,19.91
2018,3,21,8,0,343.58,20.8
2018,3,21,9,0,343.79,18.53
2018,3,21,10,0,331.01,9.69
2018,3,21,11,0,344.39,20.63
2018,3,21,12,0,353.54,16.76
2018,3,21,13,0,354.29,16.09
2018,3,21,14,0,351.6,16.330000000000002
2018,3,21,15,0,353.97,16.42
2018,3,21,16,0,355.3,16.28
2018,3,21,17,0,358.69,15.35
2018,3,21,18,0,359.41,14.15
2018,3,21,19,0,356.39,14.49
2018,3,21,20,0,353.16,12.540000000000001
2018,3,21,21,0,350.06,9.790000000000001
2018,3,21,22,0,359.48,13.030000000000001
2018,3,21,23,0,6.69,13.26
2018,3,22,0,0,9.21,11.8
2018,3,22,1,0,1.02,13.27
2018,3,22,2,0,0.15,13.65
2018,3,22,3,0,3.87,14.84
2018,3,22,4,0,2.02,14.200000000000001
2018,3,22,5,0,354.31,14.52
2018,3,22,6,0,353.64,14.200000000000001
2018,3,22,7,0,353.36,14.57
2018,3,22,8,0,356.46,14.77
2018,3,22,9,0,357.16,15.33
2018,3,22,10,0,354.09000000000003,15.68
2018,3,22,11,0,358.40000000000003,16.13
2018,3,22,12,0,3.41,16.81
2018,3,22,13,0,2.94,17.69
2018,3,22,14,0,3.7800000000000002,17.76
2018,3,22,15,0,4.95,17.55
2018,3,22,16,0,4.24,17.78
2018,3,22,17,0,0.21,17
2018,3,22,18,0,1.45,16.86
2018,3,22,19,0,4.14,17.73
2018,3,22,20,0,7.79,18.36
2018,3,22,21,0,8.27,17.53
2018,3,22,22,0,8.8,18.2
2018,3,22,23,0,10.6,18.330000000000002
2018,3,23,0,0,7.48,17.53
2018,3,23,1,0,3.0500000000000003,16.45
2018,3,23,2,0,358.59000000000003,16.67
2018,3,23,3,0,352.93,17.400000000000002
2018,3,23,4,0,357.29,17.57
2018,3,23,5,0,357.05,16.97
2018,3,23,6,0,2.43,16.5
2018,3,23,7,0,0.23,14.780000000000001
2018,3,23,8,0,358.6,15.11
2018,3,23,9,0,11.65,13.05
2018,3,23,10,0,15.82,9.85
2018,3,23,11,0,28.37,7.25
2018,3,23,12,0,45.06,4.97
2018,3,23,13,0,21.92,4.01
2018,3,23,14,0,78.13,1.25
2018,3,23,15,0,82.10000000000001,1.06
2018,3,23,16,0,342.09000000000003,1.6500000000000001
2018,3,23,17,0,241.12,2.54
2018,3,23,18,0,259.55,2.5
2018,3,23,19,0,322.27,1.52
2018,3,23,20,0,322.56,2.94
2018,3,23,21,0,339.38,3.5300000000000002
2018,3,23,22,0,326.21,3.04
2018,3,23,23,0,333.26,2.38
2018,3,24,0,0,317.82,1.11
2018,3,24,1,0,333.53000000000003,0.2
2018,3,24,2,0,157.36,1.6300000000000001
2018,3,24,3,0,165.07,2.89
2018,3,24,4,0,181.4,3.1
2018,3,24,5,0,200.48000000000002,3.85
2018,3,24,6,0,199.55,3.48
2018,3,24,7,0,199.68,2.24
2018,3,24,8,0,218.79,2.7
2018,3,24,9,0,338.39,1.95
2018,3,24,10,0,15.26,8.4
2018,3,24,11,0,15.21,7.7700000000000005
2018,3,24,12,0,17.64,6.43
2018,3,24,13,0,10.03,6.84
2018,3,24,14,0,4.87,6.55
2018,3,24,15,0,352.65000000000003,7.54
2018,3,24,16,0,352.41,7.86
2018,3,24,17,0,349.51,8.03
2018,3,24,18,0,348.28000000000003,7.3100000000000005
2018,3,24,19,0,354.47,6.0200000000000005
2018,3,24,20,0,347.6,5.73
2018,3,24,21,0,334.22,7.65
2018,3,24,22,0,337.26,8.53
2018,3,24,23,0,355.67,7.21
2018,3,25,0,0,358.78000000000003,5.84
2018,3,25,1,0,10.1,5.41
2018,3,25,2,0,3.56,7.13
2018,3,25,3,0,71.12,2.61
2018,3,25,4,0,89.19,2.2
2018,3,25,5,0,137.09,5.0600000000000005
2018,3,25,6,0,151.79,5.0200000000000005
2018,3,25,7,0,68.56,3.14
2018,3,25,8,0,30.62,4.12
2018,3,25,9,0,15.860000000000001,7.16
2018,3,25,10,0,19.34,9.450000000000001
2018,3,25,11,0,19.53,10.99
2018,3,25,12,0,18.35,10.99
2018,3,25,13,0,20.34,10.290000000000001
2018,3,25,14,0,22.8,10.1
2018,3,25,15,0,23.47,9.61
2018,3,25,16,0,22.09,9.88
2018,3,25,17,0,19.92,10.28
2018,3,25,18,0,19.82,10
2018,3,25,19,0,16.38,9.53
2018,3,25,20,0,18.59,8.75
2018,3,25,21,0,19.47,8.950000000000001
2018,3,25,22,0,20.5,9.09
2018,3,25,23,0,20.64,8.82
2018,3,26,0,0,20.080000000000002,8.03
2018,3,26,1,0,21.73,8.15
2018,3,26,2,0,19.400000000000002,8.36
2018,3,26,3,0,16.59,8.97
2018,3,26,4,0,17.38,9.64
2018,3,26,5,0,19.64,9.8
2018,3,26,6,0,20.12,9.23
2018,3,26,7,0,17.1,8.84
2018,3,26,8,0,13.780000000000001,9.08
2018,3,26,9,0,16.46,9.15
2018,3,26,10,0,12.620000000000001,10.58
2018,3,26,11,0,14.9,10.32
2018,3,26,12,0,16.96,10.53
2018,3,26,13,0,15.11,11.4
2018,3,26,14,0,16.91,11.65
2018,3,26,15,0,14.34,11.290000000000001
2018,3,26,16,0,13.39,11.64
2018,3,26,17,0,9.68,11.14
2018,3,26,18,0,7.930000000000001,10.92
2018,3,26,19,0,8.85,9.94
2018,3,26,20,0,10.73,9.78
2018,3,26,21,0,8.74,9.23
2018,3,26,22,0,6.75,9.26
2018,3,26,23,0,5.0600000000000005,8.98
2018,3,27,0,0,6.45,8.8
2018,3,27,1,0,5.05,7.97
2018,3,27,2,0,4.34,7.42
2018,3,27,3,0,359.03000000000003,7.16
2018,3,27,4,0,358.73,7.36
2018,3,27,5,0,359.42,7.7
2018,3,27,6,0,356.34000000000003,7.32
2018,3,27,7,0,355.78000000000003,6.29
2018,3,27,8,0,2.8000000000000003,6.09
2018,3,27,9,0,10.53,4.97
2018,3,27,10,0,27.43,4.09
2018,3,27,11,0,21.81,4.6000000000000005
2018,3,27,12,0,25.87,4.92
2018,3,27,13,0,21.42,5.12
2018,3,27,14,0,24.41,5.59
2018,3,27,15,0,23.51,5.29
2018,3,27,16,0,17.17,7.12
2018,3,27,17,0,22.51,6.45
2018,3,27,18,0,28,5.28
2018,3,27,19,0,37.72,4.04
2018,3,27,20,0,38.49,2.84
2018,3,27,21,0,43.84,2.56
2018,3,27,22,0,64.02,1.45
2018,3,27,23,0,107.01,1.28
2018,3,28,0,0,91.73,5.8
2018,3,28,1,0,117.66,7.48
2018,3,28,2,0,142.52,12.83
2018,3,28,3,0,151.58,9.26
2018,3,28,4,0,199.13,8.540000000000001
2018,3,28,5,0,218.93,4
2018,3,28,6,0,206.91,3.49
2018,3,28,7,0,197.52,4.79
2018,3,28,8,0,191.11,4.21
2018,3,28,9,0,208.42000000000002,5.19
2018,3,28,10,0,204.72,6.25
2018,3,28,11,0,197.73000000000002,10.200000000000001
2018,3,28,12,0,191.45000000000002,8.08
2018,3,28,13,0,198.52,7.82
2018,3,28,14,0,205.54,8.23
2018,3,28,15,0,205.61,7.41
2018,3,28,16,0,209.11,7.84
2018,3,28,17,0,208.85,9.01
2018,3,28,18,0,208.70000000000002,7.8
2018,3,28,19,0,214.13,5.44
2018,3,28,20,0,205.96,3.42
2018,3,28,21,0,183.48,4.42
2018,3,28,22,0,180.8,3.86
2018,3,28,23,0,180.39000000000001,3.67
2018,3,29,0,0,181.33,2.98
2018,3,29,1,0,256.6,3.02
2018,3,29,2,0,263.43,3.17
2018,3,29,3,0,277.66,2.42
2018,3,29,4,0,294.46,2.48
2018,3,29,5,0,330.69,3.38
2018,3,29,6,0,349.82,5.51
2018,3,29,7,0,1.32,8.9
2018,3,29,8,0,4.32,9.28
2018,3,29,9,0,11.3,9.51
2018,3,29,10,0,17.85,8.56
2018,3,29,11,0,26.560000000000002,8.02
2018,3,29,12,0,27.25,7.47
2018,3,29,13,0,18.31,6.7700000000000005
2018,3,29,14,0,13.4,5.78
2018,3,29,15,0,359.58,5.4
2018,3,29,16,0,358.99,5.14
2018,3,29,17,0,8.76,4.11
2018,3,29,18,0,346.38,2.39
2018,3,29,19,0,359.18,2.71
2018,3,29,20,0,347.78000000000003,3.47
2018,3,29,21,0,338.5,4.83
2018,3,29,22,0,316.73,2.98
2018,3,29,23,0,265.8,1.52
2018,3,30,0,0,232.4,1.74
2018,3,30,1,0,247.68,0.9500000000000001
2018,3,30,2,0,263.21,0.8
2018,3,30,3,0,281.97,1.52
2018,3,30,4,0,311.41,3.2600000000000002
2018,3,30,5,0,332.3,6.140000000000001
2018,3,30,6,0,342.67,5.43
2018,3,30,7,0,353.07,8.94
2018,3,30,8,0,357.6,9.8
2018,3,30,9,0,359.84000000000003,9.9
2018,3,30,10,0,2.15,9.56
2018,3,30,11,0,5.15,9.76
2018,3,30,12,0,11.32,8.620000000000001
2018,3,30,13,0,4.3500000000000005,10.11
2018,3,30,14,0,4.14,11.68
2018,3,30,15,0,6.68,11.21
2018,3,30,16,0,5.49,10.32
2018,3,30,17,0,3.77,12.27
2018,3,30,18,0,358.97,11.55
2018,3,30,19,0,358.57,11.06
2018,3,30,20,0,0.81,9.35
2018,3,30,21,0,11.68,6.88
2018,3,30,22,0,11.34,6.13
2018,3,30,23,0,15.22,5.48
2018,3,31,0,0,16.330000000000002,5.11
2018,3,31,1,0,13.89,5.3100000000000005
2018,3,31,2,0,13.19,6.22
2018,3,31,3,0,4.65,9.43
2018,3,31,4,0,359.16,10.700000000000001
2018,3,31,5,0,357.77,10.540000000000001
2018,3,31,6,0,354.94,10.24
2018,3,31,7,0,355.93,10.55
2018,3,31,8,0,359.85,11.94
2018,3,31,9,0,356.67,11.65
2018,3,31,10,0,352.66,10.81
2018,3,31,11,0,353.69,10.61
2018,3,31,12,0,353.79,11.23
2018,3,31,13,0,352.83,11.17
2018,3,31,14,0,351.84000000000003,10.93
2018,3,31,15,0,355.15000000000003,10.28
2018,3,31,16,0,358.35,9.71
2018,3,31,17,0,2.2600000000000002,9.08
2018,3,31,18,0,2.99,7.99
2018,3,31,19,0,359.29,7.0200000000000005
2018,3,31,20,0,2.66,6
2018,3,31,21,0,7.46,4.54
2018,3,31,22,0,10.370000000000001,4.17
2018,3,31,23,0,11.61,4.23
2018,4,1,0,0,4.67,3.58
2018,4,1,1,0,353.2,3.23
2018,4,1,2,0,344.15000000000003,3.16
2018,4,1,3,0,27.080000000000002,1.68
2018,4,1,4,0,356.91,1.45
2018,4,1,5,0,353.91,5.98
2018,4,1,6,0,337.96,5.28
2018,4,1,7,0,327.52,3.81
2018,4,1,8,0,312.59000000000003,2.29
2018,4,1,9,0,305.34000000000003,1.08
2018,4,1,10,0,326.31,0.99
2018,4,1,11,0,304.14,0.81
2018,4,1,12,0,196.57,1.19
2018,4,1,13,0,218.94,2.3000000000000003
2018,4,1,14,0,217.27,2.33
2018,4,1,15,0,234,2.75
2018,4,1,16,0,217.43,2.09
2018,4,1,17,0,208.36,2.16
2018,4,1,18,0,211.69,1.6300000000000001
2018,4,1,19,0,222.02,1.27
2018,4,1,20,0,267.92,1.85
2018,4,1,21,0,269.23,3.19
2018,4,1,22,0,291.58,2.25
2018,4,1,23,0,270.23,2.06
2018,4,2,0,0,331.8,0.6
2018,4,2,1,0,16.5,5.28
2018,4,2,2,0,20.650000000000002,5.11
2018,4,2,3,0,2.18,5.62
2018,4,2,4,0,355.79,12.61
2018,4,2,5,0,1.98,12.59
2018,4,2,6,0,16.38,12.370000000000001
2018,4,2,7,0,13.08,9.27
2018,4,2,8,0,11.43,9.56
2018,4,2,9,0,20.240000000000002,13.120000000000001
2018,4,2,10,0,8.16,11.38
2018,4,2,11,0,0.22,12.27
2018,4,2,12,0,349.78000000000003,13.76
2018,4,2,13,0,349.6,14.450000000000001
2018,4,2,14,0,354.63,14.51
2018,4,2,15,0,353.35,14.4
2018,4,2,16,0,349.21,14.06
2018,4,2,17,0,351.21,13.870000000000001
2018,4,2,18,0,352.92,13.61
2018,4,2,19,0,356.79,14.34
2018,4,2,20,0,2.49,11.950000000000001
2018,4,2,21,0,15.59,13.56
2018,4,2,22,0,14.05,13.97
2018,4,2,23,0,12.46,13.25
2018,4,3,0,0,10.25,12.870000000000001
2018,4,3,1,0,12.950000000000001,12.05
2018,4,3,2,0,18.06,12.36
2018,4,3,3,0,24.03,12.42
2018,4,3,4,0,26.46,12.9
2018,4,3,5,0,29.04,14.290000000000001
2018,4,3,6,0,32.1,16.09
2018,4,3,7,0,35.550000000000004,18.28
2018,4,3,8,0,34.64,17.66
2018,4,3,9,0,35.03,17.56
2018,4,3,10,0,34.82,17.76
2018,4,3,11,0,31.73,17.73
2018,4,3,12,0,29.71,16.89
2018,4,3,13,0,15.44,16.94
2018,4,3,14,0,12.4,15.68
2018,4,3,15,0,11.040000000000001,15.48
2018,4,3,16,0,8.25,14.81
2018,4,3,17,0,6.5600000000000005,15.06
2018,4,3,18,0,8.040000000000001,15.74
2018,4,3,19,0,5.76,13.09
2018,4,3,20,0,357.47,11.46
2018,4,3,21,0,355.61,11.27
2018,4,3,22,0,2.37,12.040000000000001
2018,4,3,23,0,5.61,13.540000000000001
2018,4,4,0,0,5.24,10.81
2018,4,4,1,0,31.150000000000002,6
2018,4,4,2,0,48.49,5.49
2018,4,4,3,0,50.870000000000005,5.05
2018,4,4,4,0,47.4,3.33
2018,4,4,5,0,54.31,2.59
2018,4,4,6,0,47.410000000000004,3.0100000000000002
2018,4,4,7,0,18.39,9.78
2018,4,4,8,0,16.88,10.36
2018,4,4,9,0,14.61,10.98
2018,4,4,10,0,11.77,11.42
2018,4,4,11,0,10.51,11.540000000000001
2018,4,4,12,0,10.55,11.11
2018,4,4,13,0,17.2,11.370000000000001
2018,4,4,14,0,15.08,10.9
2018,4,4,15,0,13.25,10.450000000000001
2018,4,4,16,0,13.43,10.77
2018,4,4,17,0,17.39,10.82
2018,4,4,18,0,18.240000000000002,9.950000000000001
2018,4,4,19,0,14.23,8.97
2018,4,4,20,0,17.38,8.01
2018,4,4,21,0,8.94,7.28
2018,4,4,22,0,10.16,6.61
2018,4,4,23,0,2.31,4.93
2018,4,5,0,0,359.31,5.44
2018,4,5,1,0,10.290000000000001,6.01
2018,4,5,2,0,4.95,6.76
2018,4,5,3,0,10.870000000000001,4.6000000000000005
2018,4,5,4,0,353.79,4.75
2018,4,5,5,0,4.65,5.19
2018,4,5,6,0,125.34,13
2018,4,5,7,0,60.58,3.7800000000000002
2018,4,5,8,0,129.7,13.530000000000001
2018,4,5,9,0,120.94,15.32
2018,4,5,10,0,120.19,15.96
2018,4,5,11,0,115.88,17.55
2018,4,5,12,0,119.55,15.82
2018,4,5,13,0,123.36,15.280000000000001
2018,4,5,14,0,114.09,11.25
2018,4,5,15,0,89.83,8.71
2018,4,5,16,0,124.12,13.950000000000001
2018,4,5,17,0,126.42,7.46
2018,4,5,18,0,118.96000000000001,12.290000000000001
2018,4,5,19,0,124.8,7.28
2018,4,5,20,0,87.74,3.61
2018,4,5,21,0,90.35000000000001,4.74
2018,4,5,22,0,0.43,2.66
2018,4,5,23,0,14.280000000000001,2.25
2018,4,6,0,0,78.38,4.05
2018,4,6,1,0,26.54,4.19
2018,4,6,2,0,58.32,4.03
2018,4,6,3,0,38.01,3.69
2018,4,6,4,0,33.730000000000004,3.74
2018,4,6,5,0,47.76,3.67
2018,4,6,6,0,66.36,2.93
2018,4,6,7,0,59.4,2.82
2018,4,6,8,0,43.19,2.91
2018,4,6,9,0,32.63,2.22
2018,4,6,10,0,43.39,2.96
2018,4,6,11,0,43.5,2.72
2018,4,6,12,0,30.18,3.83
2018,4,6,13,0,15.88,6.48
2018,4,6,14,0,17.95,8.48
2018,4,6,15,0,16.46,8.870000000000001
2018,4,6,16,0,12.24,9.47
2018,4,6,17,0,9.68,9.69
2018,4,6,18,0,10.120000000000001,10.200000000000001
2018,4,6,19,0,11.94,9.17
2018,4,6,20,0,13.93,8.16
2018,4,6,21,0,19.45,6.8
2018,4,6,22,0,19.09,6.2700000000000005
2018,4,6,23,0,27.02,5.24
2018,4,7,0,0,22.59,5.98
2018,4,7,1,0,21.25,6.2
2018,4,7,2,0,26.560000000000002,5.23
2018,4,7,3,0,5.16,5.93
2018,4,7,4,0,5.8100000000000005,4.7700000000000005
2018,4,7,5,0,1.59,4.91
2018,4,7,6,0,20.080000000000002,4.57
2018,4,7,7,0,19.19,5.53
2018,4,7,8,0,20.14,5.8500000000000005
2018,4,7,9,0,16.14,6.0200000000000005
2018,4,7,10,0,9.290000000000001,6.19
2018,4,7,11,0,5.0200000000000005,6.9
2018,4,7,12,0,8.78,7.41
2018,4,7,13,0,9.4,7.8100000000000005
2018,4,7,14,0,8.99,8.56
2018,4,7,15,0,6.05,9.540000000000001
2018,4,7,16,0,4.7700000000000005,10.11
2018,4,7,17,0,2.32,11.08
2018,4,7,18,0,2,11.9
2018,4,7,19,0,6.48,10.73
2018,4,7,20,0,5.59,10.33
2018,4,7,21,0,6.08,9.950000000000001
2018,4,7,22,0,5.39,10
2018,4,7,23,0,2.62,10.98
2018,4,8,0,0,3.89,10.4
2018,4,8,1,0,11.28,9.02
2018,4,8,2,0,11.71,9.23
2018,4,8,3,0,3.34,9.83
2018,4,8,4,0,342.5,7.94
2018,4,8,5,0,348.07,10.57
2018,4,8,6,0,343.76,11.66
2018,4,8,7,0,345.79,13.39
2018,4,8,8,0,350.33,14.09
2018,4,8,9,0,349.5,14.21
2018,4,8,10,0,351,14.49
2018,4,8,11,0,350.84000000000003,13.780000000000001
2018,4,8,12,0,353.72,12.85
2018,4,8,13,0,358.56,11.3
2018,4,8,14,0,1.61,9.43
2018,4,8,15,0,27.38,6.46
2018,4,8,16,0,31.71,6.12
2018,4,8,17,0,31.54,6.08
2018,4,8,18,0,21.75,6.51
2018,4,8,19,0,19.34,6.97
2018,4,8,20,0,17.740000000000002,7.28
2018,4,8,21,0,21.080000000000002,6.92
2018,4,8,22,0,23.3,7.21
2018,4,8,23,0,22.09,7.45
2018,4,9,0,0,15.49,7.8100000000000005
2018,4,9,1,0,14.34,8.07
2018,4,9,2,0,18.44,8.56
2018,4,9,3,0,19.22,8.32
2018,4,9,4,0,18.150000000000002,7.71
2018,4,9,5,0,42.33,6.42
2018,4,9,6,0,73.7,5.3
2018,4,9,7,0,74.43,4.89
2018,4,9,8,0,64.46000000000001,4.5200000000000005
2018,4,9,9,0,43.910000000000004,4.8500000000000005
2018,4,9,10,0,36.1,5.29
2018,4,9,11,0,19.16,6.94
2018,4,9,12,0,20.42,6.68
2018,4,9,13,0,22.32,6.92
2018,4,9,14,0,21.56,6.74
2018,4,9,15,0,17.52,7.1000000000000005
2018,4,9,16,0,13.84,6.75
2018,4,9,17,0,11.47,7.96
2018,4,9,18,0,11.46,7.42
2018,4,9,19,0,14.26,7.15
2018,4,9,20,0,9.86,7.2700000000000005
2018,4,9,21,0,8.84,7.88
2018,4,9,22,0,9.33,7.57
2018,4,9,23,0,9.49,7.78
2018,4,10,0,0,7.55,8.07
2018,4,10,1,0,6.12,7.91
2018,4,10,2,0,8.16,8.2
2018,4,10,3,0,3.5100000000000002,7.38
2018,4,10,4,0,12.31,8.59
2018,4,10,5,0,15.02,7.74
2018,4,10,6,0,8.39,8.9
2018,4,10,7,0,359.56,4.28
2018,4,10,8,0,4.05,6.86
2018,4,10,9,0,5.05,8.38
2018,4,10,10,0,22.150000000000002,9.31
2018,4,10,11,0,7.7700000000000005,10.19
2018,4,10,12,0,13.92,11.51
2018,4,10,13,0,10.450000000000001,9.93
2018,4,10,14,0,15.36,10.620000000000001
2018,4,10,15,0,14.280000000000001,12.82
2018,4,10,16,0,11.94,12.88
2018,4,10,17,0,16.92,13.06
2018,4,10,18,0,32.29,7.38
2018,4,10,19,0,19.25,5.84
2018,4,10,20,0,27.66,5.01
2018,4,10,21,0,16.98,7.79
2018,4,10,22,0,15.860000000000001,6.8500000000000005
2018,4,10,23,0,15.99,6.76
2018,4,11,0,0,17.07,5.12
2018,4,11,1,0,5.15,6.88
2018,4,11,2,0,1.67,5.73
2018,4,11,3,0,9.870000000000001,6.24
2018,4,11,4,0,21.31,4.76
2018,4,11,5,0,49.300000000000004,4.72
2018,4,11,6,0,42.99,4.24
2018,4,11,7,0,38.61,4.3100000000000005
2018,4,11,8,0,36.410000000000004,1.98
2018,4,11,9,0,344.46,3.08
2018,4,11,10,0,13.55,6.48
2018,4,11,11,0,13.370000000000001,9.97
2018,4,11,12,0,21.03,10.32
2018,4,11,13,0,21.580000000000002,9.81
2018,4,11,14,0,36.64,8.55
2018,4,11,15,0,104.49000000000001,6.84
2018,4,11,16,0,84.87,7.84
2018,4,11,17,0,71.09,9.77
2018,4,11,18,0,65.14,13.16
2018,4,11,19,0,43.6,10.06
2018,4,11,20,0,23.09,7.26
2018,4,11,21,0,23.080000000000002,5.04
2018,4,11,22,0,5.26,4.45
2018,4,11,23,0,5.69,4.43
2018,4,12,0,0,358.58,1.98
2018,4,12,1,0,79.09,2.9
2018,4,12,2,0,103.58,5.3500000000000005
2018,4,12,3,0,120.53,4.7700000000000005
2018,4,12,4,0,87.91,3.65
2018,4,12,5,0,118.99000000000001,3.91
2018,4,12,6,0,117.89,11.22
2018,4,12,7,0,115.72,6.3500000000000005
2018,4,12,8,0,72.68,4.07
2018,4,12,9,0,39.13,5.26
2018,4,12,10,0,33.43,5.66
2018,4,12,11,0,14.88,4.54
2018,4,12,12,0,31.95,6.3100000000000005
2018,4,12,13,0,18.85,8.44
2018,4,12,14,0,19.5,8.52
2018,4,12,15,0,18.94,9.32
2018,4,12,16,0,23.25,9.41
2018,4,12,17,0,21.37,9.35
2018,4,12,18,0,22.46,9.16
2018,4,12,19,0,21.02,8.040000000000001
2018,4,12,20,0,22.19,8.73
2018,4,12,21,0,24.03,9.26
2018,4,12,22,0,24.41,9.02
2018,4,12,23,0,21.84,8.34
2018,4,13,0,0,22.11,7.46
2018,4,13,1,0,18.67,7.640000000000001
2018,4,13,2,0,21.14,8.24
2018,4,13,3,0,22,7.59
2018,4,13,4,0,13.44,8.35
2018,4,13,5,0,21.59,7.390000000000001
2018,4,13,6,0,24.79,6.2
2018,4,13,7,0,23.97,4.95
2018,4,13,8,0,15.63,5.05
2018,4,13,9,0,10.32,6.2700000000000005
2018,4,13,10,0,8.49,6.11
2018,4,13,11,0,13.74,4.86
2018,4,13,12,0,11.81,5.38
2018,4,13,13,0,16.95,4.57
2018,4,13,14,0,6.53,6.2700000000000005
2018,4,13,15,0,13.99,5.57
2018,4,13,16,0,18.28,6
2018,4,13,17,0,31.51,4.8500000000000005
2018,4,13,18,0,31.86,3.48
2018,4,13,19,0,19.150000000000002,2.82
2018,4,13,20,0,9.06,2.7
2018,4,13,21,0,29.22,1.83
2018,4,13,22,0,33.55,1.58
2018,4,13,23,0,48.64,0.89
2018,4,14,0,0,159.92000000000002,0.27
2018,4,14,1,0,169.11,1.41
2018,4,14,2,0,181.58,1.77
2018,4,14,3,0,187.66,2.71
2018,4,14,4,0,203.9,2.5500000000000003
2018,4,14,5,0,230.93,2.4
2018,4,14,6,0,206.38,2.48
2018,4,14,7,0,214.76,2.7
2018,4,14,8,0,199.72,2.91
2018,4,14,9,0,228.39000000000001,1.81
2018,4,14,10,0,300.18,2.39
2018,4,14,11,0,332.17,3.17
2018,4,14,12,0,355.29,7.79
2018,4,14,13,0,344.15000000000003,9.200000000000001
2018,4,14,14,0,342.38,6.63
2018,4,14,15,0,342.08,5.64
2018,4,14,16,0,336.03000000000003,4.5600000000000005
2018,4,14,17,0,353.45,2.74
2018,4,14,18,0,52.77,0.56
2018,4,14,19,0,8.39,2.04
2018,4,14,20,0,327.57,0.75
2018,4,14,21,0,352.35,2.2800000000000002
2018,4,14,22,0,345.40000000000003,2.54
2018,4,14,23,0,312.86,0.96
2018,4,15,0,0,173.28,0.91
2018,4,15,1,0,201.22,1.9000000000000001
2018,4,15,2,0,209.88,2.6
2018,4,15,3,0,251.53,1.74
2018,4,15,4,0,288.99,0.8
2018,4,15,5,0,349.67,1.59
2018,4,15,6,0,359.97,4.42
2018,4,15,7,0,2.65,3.59
2018,4,15,8,0,11.1,4.72
2018,4,15,9,0,8.97,7.17
2018,4,15,10,0,10.89,7.07
2018,4,15,11,0,13.59,7
2018,4,15,12,0,15.23,7.46
2018,4,15,13,0,24.25,6.86
2018,4,15,14,0,30.66,6.49
2018,4,15,15,0,18.88,6.94
2018,4,15,16,0,20.56,6.04
2018,4,15,17,0,21.69,7.48
2018,4,15,18,0,15.450000000000001,7.97
2018,4,15,19,0,18.18,7.0200000000000005
2018,4,15,20,0,22.080000000000002,5.73
2018,4,15,21,0,31.7,5.08
2018,4,15,22,0,25.740000000000002,5.07
2018,4,15,23,0,26.42,5.51
2018,4,16,0,0,28.13,5.14
2018,4,16,1,0,22.91,4.43
2018,4,16,2,0,20.73,5.48
2018,4,16,3,0,7.9,5.21
2018,4,16,4,0,14.26,5.7700000000000005
2018,4,16,5,0,14.55,6.71
2018,4,16,6,0,20.12,6.46
2018,4,16,7,0,20.14,7.11
2018,4,16,8,0,15.040000000000001,6.7
2018,4,16,9,0,15.85,7.03
2018,4,16,10,0,15.02,7.640000000000001
2018,4,16,11,0,16.92,8.01
2018,4,16,12,0,17.32,8.44
2018,4,16,13,0,18.13,8.8
2018,4,16,14,0,17.55,8.68
2018,4,16,15,0,18.53,8.74
2018,4,16,16,0,19.41,8.620000000000001
2018,4,16,17,0,20.21,7.98
2018,4,16,18,0,19.16,6.88
2018,4,16,19,0,17.64,5.92
2018,4,16,20,0,17.740000000000002,5.17
2018,4,16,21,0,16.75,4.93
2018,4,16,22,0,16.65,4.95
2018,4,16,23,0,15.22,4.87
2018,4,17,0,0,14.97,4.91
2018,4,17,1,0,16.18,4.66
2018,4,17,2,0,19.89,5.53
2018,4,17,3,0,7.82,4.36
2018,4,17,4,0,17,5.05
2018,4,17,5,0,5.58,4.66
2018,4,17,6,0,15.290000000000001,2.23
2018,4,17,7,0,109.3,5.37
2018,4,17,8,0,105.39,9.17
2018,4,17,9,0,94.04,6.2
2018,4,17,10,0,87.27,4.72
2018,4,17,11,0,59.89,2.02
2018,4,17,12,0,14.71,6.41
2018,4,17,13,0,10.91,6.3500000000000005
2018,4,17,14,0,14.01,7.23
2018,4,17,15,0,16.23,7.67
2018,4,17,16,0,15.530000000000001,7.13
2018,4,17,17,0,14.07,6
2018,4,17,18,0,17.85,4.92
2018,4,17,19,0,20.47,4.61
2018,4,17,20,0,27.07,4.64
2018,4,17,21,0,31.970000000000002,4.61
2018,4,17,22,0,39.51,4.64
2018,4,17,23,0,43.32,4.57
2018,4,18,0,0,44.64,5.1000000000000005
2018,4,18,1,0,44.44,5.65
2018,4,18,2,0,45.26,5
2018,4,18,3,0,42.24,4.69
2018,4,18,4,0,39.57,4.2700000000000005
2018,4,18,5,0,45.9,5.7
2018,4,18,6,0,29.14,5.37
2018,4,18,7,0,16.04,5.84
2018,4,18,8,0,19.14,6.18
2018,4,18,9,0,22.43,6.32
2018,4,18,10,0,18.46,7.46
2018,4,18,11,0,21.82,8.63
2018,4,18,12,0,20.580000000000002,9.4
2018,4,18,13,0,19.21,9.93
2018,4,18,14,0,17.71,10.39
2018,4,18,15,0,16.56,10.36
2018,4,18,16,0,15.59,10.8
2018,4,18,17,0,16.05,9.790000000000001
2018,4,18,18,0,17.44,8.03
2018,4,18,19,0,23.22,6.62
2018,4,18,20,0,23.43,5.74
2018,4,18,21,0,27.59,5.63
2018,4,18,22,0,28.72,5.2700000000000005
2018,4,18,23,0,31.82,4.5
2018,4,19,0,0,24.54,5.59
2018,4,19,1,0,28.57,6.140000000000001
2018,4,19,2,0,22.57,5.76
2018,4,19,3,0,23.26,6.140000000000001
2018,4,19,4,0,7.09,7.76
2018,4,19,5,0,10.120000000000001,8.76
2018,4,19,6,0,13.25,8.98
2018,4,19,7,0,13.88,8.03
2018,4,19,8,0,16.02,8.93
2018,4,19,9,0,15.74,7.83
2018,4,19,10,0,14.950000000000001,8.47
2018,4,19,11,0,10.1,8.26
2018,4,19,12,0,12.08,10.040000000000001
2018,4,19,13,0,12.84,10.81
2018,4,19,14,0,10.83,9.790000000000001
2018,4,19,15,0,10.370000000000001,10.67
2018,4,19,16,0,3.08,10.290000000000001
2018,4,19,17,0,2.81,9.57
2018,4,19,18,0,10.03,9
2018,4,19,19,0,11.98,8.56
2018,4,19,20,0,12.450000000000001,7.4
2018,4,19,21,0,12.77,6.890000000000001
2018,4,19,22,0,9.07,6.34
2018,4,19,23,0,8.96,6.12
2018,4,20,0,0,6.93,6.23
2018,4,20,1,0,7.12,5.26
2018,4,20,2,0,9.83,4.18
2018,4,20,3,0,14.870000000000001,3.66
2018,4,20,4,0,13.32,3.85
2018,4,20,5,0,25.2,4.2700000000000005
2018,4,20,6,0,25.04,4.5
2018,4,20,7,0,34.71,3.86
2018,4,20,8,0,81.49,4.29
2018,4,20,9,0,119.39,3.93
2018,4,20,10,0,218.89000000000001,4.37
2018,4,20,11,0,202.78,3.43
2018,4,20,12,0,211.84,3.99
2018,4,20,13,0,203.5,3.0300000000000002
2018,4,20,14,0,176.69,2.7600000000000002
2018,4,20,15,0,170.66,4.93
2018,4,20,16,0,167.70000000000002,4.45
2018,4,20,17,0,149.59,3.7600000000000002
2018,4,20,18,0,157.70000000000002,4.54
2018,4,20,19,0,142.72,8.83
2018,4,20,20,0,123.45,6.51
2018,4,20,21,0,116.45,12.3
2018,4,20,22,0,120.4,12.01
2018,4,20,23,0,119,11.33
2018,4,21,0,0,121.88,13.21
2018,4,21,1,0,125.26,14.290000000000001
2018,4,21,2,0,126.97,14.77
2018,4,21,3,0,124.08,13.51
2018,4,21,4,0,125.24000000000001,15.73
2018,4,21,5,0,129.19,15.08
2018,4,21,6,0,127.9,15.65
2018,4,21,7,0,127.21000000000001,16.63
2018,4,21,8,0,121.97,15.790000000000001
2018,4,21,9,0,118.96000000000001,16.32
2018,4,21,10,0,108.34,9.25
2018,4,21,11,0,120.41,13.280000000000001
2018,4,21,12,0,119.82000000000001,15.51
2018,4,21,13,0,110.03,10.6
2018,4,21,14,0,92.55,8.51
2018,4,21,15,0,98.12,5.91
2018,4,21,16,0,78.23,6.74
2018,4,21,17,0,11.07,5.66
2018,4,21,18,0,3.08,3.29
2018,4,21,19,0,356.16,2.84
2018,4,21,20,0,126.34,0.89
2018,4,21,21,0,110.67,10.34
2018,4,21,22,0,104.10000000000001,11.56
2018,4,21,23,0,106.84,13.780000000000001
2018,4,22,0,0,114.51,12.57
2018,4,22,1,0,118.06,14.6
2018,4,22,2,0,122.07000000000001,16.63
2018,4,22,3,0,119.09,17.87
2018,4,22,4,0,119.75,14.92
2018,4,22,5,0,66.79,5.19
2018,4,22,6,0,123.03,15.5
2018,4,22,7,0,118.02,16.14
2018,4,22,8,0,103.04,8.81
2018,4,22,9,0,114.10000000000001,14.4
2018,4,22,10,0,116.45,14.81
2018,4,22,11,0,110.97,13.33
2018,4,22,12,0,117.71000000000001,15.74
2018,4,22,13,0,112.77,11.98
2018,4,22,14,0,116.52,15.26
2018,4,22,15,0,64.95,3.25
2018,4,22,16,0,39.93,6.3500000000000005
2018,4,22,17,0,12.17,6.98
2018,4,22,18,0,36.07,3.16
2018,4,22,19,0,28.740000000000002,2.12
2018,4,22,20,0,86.9,2.34
2018,4,22,21,0,116.67,2.15
2018,4,22,22,0,87.21000000000001,2.64
2018,4,22,23,0,85.4,2.91
2018,4,23,0,0,117.19,7.0600000000000005
2018,4,23,1,0,117.96000000000001,8.11
2018,4,23,2,0,101.32000000000001,3.0700000000000003
2018,4,23,3,0,108.35000000000001,4.61
2018,4,23,4,0,328.68,3.7
2018,4,23,5,0,358.26,4.92
2018,4,23,6,0,13.59,5.25
2018,4,23,7,0,12.700000000000001,7.2
2018,4,23,8,0,2.68,7.12
2018,4,23,9,0,8.94,6.88
2018,4,23,10,0,19.59,6.36
2018,4,23,11,0,3.5700000000000003,4.92
2018,4,23,12,0,6.51,7.24
2018,4,23,13,0,24.26,5.8
2018,4,23,14,0,13.6,6.0600000000000005
2018,4,23,15,0,17.92,7.55
2018,4,23,16,0,15.15,5.95
2018,4,23,17,0,36.09,4.67
2018,4,23,18,0,40.39,1.1300000000000001
2018,4,23,19,0,84.61,5.66
2018,4,23,20,0,120.89,13.94
2018,4,23,21,0,121.64,17.29
2018,4,23,22,0,110.39,13.01
2018,4,23,23,0,116.66,11.11
2018,4,24,0,0,123.19,17.05
2018,4,24,1,0,125.52,14.530000000000001
2018,4,24,2,0,127.08,15.36
2018,4,24,3,0,129.12,12.07
2018,4,24,4,0,128.47,15.700000000000001
2018,4,24,5,0,140.56,9.38
2018,4,24,6,0,127.82000000000001,9.77
2018,4,24,7,0,125.17,10.09
2018,4,24,8,0,129.79,9.81
2018,4,24,9,0,128.14000000000001,14.91
2018,4,24,10,0,133.58,13.01
2018,4,24,11,0,124.79,15.55
2018,4,24,12,0,138.02,14.11
2018,4,24,13,0,110.83,15.36
2018,4,24,14,0,9.17,5.82
2018,4,24,15,0,19.900000000000002,7.74
2018,4,24,16,0,20.7,8.45
2018,4,24,17,0,17.13,7.9
2018,4,24,18,0,9.96,7.32
2018,4,24,19,0,11.46,5.58
2018,4,24,20,0,38.07,4.28
2018,4,24,21,0,40.45,5.12
2018,4,24,22,0,45.09,6.29
2018,4,24,23,0,44.480000000000004,7
2018,4,25,0,0,45.910000000000004,6.23
2018,4,25,1,0,79.3,5.19
2018,4,25,2,0,120.8,17.95
2018,4,25,3,0,124.27,19.96
2018,4,25,4,0,124.69,20.92
2018,4,25,5,0,127.08,20.28
2018,4,25,6,0,128.21,19.87
2018,4,25,7,0,127.78,19.650000000000002
2018,4,25,8,0,128.37,18.400000000000002
2018,4,25,9,0,128.64000000000001,16.87
2018,4,25,10,0,128.51,15.950000000000001
2018,4,25,11,0,122.4,15.99
2018,4,25,12,0,105.26,6.890000000000001
2018,4,25,13,0,121.66,15.21
2018,4,25,14,0,127.45,16.54
2018,4,25,15,0,130.43,15.88
2018,4,25,16,0,144.05,9.71
2018,4,25,17,0,147.37,7.42
2018,4,25,18,0,136.81,9.06
2018,4,25,19,0,130.94,10.51
2018,4,25,20,0,131.1,9.78
2018,4,25,21,0,132.43,8.18
2018,4,25,22,0,140.48,9.82
2018,4,25,23,0,134.11,6.13
2018,4,26,0,0,155.33,2.75
2018,4,26,1,0,131.07,3.11
2018,4,26,2,0,164.61,3.44
2018,4,26,3,0,157.54,4.3500000000000005
2018,4,26,4,0,154.15,4.39
2018,4,26,5,0,168.95000000000002,4.15
2018,4,26,6,0,211.72,1.75
2018,4,26,7,0,242.38,1.47
2018,4,26,8,0,230.15,1.23
2018,4,26,9,0,229.73000000000002,1.57
2018,4,26,10,0,206.13,2.75
2018,4,26,11,0,195.84,2.94
2018,4,26,12,0,226.19,3.83
2018,4,26,13,0,245.06,2.54
2018,4,26,14,0,272.84000000000003,1.57
2018,4,26,15,0,282.56,0.99
2018,4,26,16,0,336.49,1.61
2018,4,26,17,0,11.89,2.6
2018,4,26,18,0,15.49,3.11
2018,4,26,19,0,9.4,1.72
2018,4,26,20,0,0,1.25
2018,4,26,21,0,342.97,1.68
2018,4,26,22,0,329.34000000000003,1.3
2018,4,26,23,0,252.92000000000002,2.73
2018,4,27,0,0,254.71,3.16
2018,4,27,1,0,253.76000000000002,3.46
2018,4,27,2,0,265.29,3.81
2018,4,27,3,0,268.25,4.2
2018,4,27,4,0,277.44,4.49
2018,4,27,5,0,286.13,3.74
2018,4,27,6,0,330.17,3.33
2018,4,27,7,0,30.62,4.79
2018,4,27,8,0,38.54,4.93
2018,4,27,9,0,38.82,4.39
2018,4,27,10,0,23.240000000000002,3.84
2018,4,27,11,0,19.91,4.67
2018,4,27,12,0,20.62,4.12
2018,4,27,13,0,19.080000000000002,4.8100000000000005
2018,4,27,14,0,22.62,5.24
2018,4,27,15,0,30.62,4.86
2018,4,27,16,0,37.37,3.58
2018,4,27,17,0,31.42,3.29
2018,4,27,18,0,24.96,2.82
2018,4,27,19,0,21,2.36
2018,4,27,20,0,357.54,0.9
2018,4,27,21,0,224.07,0.4
2018,4,27,22,0,264.93,0.78
2018,4,27,23,0,250.42000000000002,1.17
2018,4,28,0,0,353.99,0.05
2018,4,28,1,0,122.09,3.89
2018,4,28,2,0,126.25,11.870000000000001
2018,4,28,3,0,124.91,13.1
2018,4,28,4,0,124.81,14.030000000000001
2018,4,28,5,0,126.18,14.790000000000001
2018,4,28,6,0,128.01,15.370000000000001
2018,4,28,7,0,128.45,15.23
2018,4,28,8,0,130.48,14.99
2018,4,28,9,0,133.06,13.450000000000001
2018,4,28,10,0,135.56,11.4
2018,4,28,11,0,136.59,11.44
2018,4,28,12,0,139.61,9.31
2018,4,28,13,0,133.43,11.16
2018,4,28,14,0,128.03,14.8
2018,4,28,15,0,124.86,18.54
2018,4,28,16,0,121.62,17.32
2018,4,28,17,0,122.35000000000001,19.09
2018,4,28,18,0,122.12,18.85
2018,4,28,19,0,121.8,19.29
2018,4,28,20,0,120.86,18.96
2018,4,28,21,0,108.07000000000001,13.32
2018,4,28,22,0,91.18,11.290000000000001
2018,4,28,23,0,117.34,18.3
2018,4,29,0,0,120.28,19.26
2018,4,29,1,0,122.66,19.330000000000002
2018,4,29,2,0,123.45,19.19
2018,4,29,3,0,123.61,19.23
2018,4,29,4,0,124.14,19.21
2018,4,29,5,0,124.58,19.26
2018,4,29,6,0,123.95,18.97
2018,4,29,7,0,123.56,18.3
2018,4,29,8,0,118.41,16.97
2018,4,29,9,0,108.97,11.450000000000001
2018,4,29,10,0,116.58,14.16
2018,4,29,11,0,116.21000000000001,13.5
2018,4,29,12,0,123.3,14.65
2018,4,29,13,0,128.64000000000001,14.68
2018,4,29,14,0,130.25,13.44
2018,4,29,15,0,127.95,13.66
2018,4,29,16,0,128.45,13.88
2018,4,29,17,0,128.43,12.77
2018,4,29,18,0,126.78,12.31
2018,4,29,19,0,128.69,12.280000000000001
2018,4,29,20,0,129.89000000000001,11.24
2018,4,29,21,0,132.02,9.96
2018,4,29,22,0,132.05,9.31
2018,4,29,23,0,131.45,8.65
2018,4,30,0,0,128.47,9.38
2018,4,30,1,0,129.02,10.14
2018,4,30,2,0,122.7,8.21
2018,4,30,3,0,104.64,5.82
2018,4,30,4,0,108.52,7.930000000000001
2018,4,30,5,0,113.21000000000001,10.81
2018,4,30,6,0,114.4,9.64
2018,4,30,7,0,143.82,2.04
2018,4,30,8,0,175.78,2.34
2018,4,30,9,0,168.49,3.68
2018,4,30,10,0,181.65,5.91
2018,4,30,11,0,219.61,4.82
2018,4,30,12,0,212.26,5.23
2018,4,30,13,0,223.97,6.79
2018,4,30,14,0,225.54,5.47
2018,4,30,15,0,290.21,4.16
2018,4,30,16,0,251.02,3.63
2018,4,30,17,0,190.67000000000002,1.75
2018,4,30,18,0,171.13,2.09
2018,4,30,19,0,150.46,2.24
2018,4,30,20,0,161.76,3.41
2018,4,30,21,0,153.47,3.5100000000000002
2018,4,30,22,0,125.22,3.15
2018,4,30,23,0,121.59,3.41
2018,5,1,0,0,111.11,1.67
2018,5,1,1,0,79.82000000000001,1.19
2018,5,1,2,0,71.44,1.19
2018,5,1,3,0,102.87,1.06
2018,5,1,4,0,102.43,1.84
2018,5,1,5,0,139.71,4.45
2018,5,1,6,0,153.52,5.62
2018,5,1,7,0,194.99,2.85
2018,5,1,8,0,226.62,2.18
2018,5,1,9,0,194.52,6.18
2018,5,1,10,0,176.70000000000002,5.57
2018,5,1,11,0,174.45000000000002,5.48
2018,5,1,12,0,174.35,5.22
2018,5,1,13,0,155.70000000000002,4.4
2018,5,1,14,0,162.54,5.0200000000000005
2018,5,1,15,0,197.58,4.75
2018,5,1,16,0,188.8,5
2018,5,1,17,0,168.45000000000002,4.44
2018,5,1,18,0,147.14000000000001,4.75
2018,5,1,19,0,141.45000000000002,4.99
2018,5,1,20,0,131.73,4.37
2018,5,1,21,0,133.44,6.6000000000000005
2018,5,1,22,0,129.62,9.08
2018,5,1,23,0,129.11,10.02
2018,5,2,0,0,127.87,12.35
2018,5,2,1,0,134.53,11.02
2018,5,2,2,0,138.51,10.85
2018,5,2,3,0,142.49,10.78
2018,5,2,4,0,167.29,8.32
2018,5,2,5,0,183.08,9.1
2018,5,2,6,0,191.68,10.040000000000001
2018,5,2,7,0,184.51,10.55
2018,5,2,8,0,195.69,10.98
2018,5,2,9,0,191.39000000000001,11.950000000000001
2018,5,2,10,0,191.74,11.49
2018,5,2,11,0,191.4,11.41
2018,5,2,12,0,192.96,12.450000000000001
2018,5,2,13,0,203.01,13.620000000000001
2018,5,2,14,0,199.86,13.23
2018,5,2,15,0,202.86,13.06
2018,5,2,16,0,201.97,11.52
2018,5,2,17,0,200.73000000000002,9.370000000000001
2018,5,2,18,0,183.31,8.13
2018,5,2,19,0,180.37,7.15
2018,5,2,20,0,163.4,9.25
2018,5,2,21,0,167.44,9.35
2018,5,2,22,0,165.01,8.74
2018,5,2,23,0,160.53,10.450000000000001
2018,5,3,0,0,162.62,10.58
2018,5,3,1,0,167.87,10.47
2018,5,3,2,0,153.63,8.66
2018,5,3,3,0,143.13,7.9
2018,5,3,4,0,138.68,8.66
2018,5,3,5,0,139.51,8.89
2018,5,3,6,0,135.68,10.74
2018,5,3,7,0,130.34,12.42
2018,5,3,8,0,127.72,15.39
2018,5,3,9,0,123.48,16.43
2018,5,3,10,0,120.19,17.580000000000002
2018,5,3,11,0,121.53,18.96
2018,5,3,12,0,123.72,19.06
2018,5,3,13,0,124.58,14.22
2018,5,3,14,0,109.42,10.81
2018,5,3,15,0,104.57000000000001,7.66
2018,5,3,16,0,65.85,2.69
2018,5,3,17,0,89.12,3.96
2018,5,3,18,0,111.3,12.33
2018,5,3,19,0,117.73,13.530000000000001
2018,5,3,20,0,107.32000000000001,8.77
2018,5,3,21,0,98.81,5.78
2018,5,3,22,0,118.05,16.79
2018,5,3,23,0,119.52,16.21
2018,5,4,0,0,126.73,14.36
2018,5,4,1,0,129.39000000000001,13.77
2018,5,4,2,0,123.07000000000001,8.6
2018,5,4,3,0,102.27,5.26
2018,5,4,4,0,91.62,6.24
2018,5,4,5,0,90.74,7.05
2018,5,4,6,0,101.09,9.08
2018,5,4,7,0,123.19,11.21
2018,5,4,8,0,127.97,15.94
2018,5,4,9,0,124.17,18.42
2018,5,4,10,0,122.47,18.73
2018,5,4,11,0,123.26,19.53
2018,5,4,12,0,126.92,20.22
2018,5,4,13,0,125.46000000000001,20.2
2018,5,4,14,0,127.36,21.400000000000002
2018,5,4,15,0,121.41,24.8
2018,5,4,16,0,122.32000000000001,26.03
2018,5,4,17,0,124.43,28.830000000000002
2018,5,4,18,0,133.92000000000002,27.830000000000002
2018,5,4,19,0,128.22,32.02
2018,5,4,20,0,128.73,31.07
2018,5,4,21,0,127.93,33.37
2018,5,4,22,0,127.02,30.95
2018,5,4,23,0,126.95,26.88
2018,5,5,0,0,126.67,17.740000000000002
2018,5,5,1,0,125.11,13.870000000000001
2018,5,5,2,0,136.59,11.02
2018,5,5,3,0,128.84,13.13
2018,5,5,4,0,161.54,12.1
2018,5,5,5,0,161.81,11.23
2018,5,5,6,0,166.3,14.55
2018,5,5,7,0,165.28,14.58
2018,5,5,8,0,166.98,14.44
2018,5,5,9,0,168.49,13.18
2018,5,5,10,0,177.03,10.950000000000001
2018,5,5,11,0,155.70000000000002,13.94
2018,5,5,12,0,165.24,13.4
2018,5,5,13,0,185.91,12.31
2018,5,5,14,0,176.08,15.11
2018,5,5,15,0,173.5,15.32
2018,5,5,16,0,180.02,14.790000000000001
2018,5,5,17,0,174.56,13.14
2018,5,5,18,0,169.51,16.41
2018,5,5,19,0,166.84,13.05
2018,5,5,20,0,159.89000000000001,13.73
2018,5,5,21,0,175.1,12.780000000000001
2018,5,5,22,0,165.61,14.790000000000001
2018,5,5,23,0,182.21,12.01
2018,5,6,0,0,186.51,11.98
2018,5,6,1,0,186.46,15.23
2018,5,6,2,0,180.51,11.69
2018,5,6,3,0,184.94,7.68
2018,5,6,4,0,167.86,12.74
2018,5,6,5,0,175.53,12.86
2018,5,6,6,0,188.85,13.71
2018,5,6,7,0,184.6,11.4
2018,5,6,8,0,176.89000000000001,12.21
2018,5,6,9,0,194.91,13.67
2018,5,6,10,0,185.06,12.3
2018,5,6,11,0,189.75,12.49
2018,5,6,12,0,183.09,11.39
2018,5,6,13,0,180.53,10.63
2018,5,6,14,0,180.04,9.540000000000001
2018,5,6,15,0,176.64000000000001,8.55
2018,5,6,16,0,154.86,5.97
2018,5,6,17,0,182.29,8.76
2018,5,6,18,0,182.94,8.22
2018,5,6,19,0,154.31,6.26
2018,5,6,20,0,172.57,4.84
2018,5,6,21,0,163.61,7.42
2018,5,6,22,0,182.36,11.01
2018,5,6,23,0,308.29,2.38
2018,5,7,0,0,332.17,1.49
2018,5,7,1,0,291.21,3.11
2018,5,7,2,0,275.28000000000003,2.0100000000000002
2018,5,7,3,0,345.35,1.19
2018,5,7,4,0,292.57,3.3000000000000003
2018,5,7,5,0,309.97,2.2600000000000002
2018,5,7,6,0,96.12,0.8200000000000001
2018,5,7,7,0,137.8,5.08
2018,5,7,8,0,136.61,6.640000000000001
2018,5,7,9,0,160.59,4.69
2018,5,7,10,0,153.92000000000002,3.87
2018,5,7,11,0,206.82,3.88
2018,5,7,12,0,190.78,2.29
2018,5,7,13,0,69.38,1.07
2018,5,7,14,0,80.01,1.31
2018,5,7,15,0,145.94,0.41000000000000003
2018,5,7,16,0,80.63,2.6
2018,5,7,17,0,56.1,2
2018,5,7,18,0,57.04,2.18
2018,5,7,19,0,52.19,1.52
2018,5,7,20,0,261.3,2.36
2018,5,7,21,0,291.18,2.21
2018,5,7,22,0,310.12,2.98
2018,5,7,23,0,252.39000000000001,1.01
2018,5,8,0,0,161.76,2.35
2018,5,8,1,0,122.64,3.62
2018,5,8,2,0,117.5,8.8
2018,5,8,3,0,116.06,10.83
2018,5,8,4,0,114.88,10.370000000000001
2018,5,8,5,0,111.27,9.68
2018,5,8,6,0,101.35000000000001,3.87
2018,5,8,7,0,80.06,2.63
2018,5,8,8,0,30.27,4.04
2018,5,8,9,0,65.91,4.75
2018,5,8,10,0,49.09,4.0600000000000005
2018,5,8,11,0,30.900000000000002,4.96
2018,5,8,12,0,19.79,7.18
2018,5,8,13,0,16.73,6.63
2018,5,8,14,0,10.18,6.17
2018,5,8,15,0,359.7,5.55
2018,5,8,16,0,4.21,4.57
2018,5,8,17,0,14.450000000000001,4.57
2018,5,8,18,0,27.41,3.99
2018,5,8,19,0,32.2,3.83
2018,5,8,20,0,126.39,1.36
2018,5,8,21,0,132.22,6.05
2018,5,8,22,0,125.52,8.22
2018,5,8,23,0,122.67,9.26
2018,5,9,0,0,116.15,12.370000000000001
2018,5,9,1,0,116.37,14.14
2018,5,9,2,0,123.51,8.28
2018,5,9,3,0,129.98,9.69
2018,5,9,4,0,123.66,7.59
2018,5,9,5,0,123.84,6.3100000000000005
2018,5,9,6,0,136,6.16
2018,5,9,7,0,5.89,7.94
2018,5,9,8,0,8.93,8.66
2018,5,9,9,0,16.86,8.81
2018,5,9,10,0,20.330000000000002,8.6
2018,5,9,11,0,19.17,8.19
2018,5,9,12,0,21.19,7.3
2018,5,9,13,0,25.64,6.68
2018,5,9,14,0,22.01,7.79
2018,5,9,15,0,23.35,7.51
2018,5,9,16,0,22.07,7.65
2018,5,9,17,0,23.29,8.05
2018,5,9,18,0,31.73,6.1000000000000005
2018,5,9,19,0,9.85,6.38
2018,5,9,20,0,23.45,6.66
2018,5,9,21,0,15.15,5.25
2018,5,9,22,0,10.19,5.0600000000000005
2018,5,9,23,0,13.870000000000001,5.76
2018,5,10,0,0,10.870000000000001,5.66
2018,5,10,1,0,43.410000000000004,2.07
2018,5,10,2,0,128.48,5.3500000000000005
2018,5,10,3,0,124.29,8.93
2018,5,10,4,0,107.66,9.5
2018,5,10,5,0,109.79,14.450000000000001
2018,5,10,6,0,114.77,17.93
2018,5,10,7,0,122.66,20.89
2018,5,10,8,0,156.37,18.35
2018,5,10,9,0,165.45000000000002,4.83
2018,5,10,10,0,159.91,6.87
2018,5,10,11,0,267.54,5.3
2018,5,10,12,0,282.81,4.13
2018,5,10,13,0,310.42,2.5500000000000003
2018,5,10,14,0,341.93,2.74
2018,5,10,15,0,128.2,13.84
2018,5,10,16,0,104.02,11.65
2018,5,10,17,0,113.96000000000001,13.6
2018,5,10,18,0,119.12,15.88
2018,5,10,19,0,124.05,19.17
2018,5,10,20,0,127.07000000000001,15.74
2018,5,10,21,0,119.51,18.330000000000002
2018,5,10,22,0,112.9,18.57
2018,5,10,23,0,114.39,22.32
2018,5,11,0,0,125.06,25
2018,5,11,1,0,131.38,23.81
2018,5,11,2,0,133.78,21.400000000000002
2018,5,11,3,0,142.71,16.46
2018,5,11,4,0,120.97,26.990000000000002
2018,5,11,5,0,116.8,27.53
2018,5,11,6,0,104.59,22.43
2018,5,11,7,0,113.43,23.77
2018,5,11,8,0,122.02,24.5
2018,5,11,9,0,121.29,15.39
2018,5,11,10,0,109.65,12.1
2018,5,11,11,0,22.82,3.46
2018,5,11,12,0,307.56,4.63
2018,5,11,13,0,85.79,9.19
2018,5,11,14,0,169.05,14.59
2018,5,11,15,0,198.19,15.26
2018,5,11,16,0,198.68,13.06
2018,5,11,17,0,188.98,12.52
2018,5,11,18,0,182.26,12.290000000000001
2018,5,11,19,0,186.84,15.14
2018,5,11,20,0,182.64000000000001,13.11
2018,5,11,21,0,170.57,10.34
2018,5,11,22,0,153.9,11.290000000000001
2018,5,11,23,0,171.68,11.15
2018,5,12,0,0,166.33,13.35
2018,5,12,1,0,145.79,10.88
2018,5,12,2,0,132.99,12.06
2018,5,12,3,0,130.59,13.870000000000001
2018,5,12,4,0,129.77,14.51
2018,5,12,5,0,129.93,15.39
2018,5,12,6,0,131.81,14.58
2018,5,12,7,0,133.49,15.01
2018,5,12,8,0,129.58,14.49
2018,5,12,9,0,130.71,15.620000000000001
2018,5,12,10,0,133.39000000000001,15.94
2018,5,12,11,0,133.69,15.040000000000001
2018,5,12,12,0,132.13,15.700000000000001
2018,5,12,13,0,133.03,14.120000000000001
2018,5,12,14,0,136.09,13.46
2018,5,12,15,0,172.32,7.2700000000000005
2018,5,12,16,0,128.04,12.99
2018,5,12,17,0,135.88,11.57
2018,5,12,18,0,127.46000000000001,13.790000000000001
2018,5,12,19,0,181.27,8.93
2018,5,12,20,0,127.14,13.83
2018,5,12,21,0,129.54,14.41
2018,5,12,22,0,126.98,14.96
2018,5,12,23,0,129.12,13.69
2018,5,13,0,0,125.56,16.34
2018,5,13,1,0,126.10000000000001,16.72
2018,5,13,2,0,126.07000000000001,15.85
2018,5,13,3,0,125.41,16.97
2018,5,13,4,0,125.03,17.3
2018,5,13,5,0,128.38,16.32
2018,5,13,6,0,129.34,16.52
2018,5,13,7,0,127.86,16.39
2018,5,13,8,0,129.52,16.52
2018,5,13,9,0,129.31,15.27
2018,5,13,10,0,131.39000000000001,15.41
2018,5,13,11,0,127.71000000000001,14.77
2018,5,13,12,0,127.06,10.69
2018,5,13,13,0,93.34,7.05
2018,5,13,14,0,12.870000000000001,6.45
2018,5,13,15,0,12.35,7.88
2018,5,13,16,0,19.14,6.94
2018,5,13,17,0,7.930000000000001,5.97
2018,5,13,18,0,8.76,6.23
2018,5,13,19,0,2.3000000000000003,8.05
2018,5,13,20,0,6.66,8.22
2018,5,13,21,0,6.28,8.28
2018,5,13,22,0,44.410000000000004,6.65
2018,5,13,23,0,348.89,4.49
2018,5,14,0,0,348.61,9.6
2018,5,14,1,0,19.75,7.1000000000000005
2018,5,14,2,0,351.95,7.94
2018,5,14,3,0,346.33,7.51
2018,5,14,4,0,338.82,8.93
2018,5,14,5,0,340.21,8.34
2018,5,14,6,0,337.89,6.8
2018,5,14,7,0,315.3,5.0200000000000005
2018,5,14,8,0,277.17,3.2600000000000002
2018,5,14,9,0,227.20000000000002,3.04
2018,5,14,10,0,190.44,3.3200000000000003
2018,5,14,11,0,175.06,7.23
2018,5,14,12,0,178.36,6.5
2018,5,14,13,0,218.9,7.73
2018,5,14,14,0,216.02,6.8100000000000005
2018,5,14,15,0,213.43,5.82
2018,5,14,16,0,204.09,4.83
2018,5,14,17,0,194.52,4.51
2018,5,14,18,0,191.31,6.09
2018,5,14,19,0,183.14000000000001,8.6
2018,5,14,20,0,175.07,6.49
2018,5,14,21,0,168.35,6.69
2018,5,14,22,0,169.36,5.96
2018,5,14,23,0,193.66,5.14
2018,5,15,0,0,150.78,1.6500000000000001
2018,5,15,1,0,127.47,2.5
2018,5,15,2,0,134.98,1.1
2018,5,15,3,0,282.58,1.68
2018,5,15,4,0,183.27,6.6000000000000005
2018,5,15,5,0,186.76,7.24
2018,5,15,6,0,176.31,7.8500000000000005
2018,5,15,7,0,181.85,8.78
2018,5,15,8,0,186.82,8.58
2018,5,15,9,0,162.17000000000002,7.18
2018,5,15,10,0,160.22,6.390000000000001
2018,5,15,11,0,146.38,6.78
2018,5,15,12,0,135.7,7.94
2018,5,15,13,0,134.8,9.34
2018,5,15,14,0,132.78,9.97
2018,5,15,15,0,131.48,9.42
2018,5,15,16,0,139.22,8.41
2018,5,15,17,0,134.67000000000002,6.5600000000000005
2018,5,15,18,0,128.36,5.76
2018,5,15,19,0,118.47,5.22
2018,5,15,20,0,113.86,5.13
2018,5,15,21,0,123.02,5.24
2018,5,15,22,0,115.16,6.32
2018,5,15,23,0,125.04,5.8500000000000005
2018,5,16,0,0,229.46,2.66
2018,5,16,1,0,258.82,4.61
2018,5,16,2,0,266.03000000000003,2.49
2018,5,16,3,0,237.52,1.1500000000000001
2018,5,16,4,0,202.47,2.77
2018,5,16,5,0,161.25,2.9
2018,5,16,6,0,151.35,5
2018,5,16,7,0,137.70000000000002,5.94
2018,5,16,8,0,142.55,6.41
2018,5,16,9,0,149.78,6.24
2018,5,16,10,0,146.1,5.09
2018,5,16,11,0,139.25,5.11
2018,5,16,12,0,136.18,5.57
2018,5,16,13,0,120.84,7.09
2018,5,16,14,0,80.85000000000001,3.43
2018,5,16,15,0,92.65,2.12
2018,5,16,16,0,92.97,1.95
2018,5,16,17,0,67.8,1.32
2018,5,16,18,0,84.84,0.85
2018,5,16,19,0,220.41,0.58
2018,5,16,20,0,212.88,1.51
2018,5,16,21,0,148.64000000000001,2.13
2018,5,16,22,0,125.8,5.57
2018,5,16,23,0,118.92,9.24
2018,5,17,0,0,123.09,11.41
2018,5,17,1,0,124.89,12.94
2018,5,17,2,0,120.17,13.96
2018,5,17,3,0,122.88,13.88
2018,5,17,4,0,124.73,15.1
2018,5,17,5,0,127.07000000000001,14.9
2018,5,17,6,0,126.75,15.09
2018,5,17,7,0,107.88,11.81
2018,5,17,8,0,97.24000000000001,8.92
2018,5,17,9,0,5.7,4.36
2018,5,17,10,0,6.7,7.13
2018,5,17,11,0,11.39,6.7
2018,5,17,12,0,16.17,7.54
2018,5,17,13,0,14.280000000000001,7.88
2018,5,17,14,0,15.3,7.97
2018,5,17,15,0,16.73,6.8100000000000005
2018,5,17,16,0,17.51,5.36
2018,5,17,17,0,9,4.92
2018,5,17,18,0,10.01,4.67
2018,5,17,19,0,15.73,3.77
2018,5,17,20,0,50.25,1.16
2018,5,17,21,0,114.86,12.94
2018,5,17,22,0,114.18,15.81
2018,5,17,23,0,122.02,17.44
2018,5,18,0,0,118.94,16.38
2018,5,18,1,0,120.33,16.18
2018,5,18,2,0,121.61,16.080000000000002
2018,5,18,3,0,120.56,15.55
2018,5,18,4,0,119.73,15.27
2018,5,18,5,0,121.02,14.74
2018,5,18,6,0,120.06,11.58
2018,5,18,7,0,117.86,7.83
2018,5,18,8,0,94.73,3.93
2018,5,18,9,0,28.37,3.44
2018,5,18,10,0,11.4,9.81
2018,5,18,11,0,13.91,9.23
2018,5,18,12,0,10.36,9.6
2018,5,18,13,0,12.99,9.6
2018,5,18,14,0,16.57,9.200000000000001
2018,5,18,15,0,18.51,8.75
2018,5,18,16,0,12.290000000000001,8.58
2018,5,18,17,0,20.26,6.41
2018,5,18,18,0,20.79,6.34
2018,5,18,19,0,23.31,5.5
2018,5,18,20,0,28.86,4.86
2018,5,18,21,0,31.2,5.07
2018,5,18,22,0,30.32,4.44
2018,5,18,23,0,35.4,3.2
2018,5,19,0,0,57.85,2.33
2018,5,19,1,0,122.25,4.43
2018,5,19,2,0,80.25,2.34
2018,5,19,3,0,0.6900000000000001,2.84
2018,5,19,4,0,359.8,3.94
2018,5,19,5,0,46.14,5.4
2018,5,19,6,0,19.98,7.16
2018,5,19,7,0,4.57,11.21
2018,5,19,8,0,19.740000000000002,10.59
2018,5,19,9,0,118.10000000000001,1.33
2018,5,19,10,0,94.54,8.56
2018,5,19,11,0,113.37,16.48
2018,5,19,12,0,124.83,25.310000000000002
2018,5,19,13,0,125.2,20.03
2018,5,19,14,0,124.01,19.06
2018,5,19,15,0,128.59,19.53
2018,5,19,16,0,127.60000000000001,17.68
2018,5,19,17,0,135.5,18.88
2018,5,19,18,0,131.89000000000001,21.7
2018,5,19,19,0,122.5,18.47
2018,5,19,20,0,124.54,17.45
2018,5,19,21,0,121.35000000000001,18.71
2018,5,19,22,0,125.08,19.09
2018,5,19,23,0,130.71,21.1
2018,5,20,0,0,132.2,19.29
2018,5,20,1,0,137.14000000000001,16.78
2018,5,20,2,0,136.9,16.79
2018,5,20,3,0,137.13,15.950000000000001
2018,5,20,4,0,121.42,5.66
2018,5,20,5,0,109.44,6.44
2018,5,20,6,0,116.66,7.72
2018,5,20,7,0,117.4,5.3
2018,5,20,8,0,121.35000000000001,10.25
2018,5,20,9,0,121.98,7.390000000000001
2018,5,20,10,0,115.57000000000001,4.32
2018,5,20,11,0,89.7,1.01
2018,5,20,12,0,340.66,2.83
2018,5,20,13,0,12.86,4.44
2018,5,20,14,0,16.09,5.09
2018,5,20,15,0,37.550000000000004,5.53
2018,5,20,16,0,57.09,3.2
2018,5,20,17,0,64.19,1.41
2018,5,20,18,0,89.79,0.81
2018,5,20,19,0,113.78,2.5
2018,5,20,20,0,112.65,3.25
2018,5,20,21,0,128.85,1.61
2018,5,20,22,0,144.08,2.0100000000000002
2018,5,20,23,0,123.45,6.01
2018,5,21,0,0,125.45,5.3100000000000005
2018,5,21,1,0,124.62,6.74
2018,5,21,2,0,124.57000000000001,7.73
2018,5,21,3,0,126.29,7.8
2018,5,21,4,0,128.96,5.94
2018,5,21,5,0,117.34,6.0200000000000005
2018,5,21,6,0,117.52,4
2018,5,21,7,0,38.11,1.45
2018,5,21,8,0,103.66,2.74
2018,5,21,9,0,137.36,2.57
2018,5,21,10,0,121.15,4.47
2018,5,21,11,0,128.1,0.71
2018,5,21,12,0,156.14000000000001,1.84
2018,5,21,13,0,349.41,6.17
2018,5,21,14,0,11.42,7.87
2018,5,21,15,0,19.18,8.040000000000001
2018,5,21,16,0,28.18,6.93
2018,5,21,17,0,31.04,6.21
2018,5,21,18,0,78.64,2
2018,5,21,19,0,123.8,1.74
2018,5,21,20,0,144.56,3.49
2018,5,21,21,0,135.13,6.61
2018,5,21,22,0,137.72,6.23
2018,5,21,23,0,135.75,10.76
2018,5,22,0,0,136.01,9.55
2018,5,22,1,0,137.51,11.07
2018,5,22,2,0,130.65,12.43
2018,5,22,3,0,130,13.94
2018,5,22,4,0,129.26,14.72
2018,5,22,5,0,128.2,13.620000000000001
2018,5,22,6,0,128.5,14.620000000000001
2018,5,22,7,0,128.21,13.1
2018,5,22,8,0,123.56,14.14
2018,5,22,9,0,125.01,13.72
2018,5,22,10,0,124.68,13.49
2018,5,22,11,0,123.34,12.63
2018,5,22,12,0,123.4,11.38
2018,5,22,13,0,119.24000000000001,9.84
2018,5,22,14,0,122.03,9.77
2018,5,22,15,0,121.77,9.23
2018,5,22,16,0,128.18,9.450000000000001
2018,5,22,17,0,124.57000000000001,7.930000000000001
2018,5,22,18,0,120.46000000000001,9.44
2018,5,22,19,0,112.16,6.88
2018,5,22,20,0,132.78,4.69
2018,5,22,21,0,120.77,5.3100000000000005
2018,5,22,22,0,132.09,9.81
2018,5,22,23,0,130.74,11.450000000000001
2018,5,23,0,0,132.93,12.42
2018,5,23,1,0,128.32,16.31
2018,5,23,2,0,127.09,16.2
2018,5,23,3,0,124.2,16.87
2018,5,23,4,0,121.4,11.75
2018,5,23,5,0,132.44,15.55
2018,5,23,6,0,133.65,13.76
2018,5,23,7,0,128.84,14.47
2018,5,23,8,0,123.86,13.66
2018,5,23,9,0,122.84,14.17
2018,5,23,10,0,122.42,14.15
2018,5,23,11,0,125.31,12.47
2018,5,23,12,0,133.95,6.2700000000000005
2018,5,23,13,0,118.88,13.86
2018,5,23,14,0,128.58,12.290000000000001
2018,5,23,15,0,123.38000000000001,13.73
2018,5,23,16,0,121.9,11.8
2018,5,23,17,0,124.04,11.35
2018,5,23,18,0,116.96000000000001,11.540000000000001
2018,5,23,19,0,120.8,11.01
2018,5,23,20,0,108.61,11.870000000000001
2018,5,23,21,0,121.87,15.52
2018,5,23,22,0,118.65,13.63
2018,5,23,23,0,124.91,15.72
2018,5,24,0,0,123.12,18.87
2018,5,24,1,0,117.98,17.21
2018,5,24,2,0,124.89,16.38
2018,5,24,3,0,133.06,14.31
2018,5,24,4,0,127.63000000000001,16.43
2018,5,24,5,0,125.59,17.150000000000002
2018,5,24,6,0,125.12,15.49
2018,5,24,7,0,116.5,14.200000000000001
2018,5,24,8,0,113.81,7.25
2018,5,24,9,0,109.05,9.49
2018,5,24,10,0,103.08,11.77
2018,5,24,11,0,113.74000000000001,14.35
2018,5,24,12,0,115.13,8.46
2018,5,24,13,0,93.71000000000001,4.86
2018,5,24,14,0,103.89,1.67
2018,5,24,15,0,117.18,11.88
2018,5,24,16,0,117.94,8.33
2018,5,24,17,0,104.81,5.0600000000000005
2018,5,24,18,0,118.32000000000001,9.17
2018,5,24,19,0,131.03,6.8500000000000005
2018,5,24,20,0,120.77,11.32
2018,5,24,21,0,115.26,14.1
2018,5,24,22,0,121.10000000000001,15.77
2018,5,24,23,0,127.79,13.950000000000001
2018,5,25,0,0,110.64,7.49
2018,5,25,1,0,116.18,14.290000000000001
2018,5,25,2,0,122.63,14.86
2018,5,25,3,0,126.54,13.370000000000001
2018,5,25,4,0,115.33,13.31
2018,5,25,5,0,120.60000000000001,14.530000000000001
2018,5,25,6,0,123.83,13.790000000000001
2018,5,25,7,0,131.05,9.21
2018,5,25,8,0,138.16,5.76
2018,5,25,9,0,108.99000000000001,3.7
2018,5,25,10,0,70.83,1.92
2018,5,25,11,0,107.74000000000001,2.21
2018,5,25,12,0,114.10000000000001,3.45
2018,5,25,13,0,100.19,2.6
2018,5,25,14,0,32.74,2.68
2018,5,25,15,0,39.6,3.64
2018,5,25,16,0,6.45,2.98
2018,5,25,17,0,48.83,1.41
2018,5,25,18,0,106.57000000000001,2.36
2018,5,25,19,0,114.66,3.75
2018,5,25,20,0,119.66,5.44
2018,5,25,21,0,114.32000000000001,5.15
2018,5,25,22,0,117.91,4.98
2018,5,25,23,0,127.45,7.01
2018,5,26,0,0,131.59,9.61
2018,5,26,1,0,130.31,10.450000000000001
2018,5,26,2,0,133.95,12.66
2018,5,26,3,0,133.08,15.56
2018,5,26,4,0,129.18,15.57
2018,5,26,5,0,133.31,14.58
2018,5,26,6,0,135.44,13.24
2018,5,26,7,0,134.65,11.52
2018,5,26,8,0,134.44,11.28
2018,5,26,9,0,125.15,8.97
2018,5,26,10,0,114.98,6.53
2018,5,26,11,0,121.64,6.74
2018,5,26,12,0,126.27,7.69
2018,5,26,13,0,123.12,9.13
2018,5,26,14,0,133,9.38
2018,5,26,15,0,123.47,6.98
2018,5,26,16,0,113.99000000000001,6.45
2018,5,26,17,0,119.31,6.68
2018,5,26,18,0,114.83,4.68
2018,5,26,19,0,123.08,2.6
2018,5,26,20,0,158.13,1.6300000000000001
2018,5,26,21,0,229.14000000000001,1.59
2018,5,26,22,0,271.4,2.38
2018,5,26,23,0,263.27,3.27
2018,5,27,0,0,259.91,4.25
2018,5,27,1,0,259,6.78
2018,5,27,2,0,258.56,7.51
2018,5,27,3,0,260.78000000000003,8.01
2018,5,27,4,0,262.12,8.83
2018,5,27,5,0,268.53000000000003,7.41
2018,5,27,6,0,298.15000000000003,6.3100000000000005
2018,5,27,7,0,321.32,2.79
2018,5,27,8,0,344.58,2.1
2018,5,27,9,0,15.83,1.45
2018,5,27,10,0,55.39,1.72
2018,5,27,11,0,67.24,1.24
2018,5,27,12,0,21.48,0.85
2018,5,27,13,0,0.18,0.98
2018,5,27,14,0,293.79,1.03
2018,5,27,15,0,211.32,1.58
2018,5,27,16,0,210.77,3.5300000000000002
2018,5,27,17,0,197.35,3.56
2018,5,27,18,0,222.35,2.85
2018,5,27,19,0,242.35,4.21
2018,5,27,20,0,255.3,4.28
2018,5,27,21,0,249.78,4.87
2018,5,27,22,0,248.21,5.97
2018,5,27,23,0,256.76,4.93
2018,5,28,0,0,287.09000000000003,6.69
2018,5,28,1,0,332.92,5.3
2018,5,28,2,0,321.11,5.18
2018,5,28,3,0,297.46,4.14
2018,5,28,4,0,310.61,5.46
2018,5,28,5,0,307.68,7.42
2018,5,28,6,0,307.92,7.61
2018,5,28,7,0,0.43,1.42
2018,5,28,8,0,126.57000000000001,4.38
2018,5,28,9,0,105.33,5.44
2018,5,28,10,0,88.86,4.83
2018,5,28,11,0,83.28,4.75
2018,5,28,12,0,118.55,2.52
2018,5,28,13,0,115.13,1.76
2018,5,28,14,0,112.79,2.62
2018,5,28,15,0,65.54,3.35
2018,5,28,16,0,14.17,2.0100000000000002
2018,5,28,17,0,33.29,2.2800000000000002
2018,5,28,18,0,49.86,3.34
2018,5,28,19,0,43.33,1.12
2018,5,28,20,0,333.49,0.43
2018,5,28,21,0,291.45,2.09
2018,5,28,22,0,304.13,3.09
2018,5,28,23,0,304.09000000000003,2.0100000000000002
2018,5,29,0,0,267.26,2.75
2018,5,29,1,0,240.95000000000002,4.19
2018,5,29,2,0,245.84,2.11
2018,5,29,3,0,151.06,3.93
2018,5,29,4,0,172.71,3.97
2018,5,29,5,0,137.26,10.34
2018,5,29,6,0,137.20000000000002,10.77
2018,5,29,7,0,157.14000000000001,6.4
2018,5,29,8,0,255.98000000000002,4.26
2018,5,29,9,0,219.06,4.39
2018,5,29,10,0,182.19,2.87
2018,5,29,11,0,214.9,2.05
2018,5,29,12,0,171.33,2.12
2018,5,29,13,0,149.32,1.6600000000000001
2018,5,29,14,0,132.16,4.86
2018,5,29,15,0,123.09,11.950000000000001
2018,5,29,16,0,123.57000000000001,13.72
2018,5,29,17,0,125.8,12.67
2018,5,29,18,0,130.51,13.21
2018,5,29,19,0,130.84,14.370000000000001
2018,5,29,20,0,131.5,13.57
2018,5,29,21,0,129.93,12.89
2018,5,29,22,0,127.25,18.5
2018,5,29,23,0,124.91,18.38
2018,5,30,0,0,125.98,17.53
2018,5,30,1,0,125.76,17.150000000000002
2018,5,30,2,0,127.24000000000001,16.53
2018,5,30,3,0,127.37,16.78
2018,5,30,4,0,128.48,17.42
2018,5,30,5,0,134.59,17
2018,5,30,6,0,133.98,17.86
2018,5,30,7,0,133.97,17.73
2018,5,30,8,0,134.73,17.23
2018,5,30,9,0,132.94,16.32
2018,5,30,10,0,134.58,16.06
2018,5,30,11,0,128.82,16.84
2018,5,30,12,0,126.7,17.01
2018,5,30,13,0,127.22,16.11
2018,5,30,14,0,126.15,16.38
2018,5,30,15,0,124.74000000000001,15.42
2018,5,30,16,0,125.17,16.13
2018,5,30,17,0,128.42000000000002,15.06
2018,5,30,18,0,127.92,14.38
2018,5,30,19,0,127.06,14.84
2018,5,30,20,0,125.64,15.200000000000001
2018,5,30,21,0,126.12,15.700000000000001
2018,5,30,22,0,125.05,16.080000000000002
2018,5,30,23,0,124.28,16.23
2018,5,31,0,0,124.67,17.18
2018,5,31,1,0,124.7,17.28
2018,5,31,2,0,124.22,17.14
2018,5,31,3,0,124.12,17.36
2018,5,31,4,0,125.08,17.37
2018,5,31,5,0,125.47,17.330000000000002
2018,5,31,6,0,126.43,17.14
2018,5,31,7,0,126.34,17.26
2018,5,31,8,0,126.41,16.92
2018,5,31,9,0,125.56,16.85
2018,5,31,10,0,125.87,15.66
2018,5,31,11,0,125.42,14.99
2018,5,31,12,0,123.07000000000001,15.030000000000001
2018,5,31,13,0,102.06,10.72
2018,5,31,14,0,15.950000000000001,3.45
2018,5,31,15,0,8.28,4.41
2018,5,31,16,0,6.5200000000000005,4.1
2018,5,31,17,0,18.07,2.31
2018,5,31,18,0,139.37,1
2018,5,31,19,0,124.75,3.98
2018,5,31,20,0,130.94,3.89
2018,5,31,21,0,130.33,4.28
2018,5,31,22,0,133.39000000000001,6.24
2018,5,31,23,0,131.79,7.43
2018,6,1,0,0,132.01,8.26
2018,6,1,1,0,131.36,8.71
2018,6,1,2,0,127.29,7.23
2018,6,1,3,0,130.83,7.8500000000000005
2018,6,1,4,0,130.92000000000002,7.21
2018,6,1,5,0,130.25,5.79
2018,6,1,6,0,132.24,4.97
2018,6,1,7,0,130.7,4.95
2018,6,1,8,0,130.76,4.43
2018,6,1,9,0,121.89,3.52
2018,6,1,10,0,104.75,1.47
2018,6,1,11,0,3.22,2.47
2018,6,1,12,0,359.18,6.1000000000000005
2018,6,1,13,0,13.46,8.64
2018,6,1,14,0,13.39,8.13
2018,6,1,15,0,14.16,6.83
2018,6,1,16,0,20.62,5.53
2018,6,1,17,0,22.28,4.14
2018,6,1,18,0,22.53,3.79
2018,6,1,19,0,0.66,2.58
2018,6,1,20,0,209.16,1.72
2018,6,1,21,0,222.78,2.34
2018,6,1,22,0,225.11,2.41
2018,6,1,23,0,242.66,3.0300000000000002
2018,6,2,0,0,250.1,3.45
2018,6,2,1,0,256.71,5.19
2018,6,2,2,0,253.09,4.96
2018,6,2,3,0,246.70000000000002,4.46
2018,6,2,4,0,13.08,1.81
2018,6,2,5,0,347.88,0.33
2018,6,2,6,0,235.20000000000002,0.56
2018,6,2,7,0,210.70000000000002,1.32
2018,6,2,8,0,27.740000000000002,2.84
2018,6,2,9,0,13.21,6.82
2018,6,2,10,0,2.82,6.54
2018,6,2,11,0,341.74,6.82
2018,6,2,12,0,355.41,5.48
2018,6,2,13,0,11.8,6.5200000000000005
2018,6,2,14,0,13.88,8.44
2018,6,2,15,0,346.26,5.96
2018,6,2,16,0,315.47,3.91
2018,6,2,17,0,300.26,3.0700000000000003
2018,6,2,18,0,294.56,3.0700000000000003
2018,6,2,19,0,296.37,2.5100000000000002
2018,6,2,20,0,260.48,1.73
2018,6,2,21,0,255.3,1.34
2018,6,2,22,0,121.56,3.35
2018,6,2,23,0,127.29,15.72
2018,6,3,0,0,126.24000000000001,17.01
2018,6,3,1,0,124.11,17.5
2018,6,3,2,0,125.35000000000001,18.02
2018,6,3,3,0,126.25,17.52
2018,6,3,4,0,127.60000000000001,16.96
2018,6,3,5,0,130.65,15.32
2018,6,3,6,0,131.29,14.98
2018,6,3,7,0,131.19,14.25
2018,6,3,8,0,133.69,13.26
2018,6,3,9,0,134.23,11.78
2018,6,3,10,0,136.3,10.84
2018,6,3,11,0,150.41,8.11
2018,6,3,12,0,153.49,6.49
2018,6,3,13,0,179.13,4.75
2018,6,3,14,0,179.6,3.39
2018,6,3,15,0,190.35,3.09
2018,6,3,16,0,162.69,1.6300000000000001
2018,6,3,17,0,242.83,0.84
2018,6,3,18,0,320.93,1.3900000000000001
2018,6,3,19,0,305.45,1.6
2018,6,3,20,0,286.64,2.88
2018,6,3,21,0,274.07,3.5700000000000003
2018,6,3,22,0,275.45,3.02
2018,6,3,23,0,264.82,5.2
2018,6,4,0,0,262.63,5.64
2018,6,4,1,0,259.33,8.13
2018,6,4,2,0,255.8,8.89
2018,6,4,3,0,253.25,8.2
2018,6,4,4,0,250.66,8.9
2018,6,4,5,0,248.75,8.5
2018,6,4,6,0,244.6,8.99
2018,6,4,7,0,203.1,4.82
2018,6,4,8,0,215.22,5.61
2018,6,4,9,0,192.93,5.13
2018,6,4,10,0,201.76,6.12
2018,6,4,11,0,205.20000000000002,5.18
2018,6,4,12,0,194.45000000000002,5.5200000000000005
2018,6,4,13,0,197.19,6.17
2018,6,4,14,0,192.98000000000002,5.76
2018,6,4,15,0,197.05,6.41
2018,6,4,16,0,192.04,4.8
2018,6,4,17,0,182.19,2.88
2018,6,4,18,0,259.11,1.9100000000000001
2018,6,4,19,0,292.37,1.99
2018,6,4,20,0,288.31,4.1
2018,6,4,21,0,293.03000000000003,4.41
2018,6,4,22,0,283.29,4.3500000000000005
2018,6,4,23,0,277.87,4.23
2018,6,5,0,0,266.52,4.87
2018,6,5,1,0,257.56,5.3
2018,6,5,2,0,254.76000000000002,5.96
2018,6,5,3,0,253.06,6.390000000000001
2018,6,5,4,0,258.16,6.3500000000000005
2018,6,5,5,0,249.67000000000002,7.640000000000001
2018,6,5,6,0,249.24,7.3100000000000005
2018,6,5,7,0,247.31,6.73
2018,6,5,8,0,241.05,6.53
2018,6,5,9,0,231.96,5.93
2018,6,5,10,0,238.01,5.37
2018,6,5,11,0,213.72,5.04
2018,6,5,12,0,204.39000000000001,4.74
2018,6,5,13,0,198.79,5.18
2018,6,5,14,0,203.96,5.57
2018,6,5,15,0,197.47,4.75
2018,6,5,16,0,183.07,5.36
2018,6,5,17,0,165.56,5.5
2018,6,5,18,0,176.67000000000002,3.7
2018,6,5,19,0,150.42000000000002,5.16
2018,6,5,20,0,139.07,7.49
2018,6,5,21,0,146.18,6.87
2018,6,5,22,0,171.03,3.5100000000000002
2018,6,5,23,0,161.34,4.42
2018,6,6,0,0,149.85,5.71
2018,6,6,1,0,129.25,9.9
2018,6,6,2,0,132.32,9.200000000000001
2018,6,6,3,0,135.19,8.290000000000001
2018,6,6,4,0,147.75,4.93
2018,6,6,5,0,189.79,3.04
2018,6,6,6,0,267.64,2.19
2018,6,6,7,0,229.38,2.2
2018,6,6,8,0,266.16,3.17
2018,6,6,9,0,258.9,3.7
2018,6,6,10,0,241.45000000000002,3.73
2018,6,6,11,0,218,2.86
2018,6,6,12,0,218.98000000000002,2.41
2018,6,6,13,0,203.96,2.21
2018,6,6,14,0,209.91,2.8000000000000003
2018,6,6,15,0,207.78,2.05
2018,6,6,16,0,237.93,1.6500000000000001
2018,6,6,17,0,259.47,1.6300000000000001
2018,6,6,18,0,285.34000000000003,2.31
2018,6,6,19,0,286.47,1.8900000000000001
2018,6,6,20,0,258.72,2.08
2018,6,6,21,0,250.26000000000002,2.15
2018,6,6,22,0,272.41,2.48
2018,6,6,23,0,276.55,2.34
2018,6,7,0,0,280,1.95
2018,6,7,1,0,274.57,1.94
2018,6,7,2,0,158.25,1.84
2018,6,7,3,0,116.41,8.6
2018,6,7,4,0,120.24000000000001,12.69
2018,6,7,5,0,120.47,12.790000000000001
2018,6,7,6,0,123.53,13.15
2018,6,7,7,0,127.09,13.41
2018,6,7,8,0,134.16,13.23
2018,6,7,9,0,136.77,11.16
2018,6,7,10,0,138.13,11.8
2018,6,7,11,0,144.56,10.55
2018,6,7,12,0,150.59,9.24
2018,6,7,13,0,142.23,9.75
2018,6,7,14,0,145.59,9.3
2018,6,7,15,0,144.45000000000002,8.16
2018,6,7,16,0,155.72,7.37
2018,6,7,17,0,160.05,5.53
2018,6,7,18,0,147.68,4.84
2018,6,7,19,0,150.55,4.66
2018,6,7,20,0,144.32,3.64
2018,6,7,21,0,166.34,1.77
2018,6,7,22,0,150.68,2.08
2018,6,7,23,0,115.15,1.72
2018,6,8,0,0,257.38,0.92
2018,6,8,1,0,241.44,3.56
2018,6,8,2,0,249.21,9.28
2018,6,8,3,0,244.61,7.75
2018,6,8,4,0,242.85,5.21
2018,6,8,5,0,218.79,2.74
2018,6,8,6,0,131.13,7.62
2018,6,8,7,0,136.56,5.08
2018,6,8,8,0,137.55,3.7
2018,6,8,9,0,125.76,3.44
2018,6,8,10,0,145.52,3.75
2018,6,8,11,0,142.99,2.91
2018,6,8,12,0,145.45000000000002,3.81
2018,6,8,13,0,183.57,2.64
2018,6,8,14,0,14.82,1.6500000000000001
2018,6,8,15,0,350.15000000000003,2.77
2018,6,8,16,0,347.40000000000003,2.19
2018,6,8,17,0,309.33,1.24
2018,6,8,18,0,294.40000000000003,1.6300000000000001
2018,6,8,19,0,301.19,1.75
2018,6,8,20,0,274.68,1.68
2018,6,8,21,0,277.98,1.72
2018,6,8,22,0,263.73,1.41
2018,6,8,23,0,221.28,0.9500000000000001
2018,6,9,0,0,228.75,1.35
2018,6,9,1,0,134.78,3.68
2018,6,9,2,0,129.16,10.65
2018,6,9,3,0,131.77,13.11
2018,6,9,4,0,131.04,12.96
2018,6,9,5,0,137.53,10.68
2018,6,9,6,0,137.29,10.71
2018,6,9,7,0,145.56,8.22
2018,6,9,8,0,145.83,7.98
2018,6,9,9,0,156.51,6.53
2018,6,9,10,0,169.49,4.34
2018,6,9,11,0,153.77,4.5
2018,6,9,12,0,195.13,3.96
2018,6,9,13,0,223.72,1.7
2018,6,9,14,0,234.74,1.93
2018,6,9,15,0,252.75,1.85
2018,6,9,16,0,290.57,1.09
2018,6,9,17,0,322.52,1.42
2018,6,9,18,0,326.31,1.31
2018,6,9,19,0,324.32,2.23
2018,6,9,20,0,310.14,1.61
2018,6,9,21,0,267.13,1.8
2018,6,9,22,0,289.38,1.87
2018,6,9,23,0,210.62,0.7000000000000001
2018,6,10,0,0,239.8,1.3900000000000001
2018,6,10,1,0,244.51,2.11
2018,6,10,2,0,233.55,2.44
2018,6,10,3,0,254.24,3.21
2018,6,10,4,0,255.46,3.77
2018,6,10,5,0,246.51000000000002,3.87
2018,6,10,6,0,259.85,6.34
2018,6,10,7,0,233.1,5.42
2018,6,10,8,0,218.94,5.12
2018,6,10,9,0,224.24,5.76
2018,6,10,10,0,207.85,5.3500000000000005
2018,6,10,11,0,198.12,3.8000000000000003
2018,6,10,12,0,201.06,4.18
2018,6,10,13,0,189.39000000000001,4.3500000000000005
2018,6,10,14,0,200.8,2.4
2018,6,10,15,0,210.67000000000002,1.1400000000000001
2018,6,10,16,0,179.9,1.87
2018,6,10,17,0,179.07,1.87
2018,6,10,18,0,183.58,0.44
2018,6,10,19,0,300.63,1.44
2018,6,10,20,0,283.43,1.1
2018,6,10,21,0,266.96,1.26
2018,6,10,22,0,263.45,2.37
2018,6,10,23,0,260.15,3.44
2018,6,11,0,0,254.71,3.29
2018,6,11,1,0,153.54,3.7
2018,6,11,2,0,140.09,7.95
2018,6,11,3,0,132.91,11.83
2018,6,11,4,0,133.15,11.52
2018,6,11,5,0,134.9,9.94
2018,6,11,6,0,135.57,12.790000000000001
2018,6,11,7,0,153.54,9.74
2018,6,11,8,0,169.66,7.67
2018,6,11,9,0,172.44,5.8500000000000005
2018,6,11,10,0,269.66,2.02
2018,6,11,11,0,278.76,1.49
2018,6,11,12,0,357.58,3.15
2018,6,11,13,0,41.45,7.3100000000000005
2018,6,11,14,0,32.53,4.4
2018,6,11,15,0,4.57,5.1000000000000005
2018,6,11,16,0,358.18,4.04
2018,6,11,17,0,353.35,2.96
2018,6,11,18,0,358.24,1.06
2018,6,11,19,0,142.76,3.27
2018,6,11,20,0,122.34,7.6000000000000005
2018,6,11,21,0,119.22,9.07
2018,6,11,22,0,114.96000000000001,11.07
2018,6,11,23,0,120.38,10.13
2018,6,12,0,0,122.56,13.52
2018,6,12,1,0,125.67,14.67
2018,6,12,2,0,123.71000000000001,16.22
2018,6,12,3,0,122.86,17
2018,6,12,4,0,126.41,20.17
2018,6,12,5,0,127.19,21.85
2018,6,12,6,0,130.59,20.79
2018,6,12,7,0,130.01,20.43
2018,6,12,8,0,131.37,19.87
2018,6,12,9,0,131.35,18.78
2018,6,12,10,0,130.96,18.22
2018,6,12,11,0,132.7,16.51
2018,6,12,12,0,129.26,16
2018,6,12,13,0,125,13.42
2018,6,12,14,0,133.64000000000001,10.76
2018,6,12,15,0,109.39,12.25
2018,6,12,16,0,79.71000000000001,3.96
2018,6,12,17,0,50.410000000000004,3.89
2018,6,12,18,0,86.58,3.0700000000000003
2018,6,12,19,0,119.62,3.63
2018,6,12,20,0,118.7,5.65
2018,6,12,21,0,115.10000000000001,7.9
2018,6,12,22,0,109.51,8.290000000000001
2018,6,12,23,0,114.48,6.8100000000000005
2018,6,13,0,0,114.35000000000001,4.76
2018,6,13,1,0,119.44,5.66
2018,6,13,2,0,127.9,5.97
2018,6,13,3,0,106.66,4.5
2018,6,13,4,0,108.83,3.19
2018,6,13,5,0,123.86,3.5
2018,6,13,6,0,140.63,2.07
2018,6,13,7,0,266.48,0.4
2018,6,13,8,0,275.17,1.67
2018,6,13,9,0,285.13,2.63
2018,6,13,10,0,304.96,2.98
2018,6,13,11,0,18.3,4.47
2018,6,13,12,0,8.11,7.2700000000000005
2018,6,13,13,0,2.67,8.620000000000001
2018,6,13,14,0,5.38,7.76
2018,6,13,15,0,3.65,6.88
2018,6,13,16,0,2.47,5.2
2018,6,13,17,0,3.39,4.49
2018,6,13,18,0,346.09000000000003,4.6000000000000005
2018,6,13,19,0,262.49,4.13
2018,6,13,20,0,266.09000000000003,3.5
2018,6,13,21,0,266.17,4.17
2018,6,13,22,0,264.46,5.44
2018,6,13,23,0,260.63,6.3500000000000005
2018,6,14,0,0,259.83,6.67
2018,6,14,1,0,261.19,6.88
2018,6,14,2,0,258.85,6.79
2018,6,14,3,0,254.69,6.4
2018,6,14,4,0,248.57,6.4
2018,6,14,5,0,240.12,6.69
2018,6,14,6,0,230.20000000000002,5.42
2018,6,14,7,0,205.95000000000002,3.42
2018,6,14,8,0,223.23000000000002,3.89
2018,6,14,9,0,179.97,4.92
2018,6,14,10,0,193.4,5.25
2018,6,14,11,0,196.38,4.94
2018,6,14,12,0,209.72,4.0200000000000005
2018,6,14,13,0,215.02,4.0600000000000005
2018,6,14,14,0,216.07,3.77
2018,6,14,15,0,208.25,3.06
2018,6,14,16,0,239.67000000000002,1.3900000000000001
2018,6,14,17,0,239.88,0.85
2018,6,14,18,0,203.43,1.08
2018,6,14,19,0,183.07,1.1400000000000001
2018,6,14,20,0,243.09,0.86
2018,6,14,21,0,261.09000000000003,1.47
2018,6,14,22,0,275.52,2.48
2018,6,14,23,0,271.49,2.54
2018,6,15,0,0,266.82,3.62
2018,6,15,1,0,254.85,3.67
2018,6,15,2,0,269.22,2.65
2018,6,15,3,0,248.17000000000002,5.0200000000000005
2018,6,15,4,0,247.4,3.62
2018,6,15,5,0,222.22,4.4
2018,6,15,6,0,130.56,5.68
2018,6,15,7,0,145,8.26
2018,6,15,8,0,144.67000000000002,9.16
2018,6,15,9,0,136.42000000000002,11.81
2018,6,15,10,0,130.26,13.38
2018,6,15,11,0,128.74,14.51
2018,6,15,12,0,128.5,15.450000000000001
2018,6,15,13,0,126.71000000000001,16.830000000000002
2018,6,15,14,0,127.63000000000001,18.400000000000002
2018,6,15,15,0,128.23,18.400000000000002
2018,6,15,16,0,129.07,18.3
2018,6,15,17,0,129.92000000000002,16.81
2018,6,15,18,0,131.3,16.13
2018,6,15,19,0,127.35000000000001,16.61
2018,6,15,20,0,127.29,17.68
2018,6,15,21,0,121.61,20.28
2018,6,15,22,0,121.92,22.79
2018,6,15,23,0,124.61,20.330000000000002
2018,6,16,0,0,135.33,17.19
2018,6,16,1,0,131.99,23.6
2018,6,16,2,0,123.67,27.77
2018,6,16,3,0,131.68,24.41
2018,6,16,4,0,122.77,31.03
2018,6,16,5,0,124.21000000000001,31.71
2018,6,16,6,0,125.28,30.77
2018,6,16,7,0,122.60000000000001,30.77
2018,6,16,8,0,121.57000000000001,30.55
2018,6,16,9,0,121.17,29.79
2018,6,16,10,0,122.23,28.95
2018,6,16,11,0,124.2,28.67
2018,6,16,12,0,125.51,28.28
2018,6,16,13,0,125.85000000000001,27.71
2018,6,16,14,0,126.19,26.76
2018,6,16,15,0,126.78,25.79
2018,6,16,16,0,125.74000000000001,24.64
2018,6,16,17,0,128.11,23.6
2018,6,16,18,0,129.05,23.39
2018,6,16,19,0,129.42000000000002,23.38
2018,6,16,20,0,128.24,23.66
2018,6,16,21,0,127.56,22.82
2018,6,16,22,0,127.26,22.400000000000002
2018,6,16,23,0,127.49000000000001,21.31
2018,6,17,0,0,127.10000000000001,20.1
2018,6,17,1,0,126.94,19.13
2018,6,17,2,0,128.58,17
2018,6,17,3,0,129.97,14.72
2018,6,17,4,0,132.43,13.88
2018,6,17,5,0,131,13.700000000000001
2018,6,17,6,0,125.91,14.33
2018,6,17,7,0,129.2,15.72
2018,6,17,8,0,131.42000000000002,13.57
2018,6,17,9,0,129.18,13.620000000000001
2018,6,17,10,0,132.46,12.3
2018,6,17,11,0,146.1,7.55
2018,6,17,12,0,149.66,4.62
2018,6,17,13,0,143.09,3.97
2018,6,17,14,0,130.26,5.59
2018,6,17,15,0,138.1,6.05
2018,6,17,16,0,139.74,8.69
2018,6,17,17,0,137.56,10.41
2018,6,17,18,0,137.37,12.81
2018,6,17,19,0,132.49,13.790000000000001
2018,6,17,20,0,127.03,16.09
2018,6,17,21,0,124.91,19.05
2018,6,17,22,0,123.75,20.87
2018,6,17,23,0,123.05,22.72
2018,6,18,0,0,123.61,23.22
2018,6,18,1,0,125.23,23
2018,6,18,2,0,134.15,21.61
2018,6,18,3,0,136.19,21.35
2018,6,18,4,0,119.37,23.490000000000002
2018,6,18,5,0,121.03,22.77
2018,6,18,6,0,118.97,25.69
2018,6,18,7,0,15.52,6.63
2018,6,18,8,0,76.64,7.84
2018,6,18,9,0,120.01,21.77
2018,6,18,10,0,109.62,16.19
2018,6,18,11,0,101.73,3.33
2018,6,18,12,0,126.43,18.3
2018,6,18,13,0,123.16,23.12
2018,6,18,14,0,134.13,20.89
2018,6,18,15,0,148.88,17.17
2018,6,18,16,0,136.38,27.7
2018,6,18,17,0,129.99,31.51
2018,6,18,18,0,131.55,30.66
2018,6,18,19,0,128.75,29.59
2018,6,18,20,0,125.73,27.1
2018,6,18,21,0,125.64,24.52
2018,6,18,22,0,129.24,26.5
2018,6,18,23,0,128.16,25.66
2018,6,19,0,0,128.51,25.75
2018,6,19,1,0,126.60000000000001,26.54
2018,6,19,2,0,126.96000000000001,25.67
2018,6,19,3,0,127.02,24.29
2018,6,19,4,0,127.06,22.96
2018,6,19,5,0,126.09,21.7
2018,6,19,6,0,125.46000000000001,20.91
2018,6,19,7,0,127.21000000000001,21.18
2018,6,19,8,0,127.74000000000001,20.36
2018,6,19,9,0,131.34,17.68
2018,6,19,10,0,139.57,13.43
2018,6,19,11,0,144.13,8.02
2018,6,19,12,0,159.3,4.7
2018,6,19,13,0,223.24,2.72
2018,6,19,14,0,213.1,2.2
2018,6,19,15,0,240.78,2.17
2018,6,19,16,0,309.85,1.6300000000000001
2018,6,19,17,0,289.51,3.16
2018,6,19,18,0,281.77,4.74
2018,6,19,19,0,283.46,4.8
2018,6,19,20,0,280.17,4.3500000000000005
2018,6,19,21,0,279.03000000000003,4.43
2018,6,19,22,0,282.38,3.62
2018,6,19,23,0,287.69,3.5100000000000002
2018,6,20,0,0,283.66,3.18
2018,6,20,1,0,289.83,3.46
2018,6,20,2,0,296.81,2.92
2018,6,20,3,0,299.96,1.36
2018,6,20,4,0,141.48,2.08
2018,6,20,5,0,94.16,3.21
2018,6,20,6,0,42.11,4
2018,6,20,7,0,30.39,5.7
2018,6,20,8,0,17.46,7.01
2018,6,20,9,0,22.28,7.66
2018,6,20,10,0,22.7,7.890000000000001
2018,6,20,11,0,19.72,7.9
2018,6,20,12,0,19.25,7.84
2018,6,20,13,0,17.1,9.02
2018,6,20,14,0,16.64,9.05
2018,6,20,15,0,16.240000000000002,8.52
2018,6,20,16,0,17.080000000000002,7.43
2018,6,20,17,0,21.88,6.61
2018,6,20,18,0,16.85,6.8500000000000005
2018,6,20,19,0,20.400000000000002,5.61
2018,6,20,20,0,16.240000000000002,4.18
2018,6,20,21,0,15.34,3.67
2018,6,20,22,0,14.52,2.95
2018,6,20,23,0,100.42,0.7000000000000001
2018,6,21,0,0,126.36,8.47
2018,6,21,1,0,123.37,11.31
2018,6,21,2,0,124.26,14.83
2018,6,21,3,0,128.93,15.63
2018,6,21,4,0,122.62,16.75
2018,6,21,5,0,120,16.96
2018,6,21,6,0,123.29,15.71
2018,6,21,7,0,167.12,4.08
2018,6,21,8,0,295.54,2.87
2018,6,21,9,0,112.17,3.21
2018,6,21,10,0,126.33,9.42
2018,6,21,11,0,142.87,6.51
2018,6,21,12,0,152.3,4.75
2018,6,21,13,0,144.24,7.33
2018,6,21,14,0,138.04,12.4
2018,6,21,15,0,136.05,13.21
2018,6,21,16,0,142.05,8.97
2018,6,21,17,0,146.75,5.26
2018,6,21,18,0,147.62,2.36
2018,6,21,19,0,141.77,5.83
2018,6,21,20,0,169.73,2.61
2018,6,21,21,0,139.38,10.91
2018,6,21,22,0,205.64000000000001,3.8200000000000003
2018,6,21,23,0,207.20000000000002,2.88
2018,6,22,0,0,160.86,5.08
2018,6,22,1,0,164.22,5.98
2018,6,22,2,0,239.75,4.71
2018,6,22,3,0,249.20000000000002,6.0600000000000005
2018,6,22,4,0,243.94,6.5
2018,6,22,5,0,239.42000000000002,5.24
2018,6,22,6,0,211.69,3.17
2018,6,22,7,0,199.98000000000002,3.89
2018,6,22,8,0,201.37,4.43
2018,6,22,9,0,213.81,4.46
2018,6,22,10,0,212.45000000000002,3.83
2018,6,22,11,0,217.72,3.44
2018,6,22,12,0,216.84,2.63
2018,6,22,13,0,210.23000000000002,2.79
2018,6,22,14,0,181.54,2.79
2018,6,22,15,0,174.36,3.47
2018,6,22,16,0,187.1,3.98
2018,6,22,17,0,200.02,3.75
2018,6,22,18,0,194.20000000000002,2.84
2018,6,22,19,0,193.6,2.75
2018,6,22,20,0,200.08,2.33
2018,6,22,21,0,163.21,2.35
2018,6,22,22,0,145.07,2.29
2018,6,22,23,0,155.6,2.11
2018,6,23,0,0,173.18,1.77
2018,6,23,1,0,174.65,1.79
2018,6,23,2,0,172.49,0.88
2018,6,23,3,0,98.63,1.18
2018,6,23,4,0,237.74,2.29
2018,6,23,5,0,277.75,4.67
2018,6,23,6,0,237.1,5.03
2018,6,23,7,0,153.47,2.35
2018,6,23,8,0,151.71,2.86
2018,6,23,9,0,132.1,5.54
2018,6,23,10,0,149.65,5.93
2018,6,23,11,0,178.62,4.25
2018,6,23,12,0,199.34,3.12
2018,6,23,13,0,193.72,2.7800000000000002
2018,6,23,14,0,182.43,2.75
2018,6,23,15,0,206.01,1.93
2018,6,23,16,0,181.37,0.9500000000000001
2018,6,23,17,0,174.07,1.79
2018,6,23,18,0,265.21,1.02
2018,6,23,19,0,307.47,3.09
2018,6,23,20,0,306.43,3.72
2018,6,23,21,0,290.75,3.84
2018,6,23,22,0,279.6,3.86
2018,6,23,23,0,281.12,3.2
2018,6,24,0,0,274.63,2.48
2018,6,24,1,0,255.92000000000002,1.9000000000000001
2018,6,24,2,0,230.61,1.86
2018,6,24,3,0,258.07,1.6600000000000001
2018,6,24,4,0,263.23,2.22
2018,6,24,5,0,253.3,2.38
2018,6,24,6,0,238.02,2.0100000000000002
2018,6,24,7,0,249.20000000000002,3.2800000000000002
2018,6,24,8,0,247.99,2.6
2018,6,24,9,0,249.96,2.6
2018,6,24,10,0,214.98000000000002,2.46
2018,6,24,11,0,219.20000000000002,2.99
2018,6,24,12,0,237.09,3.46
2018,6,24,13,0,236.82,3.02
2018,6,24,14,0,235.32,2.2
2018,6,24,15,0,223.41,1.87
2018,6,24,16,0,231.27,1.6400000000000001
2018,6,24,17,0,222.05,1.34
2018,6,24,18,0,233.37,1.1400000000000001
2018,6,24,19,0,254.62,1.79
2018,6,24,20,0,254.19,2.2800000000000002
2018,6,24,21,0,251.08,2.56
2018,6,24,22,0,242.64000000000001,3.1
2018,6,24,23,0,247.54,3.89
2018,6,25,0,0,254.6,4.78
2018,6,25,1,0,255.37,5.75
2018,6,25,2,0,254.74,5.55
2018,6,25,3,0,254.57,4.84
2018,6,25,4,0,253.14000000000001,4.8
2018,6,25,5,0,250.17000000000002,6.13
2018,6,25,6,0,249.05,8.34
2018,6,25,7,0,243.06,8.11
2018,6,25,8,0,226.61,7.640000000000001
2018,6,25,9,0,221.07,6.8
2018,6,25,10,0,194.84,5.3100000000000005
2018,6,25,11,0,194.86,4.05
2018,6,25,12,0,196.04,3.72
2018,6,25,13,0,199.55,3.52
2018,6,25,14,0,227.57,2.44
2018,6,25,15,0,260.49,2.0100000000000002
2018,6,25,16,0,254.84,2.08
2018,6,25,17,0,273.79,1.75
2018,6,25,18,0,272.63,2.22
2018,6,25,19,0,286.22,2.67
2018,6,25,20,0,288.86,3.38
2018,6,25,21,0,273.88,3.8200000000000003
2018,6,25,22,0,270.14,5.5
2018,6,25,23,0,256.12,5.38
2018,6,26,0,0,256.72,8.55
2018,6,26,1,0,254.68,6.9
2018,6,26,2,0,254.59,6.6000000000000005
2018,6,26,3,0,259.75,6.22
2018,6,26,4,0,254.91,6.49
2018,6,26,5,0,256.82,8.01
2018,6,26,6,0,254.20000000000002,9.07
2018,6,26,7,0,254.97,7.9
2018,6,26,8,0,244.52,6.24
2018,6,26,9,0,228.23000000000002,3.14
2018,6,26,10,0,222.08,2.0100000000000002
2018,6,26,11,0,202.61,0.63
2018,6,26,12,0,23.21,0.48
2018,6,26,13,0,37.42,2.2800000000000002
2018,6,26,14,0,108.47,9.18
2018,6,26,15,0,105.91,9.26
2018,6,26,16,0,119.06,12.6
2018,6,26,17,0,124.44,11.77
2018,6,26,18,0,124.51,12.57
2018,6,26,19,0,125.11,13.11
2018,6,26,20,0,124.04,13.64
2018,6,26,21,0,122.10000000000001,14.48
2018,6,26,22,0,122.13,15.74
2018,6,26,23,0,122.66,16.1
2018,6,27,0,0,123.75,16.62
2018,6,27,1,0,123.17,17.19
2018,6,27,2,0,122.58,18.45
2018,6,27,3,0,124.84,19.06
2018,6,27,4,0,129.93,18.14
2018,6,27,5,0,126.99000000000001,18.79
2018,6,27,6,0,129.54,18.03
2018,6,27,7,0,130,17.98
2018,6,27,8,0,128.13,18.25
2018,6,27,9,0,125.5,19.04
2018,6,27,10,0,126.05,19.47
2018,6,27,11,0,124.78,20.25
2018,6,27,12,0,126.13000000000001,19.35
2018,6,27,13,0,124.33,19.67
2018,6,27,14,0,122.03,20.84
2018,6,27,15,0,118.07000000000001,20.28
2018,6,27,16,0,119.27,20.330000000000002
2018,6,27,17,0,121.51,19.71
2018,6,27,18,0,121.97,20.1
2018,6,27,19,0,120.67,20.6
2018,6,27,20,0,121.22,20.3
2018,6,27,21,0,123.54,20.400000000000002
2018,6,27,22,0,125.71000000000001,20.490000000000002
2018,6,27,23,0,126.11,20.39
2018,6,28,0,0,126.88000000000001,20.91
2018,6,28,1,0,125.08,20.05
2018,6,28,2,0,122.23,19.240000000000002
2018,6,28,3,0,120.64,18.55
2018,6,28,4,0,115.59,17.89
2018,6,28,5,0,114.37,18.28
2018,6,28,6,0,115.33,18.7
2018,6,28,7,0,113.44,17.23
2018,6,28,8,0,112.12,17.81
2018,6,28,9,0,110.54,17.25
2018,6,28,10,0,112.79,17.27
2018,6,28,11,0,107.41,14.44
2018,6,28,12,0,107.29,14
2018,6,28,13,0,107.5,10.9
2018,6,28,14,0,110.5,12.42
2018,6,28,15,0,111.71000000000001,11.24
2018,6,28,16,0,115.37,10.85
2018,6,28,17,0,112.67,7.390000000000001
2018,6,28,18,0,114.7,15.13
2018,6,28,19,0,119.15,15.790000000000001
2018,6,28,20,0,121.03,15.88
2018,6,28,21,0,122.84,15.08
2018,6,28,22,0,125.82000000000001,14.4
2018,6,28,23,0,131.94,16.81
2018,6,29,0,0,134.49,16.57
2018,6,29,1,0,134.55,17.59
2018,6,29,2,0,129.7,17.32
2018,6,29,3,0,129.41,17.080000000000002
2018,6,29,4,0,131.27,16.15
2018,6,29,5,0,133.81,15.200000000000001
2018,6,29,6,0,126.76,15.55
2018,6,29,7,0,123.88000000000001,15.56
2018,6,29,8,0,123.12,14.22
2018,6,29,9,0,126.96000000000001,13.530000000000001
2018,6,29,10,0,121.4,12.200000000000001
2018,6,29,11,0,129.01,12.01
2018,6,29,12,0,128.89000000000001,13.63
2018,6,29,13,0,129.55,12.85
2018,6,29,14,0,118.46000000000001,13.17
2018,6,29,15,0,113.9,11.86
2018,6,29,16,0,93.7,4.58
2018,6,29,17,0,106.18,7.930000000000001
2018,6,29,18,0,107.58,7.3
2018,6,29,19,0,102.64,6.390000000000001
2018,6,29,20,0,111.99000000000001,7.99
2018,6,29,21,0,113.97,8.41
2018,6,29,22,0,118.43,10.870000000000001
2018,6,29,23,0,119,13.26
2018,6,30,0,0,118.77,14.280000000000001
2018,6,30,1,0,120.44,13.72
2018,6,30,2,0,122.61,13.35
2018,6,30,3,0,122.85000000000001,13.68
2018,6,30,4,0,130.66,11.72
2018,6,30,5,0,132.96,10.67
2018,6,30,6,0,135.41,9.52
2018,6,30,7,0,141.01,7.3100000000000005
2018,6,30,8,0,146.29,6.0600000000000005
2018,6,30,9,0,144.98,5.96
2018,6,30,10,0,143.58,6.8
2018,6,30,11,0,184.46,3.81
2018,6,30,12,0,173.94,3.48
2018,6,30,13,0,217.78,2.5
2018,6,30,14,0,209.98000000000002,2.46
2018,6,30,15,0,184.85,2.41
2018,6,30,16,0,197.42000000000002,2.12
2018,6,30,17,0,230.68,1.85
2018,6,30,18,0,235.3,1.03
2018,6,30,19,0,264.08,0.78
2018,6,30,20,0,291.5,2.15
2018,6,30,21,0,280.2,2.6
2018,6,30,22,0,284.96,3.3000000000000003
2018,6,30,23,0,271.09000000000003,3.68
2018,7,1,0,0,266.49,3.98
2018,7,1,1,0,264.59000000000003,4.12
2018,7,1,2,0,260.12,4.7
2018,7,1,3,0,256.8,5.1000000000000005
2018,7,1,4,0,258.1,6.58
2018,7,1,5,0,245.57,5.1000000000000005
2018,7,1,6,0,242.53,8.120000000000001
2018,7,1,7,0,211.63,4.71
2018,7,1,8,0,218.39000000000001,4.58
2018,7,1,9,0,229.54,5.18
2018,7,1,10,0,208.43,4.54
2018,7,1,11,0,200.4,4.92
2018,7,1,12,0,195.32,4.86
2018,7,1,13,0,189.56,3.74
2018,7,1,14,0,205.92000000000002,2.84
2018,7,1,15,0,194.84,2.09
2018,7,1,16,0,219.95000000000002,1.1400000000000001
2018,7,1,17,0,248.91,0.66
2018,7,1,18,0,316.51,0.92
2018,7,1,19,0,319.61,1.06
2018,7,1,20,0,310.84000000000003,2.18
2018,7,1,21,0,298.68,2.64
2018,7,1,22,0,293.2,2.2
2018,7,1,23,0,281.35,1.46
2018,7,2,0,0,241.91,1.72
2018,7,2,1,0,256.37,2.19
2018,7,2,2,0,256.29,2.7800000000000002
2018,7,2,3,0,250.64000000000001,2.4
2018,7,2,4,0,271.44,3.13
2018,7,2,5,0,256.7,3.94
2018,7,2,6,0,244.29,3.86
2018,7,2,7,0,235.35,4.32
2018,7,2,8,0,224.48000000000002,4.66
2018,7,2,9,0,207.8,4.11
2018,7,2,10,0,197.81,5.44
2018,7,2,11,0,223.97,4.39
2018,7,2,12,0,240.04,4.41
2018,7,2,13,0,241.15,1.04
2018,7,2,14,0,210.46,1.85
2018,7,2,15,0,234.06,1.51
2018,7,2,16,0,197.87,0.65
2018,7,2,17,0,203.35,0.99
2018,7,2,18,0,236.9,1.34
2018,7,2,19,0,261.62,1.3
2018,7,2,20,0,284.5,2.47
2018,7,2,21,0,276.39,3.18
2018,7,2,22,0,267.39,3.67
2018,7,2,23,0,260.82,3.93
2018,7,3,0,0,258.18,3.36
2018,7,3,1,0,255.96,2.77
2018,7,3,2,0,259.5,2.5100000000000002
2018,7,3,3,0,260.48,3.3200000000000003
2018,7,3,4,0,260.05,4.74
2018,7,3,5,0,253.81,4.98
2018,7,3,6,0,257.67,6.34
2018,7,3,7,0,249.46,7.17
2018,7,3,8,0,232.18,7.22
2018,7,3,9,0,203.93,5.37
2018,7,3,10,0,208.13,3.64
2018,7,3,11,0,212.69,3.91
2018,7,3,12,0,220.82,4.67
2018,7,3,13,0,217.82,4.07
2018,7,3,14,0,203.73000000000002,3.38
2018,7,3,15,0,193.49,2.38
2018,7,3,16,0,127.9,0.8300000000000001
2018,7,3,17,0,94.99,0.67
2018,7,3,18,0,176.20000000000002,0.27
2018,7,3,19,0,277.41,0.55
2018,7,3,20,0,269.04,1.49
2018,7,3,21,0,266.92,3
2018,7,3,22,0,259.71,2.77
2018,7,3,23,0,246.34,2.41
2018,7,4,0,0,223.65,2.08
2018,7,4,1,0,220.57,1.93
2018,7,4,2,0,251.41,2.4
2018,7,4,3,0,252.63,2.62
2018,7,4,4,0,252.19,2.9
2018,7,4,5,0,248.1,3.67
2018,7,4,6,0,253.29,5.55
2018,7,4,7,0,253.65,6.92
2018,7,4,8,0,232.48000000000002,5.53
2018,7,4,9,0,235.91,5.8100000000000005
2018,7,4,10,0,232.44,2.98
2018,7,4,11,0,231.08,2.33
2018,7,4,12,0,251.42000000000002,1.33
2018,7,4,13,0,315.21,0.3
2018,7,4,14,0,0.21,1.98
2018,7,4,15,0,7.8100000000000005,2.31
2018,7,4,16,0,333.87,2.71
2018,7,4,17,0,341.85,2.68
2018,7,4,18,0,330.72,2.3000000000000003
2018,7,4,19,0,293.87,2.97
2018,7,4,20,0,310.52,2.0300000000000002
2018,7,4,21,0,299.18,1.8900000000000001
2018,7,4,22,0,135.76,0.84
2018,7,4,23,0,282.46,2.7600000000000002
2018,7,5,0,0,273.41,2.94
2018,7,5,1,0,265.42,2.46
2018,7,5,2,0,259.7,2.86
2018,7,5,3,0,259.6,4.91
2018,7,5,4,0,245.02,5.41
2018,7,5,5,0,232.82,7.09
2018,7,5,6,0,206.01,3.68
2018,7,5,7,0,220.78,1.6600000000000001
2018,7,5,8,0,186.21,1.81
2018,7,5,9,0,188.34,1.69
2018,7,5,10,0,158.37,3.45
2018,7,5,11,0,191.12,5.75
2018,7,5,12,0,203.26,3.43
2018,7,5,13,0,249.96,2.5500000000000003
2018,7,5,14,0,228.53,3.77
2018,7,5,15,0,210.55,3.73
2018,7,5,16,0,213.6,2.37
2018,7,5,17,0,232.26,1.21
2018,7,5,18,0,257.98,1.54
2018,7,5,19,0,276.83,1.75
2018,7,5,20,0,230.73000000000002,0.51
2018,7,5,21,0,232.42000000000002,1.6
2018,7,5,22,0,255.07,3.4
2018,7,5,23,0,256.61,4.46
2018,7,6,0,0,264.55,6.16
2018,7,6,1,0,262.07,6.4
2018,7,6,2,0,260.71,7.22
2018,7,6,3,0,255.36,7.5
2018,7,6,4,0,252.3,7.74
2018,7,6,5,0,258.7,6.46
2018,7,6,6,0,263.38,5.99
2018,7,6,7,0,262.53000000000003,4.78
2018,7,6,8,0,15.43,2.4
2018,7,6,9,0,170.51,3.14
2018,7,6,10,0,197.64000000000001,4.43
2018,7,6,11,0,227.85,2.44
2018,7,6,12,0,225.27,1.16
2018,7,6,13,0,357.98,1.48
2018,7,6,14,0,356.41,3.61
2018,7,6,15,0,24.16,5.86
2018,7,6,16,0,27.12,4.79
2018,7,6,17,0,29.17,3.7800000000000002
2018,7,6,18,0,12.27,2.31
2018,7,6,19,0,341.51,1.78
2018,7,6,20,0,276.68,1.3800000000000001
2018,7,6,21,0,261.27,2.17
2018,7,6,22,0,272.49,3.97
2018,7,6,23,0,275.88,4.19
2018,7,7,0,0,272.35,4
2018,7,7,1,0,278.72,3.72
2018,7,7,2,0,277.39,4.43
2018,7,7,3,0,285.08,4.82
2018,7,7,4,0,276.3,5.55
2018,7,7,5,0,274.29,5.96
2018,7,7,6,0,274.69,5.14
2018,7,7,7,0,261.9,4.45
2018,7,7,8,0,190.96,3.71
2018,7,7,9,0,153.07,3.9
2018,7,7,10,0,146.52,4.75
2018,7,7,11,0,159.12,5.18
2018,7,7,12,0,208.5,4.1
2018,7,7,13,0,203.4,3.38
2018,7,7,14,0,217.94,2.87
2018,7,7,15,0,198.27,2.62
2018,7,7,16,0,202.55,2.2600000000000002
2018,7,7,17,0,196.25,1.92
2018,7,7,18,0,233.38,2.08
2018,7,7,19,0,251.06,2.89
2018,7,7,20,0,271.55,3.7600000000000002
2018,7,7,21,0,262.24,2.0300000000000002
2018,7,7,22,0,248.21,1.62
2018,7,7,23,0,274.39,1.6500000000000001
2018,7,8,0,0,236.57,2.5300000000000002
2018,7,8,1,0,254.91,4.5200000000000005
2018,7,8,2,0,229.57,4.04
2018,7,8,3,0,241.48000000000002,5.96
2018,7,8,4,0,243.91,4.82
2018,7,8,5,0,136.52,11.73
2018,7,8,6,0,132.76,14.040000000000001
2018,7,8,7,0,131.03,14.44
2018,7,8,8,0,200.09,5.21
2018,7,8,9,0,238.02,4.21
2018,7,8,10,0,206.8,4.08
2018,7,8,11,0,198.06,4.46
2018,7,8,12,0,195.29,2.95
2018,7,8,13,0,219.97,3.9
2018,7,8,14,0,240.31,4.75
2018,7,8,15,0,230.07,4.0600000000000005
2018,7,8,16,0,233.69,3.84
2018,7,8,17,0,253.78,3.67
2018,7,8,18,0,269.69,3.3000000000000003
2018,7,8,19,0,279.37,2.7800000000000002
2018,7,8,20,0,285.75,2.85
2018,7,8,21,0,219.27,0.39
2018,7,8,22,0,239.72,1.54
2018,7,8,23,0,133.06,15.99
2018,7,9,0,0,129.3,18.27
2018,7,9,1,0,127.35000000000001,19.95
2018,7,9,2,0,127.85000000000001,21.27
2018,7,9,3,0,129.56,21.080000000000002
2018,7,9,4,0,130.27,20.98
2018,7,9,5,0,132.86,20.92
2018,7,9,6,0,130.14000000000001,21.59
2018,7,9,7,0,129.13,23.69
2018,7,9,8,0,141.32,20.88
2018,7,9,9,0,137.95000000000002,23.57
2018,7,9,10,0,137.81,23.68
2018,7,9,11,0,142.58,22.85
2018,7,9,12,0,142.67000000000002,21.29
2018,7,9,13,0,135.27,21.45
2018,7,9,14,0,132.61,20.57
2018,7,9,15,0,133.61,18.72
2018,7,9,16,0,127.97,17.78
2018,7,9,17,0,124.58,17.7
2018,7,9,18,0,127.34,20.330000000000002
2018,7,9,19,0,129.15,19.900000000000002
2018,7,9,20,0,129.28,16.65
2018,7,9,21,0,151.75,11.65
2018,7,9,22,0,156.48,7.36
2018,7,9,23,0,140.89000000000001,11.43
2018,7,10,0,0,133.83,12.32
2018,7,10,1,0,132.32,12.11
2018,7,10,2,0,129.8,12.75
2018,7,10,3,0,129.62,12.46
2018,7,10,4,0,129.62,11.68
2018,7,10,5,0,138.76,8.15
2018,7,10,6,0,166.64000000000001,4.98
2018,7,10,7,0,167.24,3.85
2018,7,10,8,0,125.93,8.01
2018,7,10,9,0,127.38000000000001,11.03
2018,7,10,10,0,124.49000000000001,11.59
2018,7,10,11,0,123.36,10.700000000000001
2018,7,10,12,0,122.9,10.88
2018,7,10,13,0,122.78,10.97
2018,7,10,14,0,128.71,11.35
2018,7,10,15,0,128.84,11.08
2018,7,10,16,0,127,13.19
2018,7,10,17,0,129.48,13.44
2018,7,10,18,0,129.9,14.6
2018,7,10,19,0,128.94,13.52
2018,7,10,20,0,130.18,13.1
2018,7,10,21,0,130.25,10.53
2018,7,10,22,0,128.68,11.91
2018,7,10,23,0,129.01,11.290000000000001
2018,7,11,0,0,128.73,11.66
2018,7,11,1,0,214.05,6.73
2018,7,11,2,0,238.67000000000002,4.99
2018,7,11,3,0,217.23000000000002,3.0700000000000003
2018,7,11,4,0,136.05,3.45
2018,7,11,5,0,140.29,5.53
2018,7,11,6,0,201.24,4.13
2018,7,11,7,0,191.27,7.87
2018,7,11,8,0,188.89000000000001,9.76
2018,7,11,9,0,180.03,8.85
2018,7,11,10,0,185.79,8.46
2018,7,11,11,0,172.45000000000002,8.22
2018,7,11,12,0,175.85,9.11
2018,7,11,13,0,183.19,8.83
2018,7,11,14,0,184.81,9.14
2018,7,11,15,0,185.86,8.93
2018,7,11,16,0,187.02,8.93
2018,7,11,17,0,187.31,8.85
2018,7,11,18,0,177.72,7.140000000000001
2018,7,11,19,0,162.25,6.25
2018,7,11,20,0,144.1,6.890000000000001
2018,7,11,21,0,168.82,6.61
2018,7,11,22,0,139.61,7.33
2018,7,11,23,0,134.35,9.35
2018,7,12,0,0,131.88,9.17
2018,7,12,1,0,137.01,10.33
2018,7,12,2,0,138.41,11.25
2018,7,12,3,0,133.55,11.82
2018,7,12,4,0,140.32,11.47
2018,7,12,5,0,161.12,9.49
2018,7,12,6,0,176.59,7.84
2018,7,12,7,0,189.28,8.19
2018,7,12,8,0,187.17000000000002,8.19
2018,7,12,9,0,194.71,7.91
2018,7,12,10,0,187.39000000000001,6.86
2018,7,12,11,0,187.62,6.66
2018,7,12,12,0,186.39000000000001,6.38
2018,7,12,13,0,184.81,5.69
2018,7,12,14,0,190.14000000000001,5.5600000000000005
2018,7,12,15,0,190.17000000000002,4.97
2018,7,12,16,0,174.61,3.73
2018,7,12,17,0,179.13,2.66
2018,7,12,18,0,189.27,1.93
2018,7,12,19,0,160.05,0.62
2018,7,12,20,0,286.76,0.38
2018,7,12,21,0,300.09000000000003,2.48
2018,7,12,22,0,295.2,4.29
2018,7,12,23,0,291.96,4.53
2018,7,13,0,0,277.48,4.9
2018,7,13,1,0,276.18,4.94
2018,7,13,2,0,269.2,5.43
2018,7,13,3,0,265.77,5.3500000000000005
2018,7,13,4,0,260.81,4.95
2018,7,13,5,0,257.43,4.57
2018,7,13,6,0,265.37,3.86
2018,7,13,7,0,265.55,3.38
2018,7,13,8,0,270.4,2.68
2018,7,13,9,0,261.09000000000003,2.44
2018,7,13,10,0,249.88,2.0300000000000002
2018,7,13,11,0,102.75,3.99
2018,7,13,12,0,227.47,2.06
2018,7,13,13,0,233.20000000000002,3.97
2018,7,13,14,0,227.51,3.21
2018,7,13,15,0,226.02,2.41
2018,7,13,16,0,229.51,2.2800000000000002
2018,7,13,17,0,245.9,2.2600000000000002
2018,7,13,18,0,264.94,1.94
2018,7,13,19,0,278.56,2.96
2018,7,13,20,0,291.33,2.5100000000000002
2018,7,13,21,0,263.88,1.55
2018,7,13,22,0,125.86,6.79
2018,7,13,23,0,128.3,16.66
2018,7,14,0,0,123.57000000000001,17.3
2018,7,14,1,0,123.23,19.46
2018,7,14,2,0,125,20.48
2018,7,14,3,0,126.56,20.11
2018,7,14,4,0,128.51,19.73
2018,7,14,5,0,130.7,19.16
2018,7,14,6,0,129.1,18.18
2018,7,14,7,0,132.79,21.92
2018,7,14,8,0,123.06,21.41
2018,7,14,9,0,122.31,22.41
2018,7,14,10,0,127.35000000000001,21.580000000000002
2018,7,14,11,0,121.5,20.990000000000002
2018,7,14,12,0,113,19.47
2018,7,14,13,0,110.51,16.9
2018,7,14,14,0,113.04,17.5
2018,7,14,15,0,120.29,18.03
2018,7,14,16,0,126.31,18.69
2018,7,14,17,0,160.28,13.74
2018,7,14,18,0,196.52,6.1000000000000005
2018,7,14,19,0,251.59,2.13
2018,7,14,20,0,288.89,1.11
2018,7,14,21,0,138.65,4.5600000000000005
2018,7,14,22,0,325.54,2.74
2018,7,14,23,0,302.69,3.1
2018,7,15,0,0,124.47,8.48
2018,7,15,1,0,127.67,10.870000000000001
2018,7,15,2,0,127.12,12.18
2018,7,15,3,0,127.41,12.950000000000001
2018,7,15,4,0,127.97,10.97
2018,7,15,5,0,129.83,10.02
2018,7,15,6,0,129.28,7.57
2018,7,15,7,0,134.32,4.83
2018,7,15,8,0,195.93,0.9
2018,7,15,9,0,103.91,3.25
2018,7,15,10,0,124.42,7.09
2018,7,15,11,0,111.14,5.95
2018,7,15,12,0,10.200000000000001,5.58
2018,7,15,13,0,10.34,6.51
2018,7,15,14,0,6.76,6.140000000000001
2018,7,15,15,0,15.49,4.72
2018,7,15,16,0,9.15,5.04
2018,7,15,17,0,17.23,4.93
2018,7,15,18,0,21.04,4.01
2018,7,15,19,0,23.02,3.24
2018,7,15,20,0,11.290000000000001,2.84
2018,7,15,21,0,352.27,2.64
2018,7,15,22,0,319.07,3.48
2018,7,15,23,0,294.45,4.54
2018,7,16,0,0,272.75,4.63
2018,7,16,1,0,263.95,4.8100000000000005
2018,7,16,2,0,258.15,4.84
2018,7,16,3,0,259.84000000000003,4.74
2018,7,16,4,0,251.64000000000001,4.8100000000000005
2018,7,16,5,0,245.08,4.78
2018,7,16,6,0,234.5,4.36
2018,7,16,7,0,187.97,3.27
2018,7,16,8,0,172.8,4.01
2018,7,16,9,0,197.05,4.53
2018,7,16,10,0,211.54,7.21
2018,7,16,11,0,193.18,6.8500000000000005
2018,7,16,12,0,192.34,6.75
2018,7,16,13,0,191.42000000000002,6.03
2018,7,16,14,0,204.62,5.05
2018,7,16,15,0,212.39000000000001,3.89
2018,7,16,16,0,215.01,4.75
2018,7,16,17,0,210.28,3.42
2018,7,16,18,0,189.79,2.18
2018,7,16,19,0,155.86,2.19
2018,7,16,20,0,103.63,0.58
2018,7,16,21,0,150.79,0.45
2018,7,16,22,0,263.62,1.07
2018,7,16,23,0,151.23,0.5700000000000001
2018,7,17,0,0,136.71,0.85
2018,7,17,1,0,185.78,0.86
2018,7,17,2,0,148.85,4.29
2018,7,17,3,0,177.14000000000001,4.73
2018,7,17,4,0,147.99,5.18
2018,7,17,5,0,134.36,6.99
2018,7,17,6,0,151.09,5.76
2018,7,17,7,0,137.27,7.75
2018,7,17,8,0,156.03,5.09
2018,7,17,9,0,153.41,6.3100000000000005
2018,7,17,10,0,158.82,4.75
2018,7,17,11,0,158.70000000000002,4.0600000000000005
2018,7,17,12,0,164.36,3.42
2018,7,17,13,0,7.91,0.46
2018,7,17,14,0,112.19,5.62
2018,7,17,15,0,127.84,3.63
2018,7,17,16,0,90.96000000000001,3.97
2018,7,17,17,0,98.84,3.63
2018,7,17,18,0,97.23,3.24
2018,7,17,19,0,119.05,2.87
2018,7,17,20,0,135.72,2.34
2018,7,17,21,0,192.95000000000002,1.74
2018,7,17,22,0,213.99,1.94
2018,7,17,23,0,233.51,2.04
2018,7,18,0,0,243.93,1.92
2018,7,18,1,0,252.94,2.25
2018,7,18,2,0,253.62,1.87
2018,7,18,3,0,269.17,2.45
2018,7,18,4,0,271.83,1.72
2018,7,18,5,0,256.99,1.67
2018,7,18,6,0,254.97,3.54
2018,7,18,7,0,258.65,4.16
2018,7,18,8,0,249.89000000000001,4.3
2018,7,18,9,0,237.59,6.29
2018,7,18,10,0,210.58,4.68
2018,7,18,11,0,202.73000000000002,4.19
2018,7,18,12,0,205.4,3.81
2018,7,18,13,0,205.1,3.21
2018,7,18,14,0,211.65,2.54
2018,7,18,15,0,220.01,1.82
2018,7,18,16,0,249.67000000000002,0.9400000000000001
2018,7,18,17,0,278.85,1.1
2018,7,18,18,0,300.08,1.48
2018,7,18,19,0,297.68,1.9100000000000001
2018,7,18,20,0,290.53000000000003,1.86
2018,7,18,21,0,297.18,2.37
2018,7,18,22,0,293.07,2.37
2018,7,18,23,0,281.77,2.25
2018,7,19,0,0,286.93,2.12
2018,7,19,1,0,276.01,2.65
2018,7,19,2,0,266.31,3.1
2018,7,19,3,0,267.74,3.44
2018,7,19,4,0,261.72,4.3500000000000005
2018,7,19,5,0,261.49,4.25
2018,7,19,6,0,261.13,4.04
2018,7,19,7,0,250.61,5.73
2018,7,19,8,0,228.89000000000001,5.75
2018,7,19,9,0,230.76,5.53
2018,7,19,10,0,218.16,3.77
2018,7,19,11,0,210.06,3.48
2018,7,19,12,0,206.87,3.41
2018,7,19,13,0,211.20000000000002,3.15
2018,7,19,14,0,207.05,2.56
2018,7,19,15,0,208.17000000000002,2.74
2018,7,19,16,0,223.83,2.47
2018,7,19,17,0,249.27,2.17
2018,7,19,18,0,264.56,1.83
2018,7,19,19,0,290.38,2.15
2018,7,19,20,0,293.17,2.98
2018,7,19,21,0,289.96,2.89
2018,7,19,22,0,277.37,3.25
2018,7,19,23,0,270.97,4.22
2018,7,20,0,0,266.33,4.49
2018,7,20,1,0,264.02,4.62
2018,7,20,2,0,261.88,5.39
2018,7,20,3,0,260.25,5.89
2018,7,20,4,0,260.59000000000003,6.5600000000000005
2018,7,20,5,0,260.26,7.61
2018,7,20,6,0,254.31,7.61
2018,7,20,7,0,239.67000000000002,6.23
2018,7,20,8,0,227.36,6.25
2018,7,20,9,0,230.97,5.3500000000000005
2018,7,20,10,0,225.94,4.6000000000000005
2018,7,20,11,0,221.79,4.1
2018,7,20,12,0,214.28,3.73
2018,7,20,13,0,209.82,3.64
2018,7,20,14,0,211.32,3.6
2018,7,20,15,0,219.11,2.8000000000000003
2018,7,20,16,0,239.69,1.9100000000000001
2018,7,20,17,0,261.53000000000003,1.69
2018,7,20,18,0,275.18,1.81
2018,7,20,19,0,278.18,2.29
2018,7,20,20,0,271.02,2.72
2018,7,20,21,0,278.33,2.73
2018,7,20,22,0,274.47,3.13
2018,7,20,23,0,267.37,3.2
2018,7,21,0,0,263.57,3.63
2018,7,21,1,0,263.62,3.49
2018,7,21,2,0,261.53000000000003,3.67
2018,7,21,3,0,263.16,4.9
2018,7,21,4,0,258.47,5.05
2018,7,21,5,0,257.69,4.84
2018,7,21,6,0,255.72,4.54
2018,7,21,7,0,248.77,5.19
2018,7,21,8,0,225.52,5.48
2018,7,21,9,0,233.85,5.04
2018,7,21,10,0,248.71,3.19
2018,7,21,11,0,258.29,3.43
2018,7,21,12,0,258.62,3.02
2018,7,21,13,0,254.31,2.12
2018,7,21,14,0,244.56,1.82
2018,7,21,15,0,254.03,1.57
2018,7,21,16,0,257.88,1.5
2018,7,21,17,0,273.23,2.5300000000000002
2018,7,21,18,0,271.74,1.98
2018,7,21,19,0,270.65,1.67
2018,7,21,20,0,279.56,2.4
2018,7,21,21,0,279.35,2.09
2018,7,21,22,0,280.52,2.07
2018,7,21,23,0,282.8,2.27
2018,7,22,0,0,281.68,2.0100000000000002
2018,7,22,1,0,267.87,2.15
2018,7,22,2,0,265.67,3.16
2018,7,22,3,0,268.54,3.5100000000000002
2018,7,22,4,0,259.61,4.64
2018,7,22,5,0,255.25,5.62
2018,7,22,6,0,257.06,6.48
2018,7,22,7,0,256.43,6.68
2018,7,22,8,0,233.1,6.19
2018,7,22,9,0,232.14000000000001,6.07
2018,7,22,10,0,238.51,4.88
2018,7,22,11,0,231.03,3.47
2018,7,22,12,0,228.20000000000002,3.38
2018,7,22,13,0,225.51,3.2600000000000002
2018,7,22,14,0,208.36,2.68
2018,7,22,15,0,209.70000000000002,2.5500000000000003
2018,7,22,16,0,232.88,2.04
2018,7,22,17,0,246.54,1.9000000000000001
2018,7,22,18,0,254.05,2.84
2018,7,22,19,0,264.05,3.81
2018,7,22,20,0,261.99,4.14
2018,7,22,21,0,269.19,4.26
2018,7,22,22,0,275.85,3.79
2018,7,22,23,0,283.85,4.19
2018,7,23,0,0,284.35,3.31
2018,7,23,1,0,278.23,2.95
2018,7,23,2,0,275.40000000000003,2.69
2018,7,23,3,0,223.08,1.45
2018,7,23,4,0,227.9,2.44
2018,7,23,5,0,251.95000000000002,3.5100000000000002
2018,7,23,6,0,259.01,3.61
2018,7,23,7,0,262.74,4.01
2018,7,23,8,0,247.6,4.13
2018,7,23,9,0,250,2.7
2018,7,23,10,0,260.77,1.93
2018,7,23,11,0,267.23,2.02
2018,7,23,12,0,305.79,0.51
2018,7,23,13,0,128.8,13.46
2018,7,23,14,0,123.09,15.63
2018,7,23,15,0,118.76,14.94
2018,7,23,16,0,116.98,12.74
2018,7,23,17,0,120.13,13.620000000000001
2018,7,23,18,0,115.09,11.74
2018,7,23,19,0,121.59,15.780000000000001
2018,7,23,20,0,123.84,15.43
2018,7,23,21,0,126.10000000000001,15.870000000000001
2018,7,23,22,0,126.01,16.02
2018,7,23,23,0,126.24000000000001,15.73
2018,7,24,0,0,121.12,15.56
2018,7,24,1,0,122.37,16.39
2018,7,24,2,0,120.07000000000001,16.580000000000002
2018,7,24,3,0,118.28,16.02
2018,7,24,4,0,116.9,15.81
2018,7,24,5,0,114.48,16.12
2018,7,24,6,0,118.43,16.04
2018,7,24,7,0,117.47,16.23
2018,7,24,8,0,116.23,14.44
2018,7,24,9,0,117.25,13.35
2018,7,24,10,0,114.65,10.16
2018,7,24,11,0,107.9,11.96
2018,7,24,12,0,109.72,12.200000000000001
2018,7,24,13,0,108.17,7.29
2018,7,24,14,0,105.53,6.07
2018,7,24,15,0,112.67,7.9
2018,7,24,16,0,108.87,9.72
2018,7,24,17,0,113.35000000000001,7.69
2018,7,24,18,0,112.07000000000001,9.32
2018,7,24,19,0,107.89,8.36
2018,7,24,20,0,104.19,4.13
2018,7,24,21,0,110.26,9.700000000000001
2018,7,24,22,0,113.25,12.81
2018,7,24,23,0,113.15,9.46
2018,7,25,0,0,118.88,7.45
2018,7,25,1,0,123.18,8.44
2018,7,25,2,0,103.96000000000001,4.28
2018,7,25,3,0,113.42,8.290000000000001
2018,7,25,4,0,105.32000000000001,11.02
2018,7,25,5,0,112.27,14.48
2018,7,25,6,0,112.12,7.94
2018,7,25,7,0,109.74000000000001,8.370000000000001
2018,7,25,8,0,98.3,4.7700000000000005
2018,7,25,9,0,73.53,0.73
2018,7,25,10,0,133.31,3.18
2018,7,25,11,0,124.41,6.3500000000000005
2018,7,25,12,0,132.8,4.66
2018,7,25,13,0,74.25,2.4
2018,7,25,14,0,25.92,3.0300000000000002
2018,7,25,15,0,31.37,2.5100000000000002
2018,7,25,16,0,24.150000000000002,2.37
2018,7,25,17,0,21.650000000000002,1.71
2018,7,25,18,0,12.01,1.36
2018,7,25,19,0,105.58,1.37
2018,7,25,20,0,140.4,3.7600000000000002
2018,7,25,21,0,115.97,7.62
2018,7,25,22,0,119.5,9.08
2018,7,25,23,0,117.85000000000001,10.870000000000001
2018,7,26,0,0,116.91,9.16
2018,7,26,1,0,105.63,5.63
2018,7,26,2,0,120.81,2.54
2018,7,26,3,0,313.88,1.12
2018,7,26,4,0,25.12,1.1300000000000001
2018,7,26,5,0,4.03,0.9500000000000001
2018,7,26,6,0,26.6,0.75
2018,7,26,7,0,123.89,2.89
2018,7,26,8,0,113.26,11.15
2018,7,26,9,0,115.91,10.86
2018,7,26,10,0,117.28,14.530000000000001
2018,7,26,11,0,121.58,16.1
2018,7,26,12,0,127.06,13.4
2018,7,26,13,0,133.41,11.120000000000001
2018,7,26,14,0,179.96,3.0700000000000003
2018,7,26,15,0,240.34,2.12
2018,7,26,16,0,152.14000000000001,2.09
2018,7,26,17,0,130.08,8.11
2018,7,26,18,0,127.95,9.51
2018,7,26,19,0,133.49,8.45
2018,7,26,20,0,137.12,8.17
2018,7,26,21,0,129.83,9.73
2018,7,26,22,0,130.85,12.57
2018,7,26,23,0,128.56,12.66
2018,7,27,0,0,126.12,14.31
2018,7,27,1,0,125.07000000000001,16.07
2018,7,27,2,0,127.7,18.35
2018,7,27,3,0,126.35000000000001,16.86
2018,7,27,4,0,120.08,14.780000000000001
2018,7,27,5,0,120.39,16.21
2018,7,27,6,0,120.07000000000001,13.24
2018,7,27,7,0,117.33,11.05
2018,7,27,8,0,116.93,7.8
2018,7,27,9,0,118.86,8.49
2018,7,27,10,0,111.44,10.22
2018,7,27,11,0,111.3,4.71
2018,7,27,12,0,134.67000000000002,3.35
2018,7,27,13,0,114.18,5.99
2018,7,27,14,0,117.91,11.38
2018,7,27,15,0,115.07000000000001,13.1
2018,7,27,16,0,122.97,13.790000000000001
2018,7,27,17,0,130.54,14.23
2018,7,27,18,0,130.01,17.14
2018,7,27,19,0,129.25,16.63
2018,7,27,20,0,132.15,14.61
2018,7,27,21,0,133.8,13.370000000000001
2018,7,27,22,0,143.29,8.620000000000001
2018,7,27,23,0,256.13,5.37
2018,7,28,0,0,259.6,5.72
2018,7,28,1,0,264.25,6
2018,7,28,2,0,267.7,5.22
2018,7,28,3,0,266.06,4.2
2018,7,28,4,0,269.57,3.96
2018,7,28,5,0,254.65,4.87
2018,7,28,6,0,253.54,5
2018,7,28,7,0,241.67000000000002,4.83
2018,7,28,8,0,238.89000000000001,4.28
2018,7,28,9,0,230.46,2.83
2018,7,28,10,0,217.21,1.25
2018,7,28,11,0,196.42000000000002,0.31
2018,7,28,12,0,352.05,0.4
2018,7,28,13,0,349.56,1.59
2018,7,28,14,0,22.11,2.08
2018,7,28,15,0,48.050000000000004,3.31
2018,7,28,16,0,39.85,3.8000000000000003
2018,7,28,17,0,38.910000000000004,4.21
2018,7,28,18,0,41.51,4.18
2018,7,28,19,0,42.36,3.96
2018,7,28,20,0,38.32,4.14
2018,7,28,21,0,61.940000000000005,3.21
2018,7,28,22,0,130.42000000000002,4.05
2018,7,28,23,0,122.58,7.7
2018,7,29,0,0,121.22,9.58
2018,7,29,1,0,119.56,11.17
2018,7,29,2,0,118.02,10.540000000000001
2018,7,29,3,0,118.4,9.06
2018,7,29,4,0,121.45,8.68
2018,7,29,5,0,119.61,13.34
2018,7,29,6,0,115.12,15.700000000000001
2018,7,29,7,0,110.32000000000001,14.67
2018,7,29,8,0,111.47,15.620000000000001
2018,7,29,9,0,110.22,15.59
2018,7,29,10,0,107.19,12.73
2018,7,29,11,0,86.18,4.8100000000000005
2018,7,29,12,0,52.51,2.45
2018,7,29,13,0,23.400000000000002,1.75
2018,7,29,14,0,15.620000000000001,2.4
2018,7,29,15,0,3.33,2.36
2018,7,29,16,0,14.01,2.35
2018,7,29,17,0,35.730000000000004,2.22
2018,7,29,18,0,80.47,3.35
2018,7,29,19,0,38.47,3.4
2018,7,29,20,0,82.71000000000001,1.5
2018,7,29,21,0,113.35000000000001,11.66
2018,7,29,22,0,115.37,14.57
2018,7,29,23,0,116.56,17.740000000000002
2018,7,30,0,0,121.64,20.14
2018,7,30,1,0,125.51,21.13
2018,7,30,2,0,127.84,20.62
2018,7,30,3,0,129.59,20.84
2018,7,30,4,0,131.7,19.95
2018,7,30,5,0,130.14000000000001,20.25
2018,7,30,6,0,131.15,18.47
2018,7,30,7,0,133,15.790000000000001
2018,7,30,8,0,142.99,11.92
2018,7,30,9,0,261.74,4.32
2018,7,30,10,0,257.46,3.74
2018,7,30,11,0,242.83,3.5500000000000003
2018,7,30,12,0,240.75,3.1
2018,7,30,13,0,247.8,2.87
2018,7,30,14,0,247.85,2.11
2018,7,30,15,0,256.7,1.8
2018,7,30,16,0,263.63,1.52
2018,7,30,17,0,302.45,1.76
2018,7,30,18,0,320.87,1.99
2018,7,30,19,0,334.5,2.2
2018,7,30,20,0,328,2.22
2018,7,30,21,0,327.40000000000003,1.96
2018,7,30,22,0,320.67,2.29
2018,7,30,23,0,312.96,3.46
2018,7,31,0,0,309.5,2.77
2018,7,31,1,0,302.17,2.5300000000000002
2018,7,31,2,0,300.34000000000003,2.33
2018,7,31,3,0,295.86,2.02
2018,7,31,4,0,296.64,3.15
2018,7,31,5,0,302.92,3.77
2018,7,31,6,0,287.07,4.79
2018,7,31,7,0,280.86,5.26
2018,7,31,8,0,278.66,5.54
2018,7,31,9,0,278.85,5.36
2018,7,31,10,0,277.46,4.32
2018,7,31,11,0,286.49,2.67
2018,7,31,12,0,262.71,2.11
2018,7,31,13,0,253.8,2.5
2018,7,31,14,0,260.85,3.16
2018,7,31,15,0,260.8,2.8000000000000003
2018,7,31,16,0,272.34000000000003,2.75
2018,7,31,17,0,272.71,2.22
2018,7,31,18,0,266.21,1.6400000000000001
2018,7,31,19,0,259.46,1.68
2018,7,31,20,0,245.63,2.35
2018,7,31,21,0,250.93,2.15
2018,7,31,22,0,266.4,2.24
2018,7,31,23,0,276.40000000000003,2.41
2018,8,1,0,0,278.59000000000003,1.92
2018,8,1,1,0,287.2,1.7
2018,8,1,2,0,288.36,2.65
2018,8,1,3,0,290.47,2.88
2018,8,1,4,0,275.65000000000003,2.11
2018,8,1,5,0,260.51,2.04
2018,8,1,6,0,252.29,4.45
2018,8,1,7,0,258.68,7.23
2018,8,1,8,0,254.34,7.44
2018,8,1,9,0,248.31,7.47
2018,8,1,10,0,249.85,8.36
2018,8,1,11,0,243.88,7.08
2018,8,1,12,0,213.4,5.82
2018,8,1,13,0,203.23000000000002,6.46
2018,8,1,14,0,207.08,6.32
2018,8,1,15,0,213.58,5.43
2018,8,1,16,0,215.62,3.49
2018,8,1,17,0,199.55,2.5100000000000002
2018,8,1,18,0,170.07,2.5300000000000002
2018,8,1,19,0,159.83,3.88
2018,8,1,20,0,198.77,5.28
2018,8,1,21,0,209.22,5.51
2018,8,1,22,0,274.39,4.26
2018,8,1,23,0,276.19,3.31
2018,8,2,0,0,285.03000000000003,2.43
2018,8,2,1,0,155.54,0.65
2018,8,2,2,0,158.41,2.49
2018,8,2,3,0,243.20000000000002,1.77
2018,8,2,4,0,220.85,5.57
2018,8,2,5,0,201.07,9.9
2018,8,2,6,0,201.37,9.18
2018,8,2,7,0,186.69,6.36
2018,8,2,8,0,183.85,6.83
2018,8,2,9,0,193.35,6.4
2018,8,2,10,0,215.03,4.25
2018,8,2,11,0,199.73000000000002,3.37
2018,8,2,12,0,208.56,4.84
2018,8,2,13,0,224.28,5.22
2018,8,2,14,0,242.57,4.0600000000000005
2018,8,2,15,0,223.87,1.98
2018,8,2,16,0,239.58,0.59
2018,8,2,17,0,180.27,2.29
2018,8,2,18,0,183.58,2.19
2018,8,2,19,0,141.41,5.22
2018,8,2,20,0,138.53,8.91
2018,8,2,21,0,139.04,7.24
2018,8,2,22,0,127.67,14.41
2018,8,2,23,0,127.79,17.68
2018,8,3,0,0,128.79,18.17
2018,8,3,1,0,127.42,20.03
2018,8,3,2,0,130.24,21.11
2018,8,3,3,0,137.91,20.06
2018,8,3,4,0,135.57,21.04
2018,8,3,5,0,128.33,21.22
2018,8,3,6,0,106.85000000000001,16.68
2018,8,3,7,0,94.03,5.84
2018,8,3,8,0,118.42,4.72
2018,8,3,9,0,101.41,2.63
2018,8,3,10,0,333.53000000000003,3.66
2018,8,3,11,0,0.04,4.64
2018,8,3,12,0,10.17,7.65
2018,8,3,13,0,10.32,8.03
2018,8,3,14,0,10.14,9.35
2018,8,3,15,0,15.49,8.43
2018,8,3,16,0,22.72,6.61
2018,8,3,17,0,0.34,8.11
2018,8,3,18,0,15.27,6.72
2018,8,3,19,0,27.63,5.14
2018,8,3,20,0,16.93,4.97
2018,8,3,21,0,13.870000000000001,3.21
2018,8,3,22,0,358.71,3.59
2018,8,3,23,0,4.37,4
2018,8,4,0,0,353.22,3.47
2018,8,4,1,0,319.17,2.58
2018,8,4,2,0,289.88,3.7800000000000002
2018,8,4,3,0,272.86,4.28
2018,8,4,4,0,272.16,3.99
2018,8,4,5,0,265.28000000000003,3.96
2018,8,4,6,0,262.76,5.25
2018,8,4,7,0,249.42000000000002,4.88
2018,8,4,8,0,255.59,4
2018,8,4,9,0,260.97,3.37
2018,8,4,10,0,186.95000000000002,2.7600000000000002
2018,8,4,11,0,192.78,2.9
2018,8,4,12,0,189.17000000000002,2.89
2018,8,4,13,0,201.22,2.83
2018,8,4,14,0,192.72,3.21
2018,8,4,15,0,186.54,2.11
2018,8,4,16,0,205.74,1.3
2018,8,4,17,0,130.88,1.59
2018,8,4,18,0,131.65,2.07
2018,8,4,19,0,157.85,1.48
2018,8,4,20,0,151.3,1.3900000000000001
2018,8,4,21,0,131.18,2.46
2018,8,4,22,0,153.1,4.03
2018,8,4,23,0,135.78,10.43
2018,8,5,0,0,134.92000000000002,10.700000000000001
2018,8,5,1,0,132.37,11.73
2018,8,5,2,0,132.19,13.3
2018,8,5,3,0,135.01,11.36
2018,8,5,4,0,257.49,1
2018,8,5,5,0,145.79,8.24
2018,8,5,6,0,159.72,6.87
2018,8,5,7,0,159.98,6.5200000000000005
2018,8,5,8,0,189.65,4.19
2018,8,5,9,0,177.62,5.01
2018,8,5,10,0,176.86,5.65
2018,8,5,11,0,178.56,5.95
2018,8,5,12,0,183.20000000000002,7.65
2018,8,5,13,0,181.15,8.94
2018,8,5,14,0,174.96,10.28
2018,8,5,15,0,179.70000000000002,10.8
2018,8,5,16,0,182.62,12.1
2018,8,5,17,0,185.72,13.58
2018,8,5,18,0,190.82,12.700000000000001
2018,8,5,19,0,193.77,11.42
2018,8,5,20,0,194.93,11.42
2018,8,5,21,0,193.76,11.01
2018,8,5,22,0,192.03,12.040000000000001
2018,8,5,23,0,191.54,11.33
2018,8,6,0,0,195.73000000000002,12.120000000000001
2018,8,6,1,0,186.75,12.25
2018,8,6,2,0,183.93,12.85
2018,8,6,3,0,189.65,14.57
2018,8,6,4,0,186.6,14.1
2018,8,6,5,0,195.21,16.35
2018,8,6,6,0,198.66,16.88
2018,8,6,7,0,202.33,17.64
2018,8,6,8,0,207.76,20.3
2018,8,6,9,0,215.62,20.17
2018,8,6,10,0,216.28,18.88
2018,8,6,11,0,211.61,16.9
2018,8,6,12,0,209.57,15.63
2018,8,6,13,0,216.73000000000002,11.44
2018,8,6,14,0,200.73000000000002,7.09
2018,8,6,15,0,198.48000000000002,8.290000000000001
2018,8,6,16,0,198.20000000000002,7.21
2018,8,6,17,0,195.55,7
2018,8,6,18,0,208.35,3.93
2018,8,6,19,0,200.99,2.0100000000000002
2018,8,6,20,0,165.16,3.14
2018,8,6,21,0,145.45000000000002,3.6
2018,8,6,22,0,155.04,4.72
2018,8,6,23,0,156.9,5.55
2018,8,7,0,0,220.92000000000002,2.77
2018,8,7,1,0,250.98000000000002,7.43
2018,8,7,2,0,240.83,9.83
2018,8,7,3,0,233.75,8.01
2018,8,7,4,0,193.77,4.5600000000000005
2018,8,7,5,0,143.96,7.79
2018,8,7,6,0,164.67000000000002,7.15
2018,8,7,7,0,202.42000000000002,11.200000000000001
2018,8,7,8,0,203.81,10.46
2018,8,7,9,0,212.59,8.68
2018,8,7,10,0,202.70000000000002,7.12
2018,8,7,11,0,195.58,6.25
2018,8,7,12,0,192.62,5.28
2018,8,7,13,0,204.69,5.69
2018,8,7,14,0,211.78,5.43
2018,8,7,15,0,205.73000000000002,4.3
2018,8,7,16,0,215.48000000000002,5.36
2018,8,7,17,0,204.35,4
2018,8,7,18,0,186,3.75
2018,8,7,19,0,173.09,2.49
2018,8,7,20,0,152.94,2.88
2018,8,7,21,0,299.44,1.95
2018,8,7,22,0,295.90000000000003,1.75
2018,8,7,23,0,278.42,2.95
2018,8,8,0,0,297.27,3.85
2018,8,8,1,0,345.17,6.22
2018,8,8,2,0,348.3,3.16
2018,8,8,3,0,335,2.79
2018,8,8,4,0,341.85,5.76
2018,8,8,5,0,349.98,6.09
2018,8,8,6,0,354.91,5.42
2018,8,8,7,0,346.11,8.33
2018,8,8,8,0,339.28000000000003,5.64
2018,8,8,9,0,5.75,5.87
2018,8,8,10,0,0.44,9.15
2018,8,8,11,0,353.90000000000003,10.69
2018,8,8,12,0,353.25,12.05
2018,8,8,13,0,354.33,12.8
2018,8,8,14,0,352.36,11.99
2018,8,8,15,0,352.48,11.68
2018,8,8,16,0,355.01,11.870000000000001
2018,8,8,17,0,1.9000000000000001,10.77
2018,8,8,18,0,5.15,10.01
2018,8,8,19,0,357.93,9.14
2018,8,8,20,0,351.92,8.2
2018,8,8,21,0,354.65000000000003,6.92
2018,8,8,22,0,343.99,7.26
2018,8,8,23,0,338.26,6.55
2018,8,9,0,0,341.46,5.38
2018,8,9,1,0,7.4,2.72
2018,8,9,2,0,18.53,2.61
2018,8,9,3,0,2.0300000000000002,3.97
2018,8,9,4,0,354.58,4.43
2018,8,9,5,0,1.86,3.16
2018,8,9,6,0,0.78,3.31
2018,8,9,7,0,4.75,3.98
2018,8,9,8,0,1.48,4.72
2018,8,9,9,0,358.94,6.53
2018,8,9,10,0,356.74,7.15
2018,8,9,11,0,356.13,7.63
2018,8,9,12,0,356.64,7.42
2018,8,9,13,0,0.23,7.13
2018,8,9,14,0,2.05,7.83
2018,8,9,15,0,8.91,8.370000000000001
2018,8,9,16,0,7.41,8.17
2018,8,9,17,0,5.49,7.45
2018,8,9,18,0,9.77,6.32
2018,8,9,19,0,354.43,5.2
2018,8,9,20,0,344.32,5.11
2018,8,9,21,0,332.7,4.44
2018,8,9,22,0,328.26,4.83
2018,8,9,23,0,269.41,4.96
2018,8,10,0,0,255.37,5.46
2018,8,10,1,0,248.41,6.8500000000000005
2018,8,10,2,0,252.14000000000001,7.16
2018,8,10,3,0,254.16,7.91
2018,8,10,4,0,259.88,7.3500000000000005
2018,8,10,5,0,262.71,6.95
2018,8,10,6,0,268.57,6.18
2018,8,10,7,0,348.40000000000003,2.71
2018,8,10,8,0,33.25,3.5100000000000002
2018,8,10,9,0,62.42,5.21
2018,8,10,10,0,153.25,2.7800000000000002
2018,8,10,11,0,90.60000000000001,1.74
2018,8,10,12,0,48.31,3.67
2018,8,10,13,0,39.19,3.39
2018,8,10,14,0,14.57,3.52
2018,8,10,15,0,356.63,3.88
2018,8,10,16,0,358.08,1.61
2018,8,10,17,0,95.51,0.14
2018,8,10,18,0,216.84,1.19
2018,8,10,19,0,226.14000000000001,1.69
2018,8,10,20,0,240.41,2.12
2018,8,10,21,0,235.41,1.86
2018,8,10,22,0,159.95000000000002,2.66
2018,8,10,23,0,137.41,10.74
2018,8,11,0,0,134.31,10.71
2018,8,11,1,0,131.83,12.65
2018,8,11,2,0,132.32,14.32
2018,8,11,3,0,252.45000000000002,4.73
2018,8,11,4,0,239.99,2.73
2018,8,11,5,0,156.88,4.33
2018,8,11,6,0,157,7.74
2018,8,11,7,0,138.29,13.68
2018,8,11,8,0,129.5,18.63
2018,8,11,9,0,129.75,20.55
2018,8,11,10,0,128.81,20.46
2018,8,11,11,0,127.38000000000001,20.91
2018,8,11,12,0,130.63,17.78
2018,8,11,13,0,133.91,15.92
2018,8,11,14,0,129.9,14.73
2018,8,11,15,0,133.8,14.17
2018,8,11,16,0,160.85,8.83
2018,8,11,17,0,189.68,6.96
2018,8,11,18,0,163.31,6.37
2018,8,11,19,0,204.37,9.370000000000001
2018,8,11,20,0,192.93,6.59
2018,8,11,21,0,159.45000000000002,5.8100000000000005
2018,8,11,22,0,131.85,9.61
2018,8,11,23,0,135.87,10.28
2018,8,12,0,0,131.87,11.58
2018,8,12,1,0,129.86,13.76
2018,8,12,2,0,130.46,14.66
2018,8,12,3,0,186.63,4.58
2018,8,12,4,0,130.12,13.38
2018,8,12,5,0,135.37,13.75
2018,8,12,6,0,136.84,13.16
2018,8,12,7,0,147.77,11.84
2018,8,12,8,0,138.03,11.91
2018,8,12,9,0,144.88,11.65
2018,8,12,10,0,147.63,11.75
2018,8,12,11,0,142.71,11.68
2018,8,12,12,0,136.56,12.06
2018,8,12,13,0,130.33,15.870000000000001
2018,8,12,14,0,130.48,18.580000000000002
2018,8,12,15,0,133.62,18.87
2018,8,12,16,0,149.42000000000002,10.47
2018,8,12,17,0,137.1,11.61
2018,8,12,18,0,134.48,21
2018,8,12,19,0,125.06,26.55
2018,8,12,20,0,129.37,27.29
2018,8,12,21,0,128.98,28.05
2018,8,12,22,0,129.41,29.080000000000002
2018,8,12,23,0,133.87,29.61
2018,8,13,0,0,133.17000000000002,30.09
2018,8,13,1,0,128.92000000000002,29.02
2018,8,13,2,0,128.42000000000002,26.87
2018,8,13,3,0,130.2,21.86
2018,8,13,4,0,192.99,11.99
2018,8,13,5,0,211.86,14.19
2018,8,13,6,0,203.6,16.92
2018,8,13,7,0,195.71,17.98
2018,8,13,8,0,193.57,18.98
2018,8,13,9,0,190.66,19.150000000000002
2018,8,13,10,0,187.77,19.09
2018,8,13,11,0,191.03,18.76
2018,8,13,12,0,189.65,17.41
2018,8,13,13,0,193.33,17.3
2018,8,13,14,0,195.32,18.06
2018,8,13,15,0,194.67000000000002,18.37
2018,8,13,16,0,195.75,18.94
2018,8,13,17,0,196.32,17.88
2018,8,13,18,0,195.24,16.53
2018,8,13,19,0,196.62,16.22
2018,8,13,20,0,198.54,16.21
2018,8,13,21,0,200.77,15.23
2018,8,13,22,0,203.25,14.34
2018,8,13,23,0,205.09,14.41
2018,8,14,0,0,206.69,13.07
2018,8,14,1,0,210.37,13.200000000000001
2018,8,14,2,0,208.62,13.370000000000001
2018,8,14,3,0,209.18,13.620000000000001
2018,8,14,4,0,202.03,14.040000000000001
2018,8,14,5,0,197.68,13.34
2018,8,14,6,0,197.48000000000002,13.89
2018,8,14,7,0,202.5,14.97
2018,8,14,8,0,196.6,15.66
2018,8,14,9,0,198.24,15.15
2018,8,14,10,0,198.55,15.120000000000001
2018,8,14,11,0,194.44,14.61
2018,8,14,12,0,189.6,13.32
2018,8,14,13,0,189.92000000000002,12.780000000000001
2018,8,14,14,0,188.78,12.540000000000001
2018,8,14,15,0,182.91,12.6
2018,8,14,16,0,179.38,12.23
2018,8,14,17,0,175.12,9.58
2018,8,14,18,0,144.13,7.01
2018,8,14,19,0,126.79,9.97
2018,8,14,20,0,124.9,11.52
2018,8,14,21,0,123.84,12.4
2018,8,14,22,0,125.08,12.61
2018,8,14,23,0,126.7,12.9
2018,8,15,0,0,124.36,14.69
2018,8,15,1,0,125.45,16.23
2018,8,15,2,0,129.3,16.32
2018,8,15,3,0,127.66,16.18
2018,8,15,4,0,125.23,17.57
2018,8,15,5,0,123.44,17.47
2018,8,15,6,0,122.73,18.04
2018,8,15,7,0,121.97,17.75
2018,8,15,8,0,120.79,17.32
2018,8,15,9,0,123.5,16.42
2018,8,15,10,0,122.75,16.32
2018,8,15,11,0,124.13000000000001,16.77
2018,8,15,12,0,124.85000000000001,15.66
2018,8,15,13,0,125.34,15.4
2018,8,15,14,0,123.4,15.68
2018,8,15,15,0,126.45,15.35
2018,8,15,16,0,124.51,14.69
2018,8,15,17,0,127.91,14.76
2018,8,15,18,0,129.98,13.14
2018,8,15,19,0,129.07,13.05
2018,8,15,20,0,129.64000000000001,13.09
2018,8,15,21,0,135.16,11.26
2018,8,15,22,0,125.71000000000001,13.27
2018,8,15,23,0,119.24000000000001,12.98
2018,8,16,0,0,116.98,13.08
2018,8,16,1,0,116.45,12.15
2018,8,16,2,0,114.02,10.65
2018,8,16,3,0,116.56,8.96
2018,8,16,4,0,110.12,8.58
2018,8,16,5,0,110.44,8.77
2018,8,16,6,0,112.34,9.85
2018,8,16,7,0,126.23,10.49
2018,8,16,8,0,126.18,11.74
2018,8,16,9,0,127.92,14.21
2018,8,16,10,0,131.94,13.41
2018,8,16,11,0,131.51,13.99
2018,8,16,12,0,133.64000000000001,12.05
2018,8,16,13,0,134.95,11.92
2018,8,16,14,0,134.51,10.41
2018,8,16,15,0,138.61,10.03
2018,8,16,16,0,136.81,8.65
2018,8,16,17,0,141.55,6.51
2018,8,16,18,0,189.28,4.89
2018,8,16,19,0,198.58,2.0100000000000002
2018,8,16,20,0,144.5,1.35
2018,8,16,21,0,150.12,1.52
2018,8,16,22,0,157.51,1.1400000000000001
2018,8,16,23,0,151.74,0.86
2018,8,17,0,0,136.95000000000002,6.95
2018,8,17,1,0,133.85,8.290000000000001
2018,8,17,2,0,139.08,8.14
2018,8,17,3,0,136.38,8.65
2018,8,17,4,0,134.45,9.34
2018,8,17,5,0,135.25,8.5
2018,8,17,6,0,222.28,5.34
2018,8,17,7,0,211,2.96
2018,8,17,8,0,218.46,5.64
2018,8,17,9,0,201.64000000000001,5.4
2018,8,17,10,0,159.85,4.63
2018,8,17,11,0,184.69,4.3
2018,8,17,12,0,196.81,3.85
2018,8,17,13,0,199.57,3.81
2018,8,17,14,0,197.64000000000001,3.2
2018,8,17,15,0,204.11,3.3200000000000003
2018,8,17,16,0,206.27,3.7
2018,8,17,17,0,199.18,3.77
2018,8,17,18,0,191.59,3.89
2018,8,17,19,0,200.44,3.13
2018,8,17,20,0,208.74,2.22
2018,8,17,21,0,150.09,1.05
2018,8,17,22,0,159.11,0.93
2018,8,17,23,0,220.89000000000001,1.04
2018,8,18,0,0,265.48,2.18
2018,8,18,1,0,275.64,3.79
2018,8,18,2,0,246.35,3.3200000000000003
2018,8,18,3,0,161.97,1.57
2018,8,18,4,0,138.54,7.2
2018,8,18,5,0,147.5,5.97
2018,8,18,6,0,134.94,8.63
2018,8,18,7,0,149.11,6.73
2018,8,18,8,0,178.33,6.8500000000000005
2018,8,18,9,0,148.06,6.75
2018,8,18,10,0,136.6,8.67
2018,8,18,11,0,138.25,10.25
2018,8,18,12,0,136.78,11.44
2018,8,18,13,0,133.33,12.27
2018,8,18,14,0,131.7,12.89
2018,8,18,15,0,131.03,13.33
2018,8,18,16,0,131.57,13.89
2018,8,18,17,0,129.23,13.86
2018,8,18,18,0,128.73,15.07
2018,8,18,19,0,129.08,15.8
2018,8,18,20,0,125.74000000000001,15.56
2018,8,18,21,0,125.65,14.97
2018,8,18,22,0,123.87,14.93
2018,8,18,23,0,125.35000000000001,15.94
2018,8,19,0,0,125.32000000000001,15.92
2018,8,19,1,0,124.31,15.97
2018,8,19,2,0,123.82000000000001,16.45
2018,8,19,3,0,123.85000000000001,16.66
2018,8,19,4,0,123.47,16.21
2018,8,19,5,0,123.94,15.96
2018,8,19,6,0,122.19,16.21
2018,8,19,7,0,122.27,15.8
2018,8,19,8,0,117.62,15.73
2018,8,19,9,0,102.4,12.13
2018,8,19,10,0,69.60000000000001,4.32
2018,8,19,11,0,5.07,2.79
2018,8,19,12,0,24.12,4.51
2018,8,19,13,0,16.8,4.42
2018,8,19,14,0,13.24,3.92
2018,8,19,15,0,14.030000000000001,4.28
2018,8,19,16,0,14.11,4.3500000000000005
2018,8,19,17,0,14.46,2.95
2018,8,19,18,0,12.49,2.66
2018,8,19,19,0,0.44,3.22
2018,8,19,20,0,85.95,3.58
2018,8,19,21,0,94.39,13.88
2018,8,19,22,0,91.51,11.49
2018,8,19,23,0,37.87,3.38
2018,8,20,0,0,53.35,2.97
2018,8,20,1,0,130.42000000000002,11.3
2018,8,20,2,0,19.2,3.71
2018,8,20,3,0,356.71,4.08
2018,8,20,4,0,17.29,2.31
2018,8,20,5,0,343.22,1.6600000000000001
2018,8,20,6,0,9.09,2.88
2018,8,20,7,0,58.050000000000004,4.25
2018,8,20,8,0,88.7,6.5200000000000005
2018,8,20,9,0,56.29,6.21
2018,8,20,10,0,96.27,6.71
2018,8,20,11,0,114.66,16.490000000000002
2018,8,20,12,0,118.94,16.68
2018,8,20,13,0,130.75,18.73
2018,8,20,14,0,132.61,19.12
2018,8,20,15,0,134.25,17.85
2018,8,20,16,0,130.76,17.19
2018,8,20,17,0,128.42000000000002,16.95
2018,8,20,18,0,129.29,16.15
2018,8,20,19,0,127.54,17.29
2018,8,20,20,0,127.88000000000001,12.61
2018,8,20,21,0,34.56,7.08
2018,8,20,22,0,18.36,6.51
2018,8,20,23,0,19.37,8.05
2018,8,21,0,0,19.05,8.18
2018,8,21,1,0,23.39,5.68
2018,8,21,2,0,44.39,2.75
2018,8,21,3,0,128.29,20.44
2018,8,21,4,0,128.93,21.31
2018,8,21,5,0,127.16,21.61
2018,8,21,6,0,128.2,21.240000000000002
2018,8,21,7,0,130.07,21
2018,8,21,8,0,130.76,20.35
2018,8,21,9,0,132.47,18.02
2018,8,21,10,0,132.05,14.4
2018,8,21,11,0,186.92000000000002,6.93
2018,8,21,12,0,210.52,6.83
2018,8,21,13,0,225.85,6.41
2018,8,21,14,0,231.02,6.96
2018,8,21,15,0,233.18,6.1000000000000005
2018,8,21,16,0,238.28,5.45
2018,8,21,17,0,220.63,5.41
2018,8,21,18,0,223.92000000000002,5.11
2018,8,21,19,0,225.22,4.7
2018,8,21,20,0,225.59,3.56
2018,8,21,21,0,234.18,3.88
2018,8,21,22,0,223.84,1.99
2018,8,21,23,0,206.45000000000002,1.23
2018,8,22,0,0,190.04,0.52
2018,8,22,1,0,210.17000000000002,1.37
2018,8,22,2,0,255.13,3.29
2018,8,22,3,0,241.21,3.18
2018,8,22,4,0,224.59,3.41
2018,8,22,5,0,249.11,2.38
2018,8,22,6,0,260.14,4.55
2018,8,22,7,0,252.02,2.7
2018,8,22,8,0,203.91,3.87
2018,8,22,9,0,182.08,4.93
2018,8,22,10,0,192.03,5.84
2018,8,22,11,0,201.42000000000002,5.98
2018,8,22,12,0,224.62,6.28
2018,8,22,13,0,209.3,6.0200000000000005
2018,8,22,14,0,210.63,6.11
2018,8,22,15,0,213.92000000000002,7.13
2018,8,22,16,0,211.37,6
2018,8,22,17,0,200.34,4.04
2018,8,22,18,0,198.42000000000002,2.5300000000000002
2018,8,22,19,0,171.31,2
2018,8,22,20,0,177.48,2.15
2018,8,22,21,0,173.69,1.77
2018,8,22,22,0,143.06,0.77
2018,8,22,23,0,330.8,0.72
2018,8,23,0,0,285.14,2.77
2018,8,23,1,0,286.11,2.34
2018,8,23,2,0,279.39,3.34
2018,8,23,3,0,264.53000000000003,4.95
2018,8,23,4,0,254.75,6.61
2018,8,23,5,0,237.26,5.99
2018,8,23,6,0,230.48000000000002,6.47
2018,8,23,7,0,233.96,6.45
2018,8,23,8,0,230.62,8.11
2018,8,23,9,0,228.39000000000001,6.11
2018,8,23,10,0,234.76,5.3100000000000005
2018,8,23,11,0,230.71,4.9
2018,8,23,12,0,247.1,5.08
2018,8,23,13,0,266.05,4.1
2018,8,23,14,0,266.23,3.1
2018,8,23,15,0,236.01,1.08
2018,8,23,16,0,147.69,1.27
2018,8,23,17,0,165.51,3
2018,8,23,18,0,208.59,2.87
2018,8,23,19,0,267.76,2.44
2018,8,23,20,0,157.63,2.37
2018,8,23,21,0,134.31,9.200000000000001
2018,8,23,22,0,127.77,12.44
2018,8,23,23,0,130.13,12.31
2018,8,24,0,0,134.08,12.34
2018,8,24,1,0,139.97,11.39
2018,8,24,2,0,158.63,6.71
2018,8,24,3,0,150.67000000000002,8.39
2018,8,24,4,0,146.63,9.540000000000001
2018,8,24,5,0,141.72,9.97
2018,8,24,6,0,148.9,8.94
2018,8,24,7,0,155.93,6.9
2018,8,24,8,0,180.66,7.11
2018,8,24,9,0,192.33,7.25
2018,8,24,10,0,209.51,8.07
2018,8,24,11,0,212.99,8.370000000000001
2018,8,24,12,0,209.53,8.43
2018,8,24,13,0,205.65,8.49
2018,8,24,14,0,204.67000000000002,7.930000000000001
2018,8,24,15,0,195.51,8.47
2018,8,24,16,0,201.51,9.790000000000001
2018,8,24,17,0,199.4,10.51
2018,8,24,18,0,204.41,10.040000000000001
2018,8,24,19,0,210.5,9.08
2018,8,24,20,0,208.33,7.7700000000000005
2018,8,24,21,0,208.88,6.42
2018,8,24,22,0,203.91,6.44
2018,8,24,23,0,202.32,5.3100000000000005
2018,8,25,0,0,242.21,4.14
2018,8,25,1,0,251.35,4.84
2018,8,25,2,0,208.35,6.86
2018,8,25,3,0,215.15,7.55
2018,8,25,4,0,213.03,7.61
2018,8,25,5,0,210.62,8.94
2018,8,25,6,0,201.29,9.56
2018,8,25,7,0,199.57,10.28
2018,8,25,8,0,200.47,9.69
2018,8,25,9,0,194.63,8.45
2018,8,25,10,0,193.91,7.8
2018,8,25,11,0,198.81,6.7700000000000005
2018,8,25,12,0,197.82,6.11
2018,8,25,13,0,196.1,5.3
2018,8,25,14,0,193.24,3.5100000000000002
2018,8,25,15,0,190.77,2.48
2018,8,25,16,0,223.54,1.75
2018,8,25,17,0,144.13,2.72
2018,8,25,18,0,132.3,7.49
2018,8,25,19,0,126.64,7.71
2018,8,25,20,0,129.33,6.42
2018,8,25,21,0,123.29,10.19
2018,8,25,22,0,109.41,9.370000000000001
2018,8,25,23,0,119.39,10.9
2018,8,26,0,0,131.31,8.89
2018,8,26,1,0,135.34,8.35
2018,8,26,2,0,133.97,7.5600000000000005
2018,8,26,3,0,137.34,7.68
2018,8,26,4,0,146.20000000000002,7.09
2018,8,26,5,0,184.97,4.49
2018,8,26,6,0,186.07,4.41
2018,8,26,7,0,141.92000000000002,9.27
2018,8,26,8,0,131.52,12.120000000000001
2018,8,26,9,0,128.53,14.51
2018,8,26,10,0,129.61,15.34
2018,8,26,11,0,131.23,16.330000000000002
2018,8,26,12,0,131.38,17.47
2018,8,26,13,0,131.65,18.67
2018,8,26,14,0,129.05,20.3
2018,8,26,15,0,131.17000000000002,19.96
2018,8,26,16,0,136.53,18.13
2018,8,26,17,0,139.29,18.04
2018,8,26,18,0,157.81,13.51
2018,8,26,19,0,175.96,13.64
2018,8,26,20,0,184.53,18.79
2018,8,26,21,0,185.85,16.97
2018,8,26,22,0,194.95000000000002,17.580000000000002
2018,8,26,23,0,193.86,13.96
2018,8,27,0,0,194.04,12.09
2018,8,27,1,0,189.62,14.36
2018,8,27,2,0,191.28,14.17
2018,8,27,3,0,199.95000000000002,12.1
2018,8,27,4,0,199.21,15.05
2018,8,27,5,0,202.96,14.790000000000001
2018,8,27,6,0,202.07,17.12
2018,8,27,7,0,201.98000000000002,16.740000000000002
2018,8,27,8,0,199.57,14.83
2018,8,27,9,0,190.35,15.91
2018,8,27,10,0,193.17000000000002,14.26
2018,8,27,11,0,202.28,13.83
2018,8,27,12,0,200.64000000000001,10.27
2018,8,27,13,0,198.47,9.48
2018,8,27,14,0,198.56,7.55
2018,8,27,15,0,191.89000000000001,6.46
2018,8,27,16,0,190.54,4.2700000000000005
2018,8,27,17,0,200.76,4.57
2018,8,27,18,0,173.9,2.69
2018,8,27,19,0,206.79,2.04
2018,8,27,20,0,252.05,1.59
2018,8,27,21,0,286.77,0.4
2018,8,27,22,0,130.16,8.02
2018,8,27,23,0,124.61,8.15
2018,8,28,0,0,133.77,7.71
2018,8,28,1,0,133.24,7.58
2018,8,28,2,0,136.74,6.5600000000000005
2018,8,28,3,0,135.01,3.2600000000000002
2018,8,28,4,0,116.60000000000001,1.03
2018,8,28,5,0,268.35,1.82
2018,8,28,6,0,311.62,3.41
2018,8,28,7,0,330.49,3.88
2018,8,28,8,0,357.97,11.75
2018,8,28,9,0,356.7,7.17
2018,8,28,10,0,348.32,6.24
2018,8,28,11,0,341.95,8.15
2018,8,28,12,0,341.26,10.200000000000001
2018,8,28,13,0,323.86,7.59
2018,8,28,14,0,346.53000000000003,12.75
2018,8,28,15,0,9.72,9.5
2018,8,28,16,0,353.77,6.3500000000000005
2018,8,28,17,0,7.38,5.4
2018,8,28,18,0,358.29,6.36
2018,8,28,19,0,335.54,3.13
2018,8,28,20,0,281.67,1.71
2018,8,28,21,0,305.42,2.63
2018,8,28,22,0,303.29,3.3000000000000003
2018,8,28,23,0,298.54,3.61
2018,8,29,0,0,313.3,4.11
2018,8,29,1,0,336.63,3.15
2018,8,29,2,0,350.77,6.83
2018,8,29,3,0,353.79,8.8
2018,8,29,4,0,9.05,6.43
2018,8,29,5,0,8.38,7.33
2018,8,29,6,0,1.16,8.290000000000001
2018,8,29,7,0,17.54,7.23
2018,8,29,8,0,29.7,6.42
2018,8,29,9,0,29.68,4.38
2018,8,29,10,0,26.64,4.1
2018,8,29,11,0,22.93,5.37
2018,8,29,12,0,5.97,5.6000000000000005
2018,8,29,13,0,348.40000000000003,6.66
2018,8,29,14,0,348.33,8.9
2018,8,29,15,0,355.38,8.76
2018,8,29,16,0,359.77,8.66
2018,8,29,17,0,356.29,7.33
2018,8,29,18,0,350.23,4.7
2018,8,29,19,0,346.43,3.98
2018,8,29,20,0,350.13,3.24
2018,8,29,21,0,24.05,1.43
2018,8,29,22,0,355.44,0.64
2018,8,29,23,0,295.47,0.76
2018,8,30,0,0,344.45,1.17
2018,8,30,1,0,285.22,1.21
2018,8,30,2,0,264.72,1.87
2018,8,30,3,0,244.51,0.6900000000000001
2018,8,30,4,0,211.05,0.89
2018,8,30,5,0,167.05,1.95
2018,8,30,6,0,135.75,3.84
2018,8,30,7,0,147.25,4.47
2018,8,30,8,0,181.69,3.5700000000000003
2018,8,30,9,0,174.35,5.23
2018,8,30,10,0,179.46,8.11
2018,8,30,11,0,204.8,10.59
2018,8,30,12,0,205.63,9.72
2018,8,30,13,0,180.97,9.69
2018,8,30,14,0,184.78,11.17
2018,8,30,15,0,187.94,11.68
2018,8,30,16,0,192.18,14.280000000000001
2018,8,30,17,0,197.4,15.63
2018,8,30,18,0,205.09,16.16
2018,8,30,19,0,198.29,14.55
2018,8,30,20,0,218.05,13.19
2018,8,30,21,0,220.31,11.57
2018,8,30,22,0,226,12.55
2018,8,30,23,0,226.48000000000002,14.21
2018,8,31,0,0,232.52,16.84
2018,8,31,1,0,232.1,17.12
2018,8,31,2,0,232.12,17.61
2018,8,31,3,0,226.19,14.18
2018,8,31,4,0,219.1,13.9
2018,8,31,5,0,216.46,12.57
2018,8,31,6,0,214.51,12.34
2018,8,31,7,0,219.85,13.280000000000001
2018,8,31,8,0,213.69,12.65
2018,8,31,9,0,207.55,12.15
2018,8,31,10,0,211.77,11.540000000000001
2018,8,31,11,0,211.61,11.52
2018,8,31,12,0,200.18,10.370000000000001
2018,8,31,13,0,191.03,10.77
2018,8,31,14,0,192.70000000000002,9.11
2018,8,31,15,0,189.33,8.31
2018,8,31,16,0,202.99,10.76
2018,8,31,17,0,209.41,9.19
2018,8,31,18,0,191.70000000000002,7.5600000000000005
2018,8,31,19,0,198.69,6.01
2018,8,31,20,0,191.87,5.19
2018,8,31,21,0,188.21,5.07
2018,8,31,22,0,203.31,4.12
2018,8,31,23,0,194.19,3.93
2018,9,1,0,0,226.96,3.23
2018,9,1,1,0,298.28000000000003,3.56
2018,9,1,2,0,284.04,5.5
2018,9,1,3,0,293.29,4.17
2018,9,1,4,0,269.65,4.14
2018,9,1,5,0,194.24,4.79
2018,9,1,6,0,116.26,3.84
2018,9,1,7,0,221.51,1.51
2018,9,1,8,0,222.23000000000002,1.7
2018,9,1,9,0,229.42000000000002,3.67
2018,9,1,10,0,238.83,3.2600000000000002
2018,9,1,11,0,240.93,3.99
2018,9,1,12,0,311.24,0.96
2018,9,1,13,0,184.59,3.61
2018,9,1,14,0,213.61,1.74
2018,9,1,15,0,15.48,2.16
2018,9,1,16,0,37.36,3.04
2018,9,1,17,0,46.95,3.0300000000000002
2018,9,1,18,0,15.33,3.2600000000000002
2018,9,1,19,0,14.870000000000001,2.57
2018,9,1,20,0,8.700000000000001,1.92
2018,9,1,21,0,350.87,1.6
2018,9,1,22,0,334.23,1.68
2018,9,1,23,0,304.98,2.63
2018,9,2,0,0,282.81,2.75
2018,9,2,1,0,242.54,1.52
2018,9,2,2,0,228.33,1.26
2018,9,2,3,0,237.89000000000001,1.1500000000000001
2018,9,2,4,0,214.27,0.81
2018,9,2,5,0,212.78,1.79
2018,9,2,6,0,219.32,2.97
2018,9,2,7,0,217.51,3.54
2018,9,2,8,0,221.43,3.31
2018,9,2,9,0,228.23000000000002,3.0100000000000002
2018,9,2,10,0,210.1,4.23
2018,9,2,11,0,219.12,4.61
2018,9,2,12,0,222.68,4.61
2018,9,2,13,0,225.44,4.71
2018,9,2,14,0,230.84,3.73
2018,9,2,15,0,216.48000000000002,3.75
2018,9,2,16,0,216.05,2.65
2018,9,2,17,0,204.14000000000001,1.1
2018,9,2,18,0,135.42000000000002,1.06
2018,9,2,19,0,153.86,1.77
2018,9,2,20,0,215.79,1.02
2018,9,2,21,0,248.55,1.1400000000000001
2018,9,2,22,0,279.01,1.41
2018,9,2,23,0,249.73000000000002,2.61
2018,9,3,0,0,248.44,2.46
2018,9,3,1,0,250.89000000000001,2.24
2018,9,3,2,0,255.20000000000002,1.92
2018,9,3,3,0,279.78000000000003,1.31
2018,9,3,4,0,290.36,1.42
2018,9,3,5,0,294.67,1.26
2018,9,3,6,0,327.81,1.05
2018,9,3,7,0,359.66,1.47
2018,9,3,8,0,51.64,2.89
2018,9,3,9,0,49.14,1.87
2018,9,3,10,0,84.78,1.22
2018,9,3,11,0,29.900000000000002,2.2600000000000002
2018,9,3,12,0,23.47,2.84
2018,9,3,13,0,16.490000000000002,3.7
2018,9,3,14,0,13.620000000000001,4.44
2018,9,3,15,0,15.280000000000001,4.5600000000000005
2018,9,3,16,0,25.76,3.8000000000000003
2018,9,3,17,0,28.39,3.27
2018,9,3,18,0,28.79,2.8000000000000003
2018,9,3,19,0,22.48,1.76
2018,9,3,20,0,285.74,0.3
2018,9,3,21,0,272.18,1.76
2018,9,3,22,0,257.12,1.7
2018,9,3,23,0,261.72,1.86
2018,9,4,0,0,272.49,1.57
2018,9,4,1,0,284.11,1.12
2018,9,4,2,0,245.66,0.99
2018,9,4,3,0,224.54,0.92
2018,9,4,4,0,196.91,1.53
2018,9,4,5,0,198.22,2.06
2018,9,4,6,0,179.52,2.09
2018,9,4,7,0,174.59,1.25
2018,9,4,8,0,217.28,1.46
2018,9,4,9,0,224.05,2.86
2018,9,4,10,0,221.73000000000002,4.12
2018,9,4,11,0,229.55,4.39
2018,9,4,12,0,235.28,3.15
2018,9,4,13,0,251.46,2.15
2018,9,4,14,0,263.33,1.83
2018,9,4,15,0,279.41,1.83
2018,9,4,16,0,327.72,2.04
2018,9,4,17,0,16.35,3.24
2018,9,4,18,0,5.73,3.2
2018,9,4,19,0,7.16,2.87
2018,9,4,20,0,343.29,2.11
2018,9,4,21,0,328.86,1.62
2018,9,4,22,0,313.33,1.82
2018,9,4,23,0,289.99,2.68
2018,9,5,0,0,282.72,2.61
2018,9,5,1,0,289.33,2.77
2018,9,5,2,0,289.73,3.0700000000000003
2018,9,5,3,0,296.13,2.58
2018,9,5,4,0,309.7,2.86
2018,9,5,5,0,312.24,2.96
2018,9,5,6,0,314.98,3.97
2018,9,5,7,0,350.89,5.25
2018,9,5,8,0,358.7,8.61
2018,9,5,9,0,1.87,8.19
2018,9,5,10,0,3.98,9.39
2018,9,5,11,0,1.28,9.6
2018,9,5,12,0,14.11,7.44
2018,9,5,13,0,2.0300000000000002,9.18
2018,9,5,14,0,357.17,8.91
2018,9,5,15,0,357.29,9.13
2018,9,5,16,0,2.7600000000000002,8.83
2018,9,5,17,0,3.36,7.84
2018,9,5,18,0,2.29,7.57
2018,9,5,19,0,356.06,6.32
2018,9,5,20,0,356.37,5.68
2018,9,5,21,0,358.35,4.92
2018,9,5,22,0,350.56,4.93
2018,9,5,23,0,346.77,4.2700000000000005
2018,9,6,0,0,343.23,4.14
2018,9,6,1,0,296.19,3.89
2018,9,6,2,0,282.74,3.7
2018,9,6,3,0,268.81,3.23
2018,9,6,4,0,269.12,3.45
2018,9,6,5,0,290.37,2.57
2018,9,6,6,0,279.57,2.09
2018,9,6,7,0,269.76,2.18
2018,9,6,8,0,293.97,2.09
2018,9,6,9,0,341.82,1.44
2018,9,6,10,0,88.29,3.45
2018,9,6,11,0,101.03,2.5500000000000003
2018,9,6,12,0,133.37,1.59
2018,9,6,13,0,127.26,2.12
2018,9,6,14,0,84.21000000000001,3.41
2018,9,6,15,0,4.59,5.11
2018,9,6,16,0,4.8500000000000005,6.8100000000000005
2018,9,6,17,0,3.7800000000000002,7.9
2018,9,6,18,0,352.25,5.51
2018,9,6,19,0,357.46,4.78
2018,9,6,20,0,347.66,4.71
2018,9,6,21,0,339.09000000000003,4.99
2018,9,6,22,0,349.82,4.34
2018,9,6,23,0,357.86,5.3
2018,9,7,0,0,354.7,4.65
2018,9,7,1,0,350.59000000000003,5.13
2018,9,7,2,0,348.84000000000003,6.58
2018,9,7,3,0,353.40000000000003,7.7700000000000005
2018,9,7,4,0,358.49,10.26
2018,9,7,5,0,356.41,11.620000000000001
2018,9,7,6,0,0.47000000000000003,12.56
2018,9,7,7,0,2.32,11.8
2018,9,7,8,0,351,11.71
2018,9,7,9,0,353.97,12.74
2018,9,7,10,0,354.58,12.66
2018,9,7,11,0,3.64,12.22
2018,9,7,12,0,6.5600000000000005,12.22
2018,9,7,13,0,4.42,12.91
2018,9,7,14,0,5.88,12.86
2018,9,7,15,0,3.72,12.38
2018,9,7,16,0,359.64,12.38
2018,9,7,17,0,5.7,13.1
2018,9,7,18,0,6.87,11.41
2018,9,7,19,0,0.48,11.27
2018,9,7,20,0,31.1,7.69
2018,9,7,21,0,25.97,6.2
2018,9,7,22,0,11.81,10.82
2018,9,7,23,0,22.97,9.39
2018,9,8,0,0,27.42,7.29
2018,9,8,1,0,32.64,6.86
2018,9,8,2,0,26.82,6.87
2018,9,8,3,0,27.52,9.05
2018,9,8,4,0,22.86,8.11
2018,9,8,5,0,36.45,8.91
2018,9,8,6,0,48.32,8.34
2018,9,8,7,0,10.67,7.18
2018,9,8,8,0,2.27,9.290000000000001
2018,9,8,9,0,10.14,12.51
2018,9,8,10,0,359.13,13.31
2018,9,8,11,0,9.17,15.27
2018,9,8,12,0,0.44,14.41
2018,9,8,13,0,0.64,14.26
2018,9,8,14,0,358.92,14.18
2018,9,8,15,0,5.59,13.81
2018,9,8,16,0,3.3200000000000003,13.14
2018,9,8,17,0,3.42,11.9
2018,9,8,18,0,12.8,12.13
2018,9,8,19,0,34.08,7.1000000000000005
2018,9,8,20,0,20.650000000000002,9.8
2018,9,8,21,0,5.67,9.09
2018,9,8,22,0,355.88,8.51
2018,9,8,23,0,9.59,8.19
2018,9,9,0,0,12.66,8.1
2018,9,9,1,0,4.19,6.22
2018,9,9,2,0,357.31,6.18
2018,9,9,3,0,356.56,8.26
2018,9,9,4,0,10.44,10.92
2018,9,9,5,0,9.55,10.24
2018,9,9,6,0,5.74,11.07
2018,9,9,7,0,13.05,10.35
2018,9,9,8,0,18.51,10.52
2018,9,9,9,0,13.35,11.22
2018,9,9,10,0,15.56,11.74
2018,9,9,11,0,11.42,11.73
2018,9,9,12,0,7.72,10.790000000000001
2018,9,9,13,0,6.37,9.950000000000001
2018,9,9,14,0,14.99,9.5
2018,9,9,15,0,19.900000000000002,8.92
2018,9,9,16,0,8.71,8.11
2018,9,9,17,0,10.48,6.87
2018,9,9,18,0,16.39,4.93
2018,9,9,19,0,2.35,4.99
2018,9,9,20,0,355.15000000000003,3.9
2018,9,9,21,0,347.90000000000003,4.37
2018,9,9,22,0,350.63,4.0200000000000005
2018,9,9,23,0,352.77,3.2600000000000002
2018,9,10,0,0,342.63,3.13
2018,9,10,1,0,356.09000000000003,3.34
2018,9,10,2,0,4.5600000000000005,2.94
2018,9,10,3,0,307.1,2.54
2018,9,10,4,0,300.47,2.94
2018,9,10,5,0,305.53000000000003,3.91
2018,9,10,6,0,318.91,5.5600000000000005
2018,9,10,7,0,346.94,2.15
2018,9,10,8,0,46.2,2.12
2018,9,10,9,0,38.6,3.77
2018,9,10,10,0,0.79,4.65
2018,9,10,11,0,30.52,5.68
2018,9,10,12,0,30.6,6.62
2018,9,10,13,0,27.67,7.0600000000000005
2018,9,10,14,0,27,6.74
2018,9,10,15,0,24.03,7.04
2018,9,10,16,0,26.560000000000002,8.24
2018,9,10,17,0,17.42,6.95
2018,9,10,18,0,12.75,6.24
2018,9,10,19,0,20.61,7.1000000000000005
2018,9,10,20,0,13.82,6.0600000000000005
2018,9,10,21,0,10.81,5.07
2018,9,10,22,0,5.57,3.3000000000000003
2018,9,10,23,0,0.86,2.37
2018,9,11,0,0,343.37,1.72
2018,9,11,1,0,338.35,2.04
2018,9,11,2,0,324.42,2.18
2018,9,11,3,0,251.19,1.56
2018,9,11,4,0,251.41,3.3000000000000003
2018,9,11,5,0,252.09,3.0500000000000003
2018,9,11,6,0,248.35,3.4
2018,9,11,7,0,238.89000000000001,3.19
2018,9,11,8,0,223.42000000000002,3.83
2018,9,11,9,0,226.51,2.85
2018,9,11,10,0,233.46,2.64
2018,9,11,11,0,356.37,4.63
2018,9,11,12,0,354.17,5.88
2018,9,11,13,0,3.74,7.36
2018,9,11,14,0,9.93,6.87
2018,9,11,15,0,17.64,5.94
2018,9,11,16,0,26.94,4.98
2018,9,11,17,0,29.44,3.91
2018,9,11,18,0,9.57,3.2
2018,9,11,19,0,7.7700000000000005,4.65
2018,9,11,20,0,2.98,4.22
2018,9,11,21,0,1.02,4.15
2018,9,11,22,0,358.78000000000003,4.51
2018,9,11,23,0,290.85,3.42
2018,9,12,0,0,275.08,3.41
2018,9,12,1,0,267.12,3.02
2018,9,12,2,0,264.58,3.46
2018,9,12,3,0,264.59000000000003,3.22
2018,9,12,4,0,256.88,3.7
2018,9,12,5,0,249.47,3.44
2018,9,12,6,0,242.85,2.11
2018,9,12,7,0,219.44,2.41
2018,9,12,8,0,227.15,2.82
2018,9,12,9,0,233.91,2.32
2018,9,12,10,0,276.64,0.64
2018,9,12,11,0,5.95,1.6400000000000001
2018,9,12,12,0,4.92,2.1
2018,9,12,13,0,24.89,3.24
2018,9,12,14,0,22.18,3.8000000000000003
2018,9,12,15,0,23.64,2.4
2018,9,12,16,0,40.06,1.36
2018,9,12,17,0,18.650000000000002,1.2
2018,9,12,18,0,334.64,0.89
2018,9,12,19,0,172.99,0.87
2018,9,12,20,0,193.72,0.58
2018,9,12,21,0,275.77,1.49
2018,9,12,22,0,260.06,2.08
2018,9,12,23,0,297.73,2.4
2018,9,13,0,0,349.37,3.56
2018,9,13,1,0,19.47,2.32
2018,9,13,2,0,67.75,1.1
2018,9,13,3,0,201.89000000000001,1.56
2018,9,13,4,0,247.13,1.93
2018,9,13,5,0,248.84,2.02
2018,9,13,6,0,259.39,2.11
2018,9,13,7,0,273.48,2.57
2018,9,13,8,0,244.95000000000002,2.06
2018,9,13,9,0,224,1.62
2018,9,13,10,0,13.06,2.68
2018,9,13,11,0,15.540000000000001,5.17
2018,9,13,12,0,10.290000000000001,5.58
2018,9,13,13,0,14.55,6.33
2018,9,13,14,0,16.8,7.08
2018,9,13,15,0,13.43,6.8100000000000005
2018,9,13,16,0,11.9,6.18
2018,9,13,17,0,10.33,6.03
2018,9,13,18,0,11.84,3.79
2018,9,13,19,0,0.54,5.2
2018,9,13,20,0,0.73,6.25
2018,9,13,21,0,357.62,6.34
2018,9,13,22,0,4.48,6.03
2018,9,13,23,0,358.47,5.22
2018,9,14,0,0,1.75,5.18
2018,9,14,1,0,355.8,5.33
2018,9,14,2,0,359.33,4.71
2018,9,14,3,0,354.3,5.0200000000000005
2018,9,14,4,0,342.85,6.66
2018,9,14,5,0,348.49,6.2700000000000005
2018,9,14,6,0,6.17,6.92
2018,9,14,7,0,16.87,4.65
2018,9,14,8,0,39.11,1.26
2018,9,14,9,0,124.7,2.18
2018,9,14,10,0,147.11,3.16
2018,9,14,11,0,135.63,2.93
2018,9,14,12,0,128.13,4.37
2018,9,14,13,0,25.42,5.15
2018,9,14,14,0,26.21,6.890000000000001
2018,9,14,15,0,21.47,6.82
2018,9,14,16,0,19.44,6.93
2018,9,14,17,0,22.580000000000002,6.11
2018,9,14,18,0,26.240000000000002,4.36
2018,9,14,19,0,34.53,3.22
2018,9,14,20,0,50.410000000000004,2.5
2018,9,14,21,0,60.03,1.18
2018,9,14,22,0,345.68,0.34
2018,9,14,23,0,244.96,0.6900000000000001
2018,9,15,0,0,285.27,1.26
2018,9,15,1,0,287.11,1.11
2018,9,15,2,0,255.91,1.34
2018,9,15,3,0,275.72,0.56
2018,9,15,4,0,109.31,6.82
2018,9,15,5,0,127.95,8.91
2018,9,15,6,0,136.73,7.36
2018,9,15,7,0,141.49,8.47
2018,9,15,8,0,146.02,8.22
2018,9,15,9,0,148.88,7.17
2018,9,15,10,0,180.32,4.47
2018,9,15,11,0,152.46,7.19
2018,9,15,12,0,137.98,8.77
2018,9,15,13,0,133.88,9.98
2018,9,15,14,0,135.03,10.55
2018,9,15,15,0,131.64000000000001,11.06
2018,9,15,16,0,130.8,12.09
2018,9,15,17,0,131.27,12.85
2018,9,15,18,0,131.27,12.59
2018,9,15,19,0,129.42000000000002,12.13
2018,9,15,20,0,127.8,13
2018,9,15,21,0,128.94,12.13
2018,9,15,22,0,129.34,12.07
2018,9,15,23,0,131.06,12.34
2018,9,16,0,0,131.35,12.92
2018,9,16,1,0,132.36,11.98
2018,9,16,2,0,130.14000000000001,11.89
2018,9,16,3,0,133.45,11.63
2018,9,16,4,0,134.11,10.8
2018,9,16,5,0,134.71,11.75
2018,9,16,6,0,136.84,11.450000000000001
2018,9,16,7,0,135.22,10.73
2018,9,16,8,0,139.46,10.58
2018,9,16,9,0,131.02,10.91
2018,9,16,10,0,122.42,11.23
2018,9,16,11,0,112.05,10.21
2018,9,16,12,0,106.25,7.96
2018,9,16,13,0,107.26,8.13
2018,9,16,14,0,116.78,11.22
2018,9,16,15,0,110.56,9.78
2018,9,16,16,0,104.26,7.22
2018,9,16,17,0,90.57000000000001,5.09
2018,9,16,18,0,98.01,6.75
2018,9,16,19,0,104.7,8.58
2018,9,16,20,0,102.34,7.76
2018,9,16,21,0,103.14,7.29
2018,9,16,22,0,68.23,3.35
2018,9,16,23,0,54.980000000000004,3.67
2018,9,17,0,0,53.74,3.7
2018,9,17,1,0,61.06,3.5100000000000002
2018,9,17,2,0,65.98,3.16
2018,9,17,3,0,73.58,3.64
2018,9,17,4,0,92.47,3.85
2018,9,17,5,0,100.57000000000001,5.2700000000000005
2018,9,17,6,0,110.11,8.18
2018,9,17,7,0,129.51,7.26
2018,9,17,8,0,136.53,6.47
2018,9,17,9,0,132.86,6.2700000000000005
2018,9,17,10,0,128.45,6.33
2018,9,17,11,0,127.74000000000001,6.72
2018,9,17,12,0,143.89000000000001,5.61
2018,9,17,13,0,197.75,3.19
2018,9,17,14,0,202.02,4.08
2018,9,17,15,0,195.75,4.11
2018,9,17,16,0,195.34,4.39
2018,9,17,17,0,190.16,4.89
2018,9,17,18,0,195.05,4.71
2018,9,17,19,0,196.17000000000002,5.58
2018,9,17,20,0,209.70000000000002,5.38
2018,9,17,21,0,215.70000000000002,6.0200000000000005
2018,9,17,22,0,204.4,6.19
2018,9,17,23,0,203.32,5.59
2018,9,18,0,0,206.73000000000002,4.95
2018,9,18,1,0,190.63,5.17
2018,9,18,2,0,194.96,3.83
2018,9,18,3,0,187.38,3.7600000000000002
2018,9,18,4,0,192.16,3.92
2018,9,18,5,0,201.44,4.5600000000000005
2018,9,18,6,0,214.53,4.4
2018,9,18,7,0,216.9,4.49
2018,9,18,8,0,217.69,3.8000000000000003
2018,9,18,9,0,207.53,4.01
2018,9,18,10,0,211.93,4.25
2018,9,18,11,0,215.22,3.97
2018,9,18,12,0,208.20000000000002,3.0100000000000002
2018,9,18,13,0,192.61,3.12
2018,9,18,14,0,189.9,3.5
2018,9,18,15,0,194.36,3.61
2018,9,18,16,0,205.92000000000002,3.4
2018,9,18,17,0,213.48000000000002,2.84
2018,9,18,18,0,221.05,3.02
2018,9,18,19,0,215.79,2.87
2018,9,18,20,0,215.02,2.71
2018,9,18,21,0,217.06,1.44
2018,9,18,22,0,255.13,0.78
2018,9,18,23,0,302.47,0.54
2018,9,19,0,0,282.97,0.93
2018,9,19,1,0,275.96,1.52
2018,9,19,2,0,290.96,2.18
2018,9,19,3,0,258.09000000000003,1.02
2018,9,19,4,0,240.26,1.1
2018,9,19,5,0,221.39000000000001,1.51
2018,9,19,6,0,219.86,3.63
2018,9,19,7,0,221.16,3.7
2018,9,19,8,0,219.71,4.2700000000000005
2018,9,19,9,0,209.02,5.2
2018,9,19,10,0,210.27,4.86
2018,9,19,11,0,187.52,4.92
2018,9,19,12,0,181.09,5.04
2018,9,19,13,0,179.18,5.32
2018,9,19,14,0,198.38,5.96
2018,9,19,15,0,207.53,5.48
2018,9,19,16,0,202.12,3.79
2018,9,19,17,0,176.63,3.04
2018,9,19,18,0,156.87,3.6
2018,9,19,19,0,140.48,5.01
2018,9,19,20,0,129.2,4.84
2018,9,19,21,0,148.83,5.47
2018,9,19,22,0,171.93,3.58
2018,9,19,23,0,130.8,2.9
2018,9,20,0,0,116.18,4.17
2018,9,20,1,0,116.16,3.56
2018,9,20,2,0,137.61,1.85
2018,9,20,3,0,102.8,2.61
2018,9,20,4,0,63.71,2.46
2018,9,20,5,0,50.34,2.71
2018,9,20,6,0,24.37,4.99
2018,9,20,7,0,28.52,6.16
2018,9,20,8,0,22.14,7.62
2018,9,20,9,0,18.16,7.09
2018,9,20,10,0,20.2,6.9
2018,9,20,11,0,12.72,8.040000000000001
2018,9,20,12,0,14.08,8.97
2018,9,20,13,0,13.780000000000001,9.32
2018,9,20,14,0,20.57,8.8
2018,9,20,15,0,15.48,8.870000000000001
2018,9,20,16,0,12.05,8.78
2018,9,20,17,0,15.06,7.63
2018,9,20,18,0,13.96,6.7700000000000005
2018,9,20,19,0,19.3,6.05
2018,9,20,20,0,15.38,5.46
2018,9,20,21,0,14.99,5.3
2018,9,20,22,0,7.49,4.75
2018,9,20,23,0,359.73,4.2700000000000005
2018,9,21,0,0,1.35,3.38
2018,9,21,1,0,6.09,2.75
2018,9,21,2,0,353.53000000000003,2.69
2018,9,21,3,0,7.5,2.68
2018,9,21,4,0,23.39,2.5500000000000003
2018,9,21,5,0,44.75,1.7
2018,9,21,6,0,356.23,1.05
2018,9,21,7,0,335.34000000000003,2.09
2018,9,21,8,0,355.68,3.68
2018,9,21,9,0,29.11,4.13
2018,9,21,10,0,15.8,3.77
2018,9,21,11,0,16.05,3.8000000000000003
2018,9,21,12,0,0.48,3.0700000000000003
2018,9,21,13,0,21.23,2.62
2018,9,21,14,0,21.73,2.59
2018,9,21,15,0,19.25,2.62
2018,9,21,16,0,30.94,3.09
2018,9,21,17,0,29.310000000000002,2.44
2018,9,21,18,0,34.18,2.83
2018,9,21,19,0,52.06,2.89
2018,9,21,20,0,73.12,1.3900000000000001
2018,9,21,21,0,153.99,0.28
2018,9,21,22,0,198.24,0.44
2018,9,21,23,0,197.91,0.38
2018,9,22,0,0,250.13,0.56
2018,9,22,1,0,301.62,0.91
2018,9,22,2,0,308.57,0.56
2018,9,22,3,0,54.45,0.9
2018,9,22,4,0,73.5,1.55
2018,9,22,5,0,121.17,1.78
2018,9,22,6,0,134.28,3.42
2018,9,22,7,0,159.47,4.8
2018,9,22,8,0,222.38,6.41
2018,9,22,9,0,196.18,5.98
2018,9,22,10,0,173.23,4.23
2018,9,22,11,0,150.19,3.06
2018,9,22,12,0,140.83,6.140000000000001
2018,9,22,13,0,169.54,4.63
2018,9,22,14,0,176.84,5.42
2018,9,22,15,0,135.22,9.9
2018,9,22,16,0,172.72,9.96
2018,9,22,17,0,171.17000000000002,11.6
2018,9,22,18,0,155.93,12.15
2018,9,22,19,0,164.51,11.19
2018,9,22,20,0,147.21,12.620000000000001
2018,9,22,21,0,144.32,13.5
2018,9,22,22,0,130.41,16.44
2018,9,22,23,0,131.83,16.32
2018,9,23,0,0,131.97,16.990000000000002
2018,9,23,1,0,131.3,16.990000000000002
2018,9,23,2,0,129.2,17.41
2018,9,23,3,0,130.3,17.39
2018,9,23,4,0,129.84,18.82
2018,9,23,5,0,128.73,18.04
2018,9,23,6,0,131.61,17.53
2018,9,23,7,0,129.15,17.02
2018,9,23,8,0,132.62,14.69
2018,9,23,9,0,129.62,14.040000000000001
2018,9,23,10,0,134.09,11.86
2018,9,23,11,0,147.03,9.57
2018,9,23,12,0,178.1,6.67
2018,9,23,13,0,182.99,6.41
2018,9,23,14,0,194.05,5.22
2018,9,23,15,0,190.09,4.32
2018,9,23,16,0,189.23,4.63
2018,9,23,17,0,198.01,4.89
2018,9,23,18,0,203.97,6.37
2018,9,23,19,0,208.33,4.68
2018,9,23,20,0,218.8,2.62
2018,9,23,21,0,226.08,1.28
2018,9,23,22,0,259.19,0.74
2018,9,23,23,0,312.54,0.6
2018,9,24,0,0,74.62,0.93
2018,9,24,1,0,105.22,0.93
2018,9,24,2,0,154.31,2.64
2018,9,24,3,0,201.03,3.81
2018,9,24,4,0,204.97,3.18
2018,9,24,5,0,206.94,5.07
2018,9,24,6,0,214.73000000000002,2.5100000000000002
2018,9,24,7,0,149.45000000000002,1.71
2018,9,24,8,0,129.93,5.9
2018,9,24,9,0,129.98,6.8500000000000005
2018,9,24,10,0,135.47,14.73
2018,9,24,11,0,129.96,25.04
2018,9,24,12,0,127.8,27.52
2018,9,24,13,0,127.68,32.53
2018,9,24,14,0,127.32000000000001,37.08
2018,9,24,15,0,131.15,34.28
2018,9,24,16,0,126.85000000000001,32.95
2018,9,24,17,0,140.54,21.330000000000002
2018,9,24,18,0,179.43,14.58
2018,9,24,19,0,192.85,17.64
2018,9,24,20,0,198.73000000000002,17.330000000000002
2018,9,24,21,0,196.57,17.35
2018,9,24,22,0,204.57,17.57
2018,9,24,23,0,210.77,17.84
2018,9,25,0,0,212.06,16.76
2018,9,25,1,0,210.13,16.21
2018,9,25,2,0,209.04,15.11
2018,9,25,3,0,210.38,16.37
2018,9,25,4,0,211.09,16.96
2018,9,25,5,0,208,16.22
2018,9,25,6,0,205.5,17.96
2018,9,25,7,0,207.52,16.9
2018,9,25,8,0,205.42000000000002,16.41
2018,9,25,9,0,203.49,15.97
2018,9,25,10,0,199.86,16.02
2018,9,25,11,0,201.70000000000002,16.13
2018,9,25,12,0,198.51,16.26
2018,9,25,13,0,195.58,17.31
2018,9,25,14,0,200.05,16.92
2018,9,25,15,0,201.97,17.06
2018,9,25,16,0,199.41,15.66
2018,9,25,17,0,195.5,13.57
2018,9,25,18,0,198.07,12.94
2018,9,25,19,0,200,11.77
2018,9,25,20,0,196.78,9.99
2018,9,25,21,0,197.83,8.61
2018,9,25,22,0,206.18,8.040000000000001
2018,9,25,23,0,201.84,7.36
2018,9,26,0,0,201.72,5.84
2018,9,26,1,0,205.41,5.88
2018,9,26,2,0,218.95000000000002,6.0600000000000005
2018,9,26,3,0,210,6.76
2018,9,26,4,0,208.83,6.82
2018,9,26,5,0,208.1,6.68
2018,9,26,6,0,206.49,7.32
2018,9,26,7,0,196.69,6
2018,9,26,8,0,186.47,6.13
2018,9,26,9,0,191.26,5.51
2018,9,26,10,0,193.33,5.01
2018,9,26,11,0,201.36,4.1
2018,9,26,12,0,211.98000000000002,3.15
2018,9,26,13,0,236.06,2.42
2018,9,26,14,0,232.39000000000001,2.99
2018,9,26,15,0,252.25,2.08
2018,9,26,16,0,288.5,1.28
2018,9,26,17,0,25.75,4.1
2018,9,26,18,0,14.44,5.0200000000000005
2018,9,26,19,0,17.81,5.04
2018,9,26,20,0,14.280000000000001,3.96
2018,9,26,21,0,1.7,4.58
2018,9,26,22,0,1.24,4.26
2018,9,26,23,0,3.3200000000000003,4.68
2018,9,27,0,0,3.64,5.45
2018,9,27,1,0,0.92,5.99
2018,9,27,2,0,358.97,6.8500000000000005
2018,9,27,3,0,3.7800000000000002,7.0600000000000005
2018,9,27,4,0,11.92,8.53
2018,9,27,5,0,7.37,8.8
2018,9,27,6,0,1.6300000000000001,9.77
2018,9,27,7,0,1.81,9.86
2018,9,27,8,0,4.18,9.97
2018,9,27,9,0,10.120000000000001,9.84
2018,9,27,10,0,16.45,9.77
2018,9,27,11,0,17.76,9.73
2018,9,27,12,0,18.12,9.41
2018,9,27,13,0,16.3,9.120000000000001
2018,9,27,14,0,17.88,8.3
2018,9,27,15,0,17.830000000000002,8.89
2018,9,27,16,0,20.16,8.49
2018,9,27,17,0,22.78,7.86
2018,9,27,18,0,24.48,6.41
2018,9,27,19,0,32.410000000000004,4.74
2018,9,27,20,0,118.82000000000001,11.56
2018,9,27,21,0,119.85000000000001,14.280000000000001
2018,9,27,22,0,119.46000000000001,8.78
2018,9,27,23,0,100.75,12.82
2018,9,28,0,0,112.02,17.150000000000002
2018,9,28,1,0,109.28,16.53
2018,9,28,2,0,60.27,6.390000000000001
2018,9,28,3,0,23.88,5.09
2018,9,28,4,0,22.080000000000002,6.78
2018,9,28,5,0,27.03,6.51
2018,9,28,6,0,22.78,7.46
2018,9,28,7,0,24.12,6.08
2018,9,28,8,0,16.46,6
2018,9,28,9,0,17,6.5
2018,9,28,10,0,21.71,6.78
2018,9,28,11,0,22.62,6
2018,9,28,12,0,17.43,6.36
2018,9,28,13,0,17,6.66
2018,9,28,14,0,21,6.17
2018,9,28,15,0,20.2,6.3500000000000005
2018,9,28,16,0,19.27,6.47
2018,9,28,17,0,16.5,6.5600000000000005
2018,9,28,18,0,16.98,6.26
2018,9,28,19,0,17.06,6.03
2018,9,28,20,0,15.25,5.76
2018,9,28,21,0,17.16,5.64
2018,9,28,22,0,15.68,5.38
2018,9,28,23,0,12.9,5.67
2018,9,29,0,0,13.49,6.140000000000001
2018,9,29,1,0,12.32,6.21
2018,9,29,2,0,5.9,6.5600000000000005
2018,9,29,3,0,7.5,6.84
2018,9,29,4,0,9.5,7.54
2018,9,29,5,0,9.290000000000001,7.78
2018,9,29,6,0,7.7,7.63
2018,9,29,7,0,6.61,7.86
2018,9,29,8,0,6.38,7.66
2018,9,29,9,0,14.01,7.19
2018,9,29,10,0,13.530000000000001,7.79
2018,9,29,11,0,14.23,8.17
2018,9,29,12,0,14.280000000000001,8.07
2018,9,29,13,0,17.11,7.66
2018,9,29,14,0,20.42,7.79
2018,9,29,15,0,21.96,7.37
2018,9,29,16,0,23.46,6.69
2018,9,29,17,0,18.42,6.32
2018,9,29,18,0,19.89,5.86
2018,9,29,19,0,15.120000000000001,4.74
2018,9,29,20,0,9.23,4.57
2018,9,29,21,0,3.5300000000000002,4.43
2018,9,29,22,0,1.52,3.85
2018,9,29,23,0,2.43,3.62
2018,9,30,0,0,9.15,2.86
2018,9,30,1,0,10.16,2.13
2018,9,30,2,0,24.67,2.16
2018,9,30,3,0,8.28,2.23
2018,9,30,4,0,2.21,2.31
2018,9,30,5,0,350.44,1.43
2018,9,30,6,0,344.62,1.24
2018,9,30,7,0,357.74,1.3900000000000001
2018,9,30,8,0,35.56,1.32
2018,9,30,9,0,76.43,1.4000000000000001
2018,9,30,10,0,156.5,0.5
2018,9,30,11,0,266.62,1.7
2018,9,30,12,0,252.56,2.12
2018,9,30,13,0,233.3,2.7800000000000002
2018,9,30,14,0,223.41,2.75
2018,9,30,15,0,229.1,2.2800000000000002
2018,9,30,16,0,242.39000000000001,1.86
2018,9,30,17,0,257.54,2.2
2018,9,30,18,0,263.38,1.47
2018,9,30,19,0,272.24,1.12
2018,9,30,20,0,263.74,1.3
2018,9,30,21,0,251,2.32
2018,9,30,22,0,240.15,1.98
2018,9,30,23,0,252.34,1.55
2018,10,1,0,0,262.55,1.28
2018,10,1,1,0,245.85,0.72
2018,10,1,2,0,249.46,0.73
2018,10,1,3,0,253.76000000000002,1
2018,10,1,4,0,268.29,1.34
2018,10,1,5,0,272.47,0.92
2018,10,1,6,0,246.85,0.66
2018,10,1,7,0,245.05,0.77
2018,10,1,8,0,263.35,0.81
2018,10,1,9,0,328.99,0.39
2018,10,1,10,0,21.03,0.9500000000000001
2018,10,1,11,0,319.53000000000003,1.3900000000000001
2018,10,1,12,0,30.310000000000002,1.77
2018,10,1,13,0,35.65,3.2800000000000002
2018,10,1,14,0,27.68,3.91
2018,10,1,15,0,25.13,4.16
2018,10,1,16,0,24.330000000000002,4.67
2018,10,1,17,0,18.54,3.56
2018,10,1,18,0,21.25,3.64
2018,10,1,19,0,23.48,3.09
2018,10,1,20,0,14.44,2.64
2018,10,1,21,0,34.53,1.69
2018,10,1,22,0,292.90000000000003,0.73
2018,10,1,23,0,175.11,0.8
2018,10,2,0,0,136.9,11.31
2018,10,2,1,0,151.12,7.390000000000001
2018,10,2,2,0,123.93,21.400000000000002
2018,10,2,3,0,126.28,20.64
2018,10,2,4,0,129.14000000000001,21.37
2018,10,2,5,0,123.61,19.830000000000002
2018,10,2,6,0,122.35000000000001,17.6
2018,10,2,7,0,122.25,13.63
2018,10,2,8,0,125.96000000000001,17.47
2018,10,2,9,0,127.81,11
2018,10,2,10,0,128.25,17.97
2018,10,2,11,0,128.06,17.59
2018,10,2,12,0,125.63000000000001,15.27
2018,10,2,13,0,128.43,17.86
2018,10,2,14,0,110.23,13.55
2018,10,2,15,0,119.53,13.030000000000001
2018,10,2,16,0,125.37,14.040000000000001
2018,10,2,17,0,38.730000000000004,3.48
2018,10,2,18,0,117.18,13.05
2018,10,2,19,0,122.16,17.47
2018,10,2,20,0,125.06,18.81
2018,10,2,21,0,123.64,19.25
2018,10,2,22,0,121.5,17.98
2018,10,2,23,0,124.05,17.68
2018,10,3,0,0,126.71000000000001,17.03
2018,10,3,1,0,127.82000000000001,14.530000000000001
2018,10,3,2,0,127.49000000000001,13.63
2018,10,3,3,0,120.09,14.49
2018,10,3,4,0,121.27,11.290000000000001
2018,10,3,5,0,117.8,12.07
2018,10,3,6,0,115.74000000000001,11.66
2018,10,3,7,0,118.43,10.66
2018,10,3,8,0,126.14,8.55
2018,10,3,9,0,117.44,9.47
2018,10,3,10,0,112.59,11.63
2018,10,3,11,0,116.04,12.55
2018,10,3,12,0,118.16,12.73
2018,10,3,13,0,115.62,13.120000000000001
2018,10,3,14,0,116.22,13.75
2018,10,3,15,0,106.66,13.780000000000001
2018,10,3,16,0,93.52,9.48
2018,10,3,17,0,105.63,13.6
2018,10,3,18,0,93.36,9.870000000000001
2018,10,3,19,0,74.53,5.69
2018,10,3,20,0,57.69,3.3200000000000003
2018,10,3,21,0,90.15,3.5100000000000002
2018,10,3,22,0,354.84000000000003,3.2800000000000002
2018,10,3,23,0,5.01,0.92
2018,10,4,0,0,118.55,7.46
2018,10,4,1,0,127.37,18.39
2018,10,4,2,0,127.4,20.16
2018,10,4,3,0,128.37,19.81
2018,10,4,4,0,127.38000000000001,17.35
2018,10,4,5,0,128.59,19.68
2018,10,4,6,0,130.34,18.88
2018,10,4,7,0,129.57,18.72
2018,10,4,8,0,121.98,16.77
2018,10,4,9,0,122.64,18.18
2018,10,4,10,0,123.39,17.240000000000002
2018,10,4,11,0,113.54,15.8
2018,10,4,12,0,111.44,12.5
2018,10,4,13,0,118.91,20.52
2018,10,4,14,0,111.15,23.91
2018,10,4,15,0,122.86,24.93
2018,10,4,16,0,118.07000000000001,26.51
2018,10,4,17,0,117.35000000000001,26.03
2018,10,4,18,0,113.89,23.27
2018,10,4,19,0,89.88,9.5
2018,10,4,20,0,95.64,11.32
2018,10,4,21,0,108.99000000000001,15.99
2018,10,4,22,0,69.24,3.3000000000000003
2018,10,4,23,0,347.74,3.0700000000000003
2018,10,5,0,0,0.46,2.42
2018,10,5,1,0,95.01,5.24
2018,10,5,2,0,113.58,16.25
2018,10,5,3,0,131.55,20.31
2018,10,5,4,0,132.06,18.21
2018,10,5,5,0,141.01,14.59
2018,10,5,6,0,129.87,8.05
2018,10,5,7,0,13.280000000000001,4.13
2018,10,5,8,0,19.080000000000002,3.67
2018,10,5,9,0,11.15,4.28
2018,10,5,10,0,26.55,3.65
2018,10,5,11,0,23.47,4.14
2018,10,5,12,0,47.45,4.21
2018,10,5,13,0,77.88,3.43
2018,10,5,14,0,115.64,3.5100000000000002
2018,10,5,15,0,183.82,2.2
2018,10,5,16,0,190.17000000000002,3.0500000000000003
2018,10,5,17,0,189.81,2.9
2018,10,5,18,0,197.54,2.31
2018,10,5,19,0,199.82,1.98
2018,10,5,20,0,186.87,1.95
2018,10,5,21,0,198.85,0.6
2018,10,5,22,0,283.41,0.78
2018,10,5,23,0,306.45,0.78
2018,10,6,0,0,300.26,0.53
2018,10,6,1,0,317.01,0.56
2018,10,6,2,0,26.82,1.49
2018,10,6,3,0,45.36,1.99
2018,10,6,4,0,164.44,1.86
2018,10,6,5,0,106.47,2.94
2018,10,6,6,0,106.60000000000001,4.6000000000000005
2018,10,6,7,0,117.35000000000001,5.39
2018,10,6,8,0,130.21,4.98
2018,10,6,9,0,123.97,6.5600000000000005
2018,10,6,10,0,113.56,7.3
2018,10,6,11,0,112.65,5.98
2018,10,6,12,0,124.95,7.33
2018,10,6,13,0,72.8,4.09
2018,10,6,14,0,40.46,2.7800000000000002
2018,10,6,15,0,25.85,3.75
2018,10,6,16,0,34.61,4.75
2018,10,6,17,0,36.77,5.13
2018,10,6,18,0,32.02,4.92
2018,10,6,19,0,28.580000000000002,4.2700000000000005
2018,10,6,20,0,30.740000000000002,4.1
2018,10,6,21,0,32.5,4.13
2018,10,6,22,0,28.32,3.73
2018,10,6,23,0,28.79,3.27
2018,10,7,0,0,29.21,3.18
2018,10,7,1,0,31.96,3.45
2018,10,7,2,0,37.84,3.71
2018,10,7,3,0,46.65,4.17
2018,10,7,4,0,31.330000000000002,5.14
2018,10,7,5,0,38.39,4.89
2018,10,7,6,0,44.910000000000004,3.65
2018,10,7,7,0,32.910000000000004,3.31
2018,10,7,8,0,27.41,3.66
2018,10,7,9,0,22.26,4.39
2018,10,7,10,0,24.150000000000002,4.04
2018,10,7,11,0,21.95,5.07
2018,10,7,12,0,21.66,5.58
2018,10,7,13,0,20.98,5.7700000000000005
2018,10,7,14,0,21.25,6.17
2018,10,7,15,0,19.8,5.83
2018,10,7,16,0,14.05,5.78
2018,10,7,17,0,16.86,5.47
2018,10,7,18,0,20.23,5.3500000000000005
2018,10,7,19,0,22.09,4.37
2018,10,7,20,0,28.59,3.75
2018,10,7,21,0,25.16,2.77
2018,10,7,22,0,29.68,2.74
2018,10,7,23,0,33.49,2.82
2018,10,8,0,0,18.31,1.83
2018,10,8,1,0,18.3,1.34
2018,10,8,2,0,350.07,1.19
2018,10,8,3,0,321.82,1.6600000000000001
2018,10,8,4,0,288.76,1.35
2018,10,8,5,0,278.7,0.9400000000000001
2018,10,8,6,0,232.83,1.1300000000000001
2018,10,8,7,0,222.75,2.38
2018,10,8,8,0,210.20000000000002,3.5
2018,10,8,9,0,212.05,3.7800000000000002
2018,10,8,10,0,209.20000000000002,3.0300000000000002
2018,10,8,11,0,213.93,2.29
2018,10,8,12,0,218.01,2.91
2018,10,8,13,0,207.17000000000002,2
2018,10,8,14,0,137.58,1.53
2018,10,8,15,0,98.3,3.7
2018,10,8,16,0,59.83,4.65
2018,10,8,17,0,48.69,3.38
2018,10,8,18,0,30.13,4.14
2018,10,8,19,0,12.96,2.27
2018,10,8,20,0,5.1000000000000005,2.68
2018,10,8,21,0,12.11,3.99
2018,10,8,22,0,11.870000000000001,3.1
2018,10,8,23,0,11.84,4.42
2018,10,9,0,0,12.56,4.79
2018,10,9,1,0,15.48,5.98
2018,10,9,2,0,10.86,6.7700000000000005
2018,10,9,3,0,13.780000000000001,6.8100000000000005
2018,10,9,4,0,15.950000000000001,7.84
2018,10,9,5,0,12.17,8.8
2018,10,9,6,0,16.5,8.91
2018,10,9,7,0,18.39,8.15
2018,10,9,8,0,19.900000000000002,8.370000000000001
2018,10,9,9,0,20.91,7.6000000000000005
2018,10,9,10,0,19.75,7.84
2018,10,9,11,0,21.85,7.2700000000000005
2018,10,9,12,0,23.87,6.78
2018,10,9,13,0,32.08,6.11
2018,10,9,14,0,66.1,4.5
2018,10,9,15,0,69.65,5.32
2018,10,9,16,0,93.68,8
2018,10,9,17,0,118.13,17.87
2018,10,9,18,0,119.32000000000001,18.12
2018,10,9,19,0,125.12,17.44
2018,10,9,20,0,126.33,10.07
2018,10,9,21,0,352.89,3.12
2018,10,9,22,0,332.6,2.52
2018,10,9,23,0,353.13,4.37
2018,10,10,0,0,7.72,3.36
2018,10,10,1,0,8.67,2.96
2018,10,10,2,0,6.7,3.27
2018,10,10,3,0,11.870000000000001,3.31
2018,10,10,4,0,10.1,3.49
2018,10,10,5,0,14.55,3.79
2018,10,10,6,0,66.49,4.84
2018,10,10,7,0,107.83,22.13
2018,10,10,8,0,96.51,18.01
2018,10,10,9,0,65.62,6.09
2018,10,10,10,0,51.36,3.24
2018,10,10,11,0,46.47,5.53
2018,10,10,12,0,26.53,4.92
2018,10,10,13,0,92.28,16.79
2018,10,10,14,0,114.35000000000001,26.98
2018,10,10,15,0,118.85000000000001,32.68
2018,10,10,16,0,122.08,33.2
2018,10,10,17,0,121.56,29.45
2018,10,10,18,0,127.68,31.05
2018,10,10,19,0,128.32,31.490000000000002
2018,10,10,20,0,128.93,23.27
2018,10,10,21,0,182.75,17.98
2018,10,10,22,0,182.68,17.400000000000002
2018,10,10,23,0,188.78,20.85
2018,10,11,0,0,196.26,19.11
2018,10,11,1,0,197.52,18.37
2018,10,11,2,0,198.53,17.68
2018,10,11,3,0,190.73,15.280000000000001
2018,10,11,4,0,187.26,17.53
2018,10,11,5,0,193.78,15.610000000000001
2018,10,11,6,0,185.91,14.51
2018,10,11,7,0,183.53,15.17
2018,10,11,8,0,183.66,14.46
2018,10,11,9,0,186.49,14.33
2018,10,11,10,0,183.98,13.530000000000001
2018,10,11,11,0,186.33,13.68
2018,10,11,12,0,183.58,12.26
2018,10,11,13,0,180.55,10.57
2018,10,11,14,0,178.9,9.92
2018,10,11,15,0,167.45000000000002,8.97
2018,10,11,16,0,173.34,9.13
2018,10,11,17,0,176.16,9.21
2018,10,11,18,0,175.1,9.33
2018,10,11,19,0,172.70000000000002,8.38
2018,10,11,20,0,185.13,9.69
2018,10,11,21,0,185.64000000000001,7.07
2018,10,11,22,0,191.82,6.68
2018,10,11,23,0,187.8,5.58
2018,10,12,0,0,176.13,5.48
2018,10,12,1,0,136.67000000000002,7.44
2018,10,12,2,0,131.02,9.25
2018,10,12,3,0,126.39,11.870000000000001
2018,10,12,4,0,128.55,13.790000000000001
2018,10,12,5,0,127.76,15.280000000000001
2018,10,12,6,0,128.78,16.01
2018,10,12,7,0,134.47,15.76
2018,10,12,8,0,125.35000000000001,18.59
2018,10,12,9,0,127.64,20.01
2018,10,12,10,0,125.8,20.82
2018,10,12,11,0,125.14,20.46
2018,10,12,12,0,126.53,20.400000000000002
2018,10,12,13,0,122.86,23.28
2018,10,12,14,0,128.01,22.72
2018,10,12,15,0,132.31,23.580000000000002
2018,10,12,16,0,131.61,23.830000000000002
2018,10,12,17,0,134.77,24.150000000000002
2018,10,12,18,0,133.05,25.03
2018,10,12,19,0,128.45,25.26
2018,10,12,20,0,127.28,25.86
2018,10,12,21,0,177.57,10.76
2018,10,12,22,0,211.73000000000002,9.290000000000001
2018,10,12,23,0,205.55,7.7700000000000005
2018,10,13,0,0,191.11,5.11
2018,10,13,1,0,130.75,4.26
2018,10,13,2,0,131.51,4.83
2018,10,13,3,0,123.9,3.21
2018,10,13,4,0,111.34,3.5500000000000003
2018,10,13,5,0,156.39000000000001,6.67
2018,10,13,6,0,159.78,7.5600000000000005
2018,10,13,7,0,172.91,6.37
2018,10,13,8,0,139.21,9.75
2018,10,13,9,0,134.03,14.44
2018,10,13,10,0,134.7,13.280000000000001
2018,10,13,11,0,170.95000000000002,8.58
2018,10,13,12,0,132.29,15.870000000000001
2018,10,13,13,0,132.3,16.37
2018,10,13,14,0,132.86,18.34
2018,10,13,15,0,136.47,16.65
2018,10,13,16,0,155.43,7.83
2018,10,13,17,0,237.58,2.71
2018,10,13,18,0,227.35,5.75
2018,10,13,19,0,221.29,5.88
2018,10,13,20,0,185.56,6.51
2018,10,13,21,0,186.95000000000002,7.3500000000000005
2018,10,13,22,0,198.02,6.48
2018,10,13,23,0,239.9,6.2700000000000005
2018,10,14,0,0,217.5,2.7800000000000002
2018,10,14,1,0,179.99,3.79
2018,10,14,2,0,183.52,8.81
2018,10,14,3,0,195.52,6.640000000000001
2018,10,14,4,0,195.6,6.13
2018,10,14,5,0,183.68,5.91
2018,10,14,6,0,190.4,6.49
2018,10,14,7,0,166.63,5.29
2018,10,14,8,0,133.94,7.32
2018,10,14,9,0,192.26,7.15
2018,10,14,10,0,186.01,6.76
2018,10,14,11,0,180.57,7.11
2018,10,14,12,0,181.81,7.62
2018,10,14,13,0,182.3,7.74
2018,10,14,14,0,178.76,7.37
2018,10,14,15,0,182.22,6.15
2018,10,14,16,0,171.87,4.21
2018,10,14,17,0,149.41,3.11
2018,10,14,18,0,131.78,3.46
2018,10,14,19,0,128.49,5.03
2018,10,14,20,0,93.08,5.22
2018,10,14,21,0,47.2,4.12
2018,10,14,22,0,28.03,5.95
2018,10,14,23,0,33.78,6.67
2018,10,15,0,0,31.53,7.04
2018,10,15,1,0,19.46,7.29
2018,10,15,2,0,13.040000000000001,8.33
2018,10,15,3,0,12.48,8.790000000000001
2018,10,15,4,0,12.31,9.700000000000001
2018,10,15,5,0,13.86,10.1
2018,10,15,6,0,13.27,10.370000000000001
2018,10,15,7,0,14.5,10.21
2018,10,15,8,0,15.38,9.85
2018,10,15,9,0,17.05,10.38
2018,10,15,10,0,17.25,11.370000000000001
2018,10,15,11,0,15.530000000000001,11.65
2018,10,15,12,0,17.06,11.43
2018,10,15,13,0,15.89,11.24
2018,10,15,14,0,15.85,11.15
2018,10,15,15,0,15.94,11
2018,10,15,16,0,16.64,10.61
2018,10,15,17,0,14.76,10.11
2018,10,15,18,0,12.530000000000001,10.55
2018,10,15,19,0,11.950000000000001,11.02
2018,10,15,20,0,10.78,10.3
2018,10,15,21,0,8.52,9.77
2018,10,15,22,0,5.5200000000000005,10.85
2018,10,15,23,0,3.25,12.8
2018,10,16,0,0,9.42,13.17
2018,10,16,1,0,9.07,13
2018,10,16,2,0,6.67,11.92
2018,10,16,3,0,10.38,12.26
2018,10,16,4,0,10.61,10.28
2018,10,16,5,0,11.47,8.15
2018,10,16,6,0,23.06,7.82
2018,10,16,7,0,32.84,5.91
2018,10,16,8,0,98.35000000000001,8.35
2018,10,16,9,0,124.97,23.830000000000002
2018,10,16,10,0,124.67,26.53
2018,10,16,11,0,125.41,25.63
2018,10,16,12,0,207.76,12.19
2018,10,16,13,0,189.20000000000002,8.92
2018,10,16,14,0,188.47,9.05
2018,10,16,15,0,166.42000000000002,8.1
2018,10,16,16,0,186.28,7.140000000000001
2018,10,16,17,0,155.75,4.29
2018,10,16,18,0,153.47,8.13
2018,10,16,19,0,151.06,7.53
2018,10,16,20,0,133.02,10.58
2018,10,16,21,0,133.26,12.66
2018,10,16,22,0,155.05,9.91
2018,10,16,23,0,169.81,8.790000000000001
2018,10,17,0,0,137.65,12.790000000000001
2018,10,17,1,0,138.63,12.94
2018,10,17,2,0,127.8,12.3
2018,10,17,3,0,134.04,13.48
2018,10,17,4,0,173.79,10.49
2018,10,17,5,0,140.04,12.84
2018,10,17,6,0,151.68,8.19
2018,10,17,7,0,155.31,8.98
2018,10,17,8,0,173.81,11.77
2018,10,17,9,0,159.99,8.23
2018,10,17,10,0,126.59,12.66
2018,10,17,11,0,169.85,9.790000000000001
2018,10,17,12,0,151.84,10.18
2018,10,17,13,0,156.33,10.22
2018,10,17,14,0,182.05,10.01
2018,10,17,15,0,189.21,7.22
2018,10,17,16,0,191.04,6.73
2018,10,17,17,0,192.54,5.8100000000000005
2018,10,17,18,0,194.11,7.08
2018,10,17,19,0,191.15,4.46
2018,10,17,20,0,157.38,5.21
2018,10,17,21,0,159.28,5.36
2018,10,17,22,0,199.65,6.63
2018,10,17,23,0,180.14000000000001,9.36
2018,10,18,0,0,174.64000000000001,9.08
2018,10,18,1,0,142.93,9.5
2018,10,18,2,0,137.71,10.69
2018,10,18,3,0,136.82,10.97
2018,10,18,4,0,152.08,10.17
2018,10,18,5,0,156.9,6.5
2018,10,18,6,0,134.48,9.8
2018,10,18,7,0,128.66,13.030000000000001
2018,10,18,8,0,133.03,11.65
2018,10,18,9,0,130.83,12.99
2018,10,18,10,0,129.55,14.39
2018,10,18,11,0,130.83,14.94
2018,10,18,12,0,124.67,15.63
2018,10,18,13,0,126.26,16.59
2018,10,18,14,0,129.32,15.74
2018,10,18,15,0,128.88,16.84
2018,10,18,16,0,131.72,15.09
2018,10,18,17,0,128.96,15.23
2018,10,18,18,0,124.8,17.650000000000002
2018,10,18,19,0,121.12,16.44
2018,10,18,20,0,123.92,16.31
2018,10,18,21,0,128.02,13.89
2018,10,18,22,0,126.83,15.43
2018,10,18,23,0,131.56,13.09
2018,10,19,0,0,126.60000000000001,15.97
2018,10,19,1,0,121.10000000000001,13.1
2018,10,19,2,0,126.43,10.61
2018,10,19,3,0,18.490000000000002,5.67
2018,10,19,4,0,19.5,6.73
2018,10,19,5,0,12.44,7.49
2018,10,19,6,0,6.19,7.98
2018,10,19,7,0,6.49,10.040000000000001
2018,10,19,8,0,14.280000000000001,9.23
2018,10,19,9,0,8.44,11.74
2018,10,19,10,0,19.28,11.46
2018,10,19,11,0,17.16,11.58
2018,10,19,12,0,8.28,13.81
2018,10,19,13,0,356.87,17.19
2018,10,19,14,0,2.59,18.31
2018,10,19,15,0,14.91,17.29
2018,10,19,16,0,357.67,16.25
2018,10,19,17,0,3.84,14.31
2018,10,19,18,0,4.7,15.06
2018,10,19,19,0,357.35,12.43
2018,10,19,20,0,357.40000000000003,12.46
2018,10,19,21,0,341.95,11.69
2018,10,19,22,0,337.32,11.290000000000001
2018,10,19,23,0,345.26,11.28
2018,10,20,0,0,356.62,9.02
2018,10,20,1,0,337.56,6.87
2018,10,20,2,0,198.83,8.19
2018,10,20,3,0,208.12,7.12
2018,10,20,4,0,210.77,10.41
2018,10,20,5,0,180.94,10.3
2018,10,20,6,0,191.6,16.34
2018,10,20,7,0,188.22,17.2
2018,10,20,8,0,192.64000000000001,17.71
2018,10,20,9,0,198.46,17.02
2018,10,20,10,0,189.3,18.13
2018,10,20,11,0,202.06,16.91
2018,10,20,12,0,194.12,15.870000000000001
2018,10,20,13,0,182.26,16.1
2018,10,20,14,0,192.99,15.96
2018,10,20,15,0,183.85,15.540000000000001
2018,10,20,16,0,198.51,17.11
2018,10,20,17,0,180.88,15.09
2018,10,20,18,0,187.72,15.63
2018,10,20,19,0,188.03,12.86
2018,10,20,20,0,177.85,9.82
2018,10,20,21,0,140.09,10.76
2018,10,20,22,0,171.16,8.63
2018,10,20,23,0,131.62,10.32
2018,10,21,0,0,127.86,20.85
2018,10,21,1,0,131.96,21.47
2018,10,21,2,0,120.33,27.22
2018,10,21,3,0,113.31,24.93
2018,10,21,4,0,115.67,24.26
2018,10,21,5,0,59.980000000000004,10.16
2018,10,21,6,0,359.77,9.53
2018,10,21,7,0,342.23,7.78
2018,10,21,8,0,350.53000000000003,8.52
2018,10,21,9,0,99.24000000000001,4.39
2018,10,21,10,0,80.32000000000001,5.9
2018,10,21,11,0,108.98,9.89
2018,10,21,12,0,118.42,18.830000000000002
2018,10,21,13,0,116.71000000000001,18.59
2018,10,21,14,0,116.55,19.29
2018,10,21,15,0,119.93,16.93
2018,10,21,16,0,127.97,22.32
2018,10,21,17,0,131.78,18.64
2018,10,21,18,0,135.24,18.53
2018,10,21,19,0,136.89000000000001,16.4
2018,10,21,20,0,143.46,14.88
2018,10,21,21,0,136.43,13.17
2018,10,21,22,0,158.58,13.92
2018,10,21,23,0,135.2,18.01
2018,10,22,0,0,131.46,19.25
2018,10,22,1,0,132.42000000000002,16.8
2018,10,22,2,0,132.57,14.97
2018,10,22,3,0,130.24,15.63
2018,10,22,4,0,136.26,12
2018,10,22,5,0,136.16,12.82
2018,10,22,6,0,130.62,12.41
2018,10,22,7,0,136.38,12.38
2018,10,22,8,0,132.67000000000002,14.16
2018,10,22,9,0,127.13000000000001,12.46
2018,10,22,10,0,124.03,14.69
2018,10,22,11,0,129.68,15.540000000000001
2018,10,22,12,0,134.38,15.030000000000001
2018,10,22,13,0,134.4,15.93
2018,10,22,14,0,128.31,14.82
2018,10,22,15,0,122.28,13.17
2018,10,22,16,0,106.63,12.23
2018,10,22,17,0,355.69,2.4
2018,10,22,18,0,6.15,4.28
2018,10,22,19,0,16.82,3.72
2018,10,22,20,0,0.8,5.21
2018,10,22,21,0,14.120000000000001,6.07
2018,10,22,22,0,20.45,6.09
2018,10,22,23,0,17.7,7.59
2018,10,23,0,0,13.94,9.040000000000001
2018,10,23,1,0,8.96,9.51
2018,10,23,2,0,15.52,11.17
2018,10,23,3,0,14.58,10.15
2018,10,23,4,0,13.55,9.74
2018,10,23,5,0,10.73,10.120000000000001
2018,10,23,6,0,11.44,10.22
2018,10,23,7,0,16.06,9.67
2018,10,23,8,0,12.73,9.69
2018,10,23,9,0,10.35,10.48
2018,10,23,10,0,13.870000000000001,10.53
2018,10,23,11,0,13.19,11.28
2018,10,23,12,0,4.97,12.530000000000001
2018,10,23,13,0,0.59,14.98
2018,10,23,14,0,1.34,15.38
2018,10,23,15,0,1.19,14.38
2018,10,23,16,0,11.27,15.93
2018,10,23,17,0,22.46,21.2
2018,10,23,18,0,5.47,17
2018,10,23,19,0,17.36,15.4
2018,10,23,20,0,28.46,10.16
2018,10,23,21,0,51.370000000000005,13.48
2018,10,23,22,0,69.22,8.19
2018,10,23,23,0,79.31,14.86
2018,10,24,0,0,100.32000000000001,13.75
2018,10,24,1,0,123.4,32.55
2018,10,24,2,0,126.4,28.68
2018,10,24,3,0,126.34,30.740000000000002
2018,10,24,4,0,128.54,26.44
2018,10,24,5,0,166.07,20.88
2018,10,24,6,0,187.89000000000001,22.57
2018,10,24,7,0,187.61,18.79
2018,10,24,8,0,163.57,14.11
2018,10,24,9,0,154.84,19.28
2018,10,24,10,0,162.08,19.75
2018,10,24,11,0,163.01,17.150000000000002
2018,10,24,12,0,159.55,14.780000000000001
2018,10,24,13,0,149.79,11.61
2018,10,24,14,0,138.81,11.64
2018,10,24,15,0,134.5,12.950000000000001
2018,10,24,16,0,148.34,10.33
2018,10,24,17,0,153.36,8.11
2018,10,24,18,0,148.20000000000002,9.56
2018,10,24,19,0,137.53,11.89
2018,10,24,20,0,133.34,13.88
2018,10,24,21,0,140.11,12.91
2018,10,24,22,0,162.04,6.84
2018,10,24,23,0,126.01,13.83
2018,10,25,0,0,127.07000000000001,12.85
2018,10,25,1,0,125.63000000000001,12.950000000000001
2018,10,25,2,0,128.4,12.280000000000001
2018,10,25,3,0,120.45,7.21
2018,10,25,4,0,25.16,8.68
2018,10,25,5,0,15.93,10.290000000000001
2018,10,25,6,0,7.2,11.19
2018,10,25,7,0,3.48,11.26
2018,10,25,8,0,5.75,11.28
2018,10,25,9,0,4.8100000000000005,11.99
2018,10,25,10,0,359.63,12.35
2018,10,25,11,0,0.39,14.43
2018,10,25,12,0,1.58,14.780000000000001
2018,10,25,13,0,5.63,13.8
2018,10,25,14,0,1.58,13.64
2018,10,25,15,0,5.5600000000000005,12.23
2018,10,25,16,0,2.74,11.89
2018,10,25,17,0,4.91,13.38
2018,10,25,18,0,4.83,14.23
2018,10,25,19,0,5.97,14.49
2018,10,25,20,0,5.3100000000000005,14.22
2018,10,25,21,0,359.7,13.86
2018,10,25,22,0,2.73,12.92
2018,10,25,23,0,0.73,12.68
2018,10,26,0,0,1.86,11.32
2018,10,26,1,0,3.1,9.98
2018,10,26,2,0,3.58,10.86
2018,10,26,3,0,29.34,7.0600000000000005
2018,10,26,4,0,343.41,5
2018,10,26,5,0,15.77,6.19
2018,10,26,6,0,48,6.72
2018,10,26,7,0,123.94,26.990000000000002
2018,10,26,8,0,124.24000000000001,30.25
2018,10,26,9,0,128.26,27.68
2018,10,26,10,0,139.12,28.57
2018,10,26,11,0,125.57000000000001,34.15
2018,10,26,12,0,127.44,31.53
2018,10,26,13,0,125.91,28.77
2018,10,26,14,0,126.62,27.22
2018,10,26,15,0,127.03,24.48
2018,10,26,16,0,78.8,12.370000000000001
2018,10,26,17,0,41.83,8.6
2018,10,26,18,0,30.240000000000002,2.83
2018,10,26,19,0,18.39,3.94
2018,10,26,20,0,334.22,1.93
2018,10,26,21,0,335.78000000000003,1.68
2018,10,26,22,0,91.86,2.44
2018,10,26,23,0,133.12,9.26
2018,10,27,0,0,125.46000000000001,7.49
2018,10,27,1,0,3.93,3.04
2018,10,27,2,0,1.9000000000000001,4.65
2018,10,27,3,0,54.53,1.8
2018,10,27,4,0,8.99,5.36
2018,10,27,5,0,12.13,3.91
2018,10,27,6,0,19.900000000000002,6.18
2018,10,27,7,0,41.5,2.54
2018,10,27,8,0,14.73,5.37
2018,10,27,9,0,22.66,6.47
2018,10,27,10,0,34.93,4.51
2018,10,27,11,0,15.8,4.8
2018,10,27,12,0,15.5,4.32
2018,10,27,13,0,21.7,6.2
2018,10,27,14,0,35.62,4.71
2018,10,27,15,0,24.09,2.17
2018,10,27,16,0,29.32,6.66
2018,10,27,17,0,95.63,8.93
2018,10,27,18,0,124.53,24.560000000000002
2018,10,27,19,0,126.51,24.330000000000002
2018,10,27,20,0,125.67,23.650000000000002
2018,10,27,21,0,130.48,21.22
2018,10,27,22,0,146.17000000000002,17.94
2018,10,27,23,0,127.64,22.21
2018,10,28,0,0,120.41,25.57
2018,10,28,1,0,119.58,22.17
2018,10,28,2,0,30.35,10.48
2018,10,28,3,0,355.84000000000003,11.27
2018,10,28,4,0,4.44,10.88
2018,10,28,5,0,5.63,12.36
2018,10,28,6,0,20.66,10.86
2018,10,28,7,0,25.18,11.82
2018,10,28,8,0,46.18,8.83
2018,10,28,9,0,77.69,5.59
2018,10,28,10,0,128.42000000000002,17.51
2018,10,28,11,0,131.64000000000001,20.68
2018,10,28,12,0,110.92,14.48
2018,10,28,13,0,118.60000000000001,19.2
2018,10,28,14,0,118.37,19.92
2018,10,28,15,0,112.29,14.57
2018,10,28,16,0,119.27,12.83
2018,10,28,17,0,109.34,12.290000000000001
2018,10,28,18,0,111.57000000000001,11.69
2018,10,28,19,0,123.48,14.63
2018,10,28,20,0,13.55,4.58
2018,10,28,21,0,351.66,4.62
2018,10,28,22,0,357.29,4.48
2018,10,28,23,0,6.890000000000001,3.44
2018,10,29,0,0,18.580000000000002,3.7600000000000002
2018,10,29,1,0,18.27,4.7700000000000005
2018,10,29,2,0,23.31,5.55
2018,10,29,3,0,32.55,6.3100000000000005
2018,10,29,4,0,42.38,7
2018,10,29,5,0,38.5,7.2
2018,10,29,6,0,33.63,5.58
2018,10,29,7,0,47.01,4.1
2018,10,29,8,0,61.44,2.91
2018,10,29,9,0,43.89,2.5300000000000002
2018,10,29,10,0,22.75,2.4
2018,10,29,11,0,23.740000000000002,3.38
2018,10,29,12,0,28.36,3.49
2018,10,29,13,0,30.740000000000002,2.8000000000000003
2018,10,29,14,0,26.44,3.93
2018,10,29,15,0,23.29,4.92
2018,10,29,16,0,16.56,6.03
2018,10,29,17,0,19.32,6.67
2018,10,29,18,0,16.13,7.25
2018,10,29,19,0,12.46,8.39
2018,10,29,20,0,13.63,8.48
2018,10,29,21,0,10.700000000000001,9.11
2018,10,29,22,0,3.19,10.290000000000001
2018,10,29,23,0,0.81,9.98
2018,10,30,0,0,5.66,8.26
2018,10,30,1,0,5.78,7.19
2018,10,30,2,0,20.54,5.58
2018,10,30,3,0,30.650000000000002,5
2018,10,30,4,0,8.99,5.43
2018,10,30,5,0,1.77,7.2700000000000005
2018,10,30,6,0,12.74,8.06
2018,10,30,7,0,5,7.8100000000000005
2018,10,30,8,0,6.2700000000000005,8.02
2018,10,30,9,0,13.66,7.41
2018,10,30,10,0,11.71,7.98
2018,10,30,11,0,13.450000000000001,8.27
2018,10,30,12,0,15.4,6.59
2018,10,30,13,0,7.49,8.06
2018,10,30,14,0,17.3,7.47
2018,10,30,15,0,12.08,8.92
2018,10,30,16,0,2.88,12.97
2018,10,30,17,0,356.39,15.16
2018,10,30,18,0,353.72,16.62
2018,10,30,19,0,353.58,17.26
2018,10,30,20,0,351.93,19.73
2018,10,30,21,0,346.27,20.080000000000002
2018,10,30,22,0,349.08,19.5
2018,10,30,23,0,345.88,19.45
2018,10,31,0,0,349.29,17.77
2018,10,31,1,0,352.48,15.450000000000001
2018,10,31,2,0,356.14,14.290000000000001
2018,10,31,3,0,356.68,12.450000000000001
2018,10,31,4,0,1.99,10.18
2018,10,31,5,0,6.7700000000000005,9.07
2018,10,31,6,0,9.23,8.35
2018,10,31,7,0,16.51,7.73
2018,10,31,8,0,52.79,6.87
2018,10,31,9,0,20.22,1.8800000000000001
2018,10,31,10,0,0.8,5.32
2018,10,31,11,0,9.32,7.25
2018,10,31,12,0,21.59,7.61
2018,10,31,13,0,19.34,7.04
2018,10,31,14,0,27.46,5.2700000000000005
2018,10,31,15,0,34.47,4.82
2018,10,31,16,0,21.72,4.5600000000000005
2018,10,31,17,0,18.84,4.2
2018,10,31,18,0,16.96,5.13
2018,10,31,19,0,16.85,6.13
2018,10,31,20,0,13.790000000000001,6.16
2018,10,31,21,0,0.21,6.46
2018,10,31,22,0,7.83,5.49
2018,10,31,23,0,12.08,4.76
2018,11,1,0,0,15.24,5.38
2018,11,1,1,0,17.21,6.87
2018,11,1,2,0,13.4,7.55
2018,11,1,3,0,7.8500000000000005,8.8
2018,11,1,4,0,9.35,9.01
2018,11,1,5,0,10.14,9.05
2018,11,1,6,0,12.52,9.34
2018,11,1,7,0,15.24,9.34
2018,11,1,8,0,14.25,9.77
2018,11,1,9,0,14.32,9.71
2018,11,1,10,0,14.6,9.6
2018,11,1,11,0,14.25,9.790000000000001
2018,11,1,12,0,15.44,9.92
2018,11,1,13,0,14.13,10.370000000000001
2018,11,1,14,0,11.53,11.24
2018,11,1,15,0,10.32,11.22
2018,11,1,16,0,10.16,11.19
2018,11,1,17,0,6.93,10.790000000000001
2018,11,1,18,0,3.74,10.76
2018,11,1,19,0,359.24,11.32
2018,11,1,20,0,1,10.97
2018,11,1,21,0,2.18,10.09
2018,11,1,22,0,1.96,9.81
2018,11,1,23,0,0.25,9.68
2018,11,2,0,0,1.97,9.41
2018,11,2,1,0,4.67,7.92
2018,11,2,2,0,357.36,7.6000000000000005
2018,11,2,3,0,9.450000000000001,5.98
2018,11,2,4,0,32.58,4.01
2018,11,2,5,0,24.68,4.5200000000000005
2018,11,2,6,0,25.240000000000002,5.97
2018,11,2,7,0,30.310000000000002,7.33
2018,11,2,8,0,32.82,8.35
2018,11,2,9,0,34.49,8.52
2018,11,2,10,0,31.470000000000002,8.52
2018,11,2,11,0,26.22,7.86
2018,11,2,12,0,25.71,7.83
2018,11,2,13,0,24.79,7.94
2018,11,2,14,0,28.38,8.47
2018,11,2,15,0,22.07,8.75
2018,11,2,16,0,18.490000000000002,9.14
2018,11,2,17,0,21,9.200000000000001
2018,11,2,18,0,22.14,7.94
2018,11,2,19,0,31.26,7.930000000000001
2018,11,2,20,0,37.980000000000004,6.62
2018,11,2,21,0,16.43,6.91
2018,11,2,22,0,32.31,5.58
2018,11,2,23,0,24.85,4.5
2018,11,3,0,0,5.66,4.33
2018,11,3,1,0,8.32,4.28
2018,11,3,2,0,23.04,7.2
2018,11,3,3,0,21.84,6.84
2018,11,3,4,0,15.35,6.62
2018,11,3,5,0,12.99,7.68
2018,11,3,6,0,25.39,7.36
2018,11,3,7,0,5.28,6.9
2018,11,3,8,0,4.3100000000000005,8.76
2018,11,3,9,0,7.72,10.39
2018,11,3,10,0,5.69,9.51
2018,11,3,11,0,7.53,10.42
2018,11,3,12,0,11.66,9.43
2018,11,3,13,0,7.65,10.17
2018,11,3,14,0,8.09,11.21
2018,11,3,15,0,16.09,8.41
2018,11,3,16,0,21.18,9.3
2018,11,3,17,0,12.620000000000001,10.03
2018,11,3,18,0,10.73,9.02
2018,11,3,19,0,14.1,8.120000000000001
2018,11,3,20,0,18.43,6.32
2018,11,3,21,0,19.86,6.68
2018,11,3,22,0,23.63,6.95
2018,11,3,23,0,24.12,7.390000000000001
2018,11,4,0,0,20.13,8.36
2018,11,4,1,0,17.63,8.94
2018,11,4,2,0,14.1,9.71
2018,11,4,3,0,13.9,9.63
2018,11,4,4,0,14.1,9.99
2018,11,4,5,0,14.69,9.64
2018,11,4,6,0,13.11,10.290000000000001
2018,11,4,7,0,10.63,10.26
2018,11,4,8,0,10.27,9.92
2018,11,4,9,0,17.07,9.73
2018,11,4,10,0,14.11,9.85
2018,11,4,11,0,10.17,9.91
2018,11,4,12,0,10.33,9.71
2018,11,4,13,0,8.57,9.31
2018,11,4,14,0,4.63,9.52
2018,11,4,15,0,7.640000000000001,7.28
2018,11,4,16,0,14.61,5.1000000000000005
2018,11,4,17,0,31.85,3.81
2018,11,4,18,0,61.79,2.1
2018,11,4,19,0,37.03,0.93
2018,11,4,20,0,32.22,1.31
2018,11,4,21,0,21.39,3.56
2018,11,4,22,0,26.96,1.01
2018,11,4,23,0,149.97,2.8000000000000003
2018,11,5,0,0,162.91,2.43
2018,11,5,1,0,155.25,2.4
2018,11,5,2,0,138.96,2.02
2018,11,5,3,0,146.39000000000001,2.18
2018,11,5,4,0,136.53,2.29
2018,11,5,5,0,146.73,1.86
2018,11,5,6,0,131.35,1.61
2018,11,5,7,0,103.31,0.87
2018,11,5,8,0,29.91,1.1300000000000001
2018,11,5,9,0,10.94,2.37
2018,11,5,10,0,20.67,2.62
2018,11,5,11,0,29.34,3.1
2018,11,5,12,0,31.92,3.14
2018,11,5,13,0,33.2,2.47
2018,11,5,14,0,33.11,2.2600000000000002
2018,11,5,15,0,19.740000000000002,2.1
2018,11,5,16,0,3.49,2.35
2018,11,5,17,0,1.6600000000000001,2.23
2018,11,5,18,0,12.21,1.97
2018,11,5,19,0,2.56,1.04
2018,11,5,20,0,11.32,1.06
2018,11,5,21,0,29.080000000000002,0.72
2018,11,5,22,0,74.42,0.15
2018,11,5,23,0,138.89000000000001,0.53
2018,11,6,0,0,135.26,0.63
2018,11,6,1,0,119.32000000000001,1.41
2018,11,6,2,0,108.55,1.6600000000000001
2018,11,6,3,0,88.85000000000001,1.28
2018,11,6,4,0,69.92,0.65
2018,11,6,5,0,351.3,1.27
2018,11,6,6,0,16.86,1.43
2018,11,6,7,0,24.29,2.0300000000000002
2018,11,6,8,0,20.34,3.94
2018,11,6,9,0,8.31,5.22
2018,11,6,10,0,6.59,5.14
2018,11,6,11,0,13.71,5.09
2018,11,6,12,0,20.06,5.21
2018,11,6,13,0,19.63,5.2
2018,11,6,14,0,20.740000000000002,5.12
2018,11,6,15,0,27.580000000000002,5.09
2018,11,6,16,0,39.72,4.46
2018,11,6,17,0,48.72,4.41
2018,11,6,18,0,66.47,4.36
2018,11,6,19,0,88.83,5.09
2018,11,6,20,0,97.63,6.01
2018,11,6,21,0,106.16,8.21
2018,11,6,22,0,103.7,10.450000000000001
2018,11,6,23,0,89.7,6.7700000000000005
2018,11,7,0,0,91.16,7.03
2018,11,7,1,0,83.8,6.7
2018,11,7,2,0,83.25,5.8
2018,11,7,3,0,49.99,4.22
2018,11,7,4,0,38.86,4.5
2018,11,7,5,0,48,4.17
2018,11,7,6,0,42.89,4.54
2018,11,7,7,0,28.650000000000002,5.15
2018,11,7,8,0,25.48,5.26
2018,11,7,9,0,19.53,6.16
2018,11,7,10,0,14.6,6.8100000000000005
2018,11,7,11,0,14.83,6.72
2018,11,7,12,0,20.79,6.8500000000000005
2018,11,7,13,0,16.76,7.8
2018,11,7,14,0,17.73,7.58
2018,11,7,15,0,16.95,7.72
2018,11,7,16,0,14.24,7.88
2018,11,7,17,0,15.89,7.7700000000000005
2018,11,7,18,0,22.23,7.29
2018,11,7,19,0,23.23,7.2700000000000005
2018,11,7,20,0,18.400000000000002,7.33
2018,11,7,21,0,17.92,7.1000000000000005
2018,11,7,22,0,22.77,7.08
2018,11,7,23,0,26.650000000000002,7.5200000000000005
2018,11,8,0,0,22.48,7.640000000000001
2018,11,8,1,0,17.31,7.99
2018,11,8,2,0,17.84,8.73
2018,11,8,3,0,14.030000000000001,8.3
2018,11,8,4,0,13.81,8.34
2018,11,8,5,0,8.790000000000001,9.32
2018,11,8,6,0,13.19,8.91
2018,11,8,7,0,14.66,8.91
2018,11,8,8,0,14.88,8.71
2018,11,8,9,0,12.31,8.98
2018,11,8,10,0,12.77,9.34
2018,11,8,11,0,9.02,9.65
2018,11,8,12,0,8.15,9.43
2018,11,8,13,0,2.54,10.290000000000001
2018,11,8,14,0,2.19,10.38
2018,11,8,15,0,9.39,10.4
2018,11,8,16,0,1.71,9.26
2018,11,8,17,0,359.17,9.42
2018,11,8,18,0,357,7.33
2018,11,8,19,0,21.14,4.4
2018,11,8,20,0,33.18,1.45
2018,11,8,21,0,55.660000000000004,0.8200000000000001
2018,11,8,22,0,81.35000000000001,1.56
2018,11,8,23,0,154.74,3.3000000000000003
2018,11,9,0,0,166.56,4.89
2018,11,9,1,0,164.35,5.66
2018,11,9,2,0,158.8,5.74
2018,11,9,3,0,155.36,5.38
2018,11,9,4,0,162.91,4.69
2018,11,9,5,0,178.17000000000002,3.73
2018,11,9,6,0,196.20000000000002,3.39
2018,11,9,7,0,209.59,3.38
2018,11,9,8,0,203.11,3.83
2018,11,9,9,0,183.64000000000001,3.36
2018,11,9,10,0,196.73000000000002,4.34
2018,11,9,11,0,204.09,3.25
2018,11,9,12,0,182.72,4.12
2018,11,9,13,0,178.9,4.46
2018,11,9,14,0,170.27,4.19
2018,11,9,15,0,158.81,5.11
2018,11,9,16,0,189.35,8.25
2018,11,9,17,0,204.28,8.71
2018,11,9,18,0,216.35,5.37
2018,11,9,19,0,209.21,4.58
2018,11,9,20,0,248.05,2.11
2018,11,9,21,0,271.01,1.4000000000000001
2018,11,9,22,0,338.08,1.3
2018,11,9,23,0,328.63,2.02
2018,11,10,0,0,42.1,1.21
2018,11,10,1,0,49.42,2.87
2018,11,10,2,0,37.56,3.79
2018,11,10,3,0,88.18,4.11
2018,11,10,4,0,92.60000000000001,2.41
2018,11,10,5,0,248.22,1.12
2018,11,10,6,0,356.58,3.37
2018,11,10,7,0,23.95,2.44
2018,11,10,8,0,88.62,1.09
2018,11,10,9,0,128.42000000000002,1.75
2018,11,10,10,0,123.25,1.46
2018,11,10,11,0,91.44,2.14
2018,11,10,12,0,42.38,4.3500000000000005
2018,11,10,13,0,17.490000000000002,7.11
2018,11,10,14,0,10.71,9.19
2018,11,10,15,0,8.6,9.14
2018,11,10,16,0,19.36,10.17
2018,11,10,17,0,13.52,11.17
2018,11,10,18,0,16.02,11.58
2018,11,10,19,0,14.11,11.64
2018,11,10,20,0,15.8,11.5
2018,11,10,21,0,13.26,11.24
2018,11,10,22,0,13.82,11.1
2018,11,10,23,0,14.51,11.33
2018,11,11,0,0,16.26,10.73
2018,11,11,1,0,14.47,10.540000000000001
2018,11,11,2,0,11.290000000000001,10.05
2018,11,11,3,0,16.39,10.44
2018,11,11,4,0,11.4,10.81
2018,11,11,5,0,5.78,10.16
2018,11,11,6,0,10.97,12.38
2018,11,11,7,0,10.26,13
2018,11,11,8,0,9.77,12.99
2018,11,11,9,0,7.97,12.870000000000001
2018,11,11,10,0,2.68,12.32
2018,11,11,11,0,1.75,11.120000000000001
2018,11,11,12,0,1.16,11.63
2018,11,11,13,0,358.46,11.58
2018,11,11,14,0,1.62,11.86
2018,11,11,15,0,5.84,11.6
2018,11,11,16,0,7.67,12
2018,11,11,17,0,9.34,11.65
2018,11,11,18,0,8.68,11.68
2018,11,11,19,0,8.45,11.370000000000001
2018,11,11,20,0,10.200000000000001,11.77
2018,11,11,21,0,9.78,11.99
2018,11,11,22,0,9.91,12.14
2018,11,11,23,0,10.73,12.58
2018,11,12,0,0,12.040000000000001,12.44
2018,11,12,1,0,14.4,10.84
2018,11,12,2,0,17.78,8.99
2018,11,12,3,0,24.5,9.200000000000001
2018,11,12,4,0,42.18,6.28
2018,11,12,5,0,25.150000000000002,6.61
2018,11,12,6,0,7.07,9.57
2018,11,12,7,0,4.62,8.08
2018,11,12,8,0,12.25,8.88
2018,11,12,9,0,5.1000000000000005,7.7700000000000005
2018,11,12,10,0,20.490000000000002,9.74
2018,11,12,11,0,92.06,7.18
2018,11,12,12,0,87.34,7.73
2018,11,12,13,0,117.26,14.57
2018,11,12,14,0,116.73,13.51
2018,11,12,15,0,103.04,8.05
2018,11,12,16,0,79.69,5.8500000000000005
2018,11,12,17,0,79.42,8.790000000000001
2018,11,12,18,0,93.74,5.0600000000000005
2018,11,12,19,0,57.18,4.63
2018,11,12,20,0,44.480000000000004,6.03
2018,11,12,21,0,106.32000000000001,11.33
2018,11,12,22,0,73.23,8.2
2018,11,12,23,0,96.14,13.6
2018,11,13,0,0,64.67,18.81
2018,11,13,1,0,4.53,5.88
2018,11,13,2,0,34.660000000000004,4.93
2018,11,13,3,0,0.11,9.43
2018,11,13,4,0,351.2,8.620000000000001
2018,11,13,5,0,13.67,6.65
2018,11,13,6,0,20.14,5
2018,11,13,7,0,39.49,7.29
2018,11,13,8,0,19.48,5.68
2018,11,13,9,0,330.02,2.92
2018,11,13,10,0,106.96000000000001,7.07
2018,11,13,11,0,105.14,13.96
2018,11,13,12,0,121.96000000000001,14
2018,11,13,13,0,136.27,9.86
2018,11,13,14,0,132.66,10.15
2018,11,13,15,0,124.73,13.06
2018,11,13,16,0,129.08,13.73
2018,11,13,17,0,127.09,15.860000000000001
2018,11,13,18,0,135.05,15.22
2018,11,13,19,0,134.86,14.06
2018,11,13,20,0,101.06,8.99
2018,11,13,21,0,53.6,3.5700000000000003
2018,11,13,22,0,25.01,5.0600000000000005
2018,11,13,23,0,23.64,5.8
2018,11,14,0,0,8.53,7.12
2018,11,14,1,0,14.05,10.39
2018,11,14,2,0,9.69,10.09
2018,11,14,3,0,8.65,10.43
2018,11,14,4,0,8.22,10.25
2018,11,14,5,0,9.120000000000001,10.6
2018,11,14,6,0,7.53,11.200000000000001
2018,11,14,7,0,8.16,11.48
2018,11,14,8,0,3.87,11.69
2018,11,14,9,0,4.11,10.77
2018,11,14,10,0,9.3,9.85
2018,11,14,11,0,14.83,8.790000000000001
2018,11,14,12,0,14.07,8.89
2018,11,14,13,0,11.43,9.41
2018,11,14,14,0,14.1,8.700000000000001
2018,11,14,15,0,19.11,8.09
2018,11,14,16,0,23.91,7.26
2018,11,14,17,0,24.310000000000002,6.75
2018,11,14,18,0,24.64,6.29
2018,11,14,19,0,22,5.96
2018,11,14,20,0,21.740000000000002,5.8
2018,11,14,21,0,21.55,5.46
2018,11,14,22,0,24.05,5.01
2018,11,14,23,0,19.98,4.4
2018,11,15,0,0,17.73,3.5700000000000003
2018,11,15,1,0,18.16,3.24
2018,11,15,2,0,17.21,4.25
2018,11,15,3,0,9.21,4.08
2018,11,15,4,0,10.72,3.54
2018,11,15,5,0,5.91,3.0100000000000002
2018,11,15,6,0,13.71,2.97
2018,11,15,7,0,357.54,4.08
2018,11,15,8,0,352.06,4.2
2018,11,15,9,0,3.68,4.11
2018,11,15,10,0,18.1,3.24
2018,11,15,11,0,24.02,2.65
2018,11,15,12,0,18.330000000000002,3.6
2018,11,15,13,0,22.67,3.56
2018,11,15,14,0,18.96,3.5700000000000003
2018,11,15,15,0,19.150000000000002,5.01
2018,11,15,16,0,30.5,6
2018,11,15,17,0,24.990000000000002,6.45
2018,11,15,18,0,18.46,7.11
2018,11,15,19,0,16.22,7.640000000000001
2018,11,15,20,0,19.44,6.92
2018,11,15,21,0,19.23,7.76
2018,11,15,22,0,16.88,8.290000000000001
2018,11,15,23,0,13.22,8.97
2018,11,16,0,0,14.68,9.15
2018,11,16,1,0,16.77,9.65
2018,11,16,2,0,17.89,9.51
2018,11,16,3,0,18.84,9.07
2018,11,16,4,0,18.93,8.45
2018,11,16,5,0,19.01,8.76
2018,11,16,6,0,17.14,8.71
2018,11,16,7,0,17.18,9.16
2018,11,16,8,0,12.42,7.66
2018,11,16,9,0,9.92,7.2
2018,11,16,10,0,11.43,8.24
2018,11,16,11,0,16.94,7.92
2018,11,16,12,0,12.21,8.19
2018,11,16,13,0,9.03,8.41
2018,11,16,14,0,8.82,7.26
2018,11,16,15,0,9.040000000000001,7.58
2018,11,16,16,0,22.7,8.1
2018,11,16,17,0,18.900000000000002,8.05
2018,11,16,18,0,13.84,8.540000000000001
2018,11,16,19,0,8.84,7.34
2018,11,16,20,0,9.35,6.5200000000000005
2018,11,16,21,0,20.03,6.36
2018,11,16,22,0,22.07,6.29
2018,11,16,23,0,20.95,6.45
2018,11,17,0,0,12.31,6.3100000000000005
2018,11,17,1,0,23.47,7.03
2018,11,17,2,0,30.16,7.42
2018,11,17,3,0,28.490000000000002,7.54
2018,11,17,4,0,29.57,6.03
2018,11,17,5,0,4.53,5.3500000000000005
2018,11,17,6,0,3.81,6.07
2018,11,17,7,0,1.41,6.640000000000001
2018,11,17,8,0,0.12,4.97
2018,11,17,9,0,3.13,6.38
2018,11,17,10,0,9,7.38
2018,11,17,11,0,13.56,8.24
2018,11,17,12,0,14.52,8.38
2018,11,17,13,0,15.09,7.32
2018,11,17,14,0,7.97,7.01
2018,11,17,15,0,10.35,7.09
2018,11,17,16,0,19.69,7.65
2018,11,17,17,0,19.11,7.140000000000001
2018,11,17,18,0,26.47,7.23
2018,11,17,19,0,22.73,7.6000000000000005
2018,11,17,20,0,19.11,8.040000000000001
2018,11,17,21,0,19.78,6.5200000000000005
2018,11,17,22,0,24.03,5.75
2018,11,17,23,0,43.1,5.07
2018,11,18,0,0,71.31,6.62
2018,11,18,1,0,65.05,7.22
2018,11,18,2,0,83.18,7.16
2018,11,18,3,0,103.51,9.13
2018,11,18,4,0,122.15,16.490000000000002
2018,11,18,5,0,128.45,17.5
2018,11,18,6,0,128.02,17.98
2018,11,18,7,0,124.78,19.11
2018,11,18,8,0,116.63,15.88
2018,11,18,9,0,112.16,10.31
2018,11,18,10,0,133.82,14.1
2018,11,18,11,0,119.13,26.830000000000002
2018,11,18,12,0,115.07000000000001,28.22
2018,11,18,13,0,108.72,21.52
2018,11,18,14,0,63.800000000000004,9.63
2018,11,18,15,0,64.33,9.26
2018,11,18,16,0,107.13,13.77
2018,11,18,17,0,121.01,21.44
2018,11,18,18,0,123.23,18.650000000000002
2018,11,18,19,0,125.29,24.38
2018,11,18,20,0,120.58,20.42
2018,11,18,21,0,112.45,15.93
2018,11,18,22,0,118.53,17.580000000000002
2018,11,18,23,0,129.48,21.48
2018,11,19,0,0,132.37,16.490000000000002
2018,11,19,1,0,354.06,5.46
2018,11,19,2,0,6.42,4.24
2018,11,19,3,0,1.8,3.85
2018,11,19,4,0,3.94,7.04
2018,11,19,5,0,7.640000000000001,6.28
2018,11,19,6,0,12.11,8.18
2018,11,19,7,0,16.39,6.8
2018,11,19,8,0,3.74,9.700000000000001
2018,11,19,9,0,8.6,9.950000000000001
2018,11,19,10,0,33.160000000000004,8.77
2018,11,19,11,0,35.07,6.23
2018,11,19,12,0,8.620000000000001,6.390000000000001
2018,11,19,13,0,24.54,7.74
2018,11,19,14,0,25.6,8.53
2018,11,19,15,0,25.26,6.11
2018,11,19,16,0,99.8,5.66
2018,11,19,17,0,45.230000000000004,3.44
2018,11,19,18,0,15.22,3.3200000000000003
2018,11,19,19,0,10.67,7.82
2018,11,19,20,0,83.61,4.8
2018,11,19,21,0,104.66,8.370000000000001
2018,11,19,22,0,129.12,20.28
2018,11,19,23,0,127.46000000000001,20.06
2018,11,20,0,0,139.32,16.97
2018,11,20,1,0,189.06,9.33
2018,11,20,2,0,180.81,10.53
2018,11,20,3,0,179.37,10.57
2018,11,20,4,0,183.22,10.38
2018,11,20,5,0,188.51,10.15
2018,11,20,6,0,185.20000000000002,7.0200000000000005
2018,11,20,7,0,188.6,7.37
2018,11,20,8,0,209.96,6.74
2018,11,20,9,0,194.3,5.19
2018,11,20,10,0,213.9,5.29
2018,11,20,11,0,196.8,4.61
2018,11,20,12,0,181.49,4.93
2018,11,20,13,0,176.41,5.33
2018,11,20,14,0,186.06,5.51
2018,11,20,15,0,186.82,5.72
2018,11,20,16,0,179.29,6.17
2018,11,20,17,0,179.37,6.47
2018,11,20,18,0,188.49,6.3100000000000005
2018,11,20,19,0,201.14000000000001,5.95
2018,11,20,20,0,211.4,4.44
2018,11,20,21,0,205.49,2.5300000000000002
2018,11,20,22,0,189.53,1.75
2018,11,20,23,0,191.22,1.19
2018,11,21,0,0,32.27,0.33
2018,11,21,1,0,22.34,1.1300000000000001
2018,11,21,2,0,48.31,3.09
2018,11,21,3,0,51.9,2.94
2018,11,21,4,0,47.96,2.73
2018,11,21,5,0,22.72,3.73
2018,11,21,6,0,18.66,4.25
2018,11,21,7,0,17.77,5.39
2018,11,21,8,0,21.57,6.46
2018,11,21,9,0,14.94,8.120000000000001
2018,11,21,10,0,12.02,8.59
2018,11,21,11,0,8.84,8.81
2018,11,21,12,0,10.46,8.86
2018,11,21,13,0,13.05,8.81
2018,11,21,14,0,11.82,8.28
2018,11,21,15,0,10.93,7.9
2018,11,21,16,0,10.68,8.66
2018,11,21,17,0,9.700000000000001,8.870000000000001
2018,11,21,18,0,10.93,9.8
2018,11,21,19,0,10.06,9.9
2018,11,21,20,0,10.48,10.05
2018,11,21,21,0,12.55,10.05
2018,11,21,22,0,14.49,9.68
2018,11,21,23,0,12.58,10.33
2018,11,22,0,0,13.46,10.97
2018,11,22,1,0,13.34,10.86
2018,11,22,2,0,12.46,11.11
2018,11,22,3,0,15.18,10.97
2018,11,22,4,0,13.47,10.66
2018,11,22,5,0,15.620000000000001,10.76
2018,11,22,6,0,16.92,10.25
2018,11,22,7,0,14.65,10.16
2018,11,22,8,0,18.02,9.85
2018,11,22,9,0,21.3,9.790000000000001
2018,11,22,10,0,21.39,9.67
2018,11,22,11,0,18.72,9.96
2018,11,22,12,0,18.73,10.38
2018,11,22,13,0,17.64,10.44
2018,11,22,14,0,15.780000000000001,10.5
2018,11,22,15,0,17.68,10.31
2018,11,22,16,0,16.85,10.48
2018,11,22,17,0,16.830000000000002,10.53
2018,11,22,18,0,17.38,10.42
2018,11,22,19,0,16.8,10.3
2018,11,22,20,0,17.23,10.120000000000001
2018,11,22,21,0,18.34,9.73
2018,11,22,22,0,15.92,9.64
2018,11,22,23,0,16.6,9.91
2018,11,23,0,0,13.530000000000001,10.200000000000001
2018,11,23,1,0,12.23,10.16
2018,11,23,2,0,17.53,9.85
2018,11,23,3,0,15.15,9.68
2018,11,23,4,0,15.89,9.32
2018,11,23,5,0,13,9.03
2018,11,23,6,0,11.1,9.18
2018,11,23,7,0,15.65,8.64
2018,11,23,8,0,21.93,7.79
2018,11,23,9,0,15.49,7.9
2018,11,23,10,0,16.16,7.49
2018,11,23,11,0,23.830000000000002,6.63
2018,11,23,12,0,18.48,6.42
2018,11,23,13,0,19.54,5.97
2018,11,23,14,0,16.85,6.16
2018,11,23,15,0,16.47,5.37
2018,11,23,16,0,10.290000000000001,6.47
2018,11,23,17,0,9.26,6.5200000000000005
2018,11,23,18,0,13.51,6.01
2018,11,23,19,0,12.63,6.13
2018,11,23,20,0,9.36,5.98
2018,11,23,21,0,14.33,5.84
2018,11,23,22,0,13.34,5.91
2018,11,23,23,0,22.2,7.13
2018,11,24,0,0,16.8,6.42
2018,11,24,1,0,6.22,7.15
2018,11,24,2,0,14.35,7.37
2018,11,24,3,0,23.32,7.8100000000000005
2018,11,24,4,0,23.97,7.99
2018,11,24,5,0,20.92,8.09
2018,11,24,6,0,19.72,8.46
2018,11,24,7,0,16.67,8.67
2018,11,24,8,0,21.240000000000002,7.7
2018,11,24,9,0,18.330000000000002,8.35
2018,11,24,10,0,17.52,8.89
2018,11,24,11,0,16.04,8.31
2018,11,24,12,0,14.88,8.09
2018,11,24,13,0,11.39,7.96
2018,11,24,14,0,8.55,7.86
2018,11,24,15,0,10.370000000000001,7.890000000000001
2018,11,24,16,0,8,8.26
2018,11,24,17,0,8.82,9.540000000000001
2018,11,24,18,0,12.280000000000001,10.18
2018,11,24,19,0,14.99,9.93
2018,11,24,20,0,10.56,9.99
2018,11,24,21,0,7.73,12.16
2018,11,24,22,0,9.68,12.08
2018,11,24,23,0,5.88,13.67
2018,11,25,0,0,5.04,14.07
2018,11,25,1,0,7.79,12.88
2018,11,25,2,0,3.72,12.55
2018,11,25,3,0,0.54,12.88
2018,11,25,4,0,359.59000000000003,13.85
2018,11,25,5,0,357.75,14.55
2018,11,25,6,0,2.52,15.67
2018,11,25,7,0,6.7700000000000005,17.650000000000002
2018,11,25,8,0,1.31,16.48
2018,11,25,9,0,358.40000000000003,13.27
2018,11,25,10,0,34.62,5.71
2018,11,25,11,0,168.84,7.82
2018,11,25,12,0,160.01,5.2
2018,11,25,13,0,173.87,6.23
2018,11,25,14,0,128.02,17.46
2018,11,25,15,0,124,18.05
2018,11,25,16,0,129.12,18.5
2018,11,25,17,0,133.68,24.57
2018,11,25,18,0,144.53,20.25
2018,11,25,19,0,135.04,15.06
2018,11,25,20,0,28.69,8.48
2018,11,25,21,0,21.17,7.19
2018,11,25,22,0,41.300000000000004,7.29
2018,11,25,23,0,40.76,9.51
2018,11,26,0,0,38.39,11.15
2018,11,26,1,0,10.73,8.870000000000001
2018,11,26,2,0,31.52,8.76
2018,11,26,3,0,42.18,11.290000000000001
2018,11,26,4,0,53.410000000000004,14.22
2018,11,26,5,0,96.39,14.32
2018,11,26,6,0,100.15,16.740000000000002
2018,11,26,7,0,76.71000000000001,3.23
2018,11,26,8,0,317.54,3.37
2018,11,26,9,0,353.08,1.49
2018,11,26,10,0,358.86,3.71
2018,11,26,11,0,18.150000000000002,7.83
2018,11,26,12,0,43.12,7.49
2018,11,26,13,0,354.85,9.13
2018,11,26,14,0,356.38,13.41
2018,11,26,15,0,4.48,12.66
2018,11,26,16,0,7.930000000000001,13.16
2018,11,26,17,0,10.98,11.48
2018,11,26,18,0,7.75,10.89
2018,11,26,19,0,10.52,9.370000000000001
2018,11,26,20,0,14.83,7.73
2018,11,26,21,0,85.7,5.39
2018,11,26,22,0,122.85000000000001,12.84
2018,11,26,23,0,129.2,17.76
2018,11,27,0,0,128.47,19.27
2018,11,27,1,0,130.41,17.5
2018,11,27,2,0,119.92,20.400000000000002
2018,11,27,3,0,126.04,17.330000000000002
2018,11,27,4,0,111.42,11.03
2018,11,27,5,0,103.94,8.18
2018,11,27,6,0,88.9,5.49
2018,11,27,7,0,97.95,10.27
2018,11,27,8,0,97.42,6.21
2018,11,27,9,0,104.52,10.94
2018,11,27,10,0,123.96000000000001,16.19
2018,11,27,11,0,119.42,17.68
2018,11,27,12,0,112.4,17.53
2018,11,27,13,0,121.46000000000001,19.490000000000002
2018,11,27,14,0,124.25,18.62
2018,11,27,15,0,122.71000000000001,20.66
2018,11,27,16,0,125.57000000000001,20.95
2018,11,27,17,0,115.85000000000001,17.990000000000002
2018,11,27,18,0,122.01,16.9
2018,11,27,19,0,120.60000000000001,16.48
2018,11,27,20,0,123.33,20.92
2018,11,27,21,0,122.02,19.21
2018,11,27,22,0,123.5,15.76
2018,11,27,23,0,113.06,11.85
2018,11,28,0,0,113.31,12.3
2018,11,28,1,0,89.51,3.59
2018,11,28,2,0,97.92,3.38
2018,11,28,3,0,101.52,6.87
2018,11,28,4,0,51.120000000000005,4.2700000000000005
2018,11,28,5,0,112.18,6.37
2018,11,28,6,0,99.27,8.1
2018,11,28,7,0,110.10000000000001,11.42
2018,11,28,8,0,123.03,15.27
2018,11,28,9,0,124.86,16.32
2018,11,28,10,0,128.85,15.51
2018,11,28,11,0,130.34,13.96
2018,11,28,12,0,129.88,13.030000000000001
2018,11,28,13,0,127.86,11.75
2018,11,28,14,0,125.17,11.53
2018,11,28,15,0,126.18,6.1000000000000005
2018,11,28,16,0,111.45,9.49
2018,11,28,17,0,117.17,10.13
2018,11,28,18,0,109.79,10.51
2018,11,28,19,0,106.04,8.59
2018,11,28,20,0,118.10000000000001,11.11
2018,11,28,21,0,103.57000000000001,8.27
2018,11,28,22,0,104.35000000000001,5.66
2018,11,28,23,0,78.46000000000001,4.55
2018,11,29,0,0,6.54,2.71
2018,11,29,1,0,40.300000000000004,3.06
2018,11,29,2,0,11.38,5.69
2018,11,29,3,0,13.33,7.75
2018,11,29,4,0,10.96,7.61
2018,11,29,5,0,18.34,7.19
2018,11,29,6,0,15.290000000000001,7.84
2018,11,29,7,0,17.91,6.44
2018,11,29,8,0,10.18,5.32
2018,11,29,9,0,12.74,6.5600000000000005
2018,11,29,10,0,28.53,4.83
2018,11,29,11,0,24.85,4.91
2018,11,29,12,0,51.24,2.44
2018,11,29,13,0,85.49,0.51
2018,11,29,14,0,117.12,0.39
2018,11,29,15,0,175.45000000000002,0.74
2018,11,29,16,0,182.26,1.95
2018,11,29,17,0,182.33,1.97
2018,11,29,18,0,152.29,3.2600000000000002
2018,11,29,19,0,163.73,3.61
2018,11,29,20,0,172.38,4.14
2018,11,29,21,0,178.20000000000002,4.91
2018,11,29,22,0,167.02,4.48
2018,11,29,23,0,162.47,4.23
2018,11,30,0,0,164.32,3.81
2018,11,30,1,0,168.22,3.0700000000000003
2018,11,30,2,0,168.13,2.69
2018,11,30,3,0,167.68,2.73
2018,11,30,4,0,164.54,2.57
2018,11,30,5,0,168.07,3.0500000000000003
2018,11,30,6,0,169.23,3.7800000000000002
2018,11,30,7,0,164.70000000000002,4.23
2018,11,30,8,0,166.38,4.21
2018,11,30,9,0,164.31,4.23
2018,11,30,10,0,154.36,4.47
2018,11,30,11,0,161.42000000000002,5.05
2018,11,30,12,0,182.55,6.9
2018,11,30,13,0,178.9,7.63
2018,11,30,14,0,185.34,8.2
2018,11,30,15,0,185.26,7.82
2018,11,30,16,0,177.57,6.62
2018,11,30,17,0,172.57,6.65
2018,11,30,18,0,157.17000000000002,5.5600000000000005
2018,11,30,19,0,139.24,7.51
2018,11,30,20,0,143.23,6.65
2018,11,30,21,0,154.44,4.68
2018,11,30,22,0,120.7,9.92
2018,11,30,23,0,134.45,9.57
2018,12,1,0,0,135.67000000000002,11.24
2018,12,1,1,0,130.25,14.52
2018,12,1,2,0,130.54,17.490000000000002
2018,12,1,3,0,130.07,19.150000000000002
2018,12,1,4,0,131.18,20.240000000000002
2018,12,1,5,0,131.76,20.81
2018,12,1,6,0,129.66,21.64
2018,12,1,7,0,128.64000000000001,21.17
2018,12,1,8,0,129.34,20.650000000000002
2018,12,1,9,0,130.52,20.43
2018,12,1,10,0,131.83,19.22
2018,12,1,11,0,131.98,19.86
2018,12,1,12,0,132.26,19.28
2018,12,1,13,0,129.69,20.93
2018,12,1,14,0,127.94,21.62
2018,12,1,15,0,129.13,20.18
2018,12,1,16,0,128.78,19.73
2018,12,1,17,0,125.79,22.35
2018,12,1,18,0,131.54,21.7
2018,12,1,19,0,131.97,21.96
2018,12,1,20,0,129.57,23.78
2018,12,1,21,0,136.32,21.26
2018,12,1,22,0,128.25,25.79
2018,12,1,23,0,124.57000000000001,28.6
2018,12,2,0,0,125,31.330000000000002
2018,12,2,1,0,137.21,22.14
2018,12,2,2,0,185.72,19.96
2018,12,2,3,0,205.06,17.23
2018,12,2,4,0,195.93,14.68
2018,12,2,5,0,193.02,15.16
2018,12,2,6,0,193.35,14.11
2018,12,2,7,0,196.82,12.67
2018,12,2,8,0,184.58,8.36
2018,12,2,9,0,172.70000000000002,7.13
2018,12,2,10,0,148.70000000000002,5.47
2018,12,2,11,0,131.5,3.25
2018,12,2,12,0,130.91,4.58
2018,12,2,13,0,127.99000000000001,11.89
2018,12,2,14,0,111.11,7.3500000000000005
2018,12,2,15,0,127.49000000000001,12.48
2018,12,2,16,0,131.82,11.97
2018,12,2,17,0,133.88,7.92
2018,12,2,18,0,130.16,7.86
2018,12,2,19,0,135.64000000000001,9.28
2018,12,2,20,0,127.76,9.41
2018,12,2,21,0,132.2,11.81
2018,12,2,22,0,126.86,17.56
2018,12,2,23,0,125.18,19.92
2018,12,3,0,0,126.76,19.09
2018,12,3,1,0,121.34,19.02
2018,12,3,2,0,124.37,20.47
2018,12,3,3,0,141.89000000000001,14.040000000000001
2018,12,3,4,0,203.06,4.9
2018,12,3,5,0,173.15,8.120000000000001
2018,12,3,6,0,178.12,10.1
2018,12,3,7,0,168.04,9.27
2018,12,3,8,0,175.41,10.06
2018,12,3,9,0,182.36,9.13
2018,12,3,10,0,185.81,8.950000000000001
2018,12,3,11,0,195.52,8.72
2018,12,3,12,0,210.92000000000002,8.17
2018,12,3,13,0,219.44,8.13
2018,12,3,14,0,215.25,7.68
2018,12,3,15,0,213.56,6.93
2018,12,3,16,0,198.67000000000002,5.3500000000000005
2018,12,3,17,0,206.77,4.98
2018,12,3,18,0,212.39000000000001,5.72
2018,12,3,19,0,202.54,4.69
2018,12,3,20,0,179.33,4.9
2018,12,3,21,0,169.29,3.64
2018,12,3,22,0,92.26,2.98
2018,12,3,23,0,70.4,3.94
2018,12,4,0,0,40.57,4.13
2018,12,4,1,0,39.34,3.68
2018,12,4,2,0,11.9,3.45
2018,12,4,3,0,7.2,5.2
2018,12,4,4,0,13.040000000000001,8.02
2018,12,4,5,0,17.12,8.91
2018,12,4,6,0,19.92,8.91
2018,12,4,7,0,21.400000000000002,9.19
2018,12,4,8,0,23.42,9.31
2018,12,4,9,0,18.57,8.93
2018,12,4,10,0,16.21,9.44
2018,12,4,11,0,22.150000000000002,9.32
2018,12,4,12,0,13.41,8.73
2018,12,4,13,0,10.94,8.42
2018,12,4,14,0,17.85,8.77
2018,12,4,15,0,30.8,7.8100000000000005
2018,12,4,16,0,28.92,7.68
2018,12,4,17,0,34.44,6.12
2018,12,4,18,0,16,5.97
2018,12,4,19,0,12.5,6.2700000000000005
2018,12,4,20,0,11.08,4.76
2018,12,4,21,0,1.03,4.94
2018,12,4,22,0,15.33,7.0600000000000005
2018,12,4,23,0,18.12,7.46
2018,12,5,0,0,3.47,5.6000000000000005
2018,12,5,1,0,91.95,9.23
2018,12,5,2,0,106.63,15.610000000000001
2018,12,5,3,0,127.14,25.97
2018,12,5,4,0,153.15,11.75
2018,12,5,5,0,182.47,4.53
2018,12,5,6,0,130.89000000000001,11.55
2018,12,5,7,0,130.91,11.38
2018,12,5,8,0,136.07,10.88
2018,12,5,9,0,133.15,11.46
2018,12,5,10,0,130.14000000000001,15.58
2018,12,5,11,0,128.99,18.01
2018,12,5,12,0,124.04,21.87
2018,12,5,13,0,123.77,22.71
2018,12,5,14,0,124.92,22.09
2018,12,5,15,0,129.12,19.94
2018,12,5,16,0,130.45,19.740000000000002
2018,12,5,17,0,133.86,20.78
2018,12,5,18,0,134.48,20.47
2018,12,5,19,0,135.2,19.7
2018,12,5,20,0,133.48,17.45
2018,12,5,21,0,130.91,15.860000000000001
2018,12,5,22,0,90.66,6.2
2018,12,5,23,0,102.83,9.59
2018,12,6,0,0,137.92000000000002,18
2018,12,6,1,0,155.57,10.1
2018,12,6,2,0,147.75,14.24
2018,12,6,3,0,182.37,6.45
2018,12,6,4,0,195.48000000000002,3.74
2018,12,6,5,0,148.61,3.08
2018,12,6,6,0,180.36,2.11
2018,12,6,7,0,145.01,7.51
2018,12,6,8,0,132.86,12.39
2018,12,6,9,0,128.12,15.11
2018,12,6,10,0,127,18.09
2018,12,6,11,0,124.51,18.76
2018,12,6,12,0,127.35000000000001,18.76
2018,12,6,13,0,133.02,18.62
2018,12,6,14,0,128.36,18.400000000000002
2018,12,6,15,0,130.75,16.52
2018,12,6,16,0,133.71,16.92
2018,12,6,17,0,87.55,9.39
2018,12,6,18,0,21.46,4.16
2018,12,6,19,0,37.43,4.13
2018,12,6,20,0,7.7700000000000005,5.98
2018,12,6,21,0,17.01,7.2
2018,12,6,22,0,5.8100000000000005,8.290000000000001
2018,12,6,23,0,8.27,10.31
2018,12,7,0,0,21.45,9.84
2018,12,7,1,0,10.11,8.89
2018,12,7,2,0,11.71,9.64
2018,12,7,3,0,8.290000000000001,10.11
2018,12,7,4,0,11,10.75
2018,12,7,5,0,11.42,9.61
2018,12,7,6,0,13.59,8.71
2018,12,7,7,0,24.03,4.32
2018,12,7,8,0,15.13,8.45
2018,12,7,9,0,14.02,10.72
2018,12,7,10,0,22.17,10.43
2018,12,7,11,0,105.04,9.92
2018,12,7,12,0,120.99000000000001,22.06
2018,12,7,13,0,124.83,24.41
2018,12,7,14,0,125.7,25.330000000000002
2018,12,7,15,0,123.17,29.16
2018,12,7,16,0,120.93,26.22
2018,12,7,17,0,118.10000000000001,23.59
2018,12,7,18,0,119.38,27.1
2018,12,7,19,0,112.56,18.14
2018,12,7,20,0,90.93,13.280000000000001
2018,12,7,21,0,98.76,12.27
2018,12,7,22,0,118.10000000000001,22.44
2018,12,7,23,0,115.44,22.830000000000002
2018,12,8,0,0,121.62,22.32
2018,12,8,1,0,136.04,29.310000000000002
2018,12,8,2,0,125.23,28.240000000000002
2018,12,8,3,0,121.33,26.93
2018,12,8,4,0,137.17000000000002,18.64
2018,12,8,5,0,113.63,21.330000000000002
2018,12,8,6,0,66.26,4.36
2018,12,8,7,0,6.2,5.51
2018,12,8,8,0,350.19,8.8
2018,12,8,9,0,358.42,10.92
2018,12,8,10,0,344.8,10.200000000000001
2018,12,8,11,0,353.78000000000003,14.66
2018,12,8,12,0,0.92,16.31
2018,12,8,13,0,355.89,14.950000000000001
2018,12,8,14,0,353.5,15.120000000000001
2018,12,8,15,0,352.49,14.61
2018,12,8,16,0,13.51,10.19
2018,12,8,17,0,15.89,4.54
2018,12,8,18,0,188.81,7.7
2018,12,8,19,0,177.71,7.5
2018,12,8,20,0,185.61,8.27
2018,12,8,21,0,192.34,5.25
2018,12,8,22,0,170.01,6.57
2018,12,8,23,0,158.72,8.32
2018,12,9,0,0,156.38,6.42
2018,12,9,1,0,191.66,5.05
2018,12,9,2,0,238.56,3.96
2018,12,9,3,0,226.08,4.55
2018,12,9,4,0,229.8,6.4
2018,12,9,5,0,209.1,5.14
2018,12,9,6,0,193.94,5.87
2018,12,9,7,0,193.93,7.34
2018,12,9,8,0,182.25,8.78
2018,12,9,9,0,187.02,9.67
2018,12,9,10,0,183.28,10.71
2018,12,9,11,0,192.05,13.58
2018,12,9,12,0,200.54,13.68
2018,12,9,13,0,191.01,14
2018,12,9,14,0,190.26,14.65
2018,12,9,15,0,185.33,14
2018,12,9,16,0,185.87,14.26
2018,12,9,17,0,183.49,13.93
2018,12,9,18,0,182.25,13.9
2018,12,9,19,0,176.74,10.41
2018,12,9,20,0,158.48,7.8
2018,12,9,21,0,129.53,10.75
2018,12,9,22,0,128.14000000000001,12.06
2018,12,9,23,0,124.85000000000001,13.950000000000001
2018,12,10,0,0,123.86,14.76
2018,12,10,1,0,118.22,17.34
2018,12,10,2,0,112.38,15.200000000000001
2018,12,10,3,0,120.05,22.490000000000002
2018,12,10,4,0,120.31,24.900000000000002
2018,12,10,5,0,116.74000000000001,25.560000000000002
2018,12,10,6,0,36.89,5.61
2018,12,10,7,0,121.13,17.87
2018,12,10,8,0,135.53,20.12
2018,12,10,9,0,145.3,15.06
2018,12,10,10,0,129.98,15.25
2018,12,10,11,0,133.61,6.92
2018,12,10,12,0,143.21,7.2
2018,12,10,13,0,147.58,4.07
2018,12,10,14,0,123.22,9.31
2018,12,10,15,0,119.12,13.030000000000001
2018,12,10,16,0,125.23,17.89
2018,12,10,17,0,118.98,18.45
2018,12,10,18,0,120.42,21.39
2018,12,10,19,0,123.21000000000001,22.19
2018,12,10,20,0,124.5,23.04
2018,12,10,21,0,118.34,22.240000000000002
2018,12,10,22,0,23.900000000000002,9.05
2018,12,10,23,0,4.25,9.42
2018,12,11,0,0,3,8.06
2018,12,11,1,0,1.03,9.1
2018,12,11,2,0,6.55,9.94
2018,12,11,3,0,5.82,10.14
2018,12,11,4,0,5.14,11.3
2018,12,11,5,0,15.83,11.22
2018,12,11,6,0,8.59,11.22
2018,12,11,7,0,15.59,10.99
2018,12,11,8,0,6.8500000000000005,10.67
2018,12,11,9,0,3.3200000000000003,10.84
2018,12,11,10,0,357.15000000000003,9.91
2018,12,11,11,0,30.03,2.9
2018,12,11,12,0,43.59,0.63
2018,12,11,13,0,182.78,3.11
2018,12,11,14,0,182.05,6.47
2018,12,11,15,0,167.89000000000001,10.03
2018,12,11,16,0,178.76,7.1000000000000005
2018,12,11,17,0,229.98000000000002,3.7600000000000002
2018,12,11,18,0,282.04,3.68
2018,12,11,19,0,260.53000000000003,6.38
2018,12,11,20,0,335.24,6.6000000000000005
2018,12,11,21,0,321.83,5.03
2018,12,11,22,0,18.03,2.8000000000000003
2018,12,11,23,0,30.28,1.9100000000000001
2018,12,12,0,0,139.55,6.38
2018,12,12,1,0,155.68,8.22
2018,12,12,2,0,179.27,8.14
2018,12,12,3,0,210.04,10.78
2018,12,12,4,0,197.92000000000002,9.120000000000001
2018,12,12,5,0,194.28,8.63
2018,12,12,6,0,209.74,10.040000000000001
2018,12,12,7,0,195.51,9.78
2018,12,12,8,0,193.51,10.82
2018,12,12,9,0,205.81,12.43
2018,12,12,10,0,193.03,13.98
2018,12,12,11,0,190.6,12.82
2018,12,12,12,0,190.43,12.58
2018,12,12,13,0,187.14000000000001,11.92
2018,12,12,14,0,185.84,11.83
2018,12,12,15,0,181.11,12.1
2018,12,12,16,0,193.24,12.13
2018,12,12,17,0,195.69,11.83
2018,12,12,18,0,191.87,10.5
2018,12,12,19,0,189.78,9.75
2018,12,12,20,0,189.93,10.39
2018,12,12,21,0,193.67000000000002,9.16
2018,12,12,22,0,192.51,7.37
2018,12,12,23,0,184.64000000000001,7.44
2018,12,13,0,0,191.09,6.82
2018,12,13,1,0,196.05,6.140000000000001
2018,12,13,2,0,205.3,6.47
2018,12,13,3,0,222.07,5.4
2018,12,13,4,0,241.06,3.23
2018,12,13,5,0,345.11,3.85
2018,12,13,6,0,5.94,4.49
2018,12,13,7,0,6,6.13
2018,12,13,8,0,8.39,5.15
2018,12,13,9,0,6.65,4.5600000000000005
2018,12,13,10,0,11.950000000000001,4.76
2018,12,13,11,0,18.27,6.29
2018,12,13,12,0,17.45,6.79
2018,12,13,13,0,16.02,6.95
2018,12,13,14,0,18.32,7.25
2018,12,13,15,0,13.91,6.48
2018,12,13,16,0,12.57,7.61
2018,12,13,17,0,11.120000000000001,6.66
2018,12,13,18,0,14.44,5.88
2018,12,13,19,0,15.77,5.79
2018,12,13,20,0,18.830000000000002,5.65
2018,12,13,21,0,17.85,5.7
2018,12,13,22,0,21.34,5.61
2018,12,13,23,0,27.810000000000002,5.44
2018,12,14,0,0,26.66,5.74
2018,12,14,1,0,25.73,6.17
2018,12,14,2,0,26.240000000000002,7.17
2018,12,14,3,0,19.8,8.63
2018,12,14,4,0,18.47,8.23
2018,12,14,5,0,13.01,8.17
2018,12,14,6,0,12.41,8.27
2018,12,14,7,0,16.05,8.55
2018,12,14,8,0,18.740000000000002,8.09
2018,12,14,9,0,17.61,8.33
2018,12,14,10,0,16.62,8.290000000000001
2018,12,14,11,0,15.58,9.28
2018,12,14,12,0,14.15,9.58
2018,12,14,13,0,13.6,9.49
2018,12,14,14,0,13.950000000000001,9.98
2018,12,14,15,0,15.48,10.36
2018,12,14,16,0,14.59,10.55
2018,12,14,17,0,13.35,10.9
2018,12,14,18,0,11.92,10.870000000000001
2018,12,14,19,0,11.99,11.42
2018,12,14,20,0,10.370000000000001,12.31
2018,12,14,21,0,10.540000000000001,12.65
2018,12,14,22,0,9.98,12.51
2018,12,14,23,0,10.35,12.41
2018,12,15,0,0,10.15,11.65
2018,12,15,1,0,11.08,11.370000000000001
2018,12,15,2,0,13.76,10.67
2018,12,15,3,0,11.16,10.84
2018,12,15,4,0,9.34,10.92
2018,12,15,5,0,10.450000000000001,11.33
2018,12,15,6,0,11.98,11.4
2018,12,15,7,0,16.79,11.19
2018,12,15,8,0,14.96,9.85
2018,12,15,9,0,17.02,8.24
2018,12,15,10,0,16.02,8.13
2018,12,15,11,0,18.16,6.49
2018,12,15,12,0,20.06,7.46
2018,12,15,13,0,15.16,6.91
2018,12,15,14,0,28.650000000000002,5.87
2018,12,15,15,0,48.47,5.75
2018,12,15,16,0,26.6,7.82
2018,12,15,17,0,22.89,8.58
2018,12,15,18,0,16.13,8.78
2018,12,15,19,0,12.85,8.57
2018,12,15,20,0,11.44,9.82
2018,12,15,21,0,6.73,10.73
2018,12,15,22,0,7.46,11.05
2018,12,15,23,0,6.67,10.98
2018,12,16,0,0,8.73,11.17
2018,12,16,1,0,6.5600000000000005,12.25
2018,12,16,2,0,6.04,12.96
2018,12,16,3,0,6.2700000000000005,13.870000000000001
2018,12,16,4,0,6.91,13.55
2018,12,16,5,0,0.46,14.44
2018,12,16,6,0,358.67,15.030000000000001
2018,12,16,7,0,359.26,15.92
2018,12,16,8,0,1.2,14.97
2018,12,16,9,0,1.58,13.97
2018,12,16,10,0,2.77,14.24
2018,12,16,11,0,1.94,13.21
2018,12,16,12,0,1.94,13.200000000000001
2018,12,16,13,0,9.76,12.59
2018,12,16,14,0,9.5,12.41
2018,12,16,15,0,11.81,10.66
2018,12,16,16,0,17.44,9.55
2018,12,16,17,0,15.73,9.01
2018,12,16,18,0,18.330000000000002,8.25
2018,12,16,19,0,18.740000000000002,8.69
2018,12,16,20,0,21.09,8.84
2018,12,16,21,0,9.48,11.39
2018,12,16,22,0,9.89,11.69
2018,12,16,23,0,12.6,11.13
2018,12,17,0,0,12.040000000000001,11.43
2018,12,17,1,0,11.450000000000001,12.13
2018,12,17,2,0,15.77,11.58
2018,12,17,3,0,15.47,11.55
2018,12,17,4,0,11.32,10.31
2018,12,17,5,0,16.47,10.83
2018,12,17,6,0,13.46,10.38
2018,12,17,7,0,15.19,10.290000000000001
2018,12,17,8,0,21.150000000000002,10
2018,12,17,9,0,18.92,11.200000000000001
2018,12,17,10,0,14.31,10.08
2018,12,17,11,0,14.71,9.02
2018,12,17,12,0,12.76,8.25
2018,12,17,13,0,12.01,7.94
2018,12,17,14,0,15.66,7.74
2018,12,17,15,0,13.82,6.41
2018,12,17,16,0,26.37,3.84
2018,12,17,17,0,39.43,3.36
2018,12,17,18,0,36.9,2.61
2018,12,17,19,0,84.85000000000001,0.75
2018,12,17,20,0,184.74,1.74
2018,12,17,21,0,197.85,3.47
2018,12,17,22,0,199.42000000000002,3.63
2018,12,17,23,0,204.28,4.3500000000000005
2018,12,18,0,0,196.58,6.0200000000000005
2018,12,18,1,0,205.94,6.390000000000001
2018,12,18,2,0,213.77,7.23
2018,12,18,3,0,219.86,7.7700000000000005
2018,12,18,4,0,225.17000000000002,8.94
2018,12,18,5,0,223.84,8.65
2018,12,18,6,0,217.81,7.41
2018,12,18,7,0,215.04,7.61
2018,12,18,8,0,216.54,8.700000000000001
2018,12,18,9,0,216.06,8.77
2018,12,18,10,0,215.61,8.9
2018,12,18,11,0,216.29,9.040000000000001
2018,12,18,12,0,208.26,8.61
2018,12,18,13,0,211.36,8.94
2018,12,18,14,0,211.65,8.52
2018,12,18,15,0,206.39000000000001,7.79
2018,12,18,16,0,212.84,7.63
2018,12,18,17,0,214.1,7.23
2018,12,18,18,0,212.31,7.62
2018,12,18,19,0,210.99,7.2700000000000005
2018,12,18,20,0,212.88,6.97
2018,12,18,21,0,208.55,6.71
2018,12,18,22,0,204.49,5.86
2018,12,18,23,0,202.66,5.5200000000000005
2018,12,19,0,0,204.85,6.51
2018,12,19,1,0,206.69,7.3500000000000005
2018,12,19,2,0,209.13,8.25
2018,12,19,3,0,208.83,8.620000000000001
2018,12,19,4,0,207.96,8.950000000000001
2018,12,19,5,0,205.54,8.99
2018,12,19,6,0,201.58,8.55
2018,12,19,7,0,198.98000000000002,8.33
2018,12,19,8,0,198.76,8.19
2018,12,19,9,0,198.41,8.63
2018,12,19,10,0,203.89000000000001,8.61
2018,12,19,11,0,208.26,7.86
2018,12,19,12,0,208.8,8.74
2018,12,19,13,0,207.35,8.370000000000001
2018,12,19,14,0,211.26,8.290000000000001
2018,12,19,15,0,219.26,7.38
2018,12,19,16,0,225.25,5.88
2018,12,19,17,0,251.8,1.83
2018,12,19,18,0,205.52,2.1
2018,12,19,19,0,217.18,1.79
2018,12,19,20,0,303.87,1.4000000000000001
2018,12,19,21,0,339.93,1.6500000000000001
2018,12,19,22,0,22.28,3.69
2018,12,19,23,0,358.74,4.0200000000000005
2018,12,20,0,0,2.16,6.48
2018,12,20,1,0,14.040000000000001,10.52
2018,12,20,2,0,16.28,11.51
2018,12,20,3,0,19,10.8
2018,12,20,4,0,18.61,10.950000000000001
2018,12,20,5,0,15.35,10.24
2018,12,20,6,0,11.25,10.08
2018,12,20,7,0,356.95,12.82
2018,12,20,8,0,352.39,13.530000000000001
2018,12,20,9,0,2.63,15.05
2018,12,20,10,0,18.87,12.94
2018,12,20,11,0,24.95,11.040000000000001
2018,12,20,12,0,32.53,7.73
2018,12,20,13,0,13.16,5.6000000000000005
2018,12,20,14,0,83.09,1.25
2018,12,20,15,0,222.5,3.73
2018,12,20,16,0,8.84,1.16
2018,12,20,17,0,40.1,6.13
2018,12,20,18,0,51.22,3.5300000000000002
2018,12,20,19,0,353.23,2.96
2018,12,20,20,0,7.78,2.57
2018,12,20,21,0,33.11,1.54
2018,12,20,22,0,261.32,0.76
2018,12,20,23,0,274.73,1.21
2018,12,21,0,0,4.65,0.25
2018,12,21,1,0,101.67,0.42
2018,12,21,2,0,140.49,0.73
2018,12,21,3,0,79.34,1.61
2018,12,21,4,0,55.910000000000004,1.98
2018,12,21,5,0,27.87,5.14
2018,12,21,6,0,16.31,7.13
2018,12,21,7,0,14.11,7.74
2018,12,21,8,0,20.81,7.36
2018,12,21,9,0,22.45,8.68
2018,12,21,10,0,19.78,9.81
2018,12,21,11,0,21.650000000000002,10.44
2018,12,21,12,0,21.330000000000002,9.69
2018,12,21,13,0,18.5,10.35
2018,12,21,14,0,17.92,10.14
2018,12,21,15,0,11.22,11.540000000000001
2018,12,21,16,0,8.05,12.34
2018,12,21,17,0,6.99,12.31
2018,12,21,18,0,3.68,12.700000000000001
2018,12,21,19,0,5.54,12.86
2018,12,21,20,0,4.7700000000000005,13.26
2018,12,21,21,0,6.15,13.81
2018,12,21,22,0,7.84,13.63
2018,12,21,23,0,5.98,13.67
2018,12,22,0,0,9.42,13.200000000000001
2018,12,22,1,0,10.33,11.870000000000001
2018,12,22,2,0,13.11,10.28
2018,12,22,3,0,9.6,9.120000000000001
2018,12,22,4,0,10.64,9.75
2018,12,22,5,0,3.59,10.99
2018,12,22,6,0,8.28,11.69
2018,12,22,7,0,7.37,11.81
2018,12,22,8,0,7.05,11.84
2018,12,22,9,0,9,11.38
2018,12,22,10,0,7.2700000000000005,10.790000000000001
2018,12,22,11,0,9.34,10.22
2018,12,22,12,0,29.46,9.59
2018,12,22,13,0,25.21,6.38
2018,12,22,14,0,5.71,8.06
2018,12,22,15,0,18.1,8.53
2018,12,22,16,0,12.46,8.6
2018,12,22,17,0,20.72,7.25
2018,12,22,18,0,38.31,5.2700000000000005
2018,12,22,19,0,71.37,6.88
2018,12,22,20,0,62.43,3.66
2018,12,22,21,0,62.88,6.73
2018,12,22,22,0,68.24,6.08
2018,12,22,23,0,21.31,7.42
2018,12,23,0,0,8.94,9.48
2018,12,23,1,0,10.17,8.57
2018,12,23,2,0,16.25,6.890000000000001
2018,12,23,3,0,17.96,5.72
2018,12,23,4,0,13.780000000000001,5.91
2018,12,23,5,0,29.76,4.3
2018,12,23,6,0,25.62,6.3100000000000005
2018,12,23,7,0,65.08,3.7
2018,12,23,8,0,15.75,5.87
2018,12,23,9,0,6.26,8.26
2018,12,23,10,0,14.26,7.01
2018,12,23,11,0,16.4,7.6000000000000005
2018,12,23,12,0,20.92,7.47
2018,12,23,13,0,13.36,7.43
2018,12,23,14,0,19.29,8.25
2018,12,23,15,0,20.900000000000002,7.84
2018,12,23,16,0,16.36,7.91
2018,12,23,17,0,11.52,6.69
2018,12,23,18,0,23.6,6.34
2018,12,23,19,0,16.97,7.9
2018,12,23,20,0,23.77,7.79
2018,12,23,21,0,13.22,9.76
2018,12,23,22,0,13.780000000000001,9.39
2018,12,23,23,0,11.59,9.72
2018,12,24,0,0,9.17,9.11
2018,12,24,1,0,7.890000000000001,8.66
2018,12,24,2,0,21.06,7.61
2018,12,24,3,0,22.98,6.17
2018,12,24,4,0,36.65,5.67
2018,12,24,5,0,18.51,4.98
2018,12,24,6,0,16.68,4.97
2018,12,24,7,0,34.92,2.14
2018,12,24,8,0,43.78,0.81
2018,12,24,9,0,41.050000000000004,2.22
2018,12,24,10,0,72.33,1.35
2018,12,24,11,0,106.22,1.8900000000000001
2018,12,24,12,0,100.09,2.59
2018,12,24,13,0,114.58,2.06
2018,12,24,14,0,116.43,1.54
2018,12,24,15,0,109.78,2.65
2018,12,24,16,0,116.03,3.38
2018,12,24,17,0,114.71000000000001,2.42
2018,12,24,18,0,79.08,1.32
2018,12,24,19,0,59.04,2.5500000000000003
2018,12,24,20,0,33.19,3.33
2018,12,24,21,0,27.38,4.03
2018,12,24,22,0,23.57,4.29
2018,12,24,23,0,19.57,4.5200000000000005
2018,12,25,0,0,22.59,4.57
2018,12,25,1,0,14.41,5.16
2018,12,25,2,0,11.11,5.71
2018,12,25,3,0,12.46,6.24
2018,12,25,4,0,16.1,7.18
2018,12,25,5,0,14.07,7.23
2018,12,25,6,0,15.42,7.66
2018,12,25,7,0,14.15,7.99
2018,12,25,8,0,12.76,8.86
2018,12,25,9,0,18.91,8.5
2018,12,25,10,0,22.76,8.39
2018,12,25,11,0,32.25,8.03
2018,12,25,12,0,46.44,7.65
2018,12,25,13,0,49.78,7.140000000000001
2018,12,25,14,0,59.44,7.09
2018,12,25,15,0,50.53,5.46
2018,12,25,16,0,14.030000000000001,7.19
2018,12,25,17,0,7.79,8.48
2018,12,25,18,0,14.67,9.94
2018,12,25,19,0,10.1,10.92
2018,12,25,20,0,10.51,10.47
2018,12,25,21,0,6.22,9.72
2018,12,25,22,0,10.61,8.51
2018,12,25,23,0,7.69,8.870000000000001
2018,12,26,0,0,6.0200000000000005,9.92
2018,12,26,1,0,5.88,9.74
2018,12,26,2,0,9.73,10.56
2018,12,26,3,0,11.61,10.63
2018,12,26,4,0,5.42,10.07
2018,12,26,5,0,7.78,9.34
2018,12,26,6,0,7.6000000000000005,9.99
2018,12,26,7,0,8.870000000000001,9.88
2018,12,26,8,0,10.83,10.42
2018,12,26,9,0,9.57,9.42
2018,12,26,10,0,12.48,9.99
2018,12,26,11,0,11.450000000000001,10.870000000000001
2018,12,26,12,0,15.31,10.28
2018,12,26,13,0,12.27,9.83
2018,12,26,14,0,13.200000000000001,9.88
2018,12,26,15,0,15.18,8.9
2018,12,26,16,0,19.400000000000002,8.63
2018,12,26,17,0,19.56,8.11
2018,12,26,18,0,21.56,7.62
2018,12,26,19,0,24.560000000000002,7.72
2018,12,26,20,0,25.43,7.5
2018,12,26,21,0,26.900000000000002,6.16
2018,12,26,22,0,22.31,6.53
2018,12,26,23,0,22.59,6.42
2018,12,27,0,0,26.44,5.51
2018,12,27,1,0,35.36,5.64
2018,12,27,2,0,31.67,5.12
2018,12,27,3,0,27.69,4.99
2018,12,27,4,0,30,4.86
2018,12,27,5,0,22.67,3.52
2018,12,27,6,0,69.58,3.22
2018,12,27,7,0,171.62,3.84
2018,12,27,8,0,213.6,4.55
2018,12,27,9,0,179.59,3.94
2018,12,27,10,0,180,3.29
2018,12,27,11,0,187.28,2.12
2018,12,27,12,0,176.12,1.93
2018,12,27,13,0,107.97,0.46
2018,12,27,14,0,78.05,1.62
2018,12,27,15,0,77.33,1.36
2018,12,27,16,0,22.85,1.37
2018,12,27,17,0,5.48,2.99
2018,12,27,18,0,8.94,4.91
2018,12,27,19,0,14,6.53
2018,12,27,20,0,8.120000000000001,6.8500000000000005
2018,12,27,21,0,4.48,6.8500000000000005
2018,12,27,22,0,357.77,6.5
2018,12,27,23,0,8.76,5.96
2018,12,28,0,0,5.3,6.12
2018,12,28,1,0,354.56,5.99
2018,12,28,2,0,351.82,3.72
2018,12,28,3,0,352.35,1.1
2018,12,28,4,0,50.97,0.22
2018,12,28,5,0,175.93,1
2018,12,28,6,0,142.35,3.7
2018,12,28,7,0,222.99,3.13
2018,12,28,8,0,224.70000000000002,4.66
2018,12,28,9,0,223.61,4.93
2018,12,28,10,0,219.66,4.51
2018,12,28,11,0,191.98000000000002,5.63
2018,12,28,12,0,190.05,4.94
2018,12,28,13,0,200.68,4.68
2018,12,28,14,0,167.45000000000002,3.5700000000000003
2018,12,28,15,0,155.75,3.69
2018,12,28,16,0,134.66,2.91
2018,12,28,17,0,122.02,1.99
2018,12,28,18,0,107.43,2.91
2018,12,28,19,0,70.55,2.85
2018,12,28,20,0,39.550000000000004,5.65
2018,12,28,21,0,28.77,6.59
2018,12,28,22,0,20.400000000000002,8.25
2018,12,28,23,0,17.8,8.25
2018,12,29,0,0,17.990000000000002,8.86
2018,12,29,1,0,19.43,9.31
2018,12,29,2,0,18.04,9.64
2018,12,29,3,0,15.96,9.42
2018,12,29,4,0,13.13,8.73
2018,12,29,5,0,12.15,8.34
2018,12,29,6,0,13.44,8.4
2018,12,29,7,0,11.6,8.23
2018,12,29,8,0,9.84,8.15
2018,12,29,9,0,9.76,7.4
2018,12,29,10,0,13.540000000000001,7.53
2018,12,29,11,0,21.26,7.82
2018,12,29,12,0,23.63,7.03
2018,12,29,13,0,37.980000000000004,6.0600000000000005
2018,12,29,14,0,41.92,5.1000000000000005
2018,12,29,15,0,32,3.56
2018,12,29,16,0,14.4,4.69
2018,12,29,17,0,355.61,3.38
2018,12,29,18,0,251,0.71
2018,12,29,19,0,200.84,4.5
2018,12,29,20,0,201.31,4.89
2018,12,29,21,0,207.76,7.51
2018,12,29,22,0,210.69,8.11
2018,12,29,23,0,203.93,6.18
2018,12,30,0,0,205.42000000000002,6.4
2018,12,30,1,0,188.84,7.8500000000000005
2018,12,30,2,0,202.37,7.62
2018,12,30,3,0,212.12,5.99
2018,12,30,4,0,216.34,3.45
2018,12,30,5,0,209.51,4.22
2018,12,30,6,0,218.94,2.67
2018,12,30,7,0,200.96,2.65
2018,12,30,8,0,206.14000000000001,2.36
2018,12,30,9,0,226.13,3.36
2018,12,30,10,0,238.87,2.22
2018,12,30,11,0,262.65,2.65
2018,12,30,12,0,257.54,1.84
2018,12,30,13,0,223.03,0.24
2018,12,30,14,0,83.82000000000001,3.66
2018,12,30,15,0,123.46000000000001,17.62
2018,12,30,16,0,123.86,22.63
2018,12,30,17,0,121.73,25.11
2018,12,30,18,0,122.15,27.41
2018,12,30,19,0,125.84,28.28
2018,12,30,20,0,126.04,28.64
2018,12,30,21,0,125.94,28.150000000000002
2018,12,30,22,0,124.23,28.32
2018,12,30,23,0,125.17,29.580000000000002
2018,12,31,0,0,125.9,29.55
2018,12,31,1,0,125.7,28.36
2018,12,31,2,0,127.9,27.64
2018,12,31,3,0,126.07000000000001,29.21
2018,12,31,4,0,121.44,34.4
2018,12,31,5,0,123.86,36.2
2018,12,31,6,0,121.75,36.410000000000004
2018,12,31,7,0,119.81,43.49
2018,12,31,8,0,119.38,34.6
2018,12,31,9,0,122.42,46.13
2018,12,31,10,0,122.27,43.19
2018,12,31,11,0,122.24000000000001,39.46
2018,12,31,12,0,124.24000000000001,33.9
2018,12,31,13,0,133.2,20.46
2018,12,31,14,0,181.19,13.42
2018,12,31,15,0,158.27,15.36
2018,12,31,16,0,179.12,16.63
2018,12,31,17,0,186.42000000000002,18.23
2018,12,31,18,0,192.96,16.03
2018,12,31,19,0,195.24,18.71
2018,12,31,20,0,193.16,17.16
2018,12,31,21,0,193.07,15.93
2018,12,31,22,0,185.36,13.19
2018,12,31,23,0,177.86,13
