Time,Mean Current Speed (m/s)
2005-01-01 00:00:00,0.6543205976486206
2005-01-01 01:00:00,0.13183385133743286
2005-01-01 02:00:00,0.7996379137039185
2005-01-01 03:00:00,1.361785650253296
2005-01-01 04:00:00,1.5001026391983032
2005-01-01 05:00:00,1.1143752336502075
2005-01-01 06:00:00,0.4033340811729431
2005-01-01 07:00:00,0.5116389989852905
2005-01-01 08:00:00,1.235168218612671
2005-01-01 09:00:00,1.7587579488754272
2005-01-01 10:00:00,2.0234696865081787
2005-01-01 11:00:00,1.744850516319275
2005-01-01 12:00:00,1.064035177230835
2005-01-01 13:00:00,0.20152656733989716
2005-01-01 14:00:00,0.8464433550834656
2005-01-01 15:00:00,1.7482420206069946
2005-01-01 16:00:00,2.1006252765655518
2005-01-01 17:00:00,1.7657445669174194
2005-01-01 18:00:00,1.1327283382415771
2005-01-01 19:00:00,0.31185072660446167
2005-01-01 20:00:00,0.5611556768417358
2005-01-01 21:00:00,1.2086938619613647
2005-01-01 22:00:00,1.7514073848724365
2005-01-01 23:00:00,1.6985931396484375
2005-01-02 00:00:00,1.3453686237335205
2005-01-02 01:00:00,0.6020027995109558
2005-01-02 02:00:00,0.2588883340358734
2005-01-02 03:00:00,1.091637372970581
2005-01-02 04:00:00,1.560408353805542
2005-01-02 05:00:00,1.5402947664260864
2005-01-02 06:00:00,0.9645342826843262
2005-01-02 07:00:00,0.1471269428730011
2005-01-02 08:00:00,0.7893149852752686
2005-01-02 09:00:00,1.4693092107772827
2005-01-02 10:00:00,1.8747437000274658
2005-01-02 11:00:00,1.9376205205917358
2005-01-02 12:00:00,1.4926085472106934
2005-01-02 13:00:00,0.6855508089065552
2005-01-02 14:00:00,0.27306896448135376
2005-01-02 15:00:00,1.3212645053863525
2005-01-02 16:00:00,1.9884271621704102
2005-01-02 17:00:00,2.0251927375793457
2005-01-02 18:00:00,1.5222541093826294
2005-01-02 19:00:00,0.8151823282241821
2005-01-02 20:00:00,0.14099125564098358
2005-01-02 21:00:00,0.8566997647285461
2005-01-02 22:00:00,1.439072847366333
2005-01-02 23:00:00,1.990523099899292
2005-01-03 00:00:00,1.7004314661026
2005-01-03 01:00:00,1.2094533443450928
2005-01-03 02:00:00,0.4507593512535095
2005-01-03 03:00:00,0.3550170660018921
2005-01-03 04:00:00,1.1663405895233154
2005-01-03 05:00:00,1.5317248106002808
2005-01-03 06:00:00,1.4031436443328857
2005-01-03 07:00:00,0.8228482007980347
2005-01-03 08:00:00,0.11231090873479843
2005-01-03 09:00:00,0.8250554800033569
2005-01-03 10:00:00,1.3853856325149536
2005-01-03 11:00:00,1.6905626058578491
2005-01-03 12:00:00,1.6787071228027344
2005-01-03 13:00:00,1.1787344217300415
2005-01-03 14:00:00,0.377183735370636
2005-01-03 15:00:00,0.5019545555114746
2005-01-03 16:00:00,1.4565279483795166
2005-01-03 17:00:00,1.9670026302337646
2005-01-03 18:00:00,1.8222558498382568
2005-01-03 19:00:00,1.2766973972320557
2005-01-03 20:00:00,0.5487863421440125
2005-01-03 21:00:00,0.33452385663986206
2005-01-03 22:00:00,1.039232850074768
2005-01-03 23:00:00,1.5759787559509277
2005-01-04 00:00:00,1.819089651107788
2005-01-04 01:00:00,1.684364676475525
2005-01-04 02:00:00,1.1470813751220703
2005-01-04 03:00:00,0.40335240960121155
2005-01-04 04:00:00,0.3838840126991272
2005-01-04 05:00:00,1.157277226448059
2005-01-04 06:00:00,1.4962457418441772
2005-01-04 07:00:00,1.3618998527526855
2005-01-04 08:00:00,0.8399913907051086
2005-01-04 09:00:00,0.12616947293281555
2005-01-04 10:00:00,0.6819758415222168
2005-01-04 11:00:00,1.182111144065857
2005-01-04 12:00:00,1.4914805889129639
2005-01-04 13:00:00,1.4339935779571533
2005-01-04 14:00:00,0.983432948589325
2005-01-04 15:00:00,0.2713490128517151
2005-01-04 16:00:00,0.5840888023376465
2005-01-04 17:00:00,1.4499588012695312
2005-01-04 18:00:00,1.8613231182098389
2005-01-04 19:00:00,1.6739956140518188
2005-01-04 20:00:00,1.1310250759124756
2005-01-04 21:00:00,0.40118521451950073
2005-01-04 22:00:00,0.46506446599960327
2005-01-04 23:00:00,1.1479119062423706
2005-01-05 00:00:00,1.7022415399551392
2005-01-05 01:00:00,1.8930950164794922
2005-01-05 02:00:00,1.7488811016082764
2005-01-05 03:00:00,1.2087268829345703
2005-01-05 04:00:00,0.4565733075141907
2005-01-05 05:00:00,0.34112995862960815
2005-01-05 06:00:00,1.1590911149978638
2005-01-05 07:00:00,1.5340394973754883
2005-01-05 08:00:00,1.47786545753479
2005-01-05 09:00:00,1.0074646472930908
2005-01-05 10:00:00,0.32700103521347046
2005-01-05 11:00:00,0.4265719950199127
2005-01-05 12:00:00,0.9683529138565063
2005-01-05 13:00:00,1.2863715887069702
2005-01-05 14:00:00,1.3007763624191284
2005-01-05 15:00:00,0.9793246388435364
2005-01-05 16:00:00,0.31411951780319214
2005-01-05 17:00:00,0.507227897644043
2005-01-05 18:00:00,1.3396738767623901
2005-01-05 19:00:00,1.7926489114761353
2005-01-05 20:00:00,1.6319907903671265
2005-01-05 21:00:00,1.117364525794983
2005-01-05 22:00:00,0.38480764627456665
2005-01-05 23:00:00,0.5053023099899292
2005-01-06 00:00:00,1.2229106426239014
2005-01-06 01:00:00,1.8787482976913452
2005-01-06 02:00:00,2.0733208656311035
2005-01-06 03:00:00,1.9111559391021729
2005-01-06 04:00:00,1.380052089691162
2005-01-06 05:00:00,0.5840489268302917
2005-01-06 06:00:00,0.2790139615535736
2005-01-06 07:00:00,1.201435923576355
2005-01-06 08:00:00,1.6836351156234741
2005-01-06 09:00:00,1.7180700302124023
2005-01-06 10:00:00,1.2560975551605225
2005-01-06 11:00:00,0.6075674295425415
2005-01-06 12:00:00,0.19986513257026672
2005-01-06 13:00:00,0.8213922381401062
2005-01-06 14:00:00,1.2337428331375122
2005-01-06 15:00:00,1.582930564880371
2005-01-06 16:00:00,1.124008297920227
2005-01-06 17:00:00,0.5005759000778198
2005-01-06 18:00:00,0.34793880581855774
2005-01-06 19:00:00,1.1905460357666016
2005-01-06 20:00:00,1.7848126888275146
2005-01-06 21:00:00,1.7046353816986084
2005-01-06 22:00:00,1.2088985443115234
2005-01-06 23:00:00,0.44949087500572205
2005-01-07 00:00:00,0.5138341784477234
2005-01-07 01:00:00,1.3123964071273804
2005-01-07 02:00:00,2.0814902782440186
2005-01-07 03:00:00,2.310121536254883
2005-01-07 04:00:00,2.1442172527313232
2005-01-07 05:00:00,1.601220726966858
2005-01-07 06:00:00,0.730646014213562
2005-01-07 07:00:00,0.24165472388267517
2005-01-07 08:00:00,1.3160860538482666
2005-01-07 09:00:00,1.9516538381576538
2005-01-07 10:00:00,2.005342960357666
2005-01-07 11:00:00,1.5036338567733765
2005-01-07 12:00:00,0.8134628534317017
2005-01-07 13:00:00,0.12750378251075745
2005-01-07 14:00:00,0.7951870560646057
2005-01-07 15:00:00,1.3268438577651978
2005-01-07 16:00:00,1.7625068426132202
2005-01-07 17:00:00,1.3811161518096924
2005-01-07 18:00:00,0.7095769643783569
2005-01-07 19:00:00,0.24065637588500977
2005-01-07 20:00:00,1.1505721807479858
2005-01-07 21:00:00,1.8576091527938843
2005-01-07 22:00:00,1.8618290424346924
2005-01-07 23:00:00,1.3337162733078003
2005-01-08 00:00:00,0.5028998851776123
2005-01-08 01:00:00,0.5683261752128601
2005-01-08 02:00:00,1.4672105312347412
2005-01-08 03:00:00,2.3333678245544434
2005-01-08 04:00:00,2.580439567565918
2005-01-08 05:00:00,2.389212131500244
2005-01-08 06:00:00,1.809419870376587
2005-01-08 07:00:00,0.8326975107192993
2005-01-08 08:00:00,0.24251694977283478
2005-01-08 09:00:00,1.5025298595428467
2005-01-08 10:00:00,2.286559820175171
2005-01-08 11:00:00,2.227952241897583
2005-01-08 12:00:00,1.668778657913208
2005-01-08 13:00:00,0.894058883190155
2005-01-08 14:00:00,0.14321081340312958
2005-01-08 15:00:00,0.9126567840576172
2005-01-08 16:00:00,1.5532326698303223
2005-01-08 17:00:00,2.0668015480041504
2005-01-08 18:00:00,1.612928032875061
2005-01-08 19:00:00,0.8386605978012085
2005-01-08 20:00:00,0.22893019020557404
2005-01-08 21:00:00,1.2828854322433472
2005-01-08 22:00:00,2.028928756713867
2005-01-08 23:00:00,2.035297393798828
2005-01-09 00:00:00,1.424757719039917
2005-01-09 01:00:00,0.47908705472946167
2005-01-09 02:00:00,0.7038170695304871
2005-01-09 03:00:00,1.701103925704956
2005-01-09 04:00:00,2.587786912918091
2005-01-09 05:00:00,2.8191275596618652
2005-01-09 06:00:00,2.588771104812622
2005-01-09 07:00:00,1.9554557800292969
2005-01-09 08:00:00,0.8399910926818848
2005-01-09 09:00:00,0.379499226808548
2005-01-09 10:00:00,1.7381370067596436
2005-01-09 11:00:00,2.57075572013855
2005-01-09 12:00:00,2.3727574348449707
2005-01-09 13:00:00,1.727487564086914
2005-01-09 14:00:00,0.8383041620254517
2005-01-09 15:00:00,0.2775079905986786
2005-01-09 16:00:00,1.1378411054611206
2005-01-09 17:00:00,1.8529396057128906
2005-01-09 18:00:00,2.198777437210083
2005-01-09 19:00:00,1.7817531824111938
2005-01-09 20:00:00,0.8414468765258789
2005-01-09 21:00:00,0.3010139465332031
2005-01-09 22:00:00,1.5020452737808228
2005-01-09 23:00:00,2.263533115386963
2005-01-10 00:00:00,2.1456961631774902
2005-01-10 01:00:00,1.4349032640457153
2005-01-10 02:00:00,0.3514999747276306
2005-01-10 03:00:00,0.9037057757377625
2005-01-10 04:00:00,1.9821712970733643
2005-01-10 05:00:00,2.842167615890503
2005-01-10 06:00:00,3.0056042671203613
2005-01-10 07:00:00,2.7124600410461426
2005-01-10 08:00:00,1.996320366859436
2005-01-10 09:00:00,0.7411202788352966
2005-01-10 10:00:00,0.6846672892570496
2005-01-10 11:00:00,2.0826456546783447
2005-01-10 12:00:00,2.7939841747283936
2005-01-10 13:00:00,2.4215917587280273
2005-01-10 14:00:00,1.675580382347107
2005-01-10 15:00:00,0.6658095121383667
2005-01-10 16:00:00,0.5084215998649597
2005-01-10 17:00:00,1.4072463512420654
2005-01-10 18:00:00,2.360523223876953
2005-01-10 19:00:00,2.363117218017578
2005-01-10 20:00:00,1.8468040227890015
2005-01-10 21:00:00,0.7323645949363708
2005-01-10 22:00:00,0.4593915045261383
2005-01-10 23:00:00,1.7438844442367554
2005-01-11 00:00:00,2.4556350708007812
2005-01-11 01:00:00,2.1878490447998047
2005-01-11 02:00:00,1.3582525253295898
2005-01-11 03:00:00,0.1803348809480667
2005-01-11 04:00:00,1.1329680681228638
2005-01-11 05:00:00,2.2496800422668457
2005-01-11 06:00:00,3.057439088821411
2005-01-11 07:00:00,3.103992462158203
2005-01-11 08:00:00,2.7438833713531494
2005-01-11 09:00:00,1.9049276113510132
2005-01-11 10:00:00,0.5453671216964722
2005-01-11 11:00:00,1.060829997062683
2005-01-11 12:00:00,2.2929985523223877
2005-01-11 13:00:00,2.883904457092285
2005-01-11 14:00:00,2.3719449043273926
2005-01-11 15:00:00,1.5333073139190674
2005-01-11 16:00:00,0.38354045152664185
2005-01-11 17:00:00,0.7760897278785706
2005-01-11 18:00:00,1.7261661291122437
2005-01-11 19:00:00,2.633697986602783
2005-01-11 20:00:00,2.4394383430480957
2005-01-11 21:00:00,1.7844734191894531
2005-01-11 22:00:00,0.5624139904975891
2005-01-11 23:00:00,0.7167951464653015
2005-01-12 00:00:00,1.99868905544281
2005-01-12 01:00:00,2.5920584201812744
2005-01-12 02:00:00,2.138950824737549
2005-01-12 03:00:00,1.2179206609725952
2005-01-12 04:00:00,0.1769486367702484
2005-01-12 05:00:00,1.3520034551620483
2005-01-12 06:00:00,2.520695209503174
2005-01-12 07:00:00,3.122169017791748
2005-01-12 08:00:00,3.0981106758117676
2005-01-12 09:00:00,2.6567611694335938
2005-01-12 10:00:00,1.66097891330719
2005-01-12 11:00:00,0.29542455077171326
2005-01-12 12:00:00,1.4235337972640991
2005-01-12 13:00:00,2.673795700073242
2005-01-12 14:00:00,2.822848320007324
2005-01-12 15:00:00,2.2207443714141846
2005-01-12 16:00:00,1.3096672296524048
2005-01-12 17:00:00,0.1446201503276825
2005-01-12 18:00:00,1.0569180250167847
2005-01-12 19:00:00,2.0130982398986816
2005-01-12 20:00:00,2.68765926361084
2005-01-12 21:00:00,2.4374775886535645
2005-01-12 22:00:00,1.6325994729995728
2005-01-12 23:00:00,0.38421866297721863
2005-01-13 00:00:00,0.9906454086303711
2005-01-13 01:00:00,2.1378087997436523
2005-01-13 02:00:00,2.6035945415496826
2005-01-13 03:00:00,2.0111002922058105
2005-01-13 04:00:00,1.0311362743377686
2005-01-13 05:00:00,0.3517836928367615
2005-01-13 06:00:00,1.513959288597107
2005-01-13 07:00:00,2.7983334064483643
2005-01-13 08:00:00,3.0993146896362305
2005-01-13 09:00:00,2.9843032360076904
2005-01-13 10:00:00,2.433384418487549
2005-01-13 11:00:00,1.276159405708313
2005-01-13 12:00:00,0.12059064209461212
2005-01-13 13:00:00,1.7317432165145874
2005-01-13 14:00:00,2.8278884887695312
2005-01-13 15:00:00,2.677677631378174
2005-01-13 16:00:00,1.9865310192108154
2005-01-13 17:00:00,1.013822078704834
2005-01-13 18:00:00,0.3093637228012085
2005-01-13 19:00:00,1.3135292530059814
2005-01-13 20:00:00,2.27470064163208
2005-01-13 21:00:00,2.664285182952881
2005-01-13 22:00:00,2.351924180984497
2005-01-13 23:00:00,1.4281246662139893
2005-01-14 00:00:00,0.24289730191230774
2005-01-14 01:00:00,1.1943037509918213
2005-01-14 02:00:00,2.189815044403076
2005-01-14 03:00:00,2.4865880012512207
2005-01-14 04:00:00,1.8336998224258423
2005-01-14 05:00:00,0.8228470683097839
2005-01-14 06:00:00,0.5051429867744446
2005-01-14 07:00:00,1.6019647121429443
2005-01-14 08:00:00,2.8022243976593018
2005-01-14 09:00:00,2.966378688812256
2005-01-14 10:00:00,2.754364013671875
2005-01-14 11:00:00,2.07353138923645
2005-01-14 12:00:00,0.828349769115448
2005-01-14 13:00:00,0.5635362267494202
2005-01-14 14:00:00,1.9578371047973633
2005-01-14 15:00:00,2.7885117530822754
2005-01-14 16:00:00,2.454576015472412
2005-01-14 17:00:00,1.696563720703125
2005-01-14 18:00:00,0.653274655342102
2005-01-14 19:00:00,0.5642604827880859
2005-01-14 20:00:00,1.5132462978363037
2005-01-14 21:00:00,2.5381715297698975
2005-01-14 22:00:00,2.5697546005249023
2005-01-14 23:00:00,2.1805408000946045
2005-01-15 00:00:00,1.2166876792907715
2005-01-15 01:00:00,0.1688435971736908
2005-01-15 02:00:00,1.2750980854034424
2005-01-15 03:00:00,2.148315191268921
2005-01-15 04:00:00,2.3094637393951416
2005-01-15 05:00:00,1.6398712396621704
2005-01-15 06:00:00,0.6403647661209106
2005-01-15 07:00:00,0.5833811163902283
2005-01-15 08:00:00,1.5877341032028198
2005-01-15 09:00:00,2.637409210205078
2005-01-15 10:00:00,2.710972309112549
2005-01-15 11:00:00,2.41477632522583
2005-01-15 12:00:00,1.6142234802246094
2005-01-15 13:00:00,0.4257756769657135
2005-01-15 14:00:00,0.9700158834457397
2005-01-15 15:00:00,2.111321449279785
2005-01-15 16:00:00,2.6338846683502197
2005-01-15 17:00:00,2.170499086380005
2005-01-15 18:00:00,1.3891706466674805
2005-01-15 19:00:00,0.3164317309856415
2005-01-15 20:00:00,0.7606634497642517
2005-01-15 21:00:00,1.6556365489959717
2005-01-15 22:00:00,2.5518887042999268
2005-01-15 23:00:00,2.4250893592834473
2005-01-16 00:00:00,1.9762121438980103
2005-01-16 01:00:00,1.03989577293396
2005-01-16 02:00:00,0.16251786053180695
2005-01-16 03:00:00,1.2363148927688599
2005-01-16 04:00:00,1.9689298868179321
2005-01-16 05:00:00,2.0960116386413574
2005-01-16 06:00:00,1.4686172008514404
2005-01-16 07:00:00,0.5385460257530212
2005-01-16 08:00:00,0.5596660375595093
2005-01-16 09:00:00,1.4388806819915771
2005-01-16 10:00:00,2.3175501823425293
2005-01-16 11:00:00,2.3465704917907715
2005-01-16 12:00:00,2.006742000579834
2005-01-16 13:00:00,1.1677495241165161
2005-01-16 14:00:00,0.16564586758613586
2005-01-16 15:00:00,1.1816662549972534
2005-01-16 16:00:00,2.0652871131896973
2005-01-16 17:00:00,2.375417709350586
2005-01-16 18:00:00,1.8683059215545654
2005-01-16 19:00:00,1.1030892133712769
2005-01-16 20:00:00,0.14145120978355408
2005-01-16 21:00:00,0.8931717872619629
2005-01-16 22:00:00,1.6897194385528564
2005-01-16 23:00:00,2.395103931427002
2005-01-17 00:00:00,2.2599897384643555
2005-01-17 01:00:00,1.787964105606079
2005-01-17 02:00:00,0.9293834567070007
2005-01-17 03:00:00,0.16529926657676697
2005-01-17 04:00:00,1.0975124835968018
2005-01-17 05:00:00,1.7449928522109985
2005-01-17 06:00:00,1.8668657541275024
2005-01-17 07:00:00,1.3638546466827393
2005-01-17 08:00:00,0.5596439242362976
2005-01-17 09:00:00,0.4088771343231201
2005-01-17 10:00:00,1.164139747619629
2005-01-17 11:00:00,1.7206239700317383
2005-01-17 12:00:00,1.8727859258651733
2005-01-17 13:00:00,1.6119003295898438
2005-01-17 14:00:00,0.8617511987686157
2005-01-17 15:00:00,0.1676958203315735
2005-01-17 16:00:00,1.1510933637619019
2005-01-17 17:00:00,1.8805328607559204
2005-01-17 18:00:00,2.081990957260132
2005-01-17 19:00:00,1.6025981903076172
2005-01-17 20:00:00,0.8910972476005554
2005-01-17 21:00:00,0.136769101023674
2005-01-17 22:00:00,0.9269757270812988
2005-01-17 23:00:00,1.6222074031829834
2005-01-18 00:00:00,2.158522129058838
2005-01-18 01:00:00,2.0927884578704834
2005-01-18 02:00:00,1.6595875024795532
2005-01-18 03:00:00,0.8992840051651001
2005-01-18 04:00:00,0.16464269161224365
2005-01-18 05:00:00,0.8578939437866211
2005-01-18 06:00:00,1.5888793468475342
2005-01-18 07:00:00,1.736141562461853
2005-01-18 08:00:00,1.367692232131958
2005-01-18 09:00:00,0.7083607912063599
2005-01-18 10:00:00,0.15076933801174164
2005-01-18 11:00:00,0.8020930290222168
2005-01-18 12:00:00,1.2569899559020996
2005-01-18 13:00:00,1.6118509769439697
2005-01-18 14:00:00,1.294920563697815
2005-01-18 15:00:00,0.7356112003326416
2005-01-18 16:00:00,0.14401789009571075
2005-01-18 17:00:00,0.8999052047729492
2005-01-18 18:00:00,1.5601718425750732
2005-01-18 19:00:00,1.767987608909607
2005-01-18 20:00:00,1.4187952280044556
2005-01-18 21:00:00,0.7995284199714661
2005-01-18 22:00:00,0.12417473644018173
2005-01-18 23:00:00,0.8561174273490906
2005-01-19 00:00:00,1.4862241744995117
2005-01-19 01:00:00,1.9185469150543213
2005-01-19 02:00:00,1.9796218872070312
2005-01-19 03:00:00,1.6133663654327393
2005-01-19 04:00:00,0.9536175727844238
2005-01-19 05:00:00,0.21288707852363586
2005-01-19 06:00:00,0.6009988188743591
2005-01-19 07:00:00,1.3505909442901611
2005-01-19 08:00:00,1.6796901226043701
2005-01-19 09:00:00,1.4612982273101807
2005-01-19 10:00:00,0.9354732632637024
2005-01-19 11:00:00,0.2819167673587799
2005-01-19 12:00:00,0.42855024337768555
2005-01-19 13:00:00,0.9157894253730774
2005-01-19 14:00:00,1.1813346147537231
2005-01-19 15:00:00,1.233693242073059
2005-01-19 16:00:00,0.7480156421661377
2005-01-19 17:00:00,0.16243469715118408
2005-01-19 18:00:00,0.5572398900985718
2005-01-19 19:00:00,1.2312040328979492
2005-01-19 20:00:00,1.5239378213882446
2005-01-19 21:00:00,1.3360283374786377
2005-01-19 22:00:00,0.8320433497428894
2005-01-19 23:00:00,0.13189341127872467
2005-01-20 00:00:00,0.7253325581550598
2005-01-20 01:00:00,1.3516119718551636
2005-01-20 02:00:00,1.7828925848007202
2005-01-20 03:00:00,1.966931700706482
2005-01-20 04:00:00,1.6592220067977905
2005-01-20 05:00:00,1.0567505359649658
2005-01-20 06:00:00,0.30959227681159973
2005-01-20 07:00:00,0.4786284565925598
2005-01-20 08:00:00,1.2939183712005615
2005-01-20 09:00:00,1.7235538959503174
2005-01-20 10:00:00,1.6203590631484985
2005-01-20 11:00:00,1.1512911319732666
2005-01-20 12:00:00,0.5424366593360901
2005-01-20 13:00:00,0.20229728519916534
2005-01-20 14:00:00,0.7575423717498779
2005-01-20 15:00:00,1.09369695186615
2005-01-20 16:00:00,1.3113969564437866
2005-01-20 17:00:00,0.8800123333930969
2005-01-20 18:00:00,0.35488882660865784
2005-01-20 19:00:00,0.32792115211486816
2005-01-20 20:00:00,0.9555107355117798
2005-01-20 21:00:00,1.346218228340149
2005-01-20 22:00:00,1.3431683778762817
2005-01-20 23:00:00,0.9226676821708679
2005-01-21 00:00:00,0.22252187132835388
2005-01-21 01:00:00,0.6486595869064331
2005-01-21 02:00:00,1.3177838325500488
2005-01-21 03:00:00,1.7922136783599854
2005-01-21 04:00:00,2.036160707473755
2005-01-21 05:00:00,1.7349557876586914
2005-01-21 06:00:00,1.1447278261184692
2005-01-21 07:00:00,0.35266000032424927
2005-01-21 08:00:00,0.4901792109012604
2005-01-21 09:00:00,1.3863712549209595
2005-01-21 10:00:00,1.8815901279449463
2005-01-21 11:00:00,1.7691749334335327
2005-01-21 12:00:00,1.2739906311035156
2005-01-21 13:00:00,0.6157777309417725
2005-01-21 14:00:00,0.19634036719799042
2005-01-21 15:00:00,0.807490348815918
2005-01-21 16:00:00,1.2039108276367188
2005-01-21 17:00:00,1.479620337486267
2005-01-21 18:00:00,1.0221216678619385
2005-01-21 19:00:00,0.4714505076408386
2005-01-21 20:00:00,0.27355438470840454
2005-01-21 21:00:00,0.9534486532211304
2005-01-21 22:00:00,1.4977315664291382
2005-01-21 23:00:00,1.4368937015533447
2005-01-22 00:00:00,0.9728301167488098
2005-01-22 01:00:00,0.20088700950145721
2005-01-22 02:00:00,0.7442288994789124
2005-01-22 03:00:00,1.465002417564392
2005-01-22 04:00:00,1.9700348377227783
2005-01-22 05:00:00,2.1384286880493164
2005-01-22 06:00:00,1.803546667098999
2005-01-22 07:00:00,1.1307216882705688
2005-01-22 08:00:00,0.2644854187965393
2005-01-22 09:00:00,0.7242372035980225
2005-01-22 10:00:00,1.6205049753189087
2005-01-22 11:00:00,2.0731916427612305
2005-01-22 12:00:00,1.8175675868988037
2005-01-22 13:00:00,1.2394723892211914
2005-01-22 14:00:00,0.46766719222068787
2005-01-22 15:00:00,0.3836004137992859
2005-01-22 16:00:00,1.0299159288406372
2005-01-22 17:00:00,1.4524908065795898
2005-01-22 18:00:00,1.6138036251068115
2005-01-22 19:00:00,1.1175633668899536
2005-01-22 20:00:00,0.4110332429409027
2005-01-22 21:00:00,0.40845102071762085
2005-01-22 22:00:00,1.2394349575042725
2005-01-22 23:00:00,1.6988141536712646
2005-01-23 00:00:00,1.5138581991195679
2005-01-23 01:00:00,0.8924291729927063
2005-01-23 02:00:00,0.13814447820186615
2005-01-23 03:00:00,1.0194358825683594
2005-01-23 04:00:00,1.7737592458724976
2005-01-23 05:00:00,2.287914276123047
2005-01-23 06:00:00,2.2604875564575195
2005-01-23 07:00:00,1.7959568500518799
2005-01-23 08:00:00,0.9652190208435059
2005-01-23 09:00:00,0.15592089295387268
2005-01-23 10:00:00,1.2189440727233887
2005-01-23 11:00:00,1.9697856903076172
2005-01-23 12:00:00,2.2220425605773926
2005-01-23 13:00:00,1.748888373374939
2005-01-23 14:00:00,1.038639783859253
2005-01-23 15:00:00,0.16328223049640656
2005-01-23 16:00:00,0.7284339666366577
2005-01-23 17:00:00,1.3603515625
2005-01-23 18:00:00,1.9207665920257568
2005-01-23 19:00:00,1.621443510055542
2005-01-23 20:00:00,1.0186641216278076
2005-01-23 21:00:00,0.19027265906333923
2005-01-23 22:00:00,0.7649379968643188
2005-01-23 23:00:00,1.5526903867721558
2005-01-24 00:00:00,1.8843772411346436
2005-01-24 01:00:00,1.445845365524292
2005-01-24 02:00:00,0.6277889609336853
2005-01-24 03:00:00,0.47560209035873413
2005-01-24 04:00:00,1.3961448669433594
2005-01-24 05:00:00,2.2206673622131348
2005-01-24 06:00:00,2.5108938217163086
2005-01-24 07:00:00,2.2936768531799316
2005-01-24 08:00:00,1.6540958881378174
2005-01-24 09:00:00,0.6430377960205078
2005-01-24 10:00:00,0.4521380066871643
2005-01-24 11:00:00,1.656579613685608
2005-01-24 12:00:00,2.3565244674682617
2005-01-24 13:00:00,2.1622157096862793
2005-01-24 14:00:00,1.535048246383667
2005-01-24 15:00:00,0.673824667930603
2005-01-24 16:00:00,0.3427695631980896
2005-01-24 17:00:00,1.1359443664550781
2005-01-24 18:00:00,1.7504774332046509
2005-01-24 19:00:00,1.9618724584579468
2005-01-24 20:00:00,1.568343162536621
2005-01-24 21:00:00,0.7131500840187073
2005-01-24 22:00:00,0.2964973449707031
2005-01-24 23:00:00,1.3483500480651855
2005-01-25 00:00:00,1.9848954677581787
2005-01-25 01:00:00,1.8911155462265015
2005-01-25 02:00:00,1.2137051820755005
2005-01-25 03:00:00,0.21180887520313263
2005-01-25 04:00:00,0.9314939379692078
2005-01-25 05:00:00,1.8506364822387695
2005-01-25 06:00:00,2.509620189666748
2005-01-25 07:00:00,2.600743532180786
2005-01-25 08:00:00,2.192333459854126
2005-01-25 09:00:00,1.3405625820159912
2005-01-25 10:00:00,0.244491845369339
2005-01-25 11:00:00,1.1445491313934326
2005-01-25 12:00:00,2.0914177894592285
2005-01-25 13:00:00,2.4701743125915527
2005-01-25 14:00:00,1.97137451171875
2005-01-25 15:00:00,1.1976842880249023
2005-01-25 16:00:00,0.18598631024360657
2005-01-25 17:00:00,0.7975950241088867
2005-01-25 18:00:00,1.565366268157959
2005-01-25 19:00:00,2.277670383453369
2005-01-25 20:00:00,1.9690351486206055
2005-01-25 21:00:00,1.3171887397766113
2005-01-25 22:00:00,0.30343297123908997
2005-01-25 23:00:00,0.7759958505630493
2005-01-26 00:00:00,1.7621227502822876
2005-01-26 01:00:00,2.1508545875549316
2005-01-26 02:00:00,1.6990959644317627
2005-01-26 03:00:00,0.8384984731674194
2005-01-26 04:00:00,0.3699842095375061
2005-01-26 05:00:00,1.3879694938659668
2005-01-26 06:00:00,2.3748221397399902
2005-01-26 07:00:00,2.7082767486572266
2005-01-26 08:00:00,2.5476088523864746
2005-01-26 09:00:00,1.9318965673446655
2005-01-26 10:00:00,0.8463221788406372
2005-01-26 11:00:00,0.34347766637802124
2005-01-26 12:00:00,1.70290207862854
2005-01-26 13:00:00,2.519667863845825
2005-01-26 14:00:00,2.320352077484131
2005-01-26 15:00:00,1.6502939462661743
2005-01-26 16:00:00,0.7173689603805542
2005-01-26 17:00:00,0.39302772283554077
2005-01-26 18:00:00,1.2549711465835571
2005-01-26 19:00:00,2.0296730995178223
2005-01-26 20:00:00,2.2226743698120117
2005-01-26 21:00:00,1.8273766040802002
2005-01-26 22:00:00,0.8879340887069702
2005-01-26 23:00:00,0.23791241645812988
2005-01-27 00:00:00,1.3987044095993042
2005-01-27 01:00:00,2.150582790374756
2005-01-27 02:00:00,2.0815024375915527
2005-01-27 03:00:00,1.3807587623596191
2005-01-27 04:00:00,0.329718679189682
2005-01-27 05:00:00,0.8563903570175171
2005-01-27 06:00:00,1.8394830226898193
2005-01-27 07:00:00,2.6018805503845215
2005-01-27 08:00:00,2.7135651111602783
2005-01-27 09:00:00,2.330038547515869
2005-01-27 10:00:00,1.473576307296753
2005-01-27 11:00:00,0.29807451367378235
2005-01-27 12:00:00,1.1416434049606323
2005-01-27 13:00:00,2.161594867706299
2005-01-27 14:00:00,2.55684494972229
2005-01-27 15:00:00,2.031773567199707
2005-01-27 16:00:00,1.2199532985687256
2005-01-27 17:00:00,0.16113796830177307
2005-01-27 18:00:00,0.8772397041320801
2005-01-27 19:00:00,1.7043033838272095
2005-01-27 20:00:00,2.4155983924865723
2005-01-27 21:00:00,2.148876667022705
2005-01-27 22:00:00,1.4808552265167236
2005-01-27 23:00:00,0.4073682725429535
2005-01-28 00:00:00,0.7144359350204468
2005-01-28 01:00:00,1.7655532360076904
2005-01-28 02:00:00,2.2208139896392822
2005-01-28 03:00:00,1.8079240322113037
2005-01-28 04:00:00,0.9540047645568848
2005-01-28 05:00:00,0.2726917862892151
2005-01-28 06:00:00,1.295863151550293
2005-01-28 07:00:00,2.215179920196533
2005-01-28 08:00:00,2.6841862201690674
2005-01-28 09:00:00,2.5522398948669434
2005-01-28 10:00:00,1.934325933456421
2005-01-28 11:00:00,0.8406370282173157
2005-01-28 12:00:00,0.36439448595046997
2005-01-28 13:00:00,1.7254598140716553
2005-01-28 14:00:00,2.528451681137085
2005-01-28 15:00:00,2.3131678104400635
2005-01-28 16:00:00,1.6234855651855469
2005-01-28 17:00:00,0.6644949316978455
2005-01-28 18:00:00,0.4548676908016205
2005-01-28 19:00:00,1.3312729597091675
2005-01-28 20:00:00,2.221442699432373
2005-01-28 21:00:00,2.31959867477417
2005-01-28 22:00:00,1.9316089153289795
2005-01-28 23:00:00,1.0056369304656982
2005-01-29 00:00:00,0.17295564711093903
2005-01-29 01:00:00,1.304986596107483
2005-01-29 02:00:00,2.06946063041687
2005-01-29 03:00:00,2.1256871223449707
2005-01-29 04:00:00,1.4455827474594116
2005-01-29 05:00:00,0.44594627618789673
2005-01-29 06:00:00,0.7104104161262512
2005-01-29 07:00:00,1.6614850759506226
2005-01-29 08:00:00,2.5382940769195557
2005-01-29 09:00:00,2.5840461254119873
2005-01-29 10:00:00,2.218076229095459
2005-01-29 11:00:00,1.3556519746780396
2005-01-29 12:00:00,0.23642320930957794
2005-01-29 13:00:00,1.17868971824646
2005-01-29 14:00:00,2.1434361934661865
2005-01-29 15:00:00,2.4810404777526855
2005-01-29 16:00:00,1.9453294277191162
2005-01-29 17:00:00,1.134286642074585
2005-01-29 18:00:00,0.13116036355495453
2005-01-29 19:00:00,0.9397739171981812
2005-01-29 20:00:00,1.7575418949127197
2005-01-29 21:00:00,2.39646577835083
2005-01-29 22:00:00,2.191209077835083
2005-01-29 23:00:00,1.5524170398712158
2005-01-30 00:00:00,0.5224209427833557
2005-01-30 01:00:00,0.5317765474319458
2005-01-30 02:00:00,1.6099532842636108
2005-01-30 03:00:00,2.139796257019043
2005-01-30 04:00:00,1.8209917545318604
2005-01-30 05:00:00,1.0397430658340454
2005-01-30 06:00:00,0.1447661817073822
2005-01-30 07:00:00,1.0707263946533203
2005-01-30 08:00:00,1.9065316915512085
2005-01-30 09:00:00,2.391786575317383
2005-01-30 10:00:00,2.3270983695983887
2005-01-30 11:00:00,1.7261375188827515
2005-01-30 12:00:00,0.6884295344352722
2005-01-30 13:00:00,0.43864360451698303
2005-01-30 14:00:00,1.68008291721344
2005-01-30 15:00:00,2.3848538398742676
2005-01-30 16:00:00,2.171245574951172
2005-01-30 17:00:00,1.4961167573928833
2005-01-30 18:00:00,0.568505585193634
2005-01-30 19:00:00,0.4978596270084381
2005-01-30 20:00:00,1.3469399213790894
2005-01-30 21:00:00,2.218874454498291
2005-01-30 22:00:00,2.282860040664673
2005-01-30 23:00:00,1.9480235576629639
2005-01-31 00:00:00,1.1232855319976807
2005-01-31 01:00:00,0.18497934937477112
2005-01-31 02:00:00,0.9894695281982422
2005-01-31 03:00:00,1.82437264919281
2005-01-31 04:00:00,2.0021681785583496
2005-01-31 05:00:00,1.4957914352416992
2005-01-31 06:00:00,0.6439409255981445
2005-01-31 07:00:00,0.4215516149997711
2005-01-31 08:00:00,1.2830901145935059
2005-01-31 09:00:00,2.0404393672943115
2005-01-31 10:00:00,2.218763589859009
2005-01-31 11:00:00,1.9388647079467773
2005-01-31 12:00:00,1.154738426208496
2005-01-31 13:00:00,0.17765328288078308
2005-01-31 14:00:00,1.0709352493286133
2005-01-31 15:00:00,1.9400713443756104
2005-01-31 16:00:00,2.285984516143799
2005-01-31 17:00:00,1.7977406978607178
2005-01-31 18:00:00,1.0382299423217773
2005-01-31 19:00:00,0.12874694168567657
2005-01-31 20:00:00,0.9111629724502563
2005-01-31 21:00:00,1.6722332239151
2005-01-31 22:00:00,2.302419900894165
2005-01-31 23:00:00,2.163267135620117
2005-02-01 00:00:00,1.64597487449646
2005-02-01 01:00:00,0.7560902833938599
2005-02-01 02:00:00,0.227779820561409
2005-02-01 03:00:00,1.2516462802886963
2005-02-01 04:00:00,1.827837347984314
2005-02-01 05:00:00,1.8260736465454102
2005-02-01 06:00:00,1.2199478149414062
2005-02-01 07:00:00,0.3632044196128845
2005-02-01 08:00:00,0.5912739038467407
2005-02-01 09:00:00,1.3139770030975342
2005-02-01 10:00:00,1.9817945957183838
2005-02-01 11:00:00,1.9088093042373657
2005-02-01 12:00:00,1.5014430284500122
2005-02-01 13:00:00,0.6601543426513672
2005-02-01 14:00:00,0.3227909207344055
2005-02-01 15:00:00,1.40361750125885
2005-02-01 16:00:00,2.062765121459961
2005-02-01 17:00:00,2.00663423538208
2005-02-01 18:00:00,1.4341235160827637
2005-02-01 19:00:00,0.6319119930267334
2005-02-01 20:00:00,0.36275872588157654
2005-02-01 21:00:00,1.1715342998504639
2005-02-01 22:00:00,1.8326164484024048
2005-02-01 23:00:00,2.149681568145752
2005-02-02 00:00:00,1.9943876266479492
2005-02-02 01:00:00,1.4041829109191895
2005-02-02 02:00:00,0.5432762503623962
2005-02-02 03:00:00,0.3413056433200836
2005-02-02 04:00:00,1.2780439853668213
2005-02-02 05:00:00,1.7652801275253296
2005-02-02 06:00:00,1.6553337574005127
2005-02-02 07:00:00,1.075032353401184
2005-02-02 08:00:00,0.29442793130874634
2005-02-02 09:00:00,0.5507926940917969
2005-02-02 10:00:00,1.1487407684326172
2005-02-02 11:00:00,1.5831236839294434
2005-02-02 12:00:00,1.5127990245819092
2005-02-02 13:00:00,1.1437194347381592
2005-02-02 14:00:00,0.3805920481681824
2005-02-02 15:00:00,0.49112948775291443
2005-02-02 16:00:00,1.4266830682754517
2005-02-02 17:00:00,1.8904187679290771
2005-02-02 18:00:00,1.740800142288208
2005-02-02 19:00:00,1.1716772317886353
2005-02-02 20:00:00,0.39381521940231323
2005-02-02 21:00:00,0.5246114134788513
2005-02-02 22:00:00,1.2496509552001953
2005-02-02 23:00:00,1.9343360662460327
2005-02-03 00:00:00,2.08050537109375
2005-02-03 01:00:00,1.8831508159637451
2005-02-03 02:00:00,1.3231357336044312
2005-02-03 03:00:00,0.5318523645401001
2005-02-03 04:00:00,0.30124521255493164
2005-02-03 05:00:00,1.1810306310653687
2005-02-03 06:00:00,1.6148593425750732
2005-02-03 07:00:00,1.5998051166534424
2005-02-03 08:00:00,1.1317334175109863
2005-02-03 09:00:00,0.4712367653846741
2005-02-03 10:00:00,0.28007006645202637
2005-02-03 11:00:00,0.8427139520645142
2005-02-03 12:00:00,1.1762751340866089
2005-02-03 13:00:00,1.411939263343811
2005-02-03 14:00:00,0.946832001209259
2005-02-03 15:00:00,0.36252933740615845
2005-02-03 16:00:00,0.41283708810806274
2005-02-03 17:00:00,1.179158329963684
2005-02-03 18:00:00,1.6495708227157593
2005-02-03 19:00:00,1.5772831439971924
2005-02-03 20:00:00,1.1074988842010498
2005-02-03 21:00:00,0.4110286831855774
2005-02-03 22:00:00,0.45520901679992676
2005-02-03 23:00:00,1.157712697982788
2005-02-04 00:00:00,1.7395803928375244
2005-02-04 01:00:00,2.025360345840454
2005-02-04 02:00:00,1.9147192239761353
2005-02-04 03:00:00,1.45691978931427
2005-02-04 04:00:00,0.7365319728851318
2005-02-04 05:00:00,0.17210498452186584
2005-02-04 06:00:00,0.9554280042648315
2005-02-04 07:00:00,1.5831979513168335
2005-02-04 08:00:00,1.7170751094818115
2005-02-04 09:00:00,1.3927217721939087
2005-02-04 10:00:00,0.8506113290786743
2005-02-04 11:00:00,0.21693089604377747
2005-02-04 12:00:00,0.46617546677589417
2005-02-04 13:00:00,0.910086452960968
2005-02-04 14:00:00,1.1462377309799194
2005-02-04 15:00:00,1.2444502115249634
2005-02-04 16:00:00,0.6052780151367188
2005-02-04 17:00:00,0.11160590499639511
2005-02-04 18:00:00,0.7354128956794739
2005-02-04 19:00:00,1.360799789428711
2005-02-04 20:00:00,1.5434905290603638
2005-02-04 21:00:00,1.2647771835327148
2005-02-04 22:00:00,0.6854426860809326
2005-02-04 23:00:00,0.18822355568408966
2005-02-05 00:00:00,0.9519422650337219
2005-02-05 01:00:00,1.5983402729034424
2005-02-05 02:00:00,2.0091679096221924
2005-02-05 03:00:00,2.11210036277771
2005-02-05 04:00:00,1.7675464153289795
2005-02-05 05:00:00,1.1182187795639038
2005-02-05 06:00:00,0.2821301817893982
2005-02-05 07:00:00,0.6342886090278625
2005-02-05 08:00:00,1.5058414936065674
2005-02-05 09:00:00,1.9615962505340576
2005-02-05 10:00:00,1.761139154434204
2005-02-05 11:00:00,1.252075433731079
2005-02-05 12:00:00,0.5895060300827026
2005-02-05 13:00:00,0.20634600520133972
2005-02-05 14:00:00,0.8227903246879578
2005-02-05 15:00:00,1.2292157411575317
2005-02-05 16:00:00,1.5124683380126953
2005-02-05 17:00:00,1.0340769290924072
2005-02-05 18:00:00,0.42108649015426636
2005-02-05 19:00:00,0.382480651140213
2005-02-05 20:00:00,1.1687798500061035
2005-02-05 21:00:00,1.614689826965332
2005-02-05 22:00:00,1.5697946548461914
2005-02-05 23:00:00,1.039795160293579
2005-02-06 00:00:00,0.21695110201835632
2005-02-06 01:00:00,0.781108021736145
2005-02-06 02:00:00,1.577254056930542
2005-02-06 03:00:00,2.160839319229126
2005-02-06 04:00:00,2.4041624069213867
2005-02-06 05:00:00,2.133023262023926
2005-02-06 06:00:00,1.4993149042129517
2005-02-06 07:00:00,0.5376676321029663
2005-02-06 08:00:00,0.5022403001785278
2005-02-06 09:00:00,1.6124646663665771
2005-02-06 10:00:00,2.256394147872925
2005-02-06 11:00:00,2.0856223106384277
2005-02-06 12:00:00,1.5262632369995117
2005-02-06 13:00:00,0.7640582323074341
2005-02-06 14:00:00,0.19273057579994202
2005-02-06 15:00:00,0.9386953115463257
2005-02-06 16:00:00,1.5121961832046509
2005-02-06 17:00:00,1.9531112909317017
2005-02-06 18:00:00,1.4653221368789673
2005-02-06 19:00:00,0.718376874923706
2005-02-06 20:00:00,0.2658728063106537
2005-02-06 21:00:00,1.2467162609100342
2005-02-06 22:00:00,1.9234912395477295
2005-02-06 23:00:00,1.8984266519546509
2005-02-07 00:00:00,1.2923545837402344
2005-02-07 01:00:00,0.35424119234085083
2005-02-07 02:00:00,0.7869154810905457
2005-02-07 03:00:00,1.732391119003296
2005-02-07 04:00:00,2.4725027084350586
2005-02-07 05:00:00,2.7108848094940186
2005-02-07 06:00:00,2.4326767921447754
2005-02-07 07:00:00,1.7479369640350342
2005-02-07 08:00:00,0.635212779045105
2005-02-07 09:00:00,0.6047912836074829
2005-02-07 10:00:00,1.8319966793060303
2005-02-07 11:00:00,2.5490634441375732
2005-02-07 12:00:00,2.285879611968994
2005-02-07 13:00:00,1.6163440942764282
2005-02-07 14:00:00,0.6970909833908081
2005-02-07 15:00:00,0.3859230875968933
2005-02-07 16:00:00,1.2304844856262207
2005-02-07 17:00:00,1.9641244411468506
2005-02-07 18:00:00,2.169039726257324
2005-02-07 19:00:00,1.7412550449371338
2005-02-07 20:00:00,0.7822717428207397
2005-02-07 21:00:00,0.33173462748527527
2005-02-07 22:00:00,1.513906717300415
2005-02-07 23:00:00,2.249784231185913
2005-02-08 00:00:00,2.106455087661743
2005-02-08 01:00:00,1.3832480907440186
2005-02-08 02:00:00,0.2864518165588379
2005-02-08 03:00:00,0.9547181129455566
2005-02-08 04:00:00,2.013516902923584
2005-02-08 05:00:00,2.8180153369903564
2005-02-08 06:00:00,2.9435818195343018
2005-02-08 07:00:00,2.6044604778289795
2005-02-08 08:00:00,1.8136533498764038
2005-02-08 09:00:00,0.5420538187026978
2005-02-08 10:00:00,0.9493681788444519
2005-02-08 11:00:00,2.184438943862915
2005-02-08 12:00:00,2.80059814453125
2005-02-08 13:00:00,2.3322083950042725
2005-02-08 14:00:00,1.5305306911468506
2005-02-08 15:00:00,0.42806553840637207
2005-02-08 16:00:00,0.7153906226158142
2005-02-08 17:00:00,1.6429336071014404
2005-02-08 18:00:00,2.5671613216400146
2005-02-08 19:00:00,2.4174468517303467
2005-02-08 20:00:00,1.8290770053863525
2005-02-08 21:00:00,0.6631969213485718
2005-02-08 22:00:00,0.5648609399795532
2005-02-08 23:00:00,1.840118408203125
2005-02-09 00:00:00,2.5203871726989746
2005-02-09 01:00:00,2.1857450008392334
2005-02-09 02:00:00,1.3154492378234863
2005-02-09 03:00:00,0.14689770340919495
2005-02-09 04:00:00,1.2081067562103271
2005-02-09 05:00:00,2.315378189086914
2005-02-09 06:00:00,3.0588977336883545
2005-02-09 07:00:00,3.061164617538452
2005-02-09 08:00:00,2.6344316005706787
2005-02-09 09:00:00,1.666650414466858
2005-02-09 10:00:00,0.3085329830646515
2005-02-09 11:00:00,1.391895055770874
2005-02-09 12:00:00,2.6338627338409424
2005-02-09 13:00:00,2.8254034519195557
2005-02-09 14:00:00,2.2273712158203125
2005-02-09 15:00:00,1.3013190031051636
2005-02-09 16:00:00,0.1419977843761444
2005-02-09 17:00:00,1.116109013557434
2005-02-09 18:00:00,2.099465847015381
2005-02-09 19:00:00,2.7600910663604736
2005-02-09 20:00:00,2.5445590019226074
2005-02-09 21:00:00,1.7362982034683228
2005-02-09 22:00:00,0.44644656777381897
2005-02-09 23:00:00,0.9810380935668945
2005-02-10 00:00:00,2.194312810897827
2005-02-10 01:00:00,2.707465648651123
2005-02-10 02:00:00,2.1194705963134766
2005-02-10 03:00:00,1.1373398303985596
2005-02-10 04:00:00,0.285599946975708
2005-02-10 05:00:00,1.473209261894226
2005-02-10 06:00:00,2.7737269401550293
2005-02-10 07:00:00,3.142948627471924
2005-02-10 08:00:00,3.045156478881836
2005-02-10 09:00:00,2.49192476272583
2005-02-10 10:00:00,1.2969896793365479
2005-02-10 11:00:00,0.14017727971076965
2005-02-10 12:00:00,1.810558557510376
2005-02-10 13:00:00,2.9044692516326904
2005-02-10 14:00:00,2.7213330268859863
2005-02-10 15:00:00,1.9796621799468994
2005-02-10 16:00:00,0.9293907880783081
2005-02-10 17:00:00,0.46611514687538147
2005-02-10 18:00:00,1.526260495185852
2005-02-10 19:00:00,2.709411859512329
2005-02-10 20:00:00,2.8428168296813965
2005-02-10 21:00:00,2.502440929412842
2005-02-10 22:00:00,1.5029950141906738
2005-02-10 23:00:00,0.22239863872528076
2005-02-11 00:00:00,1.3987705707550049
2005-02-11 01:00:00,2.522456407546997
2005-02-11 02:00:00,2.639136791229248
2005-02-11 03:00:00,1.9418256282806396
2005-02-11 04:00:00,0.8636137247085571
2005-02-11 05:00:00,0.5550748109817505
2005-02-11 06:00:00,1.7081778049468994
2005-02-11 07:00:00,2.984618663787842
2005-02-11 08:00:00,3.1166954040527344
2005-02-11 09:00:00,2.8846380710601807
2005-02-11 10:00:00,2.1479651927948
2005-02-11 11:00:00,0.7819874882698059
2005-02-11 12:00:00,0.7813204526901245
2005-02-11 13:00:00,2.285614490509033
2005-02-11 14:00:00,2.9759907722473145
2005-02-11 15:00:00,2.488054037094116
2005-02-11 16:00:00,1.6202270984649658
2005-02-11 17:00:00,0.40445560216903687
2005-02-11 18:00:00,0.870855987071991
2005-02-11 19:00:00,1.9493763446807861
2005-02-11 20:00:00,2.9091668128967285
2005-02-11 21:00:00,2.8277482986450195
2005-02-11 22:00:00,2.3086600303649902
2005-02-11 23:00:00,1.1663836240768433
2005-02-12 00:00:00,0.17364336550235748
2005-02-12 01:00:00,1.6654504537582397
2005-02-12 02:00:00,2.6498806476593018
2005-02-12 03:00:00,2.4660801887512207
2005-02-12 04:00:00,1.6842190027236938
2005-02-12 05:00:00,0.5232664942741394
2005-02-12 06:00:00,0.7842726707458496
2005-02-12 07:00:00,1.8906042575836182
2005-02-12 08:00:00,2.9130799770355225
2005-02-12 09:00:00,2.954650402069092
2005-02-12 10:00:00,2.5651586055755615
2005-02-12 11:00:00,1.6080124378204346
2005-02-12 12:00:00,0.2838200330734253
2005-02-12 13:00:00,1.3620755672454834
2005-02-12 14:00:00,2.544039011001587
2005-02-12 15:00:00,2.7411065101623535
2005-02-12 16:00:00,2.133225440979004
2005-02-12 17:00:00,1.1861274242401123
2005-02-12 18:00:00,0.18290826678276062
2005-02-12 19:00:00,1.2432652711868286
2005-02-12 20:00:00,2.2464773654937744
2005-02-12 21:00:00,2.8477609157562256
2005-02-12 22:00:00,2.686877965927124
2005-02-12 23:00:00,1.9911590814590454
2005-02-13 00:00:00,0.7911874651908875
2005-02-13 01:00:00,0.47371357679367065
2005-02-13 02:00:00,1.8052196502685547
2005-02-13 03:00:00,2.5319466590881348
2005-02-13 04:00:00,2.209716796875
2005-02-13 05:00:00,1.387629508972168
2005-02-13 06:00:00,0.22790828347206116
2005-02-13 07:00:00,0.9448108673095703
2005-02-13 08:00:00,1.936480164527893
2005-02-13 09:00:00,2.683335542678833
2005-02-13 10:00:00,2.6400938034057617
2005-02-13 11:00:00,2.0877296924591064
2005-02-13 12:00:00,0.9804074168205261
2005-02-13 13:00:00,0.2688515782356262
2005-02-13 14:00:00,1.6948957443237305
2005-02-13 15:00:00,2.586904525756836
2005-02-13 16:00:00,2.4118199348449707
2005-02-13 17:00:00,1.7049833536148071
2005-02-13 18:00:00,0.692047119140625
2005-02-13 19:00:00,0.5304468870162964
2005-02-13 20:00:00,1.5112435817718506
2005-02-13 21:00:00,2.5869297981262207
2005-02-13 22:00:00,2.6768617630004883
2005-02-13 23:00:00,2.3972580432891846
2005-02-14 00:00:00,1.5964049100875854
2005-02-14 01:00:00,0.4600260257720947
2005-02-14 02:00:00,0.7690044641494751
2005-02-14 03:00:00,1.9257768392562866
2005-02-14 04:00:00,2.3201353549957275
2005-02-14 05:00:00,1.908596396446228
2005-02-14 06:00:00,1.09642493724823
2005-02-14 07:00:00,0.1313292533159256
2005-02-14 08:00:00,0.9977378845214844
2005-02-14 09:00:00,1.810564398765564
2005-02-14 10:00:00,2.3181040287017822
2005-02-14 11:00:00,2.19256591796875
2005-02-14 12:00:00,1.5272901058197021
2005-02-14 13:00:00,0.4572826325893402
2005-02-14 14:00:00,0.6899064779281616
2005-02-14 15:00:00,1.7897484302520752
2005-02-14 16:00:00,2.3375749588012695
2005-02-14 17:00:00,2.0111098289489746
2005-02-14 18:00:00,1.2729084491729736
2005-02-14 19:00:00,0.26569288969039917
2005-02-14 20:00:00,0.7991041541099548
2005-02-14 21:00:00,1.664067029953003
2005-02-14 22:00:00,2.4907124042510986
2005-02-14 23:00:00,2.437089443206787
2005-02-15 00:00:00,2.0386979579925537
2005-02-15 01:00:00,1.2103551626205444
2005-02-15 02:00:00,0.23983070254325867
2005-02-15 03:00:00,0.901630699634552
2005-02-15 04:00:00,1.8298860788345337
2005-02-15 05:00:00,2.0462450981140137
2005-02-15 06:00:00,1.6214196681976318
2005-02-15 07:00:00,0.8783542513847351
2005-02-15 08:00:00,0.14651794731616974
2005-02-15 09:00:00,0.9059062004089355
2005-02-15 10:00:00,1.512473464012146
2005-02-15 11:00:00,1.9392187595367432
2005-02-15 12:00:00,1.675162672996521
2005-02-15 13:00:00,1.0270156860351562
2005-02-15 14:00:00,0.16947829723358154
2005-02-15 15:00:00,0.8562491536140442
2005-02-15 16:00:00,1.7114334106445312
2005-02-15 17:00:00,2.010251522064209
2005-02-15 18:00:00,1.6046373844146729
2005-02-15 19:00:00,0.9092811346054077
2005-02-15 20:00:00,0.130641907453537
2005-02-15 21:00:00,0.9219170808792114
2005-02-15 22:00:00,1.6207796335220337
2005-02-15 23:00:00,2.1044676303863525
2005-02-16 00:00:00,2.1124579906463623
2005-02-16 01:00:00,1.6909644603729248
2005-02-16 02:00:00,0.9389253854751587
2005-02-16 03:00:00,0.16900788247585297
2005-02-16 04:00:00,0.8324413299560547
2005-02-16 05:00:00,1.5752995014190674
2005-02-16 06:00:00,1.7725719213485718
2005-02-16 07:00:00,1.4255750179290771
2005-02-16 08:00:00,0.8042430877685547
2005-02-16 09:00:00,0.12301246076822281
2005-02-16 10:00:00,0.6461899876594543
2005-02-16 11:00:00,1.0907115936279297
2005-02-16 12:00:00,1.408595085144043
2005-02-16 13:00:00,1.149403691291809
2005-02-16 14:00:00,0.698363184928894
2005-02-16 15:00:00,0.11290518194437027
2005-02-16 16:00:00,0.7436116933822632
2005-02-16 17:00:00,1.3717957735061646
2005-02-16 18:00:00,1.5603605508804321
2005-02-16 19:00:00,1.2718143463134766
2005-02-16 20:00:00,0.6941831707954407
2005-02-16 21:00:00,0.15066446363925934
2005-02-16 22:00:00,0.8406276702880859
2005-02-16 23:00:00,1.396498680114746
2005-02-17 00:00:00,1.7338699102401733
2005-02-17 01:00:00,1.812294602394104
2005-02-17 02:00:00,1.4683334827423096
2005-02-17 03:00:00,0.8499286770820618
2005-02-17 04:00:00,0.18274982273578644
2005-02-17 05:00:00,0.5613819360733032
2005-02-17 06:00:00,1.251600980758667
2005-02-17 07:00:00,1.5453159809112549
2005-02-17 08:00:00,1.3646212816238403
2005-02-17 09:00:00,0.9204503893852234
2005-02-17 10:00:00,0.36614686250686646
2005-02-17 11:00:00,0.24820563197135925
2005-02-17 12:00:00,0.6832523345947266
2005-02-17 13:00:00,0.9077022671699524
2005-02-17 14:00:00,0.9623867869377136
2005-02-17 15:00:00,0.6974166631698608
2005-02-17 16:00:00,0.16757753491401672
2005-02-17 17:00:00,0.39576855301856995
2005-02-17 18:00:00,0.8687674403190613
2005-02-17 19:00:00,1.1479295492172241
2005-02-17 20:00:00,1.0765595436096191
2005-02-17 21:00:00,0.7037767171859741
2005-02-17 22:00:00,0.14524099230766296
2005-02-17 23:00:00,0.5461676716804504
2005-02-18 00:00:00,1.0606138706207275
2005-02-18 01:00:00,1.4264087677001953
2005-02-18 02:00:00,1.660639762878418
2005-02-18 03:00:00,1.4259181022644043
2005-02-18 04:00:00,0.9838370084762573
2005-02-18 05:00:00,0.3729305863380432
2005-02-18 06:00:00,0.3135260045528412
2005-02-18 07:00:00,1.008582592010498
2005-02-18 08:00:00,1.412712574005127
2005-02-18 09:00:00,1.474055528640747
2005-02-18 10:00:00,1.1901037693023682
2005-02-18 11:00:00,0.7505956888198853
2005-02-18 12:00:00,0.21978576481342316
2005-02-18 13:00:00,0.35724109411239624
2005-02-18 14:00:00,0.735467255115509
2005-02-18 15:00:00,0.9088090658187866
2005-02-18 16:00:00,0.9450605511665344
2005-02-18 17:00:00,0.5869402885437012
2005-02-18 18:00:00,0.10641582310199738
2005-02-18 19:00:00,0.42356157302856445
2005-02-18 20:00:00,0.802139401435852
2005-02-18 21:00:00,1.0342180728912354
2005-02-18 22:00:00,0.9146476984024048
2005-02-18 23:00:00,0.49998196959495544
2005-02-19 00:00:00,0.17917145788669586
2005-02-19 01:00:00,0.7795444130897522
2005-02-19 02:00:00,1.2672849893569946
2005-02-19 03:00:00,1.5942002534866333
2005-02-19 04:00:00,1.598139762878418
2005-02-19 05:00:00,1.2531335353851318
2005-02-19 06:00:00,0.6662861108779907
2005-02-19 07:00:00,0.14855007827281952
2005-02-19 08:00:00,0.7670157551765442
2005-02-19 09:00:00,1.4043920040130615
2005-02-19 10:00:00,1.6996726989746094
2005-02-19 11:00:00,1.4804291725158691
2005-02-19 12:00:00,1.0181478261947632
2005-02-19 13:00:00,0.416572630405426
2005-02-19 14:00:00,0.28436005115509033
2005-02-19 15:00:00,0.7960618734359741
2005-02-19 16:00:00,1.0881935358047485
2005-02-19 17:00:00,1.2692954540252686
2005-02-19 18:00:00,0.8242610692977905
2005-02-19 19:00:00,0.3394075334072113
2005-02-19 20:00:00,0.2885459065437317
2005-02-19 21:00:00,0.8261359333992004
2005-02-19 22:00:00,1.2161521911621094
2005-02-19 23:00:00,1.1693665981292725
2005-02-20 00:00:00,0.7463350296020508
2005-02-20 01:00:00,0.10390669107437134
2005-02-20 02:00:00,0.7796541452407837
2005-02-20 03:00:00,1.3881776332855225
2005-02-20 04:00:00,1.7904002666473389
2005-02-20 05:00:00,1.8683440685272217
2005-02-20 06:00:00,1.468261957168579
2005-02-20 07:00:00,0.7956956028938293
2005-02-20 08:00:00,0.14957685768604279
2005-02-20 09:00:00,0.9498007893562317
2005-02-20 10:00:00,1.6756088733673096
2005-02-20 11:00:00,1.9417188167572021
2005-02-20 12:00:00,1.6164993047714233
2005-02-20 13:00:00,1.0377857685089111
2005-02-20 14:00:00,0.2920941710472107
2005-02-20 15:00:00,0.5093441605567932
2005-02-20 16:00:00,1.0703953504562378
2005-02-20 17:00:00,1.4230011701583862
2005-02-20 18:00:00,1.4072449207305908
2005-02-20 19:00:00,0.9826887249946594
2005-02-20 20:00:00,0.314802885055542
2005-02-20 21:00:00,0.44985049962997437
2005-02-20 22:00:00,1.2099459171295166
2005-02-20 23:00:00,1.5912504196166992
2005-02-21 00:00:00,1.3574668169021606
2005-02-21 01:00:00,0.7349781394004822
2005-02-21 02:00:00,0.23199591040611267
2005-02-21 03:00:00,1.072768211364746
2005-02-21 04:00:00,1.7472541332244873
2005-02-21 05:00:00,2.1609444618225098
2005-02-21 06:00:00,2.055973529815674
2005-02-21 07:00:00,1.5208765268325806
2005-02-21 08:00:00,0.6643835306167603
2005-02-21 09:00:00,0.3025432229042053
2005-02-21 10:00:00,1.4044699668884277
2005-02-21 11:00:00,2.093050479888916
2005-02-21 12:00:00,2.0731749534606934
2005-02-21 13:00:00,1.5445998907089233
2005-02-21 14:00:00,0.7908588647842407
2005-02-21 15:00:00,0.18296732008457184
2005-02-21 16:00:00,0.9322465658187866
2005-02-21 17:00:00,1.5077054500579834
2005-02-21 18:00:00,1.9487171173095703
2005-02-21 19:00:00,1.538602352142334
2005-02-21 20:00:00,0.8621665835380554
2005-02-21 21:00:00,0.14791199564933777
2005-02-21 22:00:00,0.9471745491027832
2005-02-21 23:00:00,1.6689014434814453
2005-02-22 00:00:00,1.828381896018982
2005-02-22 01:00:00,1.3054996728897095
2005-02-22 02:00:00,0.4356502592563629
2005-02-22 03:00:00,0.6424708366394043
2005-02-22 04:00:00,1.5118391513824463
2005-02-22 05:00:00,2.236138105392456
2005-02-22 06:00:00,2.416525363922119
2005-02-22 07:00:00,2.100266933441162
2005-02-22 08:00:00,1.351332664489746
2005-02-22 09:00:00,0.3229387402534485
2005-02-22 10:00:00,0.8781572580337524
2005-02-22 11:00:00,1.950334906578064
2005-02-22 12:00:00,2.3582890033721924
2005-02-22 13:00:00,1.9802039861679077
2005-02-22 14:00:00,1.265959620475769
2005-02-22 15:00:00,0.31056898832321167
2005-02-22 16:00:00,0.6665265560150146
2005-02-22 17:00:00,1.4253360033035278
2005-02-22 18:00:00,2.1661558151245117
2005-02-22 19:00:00,1.9778496026992798
2005-02-22 20:00:00,1.4420206546783447
2005-02-22 21:00:00,0.4847642481327057
2005-02-22 22:00:00,0.5231131911277771
2005-02-22 23:00:00,1.5580432415008545
2005-02-23 00:00:00,2.078533411026001
2005-02-23 01:00:00,1.7914129495620728
2005-02-23 02:00:00,1.0288728475570679
2005-02-23 03:00:00,0.16160745918750763
2005-02-23 04:00:00,1.1478283405303955
2005-02-23 05:00:00,2.0195810794830322
2005-02-23 06:00:00,2.5850064754486084
2005-02-23 07:00:00,2.5005829334259033
2005-02-23 08:00:00,1.9512742757797241
2005-02-23 09:00:00,0.940414547920227
2005-02-23 10:00:00,0.22520604729652405
2005-02-23 11:00:00,1.5679409503936768
2005-02-23 12:00:00,2.4431986808776855
2005-02-23 13:00:00,2.3373160362243652
2005-02-23 14:00:00,1.700974464416504
2005-02-23 15:00:00,0.7962287068367004
2005-02-23 16:00:00,0.338510125875473
2005-02-23 17:00:00,1.2283190488815308
2005-02-23 18:00:00,2.0053699016571045
2005-02-23 19:00:00,2.289184093475342
2005-02-23 20:00:00,1.9602559804916382
2005-02-23 21:00:00,1.07095205783844
2005-02-23 22:00:00,0.15544447302818298
2005-02-23 23:00:00,1.2693649530410767
2005-02-24 00:00:00,2.084409713745117
2005-02-24 01:00:00,2.2060813903808594
2005-02-24 02:00:00,1.5503450632095337
2005-02-24 03:00:00,0.5516010522842407
2005-02-24 04:00:00,0.6552768349647522
2005-02-24 05:00:00,1.652722954750061
2005-02-24 06:00:00,2.640145778656006
2005-02-24 07:00:00,2.7124009132385254
2005-02-24 08:00:00,2.392451524734497
2005-02-24 09:00:00,1.5750792026519775
2005-02-24 10:00:00,0.3797948360443115
2005-02-24 11:00:00,1.029981017112732
2005-02-24 12:00:00,2.1190881729125977
2005-02-24 13:00:00,2.5975918769836426
2005-02-24 14:00:00,2.088447093963623
2005-02-24 15:00:00,1.2637076377868652
2005-02-24 16:00:00,0.16455848515033722
2005-02-24 17:00:00,0.9270874857902527
2005-02-24 18:00:00,1.8179655075073242
2005-02-24 19:00:00,2.5200674533843994
2005-02-24 20:00:00,2.3366293907165527
2005-02-24 21:00:00,1.6705055236816406
2005-02-24 22:00:00,0.542148232460022
2005-02-24 23:00:00,0.6416398286819458
2005-02-25 00:00:00,1.7992957830429077
2005-02-25 01:00:00,2.3674943447113037
2005-02-25 02:00:00,1.998948097229004
2005-02-25 03:00:00,1.1498726606369019
2005-02-25 04:00:00,0.15010620653629303
2005-02-25 05:00:00,1.1755212545394897
2005-02-25 06:00:00,2.1364595890045166
2005-02-25 07:00:00,2.7469379901885986
2005-02-25 08:00:00,2.6576905250549316
2005-02-25 09:00:00,2.0674970149993896
2005-02-25 10:00:00,0.9574698209762573
2005-02-25 11:00:00,0.29583773016929626
2005-02-25 12:00:00,1.7339792251586914
2005-02-25 13:00:00,2.603050470352173
2005-02-25 14:00:00,2.3937783241271973
2005-02-25 15:00:00,1.6713781356811523
2005-02-25 16:00:00,0.6417384147644043
2005-02-25 17:00:00,0.557610034942627
2005-02-25 18:00:00,1.5089155435562134
2005-02-25 19:00:00,2.5356335639953613
2005-02-25 20:00:00,2.548889636993408
2005-02-25 21:00:00,2.156493663787842
2005-02-25 22:00:00,1.170219898223877
2005-02-25 23:00:00,0.15877029299736023
2005-02-26 00:00:00,1.4007649421691895
2005-02-26 01:00:00,2.3150880336761475
2005-02-26 02:00:00,2.343219518661499
2005-02-26 03:00:00,1.6508594751358032
2005-02-26 04:00:00,0.6225146055221558
2005-02-26 05:00:00,0.6162541508674622
2005-02-26 06:00:00,1.6335532665252686
2005-02-26 07:00:00,2.6951589584350586
2005-02-26 08:00:00,2.742616653442383
2005-02-26 09:00:00,2.401329278945923
2005-02-26 10:00:00,1.5107141733169556
2005-02-26 11:00:00,0.2924064099788666
2005-02-26 12:00:00,1.205949068069458
2005-02-26 13:00:00,2.266244411468506
2005-02-26 14:00:00,2.5990049839019775
2005-02-26 15:00:00,2.0187838077545166
2005-02-26 16:00:00,1.12595534324646
2005-02-26 17:00:00,0.16564428806304932
2005-02-26 18:00:00,1.1574715375900269
2005-02-26 19:00:00,2.0773489475250244
2005-02-26 20:00:00,2.6434414386749268
2005-02-26 21:00:00,2.4816064834594727
2005-02-26 22:00:00,1.7597951889038086
2005-02-26 23:00:00,0.5831946134567261
2005-02-27 00:00:00,0.6594362258911133
2005-02-27 01:00:00,1.857187271118164
2005-02-27 02:00:00,2.4403443336486816
2005-02-27 03:00:00,2.0591769218444824
2005-02-27 04:00:00,1.2170149087905884
2005-02-27 05:00:00,0.1374426782131195
2005-02-27 06:00:00,1.0719443559646606
2005-02-27 07:00:00,2.0208582878112793
2005-02-27 08:00:00,2.6299006938934326
2005-02-27 09:00:00,2.556694507598877
2005-02-27 10:00:00,1.9335390329360962
2005-02-27 11:00:00,0.7851121425628662
2005-02-27 12:00:00,0.46388083696365356
2005-02-27 13:00:00,1.7990968227386475
2005-02-27 14:00:00,2.550349712371826
2005-02-27 15:00:00,2.281662702560425
2005-02-27 16:00:00,1.5191729068756104
2005-02-27 17:00:00,0.4370960593223572
2005-02-27 18:00:00,0.7293176054954529
2005-02-27 19:00:00,1.70159113407135
2005-02-27 20:00:00,2.67689847946167
2005-02-27 21:00:00,2.62282133102417
2005-02-27 22:00:00,2.1933960914611816
2005-02-27 23:00:00,1.2191475629806519
2005-02-28 00:00:00,0.15779437124729156
2005-02-28 01:00:00,1.3358396291732788
2005-02-28 02:00:00,2.2356152534484863
2005-02-28 03:00:00,2.3431568145751953
2005-02-28 04:00:00,1.6851704120635986
2005-02-28 05:00:00,0.7295105457305908
2005-02-28 06:00:00,0.4563296437263489
2005-02-28 07:00:00,1.4054661989212036
2005-02-28 08:00:00,2.398461103439331
2005-02-28 09:00:00,2.506013870239258
2005-02-28 10:00:00,2.1870203018188477
2005-02-28 11:00:00,1.291752576828003
2005-02-28 12:00:00,0.1853037178516388
2005-02-28 13:00:00,1.2569236755371094
2005-02-28 14:00:00,2.209510326385498
2005-02-28 15:00:00,2.438377618789673
2005-02-28 16:00:00,1.8440650701522827
2005-02-28 17:00:00,0.9540185928344727
2005-02-28 18:00:00,0.26264721155166626
2005-02-28 19:00:00,1.2501661777496338
2005-02-28 20:00:00,2.1485626697540283
2005-02-28 21:00:00,2.6207165718078613
2005-02-28 22:00:00,2.451237201690674
2005-02-28 23:00:00,1.7756448984146118
2005-03-01 00:00:00,0.6762866973876953
2005-03-01 01:00:00,0.4576534628868103
2005-03-01 02:00:00,1.6702369451522827
2005-03-01 03:00:00,2.329171895980835
2005-03-01 04:00:00,2.0420193672180176
2005-03-01 05:00:00,1.296970009803772
2005-03-01 06:00:00,0.28337907791137695
2005-03-01 07:00:00,0.7647624611854553
2005-03-01 08:00:00,1.601190209388733
2005-03-01 09:00:00,2.388065814971924
2005-03-01 10:00:00,2.2299294471740723
2005-03-01 11:00:00,1.6770585775375366
2005-03-01 12:00:00,0.6435729265213013
2005-03-01 13:00:00,0.4629972577095032
2005-03-01 14:00:00,1.6568418741226196
2005-03-01 15:00:00,2.3132309913635254
2005-03-01 16:00:00,2.081573247909546
2005-03-01 17:00:00,1.3716281652450562
2005-03-01 18:00:00,0.3724331259727478
2005-03-01 19:00:00,0.7236328125
2005-03-01 20:00:00,1.6223310232162476
2005-03-01 21:00:00,2.5247910022735596
2005-03-01 22:00:00,2.5119926929473877
2005-03-01 23:00:00,2.150834560394287
2005-03-02 00:00:00,1.3273217678070068
2005-03-02 01:00:00,0.29448652267456055
2005-03-02 02:00:00,0.8935519456863403
2005-03-02 03:00:00,1.8919178247451782
2005-03-02 04:00:00,2.163588047027588
2005-03-02 05:00:00,1.7353423833847046
2005-03-02 06:00:00,0.9724693298339844
2005-03-02 07:00:00,0.12979426980018616
2005-03-02 08:00:00,0.9014755487442017
2005-03-02 09:00:00,1.5793838500976562
2005-03-02 10:00:00,2.08709979057312
2005-03-02 11:00:00,1.8251960277557373
2005-03-02 12:00:00,1.149660348892212
2005-03-02 13:00:00,0.2066587656736374
2005-03-02 14:00:00,0.8801582455635071
2005-03-02 15:00:00,1.820064902305603
2005-03-02 16:00:00,2.143249273300171
2005-03-02 17:00:00,1.7026382684707642
2005-03-02 18:00:00,0.9526907801628113
2005-03-02 19:00:00,0.14801079034805298
2005-03-02 20:00:00,1.02153480052948
2005-03-02 21:00:00,1.797642707824707
2005-03-02 22:00:00,2.292328357696533
2005-03-02 23:00:00,2.303652763366699
2005-03-03 00:00:00,1.8362493515014648
2005-03-03 01:00:00,1.0000139474868774
2005-03-03 02:00:00,0.15906473994255066
2005-03-03 03:00:00,1.0501468181610107
2005-03-03 04:00:00,1.7619231939315796
2005-03-03 05:00:00,1.9542083740234375
2005-03-03 06:00:00,1.5096709728240967
2005-03-03 07:00:00,0.8073359727859497
2005-03-03 08:00:00,0.1384166032075882
2005-03-03 09:00:00,0.8149733543395996
2005-03-03 10:00:00,1.3290756940841675
2005-03-03 11:00:00,1.7842576503753662
2005-03-03 12:00:00,1.3965365886688232
2005-03-03 13:00:00,0.7806714773178101
2005-03-03 14:00:00,0.1577654629945755
2005-03-03 15:00:00,0.9753772020339966
2005-03-03 16:00:00,1.6695038080215454
2005-03-03 17:00:00,1.8191497325897217
2005-03-03 18:00:00,1.400219202041626
2005-03-03 19:00:00,0.6908968687057495
2005-03-03 20:00:00,0.2652488648891449
2005-03-03 21:00:00,1.0676132440567017
2005-03-03 22:00:00,1.7207841873168945
2005-03-03 23:00:00,2.093690872192383
2005-03-04 00:00:00,2.0809035301208496
2005-03-04 01:00:00,1.6399803161621094
2005-03-04 02:00:00,0.8995663523674011
2005-03-04 03:00:00,0.16323862969875336
2005-03-04 04:00:00,0.8640279769897461
2005-03-04 05:00:00,1.6039972305297852
2005-03-04 06:00:00,1.7925628423690796
2005-03-04 07:00:00,1.4645559787750244
2005-03-04 08:00:00,0.8886551856994629
2005-03-04 09:00:00,0.21914947032928467
2005-03-04 10:00:00,0.4857148230075836
2005-03-04 11:00:00,0.938556969165802
2005-03-04 12:00:00,1.1810944080352783
2005-03-04 13:00:00,1.238813042640686
2005-03-04 14:00:00,0.6574283838272095
2005-03-04 15:00:00,0.11364002525806427
2005-03-04 16:00:00,0.661957859992981
2005-03-04 17:00:00,1.331801176071167
2005-03-04 18:00:00,1.5289106369018555
2005-03-04 19:00:00,1.2727365493774414
2005-03-04 20:00:00,0.7185735702514648
2005-03-04 21:00:00,0.13329032063484192
2005-03-04 22:00:00,0.8371022939682007
2005-03-04 23:00:00,1.4342451095581055
2005-03-05 00:00:00,1.8174934387207031
2005-03-05 01:00:00,1.9667192697525024
2005-03-05 02:00:00,1.6666676998138428
2005-03-05 03:00:00,1.09475576877594
2005-03-05 04:00:00,0.35132426023483276
2005-03-05 05:00:00,0.4393598437309265
2005-03-05 06:00:00,1.2585080862045288
2005-03-05 07:00:00,1.6944338083267212
2005-03-05 08:00:00,1.6402969360351562
2005-03-05 09:00:00,1.2169204950332642
2005-03-05 10:00:00,0.682327926158905
2005-03-05 11:00:00,0.12050776183605194
2005-03-05 12:00:00,0.5463603734970093
2005-03-05 13:00:00,0.9120999574661255
2005-03-05 14:00:00,1.088051199913025
2005-03-05 15:00:00,1.1528375148773193
2005-03-05 16:00:00,0.4744913578033447
2005-03-05 17:00:00,0.15888530015945435
2005-03-05 18:00:00,0.7161598205566406
2005-03-05 19:00:00,1.1895551681518555
2005-03-05 20:00:00,1.3480087518692017
2005-03-05 21:00:00,1.0492134094238281
2005-03-05 22:00:00,0.46952253580093384
2005-03-05 23:00:00,0.3466357886791229
2005-03-06 00:00:00,1.0424582958221436
2005-03-06 01:00:00,1.60397207736969
2005-03-06 02:00:00,1.9796428680419922
2005-03-06 03:00:00,1.9317779541015625
2005-03-06 04:00:00,1.5331387519836426
2005-03-06 05:00:00,0.8485478162765503
2005-03-06 06:00:00,0.14737339317798615
2005-03-06 07:00:00,0.920388400554657
2005-03-06 08:00:00,1.6846530437469482
2005-03-06 09:00:00,1.9457480907440186
2005-03-06 10:00:00,1.668753981590271
2005-03-06 11:00:00,1.153734564781189
2005-03-06 12:00:00,0.4842854142189026
2005-03-06 13:00:00,0.2895427942276001
2005-03-06 14:00:00,0.8912659883499146
2005-03-06 15:00:00,1.2844915390014648
2005-03-06 16:00:00,1.580707311630249
2005-03-06 17:00:00,1.0823626518249512
2005-03-06 18:00:00,0.46689361333847046
2005-03-06 19:00:00,0.3152705430984497
2005-03-06 20:00:00,1.0520265102386475
2005-03-06 21:00:00,1.5955051183700562
2005-03-06 22:00:00,1.5014770030975342
2005-03-06 23:00:00,1.0005534887313843
2005-03-07 00:00:00,0.1962837278842926
2005-03-07 01:00:00,0.7811631560325623
2005-03-07 02:00:00,1.541373610496521
2005-03-07 03:00:00,2.088380813598633
2005-03-07 04:00:00,2.2841532230377197
2005-03-07 05:00:00,1.9766035079956055
2005-03-07 06:00:00,1.302664875984192
2005-03-07 07:00:00,0.3497732877731323
2005-03-07 08:00:00,0.7344545125961304
2005-03-07 09:00:00,1.7441990375518799
2005-03-07 10:00:00,2.268839120864868
2005-03-07 11:00:00,2.015578031539917
2005-03-07 12:00:00,1.412726640701294
2005-03-07 13:00:00,0.5982674360275269
2005-03-07 14:00:00,0.3503299057483673
2005-03-07 15:00:00,1.1082462072372437
2005-03-07 16:00:00,1.6853859424591064
2005-03-07 17:00:00,1.9129760265350342
2005-03-07 18:00:00,1.5386176109313965
2005-03-07 19:00:00,0.7454415559768677
2005-03-07 20:00:00,0.24722976982593536
2005-03-07 21:00:00,1.2482283115386963
2005-03-07 22:00:00,1.9014629125595093
2005-03-07 23:00:00,1.9104703664779663
2005-03-08 00:00:00,1.2874209880828857
2005-03-08 01:00:00,0.33643585443496704
2005-03-08 02:00:00,0.7958511114120483
2005-03-08 03:00:00,1.7202787399291992
2005-03-08 04:00:00,2.4388277530670166
2005-03-08 05:00:00,2.6202123165130615
2005-03-08 06:00:00,2.2869458198547363
2005-03-08 07:00:00,1.5149164199829102
2005-03-08 08:00:00,0.3894175887107849
2005-03-08 09:00:00,0.9436582326889038
2005-03-08 10:00:00,2.0643255710601807
2005-03-08 11:00:00,2.5794029235839844
2005-03-08 12:00:00,2.1619253158569336
2005-03-08 13:00:00,1.4178602695465088
2005-03-08 14:00:00,0.39185214042663574
2005-03-08 15:00:00,0.6697636246681213
2005-03-08 16:00:00,1.5306224822998047
2005-03-08 17:00:00,2.406155824661255
2005-03-08 18:00:00,2.2771873474121094
2005-03-08 19:00:00,1.762251853942871
2005-03-08 20:00:00,0.7225136160850525
2005-03-08 21:00:00,0.39372754096984863
2005-03-08 22:00:00,1.6162668466567993
2005-03-08 23:00:00,2.325089931488037
2005-03-09 00:00:00,2.108933448791504
2005-03-09 01:00:00,1.3386574983596802
2005-03-09 02:00:00,0.2141660898923874
2005-03-09 03:00:00,1.007285475730896
2005-03-09 04:00:00,2.041848659515381
2005-03-09 05:00:00,2.7896618843078613
2005-03-09 06:00:00,2.840111255645752
2005-03-09 07:00:00,2.409198760986328
2005-03-09 08:00:00,1.4677140712738037
2005-03-09 09:00:00,0.22856760025024414
2005-03-09 10:00:00,1.3816044330596924
2005-03-09 11:00:00,2.5119919776916504
2005-03-09 12:00:00,2.6913962364196777
2005-03-09 13:00:00,2.112039089202881
2005-03-09 14:00:00,1.2072529792785645
2005-03-09 15:00:00,0.14316387474536896
2005-03-09 16:00:00,1.1291568279266357
2005-03-09 17:00:00,2.07749342918396
2005-03-09 18:00:00,2.6960887908935547
2005-03-09 19:00:00,2.5088319778442383
2005-03-09 20:00:00,1.7463546991348267
2005-03-09 21:00:00,0.5125709772109985
2005-03-09 22:00:00,0.824292004108429
2005-03-09 23:00:00,2.1333820819854736
2005-03-10 00:00:00,2.6287341117858887
2005-03-10 01:00:00,2.1311161518096924
2005-03-10 02:00:00,1.2085860967636108
2005-03-10 03:00:00,0.17805738747119904
2005-03-10 04:00:00,1.3073896169662476
2005-03-10 05:00:00,2.4075002670288086
2005-03-10 06:00:00,2.9967615604400635
2005-03-10 07:00:00,2.912989377975464
2005-03-10 08:00:00,2.342212200164795
2005-03-10 09:00:00,1.1596027612686157
2005-03-10 10:00:00,0.21920618414878845
2005-03-10 11:00:00,1.8243968486785889
2005-03-10 12:00:00,2.838315725326538
2005-03-10 13:00:00,2.6329972743988037
2005-03-10 14:00:00,1.8783609867095947
2005-03-10 15:00:00,0.7979345321655273
2005-03-10 16:00:00,0.5702472925186157
2005-03-10 17:00:00,1.6368297338485718
2005-03-10 18:00:00,2.8091232776641846
2005-03-10 19:00:00,2.87715482711792
2005-03-10 20:00:00,2.5252797603607178
2005-03-10 21:00:00,1.5398519039154053
2005-03-10 22:00:00,0.242876335978508
2005-03-10 23:00:00,1.3868615627288818
2005-03-11 00:00:00,2.5320496559143066
2005-03-11 01:00:00,2.6725590229034424
2005-03-11 02:00:00,1.9948316812515259
2005-03-11 03:00:00,0.9404164552688599
2005-03-11 04:00:00,0.4773791432380676
2005-03-11 05:00:00,1.6111589670181274
2005-03-11 06:00:00,2.889578342437744
2005-03-11 07:00:00,3.0537619590759277
2005-03-11 08:00:00,2.825212001800537
2005-03-11 09:00:00,2.0493714809417725
2005-03-11 10:00:00,0.6678680181503296
2005-03-11 11:00:00,0.910407543182373
2005-03-11 12:00:00,2.2868402004241943
2005-03-11 13:00:00,2.941349506378174
2005-03-11 14:00:00,2.413179636001587
2005-03-11 15:00:00,1.4972407817840576
2005-03-11 16:00:00,0.21896474063396454
2005-03-11 17:00:00,1.0669000148773193
2005-03-11 18:00:00,2.1805896759033203
2005-03-11 19:00:00,3.0033888816833496
2005-03-11 20:00:00,2.9370832443237305
2005-03-11 21:00:00,2.3607964515686035
2005-03-11 22:00:00,1.156046986579895
2005-03-11 23:00:00,0.2127760648727417
2005-03-12 00:00:00,1.798213005065918
2005-03-12 01:00:00,2.77131724357605
2005-03-12 02:00:00,2.5436148643493652
2005-03-12 03:00:00,1.7347381114959717
2005-03-12 04:00:00,0.5504134893417358
2005-03-12 05:00:00,0.7925896644592285
2005-03-12 06:00:00,1.9140905141830444
2005-03-12 07:00:00,2.9709997177124023
2005-03-12 08:00:00,2.9799017906188965
2005-03-12 09:00:00,2.559192180633545
2005-03-12 10:00:00,1.5183961391448975
2005-03-12 11:00:00,0.19113041460514069
2005-03-12 12:00:00,1.5334217548370361
2005-03-12 13:00:00,2.729494094848633
2005-03-12 14:00:00,2.727426528930664
2005-03-12 15:00:00,2.039910078048706
2005-03-12 16:00:00,0.9972753524780273
2005-03-12 17:00:00,0.42499813437461853
2005-03-12 18:00:00,1.5440075397491455
2005-03-12 19:00:00,2.8077359199523926
2005-03-12 20:00:00,3.016667604446411
2005-03-12 21:00:00,2.7955093383789062
2005-03-12 22:00:00,2.022413730621338
2005-03-12 23:00:00,0.6819814443588257
2005-03-13 00:00:00,0.7961684465408325
2005-03-13 01:00:00,2.229200839996338
2005-03-13 02:00:00,2.793119430541992
2005-03-13 03:00:00,2.29085636138916
2005-03-13 04:00:00,1.393772840499878
2005-03-13 05:00:00,0.17136657238006592
2005-03-13 06:00:00,1.0651878118515015
2005-03-13 07:00:00,2.106612205505371
2005-03-13 08:00:00,2.840805768966675
2005-03-13 09:00:00,2.746429920196533
2005-03-13 10:00:00,2.097658634185791
2005-03-13 11:00:00,0.8610749244689941
2005-03-13 12:00:00,0.49094146490097046
2005-03-13 13:00:00,1.905037522315979
2005-03-13 14:00:00,2.7061848640441895
2005-03-13 15:00:00,2.38952374458313
2005-03-13 16:00:00,1.5607587099075317
2005-03-13 17:00:00,0.3668368458747864
2005-03-13 18:00:00,0.889508068561554
2005-03-13 19:00:00,1.978186011314392
2005-03-13 20:00:00,2.9088613986968994
2005-03-13 21:00:00,2.91969633102417
2005-03-13 22:00:00,2.4907445907592773
2005-03-13 23:00:00,1.5167899131774902
2005-03-14 00:00:00,0.2624589502811432
2005-03-14 01:00:00,1.3002777099609375
2005-03-14 02:00:00,2.3610410690307617
2005-03-14 03:00:00,2.5759782791137695
2005-03-14 04:00:00,1.9472767114639282
2005-03-14 05:00:00,1.0090678930282593
2005-03-14 06:00:00,0.2660592496395111
2005-03-14 07:00:00,1.257779598236084
2005-03-14 08:00:00,2.1726341247558594
2005-03-14 09:00:00,2.6012072563171387
2005-03-14 10:00:00,2.338278293609619
2005-03-14 11:00:00,1.4822629690170288
2005-03-14 12:00:00,0.2912592589855194
2005-03-14 13:00:00,1.0971653461456299
2005-03-14 14:00:00,2.123615264892578
2005-03-14 15:00:00,2.5177524089813232
2005-03-14 16:00:00,1.9410845041275024
2005-03-14 17:00:00,1.0398643016815186
2005-03-14 18:00:00,0.2321496456861496
2005-03-14 19:00:00,1.2741897106170654
2005-03-14 20:00:00,2.244459629058838
2005-03-14 21:00:00,2.7643637657165527
2005-03-14 22:00:00,2.644085645675659
2005-03-14 23:00:00,2.040266990661621
2005-03-15 00:00:00,0.9628196954727173
2005-03-15 01:00:00,0.2113116979598999
2005-03-15 02:00:00,1.5634000301361084
2005-03-15 03:00:00,2.4002718925476074
2005-03-15 04:00:00,2.2479817867279053
2005-03-15 05:00:00,1.5662868022918701
2005-03-15 06:00:00,0.6245981454849243
2005-03-15 07:00:00,0.46231937408447266
2005-03-15 08:00:00,1.312619924545288
2005-03-15 09:00:00,2.137369155883789
2005-03-15 10:00:00,2.208994150161743
2005-03-15 11:00:00,1.8011964559555054
2005-03-15 12:00:00,0.8682567477226257
2005-03-15 13:00:00,0.24286668002605438
2005-03-15 14:00:00,1.406238317489624
2005-03-15 15:00:00,2.15700101852417
2005-03-15 16:00:00,2.1058597564697266
2005-03-15 17:00:00,1.4624898433685303
2005-03-15 18:00:00,0.5209538340568542
2005-03-15 19:00:00,0.5915514826774597
2005-03-15 20:00:00,1.4944021701812744
2005-03-15 21:00:00,2.4349982738494873
2005-03-15 22:00:00,2.511312961578369
2005-03-15 23:00:00,2.2388548851013184
2005-03-16 00:00:00,1.52102792263031
2005-03-16 01:00:00,0.5057479739189148
2005-03-16 02:00:00,0.5599226355552673
2005-03-16 03:00:00,1.6185270547866821
2005-03-16 04:00:00,2.1699748039245605
2005-03-16 05:00:00,1.88649582862854
2005-03-16 06:00:00,1.2238107919692993
2005-03-16 07:00:00,0.3590339124202728
2005-03-16 08:00:00,0.5397168397903442
2005-03-16 09:00:00,1.2108614444732666
2005-03-16 10:00:00,1.7395308017730713
2005-03-16 11:00:00,1.670067548751831
2005-03-16 12:00:00,1.2494934797286987
2005-03-16 13:00:00,0.42191657423973083
2005-03-16 14:00:00,0.4747079908847809
2005-03-16 15:00:00,1.4058672189712524
2005-03-16 16:00:00,1.8565337657928467
2005-03-16 17:00:00,1.6593507528305054
2005-03-16 18:00:00,1.021723985671997
2005-03-16 19:00:00,0.1667427271604538
2005-03-16 20:00:00,0.7988150715827942
2005-03-16 21:00:00,1.51741623878479
2005-03-16 22:00:00,2.0690271854400635
2005-03-16 23:00:00,2.14430832862854
2005-03-17 00:00:00,1.7861344814300537
2005-03-17 01:00:00,1.0818673372268677
2005-03-17 02:00:00,0.24271686375141144
2005-03-17 03:00:00,0.6844497919082642
2005-03-17 04:00:00,1.4877607822418213
2005-03-17 05:00:00,1.854394555091858
2005-03-17 06:00:00,1.574479341506958
2005-03-17 07:00:00,0.994430661201477
2005-03-17 08:00:00,0.29230648279190063
2005-03-17 09:00:00,0.44354838132858276
2005-03-17 10:00:00,0.9449619054794312
2005-03-17 11:00:00,1.226851224899292
2005-03-17 12:00:00,1.334288239479065
2005-03-17 13:00:00,0.7991310954093933
2005-03-17 14:00:00,0.20361891388893127
2005-03-17 15:00:00,0.500121533870697
2005-03-17 16:00:00,1.1581964492797852
2005-03-17 17:00:00,1.4048383235931396
2005-03-17 18:00:00,1.2386736869812012
2005-03-17 19:00:00,0.7196619510650635
2005-03-17 20:00:00,0.1141880601644516
2005-03-17 21:00:00,0.7623034715652466
2005-03-17 22:00:00,1.301990270614624
2005-03-17 23:00:00,1.638545036315918
2005-03-18 00:00:00,1.7585020065307617
2005-03-18 01:00:00,1.428180456161499
2005-03-18 02:00:00,0.850888729095459
2005-03-18 03:00:00,0.1930595338344574
2005-03-18 04:00:00,0.5331656336784363
2005-03-18 05:00:00,1.2281215190887451
2005-03-18 06:00:00,1.538646936416626
2005-03-18 07:00:00,1.387418508529663
2005-03-18 08:00:00,0.9674844741821289
2005-03-18 09:00:00,0.44548019766807556
2005-03-18 10:00:00,0.15536004304885864
2005-03-18 11:00:00,0.5704313516616821
2005-03-18 12:00:00,0.8075187802314758
2005-03-18 13:00:00,0.8700629472732544
2005-03-18 14:00:00,0.8211061358451843
2005-03-18 15:00:00,0.2780698537826538
2005-03-18 16:00:00,0.2502109408378601
2005-03-18 17:00:00,0.6331832408905029
2005-03-18 18:00:00,0.9452186822891235
2005-03-18 19:00:00,0.9590606689453125
2005-03-18 20:00:00,0.6561409831047058
2005-03-18 21:00:00,0.171402707695961
2005-03-18 22:00:00,0.4335850775241852
2005-03-18 23:00:00,0.8930343389511108
2005-03-19 00:00:00,1.2383811473846436
2005-03-19 01:00:00,1.4442232847213745
2005-03-19 02:00:00,1.2817972898483276
2005-03-19 03:00:00,0.9160628318786621
2005-03-19 04:00:00,0.3808353543281555
2005-03-19 05:00:00,0.2650291919708252
2005-03-19 06:00:00,0.8599119186401367
2005-03-19 07:00:00,1.2943036556243896
2005-03-19 08:00:00,1.396146535873413
2005-03-19 09:00:00,1.1772741079330444
2005-03-19 10:00:00,0.8083918690681458
2005-03-19 11:00:00,0.3458902835845947
2005-03-19 12:00:00,0.1917392909526825
2005-03-19 13:00:00,0.5749935507774353
2005-03-19 14:00:00,0.7925007343292236
2005-03-19 15:00:00,0.8430379033088684
2005-03-19 16:00:00,0.7849770188331604
2005-03-19 17:00:00,0.30461955070495605
2005-03-19 18:00:00,0.16534040868282318
2005-03-19 19:00:00,0.5091761350631714
2005-03-19 20:00:00,0.7669811248779297
2005-03-19 21:00:00,0.8291774988174438
2005-03-19 22:00:00,0.6039613485336304
2005-03-19 23:00:00,0.15366098284721375
2005-03-20 00:00:00,0.43521565198898315
2005-03-20 01:00:00,0.9020506739616394
2005-03-20 02:00:00,1.2628810405731201
2005-03-20 03:00:00,1.3900079727172852
2005-03-20 04:00:00,1.2242580652236938
2005-03-20 05:00:00,0.7885206341743469
2005-03-20 06:00:00,0.21242976188659668
2005-03-20 07:00:00,0.45607835054397583
2005-03-20 08:00:00,1.1815249919891357
2005-03-20 09:00:00,1.558591604232788
2005-03-20 10:00:00,1.517747163772583
2005-03-20 11:00:00,1.1712532043457031
2005-03-20 12:00:00,0.6743969321250916
2005-03-20 13:00:00,0.11414529383182526
2005-03-20 14:00:00,0.5562142133712769
2005-03-20 15:00:00,0.9421902894973755
2005-03-20 16:00:00,1.142655372619629
2005-03-20 17:00:00,1.0932716131210327
2005-03-20 18:00:00,0.6790784001350403
2005-03-20 19:00:00,0.17949619889259338
2005-03-20 20:00:00,0.40302762389183044
2005-03-20 21:00:00,0.8955042958259583
2005-03-20 22:00:00,1.1752177476882935
2005-03-20 23:00:00,0.9691721200942993
2005-03-21 00:00:00,0.4810165762901306
2005-03-21 01:00:00,0.2779996991157532
2005-03-21 02:00:00,0.9238908886909485
2005-03-21 03:00:00,1.4232674837112427
2005-03-21 04:00:00,1.6754982471466064
2005-03-21 05:00:00,1.5384169816970825
2005-03-21 06:00:00,1.057900071144104
2005-03-21 07:00:00,0.344929575920105
2005-03-21 08:00:00,0.4517883360385895
2005-03-21 09:00:00,1.343875765800476
2005-03-21 10:00:00,1.8333280086517334
2005-03-21 11:00:00,1.7590700387954712
2005-03-21 12:00:00,1.2916560173034668
2005-03-21 13:00:00,0.6446412205696106
2005-03-21 14:00:00,0.1949044018983841
2005-03-21 15:00:00,0.8481777906417847
2005-03-21 16:00:00,1.3050243854522705
2005-03-21 17:00:00,1.7043988704681396
2005-03-21 18:00:00,1.3151808977127075
2005-03-21 19:00:00,0.7726566791534424
2005-03-21 20:00:00,0.13799099624156952
2005-03-21 21:00:00,0.677885115146637
2005-03-21 22:00:00,1.3077409267425537
2005-03-21 23:00:00,1.5094932317733765
2005-03-22 00:00:00,1.142582654953003
2005-03-22 01:00:00,0.4300157129764557
2005-03-22 02:00:00,0.5033811330795288
2005-03-22 03:00:00,1.2487866878509521
2005-03-22 04:00:00,1.7877957820892334
2005-03-22 05:00:00,2.0326008796691895
2005-03-22 06:00:00,1.7315078973770142
2005-03-22 07:00:00,1.047766089439392
2005-03-22 08:00:00,0.19005897641181946
2005-03-22 09:00:00,0.8691861033439636
2005-03-22 10:00:00,1.7725276947021484
2005-03-22 11:00:00,2.1157307624816895
2005-03-22 12:00:00,1.7776126861572266
2005-03-22 13:00:00,1.1286027431488037
2005-03-22 14:00:00,0.27245068550109863
2005-03-22 15:00:00,0.6403601169586182
2005-03-22 16:00:00,1.317269206047058
2005-03-22 17:00:00,1.9598066806793213
2005-03-22 18:00:00,1.8206346035003662
2005-03-22 19:00:00,1.3559410572052002
2005-03-22 20:00:00,0.5241824388504028
2005-03-22 21:00:00,0.3801855146884918
2005-03-22 22:00:00,1.3293311595916748
2005-03-22 23:00:00,1.838482141494751
2005-03-23 00:00:00,1.6898186206817627
2005-03-23 01:00:00,1.0105856657028198
2005-03-23 02:00:00,0.1253960281610489
2005-03-23 03:00:00,0.9457029104232788
2005-03-23 04:00:00,1.7280323505401611
2005-03-23 05:00:00,2.1907715797424316
2005-03-23 06:00:00,2.2104945182800293
2005-03-23 07:00:00,1.6910823583602905
2005-03-23 08:00:00,0.7527890801429749
2005-03-23 09:00:00,0.30401238799095154
2005-03-23 10:00:00,1.5016595125198364
2005-03-23 11:00:00,2.258817434310913
2005-03-23 12:00:00,2.169182538986206
2005-03-23 13:00:00,1.566164255142212
2005-03-23 14:00:00,0.7054567337036133
2005-03-23 15:00:00,0.3600166440010071
2005-03-23 16:00:00,1.2122989892959595
2005-03-23 17:00:00,1.924729347229004
2005-03-23 18:00:00,2.1841061115264893
2005-03-23 19:00:00,1.895753264427185
2005-03-23 20:00:00,1.083409070968628
2005-03-23 21:00:00,0.1558966040611267
2005-03-23 22:00:00,1.0762646198272705
2005-03-23 23:00:00,1.8657461404800415
2005-03-24 00:00:00,2.112926721572876
2005-03-24 01:00:00,1.540137767791748
2005-03-24 02:00:00,0.6424285769462585
2005-03-24 03:00:00,0.5011140704154968
2005-03-24 04:00:00,1.4347692728042603
2005-03-24 05:00:00,2.3862035274505615
2005-03-24 06:00:00,2.494047164916992
2005-03-24 07:00:00,2.198814630508423
2005-03-24 08:00:00,1.3928643465042114
2005-03-24 09:00:00,0.28560829162597656
2005-03-24 10:00:00,1.041996717453003
2005-03-24 11:00:00,2.0466208457946777
2005-03-24 12:00:00,2.472496271133423
2005-03-24 13:00:00,1.9719140529632568
2005-03-24 14:00:00,1.1597334146499634
2005-03-24 15:00:00,0.1335071325302124
2005-03-24 16:00:00,0.9890397787094116
2005-03-24 17:00:00,1.8566675186157227
2005-03-24 18:00:00,2.4711074829101562
2005-03-24 19:00:00,2.3354315757751465
2005-03-24 20:00:00,1.686126947402954
2005-03-24 21:00:00,0.5915518999099731
2005-03-24 22:00:00,0.5528527498245239
2005-03-24 23:00:00,1.7316793203353882
2005-03-25 00:00:00,2.337069272994995
2005-03-25 01:00:00,2.019761085510254
2005-03-25 02:00:00,1.221695065498352
2005-03-25 03:00:00,0.1490475833415985
2005-03-25 04:00:00,1.0192629098892212
2005-03-25 05:00:00,1.9567413330078125
2005-03-25 06:00:00,2.5672008991241455
2005-03-25 07:00:00,2.5362308025360107
2005-03-25 08:00:00,1.956390142440796
2005-03-25 09:00:00,0.853964626789093
2005-03-25 10:00:00,0.3660236597061157
2005-03-25 11:00:00,1.7315261363983154
2005-03-25 12:00:00,2.5348353385925293
2005-03-25 13:00:00,2.3153953552246094
2005-03-25 14:00:00,1.5814971923828125
2005-03-25 15:00:00,0.5271409749984741
2005-03-25 16:00:00,0.6610645055770874
2005-03-25 17:00:00,1.636473298072815
2005-03-25 18:00:00,2.6598033905029297
2005-03-25 19:00:00,2.623444080352783
2005-03-25 20:00:00,2.2156848907470703
2005-03-25 21:00:00,1.2357170581817627
2005-03-25 22:00:00,0.1536937803030014
2005-03-25 23:00:00,1.390616536140442
2005-03-26 00:00:00,2.3436028957366943
2005-03-26 01:00:00,2.4109842777252197
2005-03-26 02:00:00,1.7430238723754883
2005-03-26 03:00:00,0.7532674074172974
2005-03-26 04:00:00,0.49308180809020996
2005-03-26 05:00:00,1.496511697769165
2005-03-26 06:00:00,2.5878918170928955
2005-03-26 07:00:00,2.6795289516448975
2005-03-26 08:00:00,2.3677592277526855
2005-03-26 09:00:00,1.468315839767456
2005-03-26 10:00:00,0.2528647780418396
2005-03-26 11:00:00,1.2364556789398193
2005-03-26 12:00:00,2.291151523590088
2005-03-26 13:00:00,2.5744919776916504
2005-03-26 14:00:00,1.9705355167388916
2005-03-26 15:00:00,1.0389983654022217
2005-03-26 16:00:00,0.26484423875808716
2005-03-26 17:00:00,1.3129193782806396
2005-03-26 18:00:00,2.329251527786255
2005-03-26 19:00:00,2.7807013988494873
2005-03-26 20:00:00,2.603179931640625
2005-03-26 21:00:00,1.8771846294403076
2005-03-26 22:00:00,0.6540571451187134
2005-03-26 23:00:00,0.6763466596603394
2005-03-27 00:00:00,1.9779808521270752
2005-03-27 01:00:00,2.5924386978149414
2005-03-27 02:00:00,2.1953539848327637
2005-03-27 03:00:00,1.3579370975494385
2005-03-27 04:00:00,0.19710183143615723
2005-03-27 05:00:00,0.9665414094924927
2005-03-27 06:00:00,1.950871229171753
2005-03-27 07:00:00,2.680621862411499
2005-03-27 08:00:00,2.6018505096435547
2005-03-27 09:00:00,1.9822431802749634
2005-03-27 10:00:00,0.80107182264328
2005-03-27 11:00:00,0.47027936577796936
2005-03-27 12:00:00,1.8309694528579712
2005-03-27 13:00:00,2.5839571952819824
2005-03-27 14:00:00,2.2949042320251465
2005-03-27 15:00:00,1.4861563444137573
2005-03-27 16:00:00,0.3261318504810333
2005-03-27 17:00:00,0.8891399502754211
2005-03-27 18:00:00,1.9379819631576538
2005-03-27 19:00:00,2.8146657943725586
2005-03-27 20:00:00,2.824162006378174
2005-03-27 21:00:00,2.3692667484283447
2005-03-27 22:00:00,1.3584214448928833
2005-03-27 23:00:00,0.16381791234016418
2005-03-28 00:00:00,1.4313653707504272
2005-03-28 01:00:00,2.4673991203308105
2005-03-28 02:00:00,2.519057035446167
2005-03-28 03:00:00,1.8635286092758179
2005-03-28 04:00:00,0.896203339099884
2005-03-28 05:00:00,0.3665162920951843
2005-03-28 06:00:00,1.356956124305725
2005-03-28 07:00:00,2.377633571624756
2005-03-28 08:00:00,2.617460250854492
2005-03-28 09:00:00,2.3167951107025146
2005-03-28 10:00:00,1.3968279361724854
2005-03-28 11:00:00,0.210739403963089
2005-03-28 12:00:00,1.2764880657196045
2005-03-28 13:00:00,2.2893989086151123
2005-03-28 14:00:00,2.5099315643310547
2005-03-28 15:00:00,1.876020073890686
2005-03-28 16:00:00,0.9110866785049438
2005-03-28 17:00:00,0.38597288727760315
2005-03-28 18:00:00,1.4485492706298828
2005-03-28 19:00:00,2.609607458114624
2005-03-28 20:00:00,2.850675106048584
2005-03-28 21:00:00,2.6716418266296387
2005-03-28 22:00:00,1.9762464761734009
2005-03-28 23:00:00,0.7719190716743469
2005-03-29 00:00:00,0.5329190492630005
2005-03-29 01:00:00,1.848870873451233
2005-03-29 02:00:00,2.5774521827697754
2005-03-29 03:00:00,2.257875680923462
2005-03-29 04:00:00,1.4817171096801758
2005-03-29 05:00:00,0.39842653274536133
2005-03-29 06:00:00,0.7189100980758667
2005-03-29 07:00:00,1.635000228881836
2005-03-29 08:00:00,2.554558515548706
2005-03-29 09:00:00,2.406614303588867
2005-03-29 10:00:00,1.8592684268951416
2005-03-29 11:00:00,0.7480324506759644
2005-03-29 12:00:00,0.43325895071029663
2005-03-29 13:00:00,1.7202956676483154
2005-03-29 14:00:00,2.4272005558013916
2005-03-29 15:00:00,2.173231601715088
2005-03-29 16:00:00,1.3955419063568115
2005-03-29 17:00:00,0.2899128198623657
2005-03-29 18:00:00,0.8959128260612488
2005-03-29 19:00:00,1.9052531719207764
2005-03-29 20:00:00,2.7337820529937744
2005-03-29 21:00:00,2.7818150520324707
2005-03-29 22:00:00,2.3795151710510254
2005-03-29 23:00:00,1.4903340339660645
2005-03-30 00:00:00,0.30795085430145264
2005-03-30 01:00:00,1.1192480325698853
2005-03-30 02:00:00,2.106043577194214
2005-03-30 03:00:00,2.481799602508545
2005-03-30 04:00:00,1.9378902912139893
2005-03-30 05:00:00,1.1138849258422852
2005-03-30 06:00:00,0.12743090093135834
2005-03-30 07:00:00,0.9470885992050171
2005-03-30 08:00:00,1.7417609691619873
2005-03-30 09:00:00,2.331921100616455
2005-03-30 10:00:00,2.069646120071411
2005-03-30 11:00:00,1.3235136270523071
2005-03-30 12:00:00,0.25628331303596497
2005-03-30 13:00:00,0.9447590708732605
2005-03-30 14:00:00,1.943913459777832
2005-03-30 15:00:00,2.301405429840088
2005-03-30 16:00:00,1.7838659286499023
2005-03-30 17:00:00,0.931357204914093
2005-03-30 18:00:00,0.25793635845184326
2005-03-30 19:00:00,1.2547821998596191
2005-03-30 20:00:00,2.1412079334259033
2005-03-30 21:00:00,2.6551966667175293
2005-03-30 22:00:00,2.559509515762329
2005-03-30 23:00:00,2.007485866546631
2005-03-31 00:00:00,1.0304272174835205
2005-03-31 01:00:00,0.15160250663757324
2005-03-31 02:00:00,1.388454794883728
2005-03-31 03:00:00,2.1972975730895996
2005-03-31 04:00:00,2.236661434173584
2005-03-31 05:00:00,1.6427472829818726
2005-03-31 06:00:00,0.8308804631233215
2005-03-31 07:00:00,0.20243582129478455
2005-03-31 08:00:00,0.9944208264350891
2005-03-31 09:00:00,1.6252044439315796
2005-03-31 10:00:00,2.026592493057251
2005-03-31 11:00:00,1.6489932537078857
2005-03-31 12:00:00,0.8728262186050415
2005-03-31 13:00:00,0.18612369894981384
2005-03-31 14:00:00,1.1790838241577148
2005-03-31 15:00:00,1.8893892765045166
2005-03-31 16:00:00,1.994891881942749
2005-03-31 17:00:00,1.4260424375534058
2005-03-31 18:00:00,0.573233962059021
2005-03-31 19:00:00,0.5021653771400452
2005-03-31 20:00:00,1.3833954334259033
2005-03-31 21:00:00,2.2624146938323975
2005-03-31 22:00:00,2.4635050296783447
2005-03-31 23:00:00,2.2690892219543457
2005-04-01 00:00:00,1.6742134094238281
2005-04-01 01:00:00,0.742444634437561
2005-04-01 02:00:00,0.24634738266468048
2005-04-01 03:00:00,1.3734283447265625
2005-04-01 04:00:00,2.0303962230682373
2005-04-01 05:00:00,2.0100080966949463
2005-04-01 06:00:00,1.4612319469451904
2005-04-01 07:00:00,0.735399603843689
2005-04-01 08:00:00,0.1651802361011505
2005-04-01 09:00:00,0.8339265584945679
2005-04-01 10:00:00,1.3173434734344482
2005-04-01 11:00:00,1.700829267501831
2005-04-01 12:00:00,1.283872127532959
2005-04-01 13:00:00,0.6515883207321167
2005-04-01 14:00:00,0.22238269448280334
2005-04-01 15:00:00,1.016431212425232
2005-04-01 16:00:00,1.6452440023422241
2005-04-01 17:00:00,1.6712058782577515
2005-04-01 18:00:00,1.2040259838104248
2005-04-01 19:00:00,0.4481363296508789
2005-04-01 20:00:00,0.4966089725494385
2005-04-01 21:00:00,1.2595425844192505
2005-04-01 22:00:00,1.8935909271240234
2005-04-01 23:00:00,2.1989364624023438
2005-04-02 00:00:00,2.0196964740753174
2005-04-02 01:00:00,1.5008916854858398
2005-04-02 02:00:00,0.7099403142929077
2005-04-02 03:00:00,0.2102852165699005
2005-04-02 04:00:00,1.158785343170166
2005-04-02 05:00:00,1.703306794166565
2005-04-02 06:00:00,1.8633928298950195
2005-04-02 07:00:00,1.4638402462005615
2005-04-02 08:00:00,0.890656590461731
2005-04-02 09:00:00,0.2194824516773224
2005-04-02 10:00:00,0.4849810004234314
2005-04-02 11:00:00,0.945999026298523
2005-04-02 12:00:00,1.2035096883773804
2005-04-02 13:00:00,1.3550946712493896
2005-04-02 14:00:00,0.7131658792495728
2005-04-02 15:00:00,0.1583022028207779
2005-04-02 16:00:00,0.5306483507156372
2005-04-02 17:00:00,1.1703625917434692
2005-04-02 18:00:00,1.4107028245925903
2005-04-02 19:00:00,1.190869688987732
2005-04-02 20:00:00,0.6583972573280334
2005-04-02 21:00:00,0.16791881620883942
2005-04-02 22:00:00,0.876198410987854
2005-04-02 23:00:00,1.4573066234588623
2005-04-03 00:00:00,1.8236732482910156
2005-04-03 01:00:00,1.916172742843628
2005-04-03 02:00:00,1.5831571817398071
2005-04-03 03:00:00,0.9800921678543091
2005-04-03 04:00:00,0.22826449573040009
2005-04-03 05:00:00,0.6162534952163696
2005-04-03 06:00:00,1.4352154731750488
2005-04-03 07:00:00,1.8567440509796143
2005-04-03 08:00:00,1.6983356475830078
2005-04-03 09:00:00,1.240912675857544
2005-04-03 10:00:00,0.6594258546829224
2005-04-03 11:00:00,0.12247264385223389
2005-04-03 12:00:00,0.6564124226570129
2005-04-03 13:00:00,1.0598781108856201
2005-04-03 14:00:00,1.3200275897979736
2005-04-03 15:00:00,1.1558634042739868
2005-04-03 16:00:00,0.6873923540115356
2005-04-03 17:00:00,0.1306452453136444
2005-04-03 18:00:00,0.5675695538520813
2005-04-03 19:00:00,1.1763540506362915
2005-04-03 20:00:00,1.3544496297836304
2005-04-03 21:00:00,1.1107146739959717
2005-04-03 22:00:00,0.5389838814735413
2005-04-03 23:00:00,0.3038937747478485
2005-04-04 00:00:00,1.0233899354934692
2005-04-04 01:00:00,1.5999330282211304
2005-04-04 02:00:00,1.9714924097061157
2005-04-04 03:00:00,1.8837772607803345
2005-04-04 04:00:00,1.4362409114837646
2005-04-04 05:00:00,0.6917792558670044
2005-04-04 06:00:00,0.2315249741077423
2005-04-04 07:00:00,1.2182221412658691
2005-04-04 08:00:00,1.8482860326766968
2005-04-04 09:00:00,2.034081220626831
2005-04-04 10:00:00,1.635353684425354
2005-04-04 11:00:00,1.0317575931549072
2005-04-04 12:00:00,0.2683138847351074
2005-04-04 13:00:00,0.5540396571159363
2005-04-04 14:00:00,1.1608046293258667
2005-04-04 15:00:00,1.6358489990234375
2005-04-04 16:00:00,1.6031734943389893
2005-04-04 17:00:00,1.2490952014923096
2005-04-04 18:00:00,0.5334133505821228
2005-04-04 19:00:00,0.30612245202064514
2005-04-04 20:00:00,1.1426494121551514
2005-04-04 21:00:00,1.6329801082611084
2005-04-04 22:00:00,1.5858286619186401
2005-04-04 23:00:00,1.0233262777328491
2005-04-05 00:00:00,0.17901064455509186
2005-04-05 01:00:00,0.8101023435592651
2005-04-05 02:00:00,1.5712764263153076
2005-04-05 03:00:00,2.0893726348876953
2005-04-05 04:00:00,2.20825457572937
2005-04-05 05:00:00,1.8190460205078125
2005-04-05 06:00:00,1.0284103155136108
2005-04-05 07:00:00,0.14879140257835388
2005-04-05 08:00:00,1.1793395280838013
2005-04-05 09:00:00,1.9962520599365234
2005-04-05 10:00:00,2.314058303833008
2005-04-05 11:00:00,1.8630520105361938
2005-04-05 12:00:00,1.1499441862106323
2005-04-05 13:00:00,0.21639207005500793
2005-04-05 14:00:00,0.75048828125
2005-04-05 15:00:00,1.5074856281280518
2005-04-05 16:00:00,2.2595603466033936
2005-04-05 17:00:00,2.062976837158203
2005-04-05 18:00:00,1.5696254968643188
2005-04-05 19:00:00,0.6521139740943909
2005-04-05 20:00:00,0.34517091512680054
2005-04-05 21:00:00,1.4134668111801147
2005-04-05 22:00:00,2.049187183380127
2005-04-05 23:00:00,1.9145927429199219
2005-04-06 00:00:00,1.2210171222686768
2005-04-06 01:00:00,0.2303631603717804
2005-04-06 02:00:00,0.8756071925163269
2005-04-06 03:00:00,1.7690222263336182
2005-04-06 04:00:00,2.395019292831421
2005-04-06 05:00:00,2.4730114936828613
2005-04-06 06:00:00,2.018812417984009
2005-04-06 07:00:00,1.084058403968811
2005-04-06 08:00:00,0.15509195625782013
2005-04-06 09:00:00,1.4431307315826416
2005-04-06 10:00:00,2.387535572052002
2005-04-06 11:00:00,2.44706392288208
2005-04-06 12:00:00,1.8687727451324463
2005-04-06 13:00:00,1.005516529083252
2005-04-06 14:00:00,0.20363621413707733
2005-04-06 15:00:00,1.1639480590820312
2005-04-06 16:00:00,2.020543336868286
2005-04-06 17:00:00,2.531160354614258
2005-04-06 18:00:00,2.3513593673706055
2005-04-06 19:00:00,1.6332452297210693
2005-04-06 20:00:00,0.5157303214073181
2005-04-06 21:00:00,0.6636931300163269
2005-04-06 22:00:00,1.8165432214736938
2005-04-06 23:00:00,2.3847572803497314
2005-04-07 00:00:00,2.0223231315612793
2005-04-07 01:00:00,1.1909147500991821
2005-04-07 02:00:00,0.1360778510570526
2005-04-07 03:00:00,1.1080925464630127
2005-04-07 04:00:00,2.065737724304199
2005-04-07 05:00:00,2.6804990768432617
2005-04-07 06:00:00,2.607835054397583
2005-04-07 07:00:00,2.007204532623291
2005-04-07 08:00:00,0.8775685429573059
2005-04-07 09:00:00,0.3909274935722351
2005-04-07 10:00:00,1.8053398132324219
2005-04-07 11:00:00,2.6476211547851562
2005-04-07 12:00:00,2.425772190093994
2005-04-07 13:00:00,1.6825954914093018
2005-04-07 14:00:00,0.6055023670196533
2005-04-07 15:00:00,0.650127112865448
2005-04-07 16:00:00,1.6763633489608765
2005-04-07 17:00:00,2.7731080055236816
2005-04-07 18:00:00,2.776543140411377
2005-04-07 19:00:00,2.4152605533599854
2005-04-07 20:00:00,1.4807404279708862
2005-04-07 21:00:00,0.2610774636268616
2005-04-07 22:00:00,1.257859468460083
2005-04-07 23:00:00,2.31561017036438
2005-04-08 00:00:00,2.5831446647644043
2005-04-08 01:00:00,1.956133484840393
2005-04-08 02:00:00,0.986642062664032
2005-04-08 03:00:00,0.34182921051979065
2005-04-08 04:00:00,1.4046525955200195
2005-04-08 05:00:00,2.537437915802002
2005-04-08 06:00:00,2.80849027633667
2005-04-08 07:00:00,2.5832526683807373
2005-04-08 08:00:00,1.7734931707382202
2005-04-08 09:00:00,0.48314833641052246
2005-04-08 10:00:00,0.9940994381904602
2005-04-08 11:00:00,2.2162787914276123
2005-04-08 12:00:00,2.769325017929077
2005-04-08 13:00:00,2.232468605041504
2005-04-08 14:00:00,1.3224483728408813
2005-04-08 15:00:00,0.14421382546424866
2005-04-08 16:00:00,1.1726700067520142
2005-04-08 17:00:00,2.236801862716675
2005-04-08 18:00:00,2.9622597694396973
2005-04-08 19:00:00,2.8778576850891113
2005-04-08 20:00:00,2.2944858074188232
2005-04-08 21:00:00,1.1217845678329468
2005-04-08 22:00:00,0.20315797626972198
2005-04-08 23:00:00,1.7468578815460205
2005-04-09 00:00:00,2.718156337738037
2005-04-09 01:00:00,2.51206374168396
2005-04-09 02:00:00,1.7469764947891235
2005-04-09 03:00:00,0.6295709013938904
2005-04-09 04:00:00,0.6717818975448608
2005-04-09 05:00:00,1.7240203619003296
2005-04-09 06:00:00,2.828216075897217
2005-04-09 07:00:00,2.8032593727111816
2005-04-09 08:00:00,2.3804078102111816
2005-04-09 09:00:00,1.3186590671539307
2005-04-09 10:00:00,0.13903173804283142
2005-04-09 11:00:00,1.5681610107421875
2005-04-09 12:00:00,2.6509652137756348
2005-04-09 13:00:00,2.596869945526123
2005-04-09 14:00:00,1.8839759826660156
2005-04-09 15:00:00,0.807730495929718
2005-04-09 16:00:00,0.5739370584487915
2005-04-09 17:00:00,1.6917263269424438
2005-04-09 18:00:00,2.928618907928467
2005-04-09 19:00:00,3.032640218734741
2005-04-09 20:00:00,2.7739760875701904
2005-04-09 21:00:00,1.9830646514892578
2005-04-09 22:00:00,0.6416671276092529
2005-04-09 23:00:00,0.8676556348800659
2005-04-10 00:00:00,2.226625442504883
2005-04-10 01:00:00,2.8204970359802246
2005-04-10 02:00:00,2.308206081390381
2005-04-10 03:00:00,1.426224946975708
2005-04-10 04:00:00,0.20718733966350555
2005-04-10 05:00:00,0.9918926954269409
2005-04-10 06:00:00,2.013497829437256
2005-04-10 07:00:00,2.779905080795288
2005-04-10 08:00:00,2.6568386554718018
2005-04-10 09:00:00,1.9831809997558594
2005-04-10 10:00:00,0.7320920825004578
2005-04-10 11:00:00,0.6059418320655823
2005-04-10 12:00:00,1.9405893087387085
2005-04-10 13:00:00,2.6652350425720215
2005-04-10 14:00:00,2.2893624305725098
2005-04-10 15:00:00,1.4185492992401123
2005-04-10 16:00:00,0.1935882419347763
2005-04-10 17:00:00,1.0818697214126587
2005-04-10 18:00:00,2.1846463680267334
2005-04-10 19:00:00,2.987454414367676
2005-04-10 20:00:00,2.978900194168091
2005-04-10 21:00:00,2.5055716037750244
2005-04-10 22:00:00,1.4750616550445557
2005-04-10 23:00:00,0.20361706614494324
2005-04-11 00:00:00,1.4589791297912598
2005-04-11 01:00:00,2.577744483947754
2005-04-11 02:00:00,2.632396697998047
2005-04-11 03:00:00,1.9894955158233643
2005-04-11 04:00:00,1.0339757204055786
2005-04-11 05:00:00,0.268698513507843
2005-04-11 06:00:00,1.269919514656067
2005-04-11 07:00:00,2.201432704925537
2005-04-11 08:00:00,2.6333260536193848
2005-04-11 09:00:00,2.3389275074005127
2005-04-11 10:00:00,1.4204943180084229
2005-04-11 11:00:00,0.2285161316394806
2005-04-11 12:00:00,1.2274014949798584
2005-04-11 13:00:00,2.229335308074951
2005-04-11 14:00:00,2.4984261989593506
2005-04-11 15:00:00,1.8608146905899048
2005-04-11 16:00:00,0.8794630169868469
2005-04-11 17:00:00,0.43309536576271057
2005-04-11 18:00:00,1.516141414642334
2005-04-11 19:00:00,2.711345672607422
2005-04-11 20:00:00,2.9201674461364746
2005-04-11 21:00:00,2.7377023696899414
2005-04-11 22:00:00,2.0698184967041016
2005-04-11 23:00:00,0.8711050748825073
2005-04-12 00:00:00,0.42132872343063354
2005-04-12 01:00:00,1.8054002523422241
2005-04-12 02:00:00,2.610064744949341
2005-04-12 03:00:00,2.3388144969940186
2005-04-12 04:00:00,1.6021572351455688
2005-04-12 05:00:00,0.5798203349113464
2005-04-12 06:00:00,0.5550559163093567
2005-04-12 07:00:00,1.4424420595169067
2005-04-12 08:00:00,2.3765180110931396
2005-04-12 09:00:00,2.3416543006896973
2005-04-12 10:00:00,1.8639357089996338
2005-04-12 11:00:00,0.8171082735061646
2005-04-12 12:00:00,0.32455721497535706
2005-04-12 13:00:00,1.5509661436080933
2005-04-12 14:00:00,2.2930502891540527
2005-04-12 15:00:00,2.1162984371185303
2005-04-12 16:00:00,1.3802874088287354
2005-04-12 17:00:00,0.31000420451164246
2005-04-12 18:00:00,0.8637098073959351
2005-04-12 19:00:00,1.8482834100723267
2005-04-12 20:00:00,2.6547720432281494
2005-04-12 21:00:00,2.726893901824951
2005-04-12 22:00:00,2.349888563156128
2005-04-12 23:00:00,1.510393738746643
2005-04-13 00:00:00,0.3540204167366028
2005-04-13 01:00:00,0.9978331327438354
2005-04-13 02:00:00,2.031665563583374
2005-04-13 03:00:00,2.4413387775421143
2005-04-13 04:00:00,1.9748796224594116
2005-04-13 05:00:00,1.210595965385437
2005-04-13 06:00:00,0.21514427661895752
2005-04-13 07:00:00,0.7494102716445923
2005-04-13 08:00:00,1.4988315105438232
2005-04-13 09:00:00,2.2110724449157715
2005-04-13 10:00:00,1.9346802234649658
2005-04-13 11:00:00,1.32356858253479
2005-04-13 12:00:00,0.34000393748283386
2005-04-13 13:00:00,0.6826325058937073
2005-04-13 14:00:00,1.6389234066009521
2005-04-13 15:00:00,2.0595827102661133
2005-04-13 16:00:00,1.6822259426116943
2005-04-13 17:00:00,0.9096494913101196
2005-04-13 18:00:00,0.21557362377643585
2005-04-13 19:00:00,1.1593029499053955
2005-04-13 20:00:00,1.9622716903686523
2005-04-13 21:00:00,2.478173017501831
2005-04-13 22:00:00,2.3899424076080322
2005-04-13 23:00:00,1.8656947612762451
2005-04-14 00:00:00,0.9515658617019653
2005-04-14 01:00:00,0.16447368264198303
2005-04-14 02:00:00,1.3024591207504272
2005-04-14 03:00:00,2.036165237426758
2005-04-14 04:00:00,2.1462080478668213
2005-04-14 05:00:00,1.6100940704345703
2005-04-14 06:00:00,0.8701561093330383
2005-04-14 07:00:00,0.12784582376480103
2005-04-14 08:00:00,0.8159531354904175
2005-04-14 09:00:00,1.3776856660842896
2005-04-14 10:00:00,1.8522803783416748
2005-04-14 11:00:00,1.4734992980957031
2005-04-14 12:00:00,0.8510206341743469
2005-04-14 13:00:00,0.13956749439239502
2005-04-14 14:00:00,0.8632168769836426
2005-04-14 15:00:00,1.536696195602417
2005-04-14 16:00:00,1.7286970615386963
2005-04-14 17:00:00,1.2760097980499268
2005-04-14 18:00:00,0.5090869665145874
2005-04-14 19:00:00,0.4615241587162018
2005-04-14 20:00:00,1.245863676071167
2005-04-14 21:00:00,1.868330717086792
2005-04-14 22:00:00,2.1592202186584473
2005-04-14 23:00:00,1.9725595712661743
2005-04-15 00:00:00,1.3987200260162354
2005-04-15 01:00:00,0.5567125082015991
2005-04-15 02:00:00,0.3345422148704529
2005-04-15 03:00:00,1.316428303718567
2005-04-15 04:00:00,1.8661922216415405
2005-04-15 05:00:00,1.828179121017456
2005-04-15 06:00:00,1.3238385915756226
2005-04-15 07:00:00,0.6726499199867249
2005-04-15 08:00:00,0.1422625333070755
2005-04-15 09:00:00,0.7157884836196899
2005-04-15 10:00:00,1.1081597805023193
2005-04-15 11:00:00,1.401637077331543
2005-04-15 12:00:00,1.042480230331421
2005-04-15 13:00:00,0.5467287302017212
2005-04-15 14:00:00,0.1725524365901947
2005-04-15 15:00:00,0.753635823726654
2005-04-15 16:00:00,1.2613317966461182
2005-04-15 17:00:00,1.3193645477294922
2005-04-15 18:00:00,0.9513812065124512
2005-04-15 19:00:00,0.3022012710571289
2005-04-15 20:00:00,0.5055513381958008
2005-04-15 21:00:00,1.1185566186904907
2005-04-15 22:00:00,1.5661143064498901
2005-04-15 23:00:00,1.8064571619033813
2005-04-16 00:00:00,1.5866761207580566
2005-04-16 01:00:00,1.087639331817627
2005-04-16 02:00:00,0.3967311382293701
2005-04-16 03:00:00,0.36390870809555054
2005-04-16 04:00:00,1.1719328165054321
2005-04-16 05:00:00,1.591084599494934
2005-04-16 06:00:00,1.5837889909744263
2005-04-16 07:00:00,1.1995265483856201
2005-04-16 08:00:00,0.6811625957489014
2005-04-16 09:00:00,0.13249190151691437
2005-04-16 10:00:00,0.4699656069278717
2005-04-16 11:00:00,0.8104860186576843
2005-04-16 12:00:00,0.9722703695297241
2005-04-16 13:00:00,1.0131710767745972
2005-04-16 14:00:00,0.526591420173645
2005-04-16 15:00:00,0.09728653728961945
2005-04-16 16:00:00,0.4276912808418274
2005-04-16 17:00:00,0.8360045552253723
2005-04-16 18:00:00,0.9801797866821289
2005-04-16 19:00:00,0.8107746243476868
2005-04-16 20:00:00,0.3609832227230072
2005-04-16 21:00:00,0.2690607011318207
2005-04-16 22:00:00,0.7860242128372192
2005-04-16 23:00:00,1.1767520904541016
2005-04-17 00:00:00,1.4217822551727295
2005-04-17 01:00:00,1.3466389179229736
2005-04-17 02:00:00,1.0228333473205566
2005-04-17 03:00:00,0.4886547923088074
2005-04-17 04:00:00,0.20897166430950165
2005-04-17 05:00:00,0.8215751647949219
2005-04-17 06:00:00,1.3267886638641357
2005-04-17 07:00:00,1.5067272186279297
2005-04-17 08:00:00,1.2832179069519043
2005-04-17 09:00:00,0.8882171511650085
2005-04-17 10:00:00,0.39446085691452026
2005-04-17 11:00:00,0.18348433077335358
2005-04-17 12:00:00,0.6033204197883606
2005-04-17 13:00:00,0.8600794672966003
2005-04-17 14:00:00,0.9592105150222778
2005-04-17 15:00:00,0.9368101954460144
2005-04-17 16:00:00,0.4319916367530823
2005-04-17 17:00:00,0.08532389998435974
2005-04-17 18:00:00,0.42282167077064514
2005-04-17 19:00:00,0.7681156396865845
2005-04-17 20:00:00,0.8498150706291199
2005-04-17 21:00:00,0.6849862337112427
2005-04-17 22:00:00,0.24352224171161652
2005-04-17 23:00:00,0.3449482321739197
2005-04-18 00:00:00,0.8120263814926147
2005-04-18 01:00:00,1.1854448318481445
2005-04-18 02:00:00,1.3395568132400513
2005-04-18 03:00:00,1.1967368125915527
2005-04-18 04:00:00,0.7890245318412781
2005-04-18 05:00:00,0.21371841430664062
2005-04-18 06:00:00,0.469189316034317
2005-04-18 07:00:00,1.1898545026779175
2005-04-18 08:00:00,1.5717225074768066
2005-04-18 09:00:00,1.511733889579773
2005-04-18 10:00:00,1.1641871929168701
2005-04-18 11:00:00,0.669556736946106
2005-04-18 12:00:00,0.11368554830551147
2005-04-18 13:00:00,0.5643317103385925
2005-04-18 14:00:00,0.9722061157226562
2005-04-18 15:00:00,1.2123324871063232
2005-04-18 16:00:00,1.1597663164138794
2005-04-18 17:00:00,0.823891818523407
2005-04-18 18:00:00,0.3167141079902649
2005-04-18 19:00:00,0.2895614504814148
2005-04-18 20:00:00,0.7764459848403931
2005-04-18 21:00:00,1.0660221576690674
2005-04-18 22:00:00,1.0542246103286743
2005-04-18 23:00:00,0.6121038198471069
2005-04-19 00:00:00,0.11270672082901001
2005-04-19 01:00:00,0.7203277349472046
2005-04-19 02:00:00,1.2127628326416016
2005-04-19 03:00:00,1.4707114696502686
2005-04-19 04:00:00,1.520317554473877
2005-04-19 05:00:00,1.0458320379257202
2005-04-19 06:00:00,0.3804934620857239
2005-04-19 07:00:00,0.39499837160110474
2005-04-19 08:00:00,1.26669442653656
2005-04-19 09:00:00,1.7625805139541626
2005-04-19 10:00:00,1.7198854684829712
2005-04-19 11:00:00,1.2956960201263428
2005-04-19 12:00:00,0.6854654550552368
2005-04-19 13:00:00,0.15185490250587463
2005-04-19 14:00:00,0.8089466094970703
2005-04-19 15:00:00,1.3030236959457397
2005-04-19 16:00:00,1.7553790807724
2005-04-19 17:00:00,1.4634257555007935
2005-04-19 18:00:00,0.986876368522644
2005-04-19 19:00:00,0.29693883657455444
2005-04-19 20:00:00,0.4442010521888733
2005-04-19 21:00:00,1.1761338710784912
2005-04-19 22:00:00,1.4865612983703613
2005-04-19 23:00:00,1.2925180196762085
2005-04-20 00:00:00,0.6985141634941101
2005-04-20 01:00:00,0.17891916632652283
2005-04-20 02:00:00,0.9262006878852844
2005-04-20 03:00:00,1.489506721496582
2005-04-20 04:00:00,1.7528984546661377
2005-04-20 05:00:00,1.676958441734314
2005-04-20 06:00:00,1.1048471927642822
2005-04-20 07:00:00,0.28114932775497437
2005-04-20 08:00:00,0.6468932628631592
2005-04-20 09:00:00,1.554874062538147
2005-04-20 10:00:00,2.01956844329834
2005-04-20 11:00:00,1.7837705612182617
2005-04-20 12:00:00,1.1914923191070557
2005-04-20 13:00:00,0.38456207513809204
2005-04-20 14:00:00,0.5417027473449707
2005-04-20 15:00:00,1.2563927173614502
2005-04-20 16:00:00,1.897528052330017
2005-04-20 17:00:00,1.9445202350616455
2005-04-20 18:00:00,1.5943934917449951
2005-04-20 19:00:00,0.8370572924613953
2005-04-20 20:00:00,0.1571696698665619
2005-04-20 21:00:00,0.9970456957817078
2005-04-20 22:00:00,1.6652097702026367
2005-04-20 23:00:00,1.777215600013733
2005-04-21 00:00:00,1.2938469648361206
2005-04-21 01:00:00,0.4883609414100647
2005-04-21 02:00:00,0.49639958143234253
2005-04-21 03:00:00,1.2874011993408203
2005-04-21 04:00:00,1.9641720056533813
2005-04-21 05:00:00,2.061093807220459
2005-04-21 06:00:00,1.7265625
2005-04-21 07:00:00,0.9209921956062317
2005-04-21 08:00:00,0.16952058672904968
2005-04-21 09:00:00,1.2360862493515015
2005-04-21 10:00:00,2.0061557292938232
2005-04-21 11:00:00,2.1699044704437256
2005-04-21 12:00:00,1.643005609512329
2005-04-21 13:00:00,0.8509007692337036
2005-04-21 14:00:00,0.22487059235572815
2005-04-21 15:00:00,1.1068171262741089
2005-04-21 16:00:00,1.8444864749908447
2005-04-21 17:00:00,2.2446954250335693
2005-04-21 18:00:00,2.113650321960449
2005-04-21 19:00:00,1.4562143087387085
2005-04-21 20:00:00,0.4601573050022125
2005-04-21 21:00:00,0.5702823996543884
2005-04-21 22:00:00,1.613024115562439
2005-04-21 23:00:00,2.1306827068328857
2005-04-22 00:00:00,1.826727271080017
2005-04-22 01:00:00,1.0919110774993896
2005-04-22 02:00:00,0.14177736639976501
2005-04-22 03:00:00,0.9217081069946289
2005-04-22 04:00:00,1.722761869430542
2005-04-22 05:00:00,2.229409694671631
2005-04-22 06:00:00,2.173478603363037
2005-04-22 07:00:00,1.564613699913025
2005-04-22 08:00:00,0.5193964242935181
2005-04-22 09:00:00,0.6015655398368835
2005-04-22 10:00:00,1.7386925220489502
2005-04-22 11:00:00,2.334061622619629
2005-04-22 12:00:00,2.0487301349639893
2005-04-22 13:00:00,1.313474416732788
2005-04-22 14:00:00,0.28288912773132324
2005-04-22 15:00:00,0.8206580877304077
2005-04-22 16:00:00,1.7302364110946655
2005-04-22 17:00:00,2.542583703994751
2005-04-22 18:00:00,2.5103371143341064
2005-04-22 19:00:00,2.051276445388794
2005-04-22 20:00:00,1.088244080543518
2005-04-22 21:00:00,0.1570764034986496
2005-04-22 22:00:00,1.3647267818450928
2005-04-22 23:00:00,2.2238192558288574
2005-04-23 00:00:00,2.2896409034729004
2005-04-23 01:00:00,1.6533492803573608
2005-04-23 02:00:00,0.7300133109092712
2005-04-23 03:00:00,0.42238888144493103
2005-04-23 04:00:00,1.346908688545227
2005-04-23 05:00:00,2.2645139694213867
2005-04-23 06:00:00,2.4172098636627197
2005-04-23 07:00:00,2.0904741287231445
2005-04-23 08:00:00,1.1807116270065308
2005-04-23 09:00:00,0.1557537168264389
2005-04-23 10:00:00,1.3393651247024536
2005-04-23 11:00:00,2.2634146213531494
2005-04-23 12:00:00,2.381988286972046
2005-04-23 13:00:00,1.7601680755615234
2005-04-23 14:00:00,0.8154180645942688
2005-04-23 15:00:00,0.4232507646083832
2005-04-23 16:00:00,1.4414513111114502
2005-04-23 17:00:00,2.536067008972168
2005-04-23 18:00:00,2.7409374713897705
2005-04-23 19:00:00,2.5295276641845703
2005-04-23 20:00:00,1.7898664474487305
2005-04-23 21:00:00,0.6029562950134277
2005-04-23 22:00:00,0.7113040685653687
2005-04-23 23:00:00,1.9805231094360352
2005-04-24 00:00:00,2.548217296600342
2005-04-24 01:00:00,2.1633148193359375
2005-04-24 02:00:00,1.364281415939331
2005-04-24 03:00:00,0.2540503144264221
2005-04-24 04:00:00,0.8520624041557312
2005-04-24 05:00:00,1.775481939315796
2005-04-24 06:00:00,2.5693023204803467
2005-04-24 07:00:00,2.4304120540618896
2005-04-24 08:00:00,1.8078218698501587
2005-04-24 09:00:00,0.652025580406189
2005-04-24 10:00:00,0.5784648060798645
2005-04-24 11:00:00,1.8312275409698486
2005-04-24 12:00:00,2.491060256958008
2005-04-24 13:00:00,2.1656222343444824
2005-04-24 14:00:00,1.3400754928588867
2005-04-24 15:00:00,0.1894889622926712
2005-04-24 16:00:00,1.0319563150405884
2005-04-24 17:00:00,2.0715396404266357
2005-04-24 18:00:00,2.8297207355499268
2005-04-24 19:00:00,2.8445281982421875
2005-04-24 20:00:00,2.3758692741394043
2005-04-24 21:00:00,1.3716336488723755
2005-04-24 22:00:00,0.16834381222724915
2005-04-24 23:00:00,1.4465371370315552
2005-04-25 00:00:00,2.5027878284454346
2005-04-25 01:00:00,2.557532787322998
2005-04-25 02:00:00,1.9257692098617554
2005-04-25 03:00:00,0.9928843379020691
2005-04-25 04:00:00,0.26523786783218384
2005-04-25 05:00:00,1.2404181957244873
2005-04-25 06:00:00,2.130636692047119
2005-04-25 07:00:00,2.5600666999816895
2005-04-25 08:00:00,2.2665531635284424
2005-04-25 09:00:00,1.348637580871582
2005-04-25 10:00:00,0.19004248082637787
2005-04-25 11:00:00,1.28390371799469
2005-04-25 12:00:00,2.274178981781006
2005-04-25 13:00:00,2.4688596725463867
2005-04-25 14:00:00,1.822660207748413
2005-04-25 15:00:00,0.8252487182617188
2005-04-25 16:00:00,0.4855969548225403
2005-04-25 17:00:00,1.5743916034698486
2005-04-25 18:00:00,2.77787184715271
2005-04-25 19:00:00,2.9607622623443604
2005-04-25 20:00:00,2.7648284435272217
2005-04-25 21:00:00,2.0890307426452637
2005-04-25 22:00:00,0.8528531789779663
2005-04-25 23:00:00,0.5043060183525085
2005-04-26 00:00:00,1.890581727027893
2005-04-26 01:00:00,2.6947805881500244
2005-04-26 02:00:00,2.381791591644287
2005-04-26 03:00:00,1.6185216903686523
2005-04-26 04:00:00,0.5595396757125854
2005-04-26 05:00:00,0.6097376346588135
2005-04-26 06:00:00,1.534008264541626
2005-04-26 07:00:00,2.5075526237487793
2005-04-26 08:00:00,2.4447319507598877
2005-04-26 09:00:00,1.9351842403411865
2005-04-26 10:00:00,0.8120229840278625
2005-04-26 11:00:00,0.38979431986808777
2005-04-26 12:00:00,1.70758855342865
2005-04-26 13:00:00,2.4522693157196045
2005-04-26 14:00:00,2.2112040519714355
2005-04-26 15:00:00,1.4115321636199951
2005-04-26 16:00:00,0.26174336671829224
2005-04-26 17:00:00,0.9775686264038086
2005-04-26 18:00:00,2.0501248836517334
2005-04-26 19:00:00,2.8718438148498535
2005-04-26 20:00:00,2.94291353225708
2005-04-26 21:00:00,2.5574638843536377
2005-04-26 22:00:00,1.6810203790664673
2005-04-26 23:00:00,0.4007558822631836
2005-04-27 00:00:00,1.1142116785049438
2005-04-27 01:00:00,2.217294216156006
2005-04-27 02:00:00,2.671976089477539
2005-04-27 03:00:00,2.1346700191497803
2005-04-27 04:00:00,1.300704836845398
2005-04-27 05:00:00,0.1940649002790451
2005-04-27 06:00:00,0.8644024729728699
2005-04-27 07:00:00,1.7312326431274414
2005-04-27 08:00:00,2.493983745574951
2005-04-27 09:00:00,2.2186005115509033
2005-04-27 10:00:00,1.506076455116272
2005-04-27 11:00:00,0.3610020875930786
2005-04-27 12:00:00,0.8628891110420227
2005-04-27 13:00:00,2.000993251800537
2005-04-27 14:00:00,2.4006073474884033
2005-04-27 15:00:00,1.8939411640167236
2005-04-27 16:00:00,1.0005296468734741
2005-04-27 17:00:00,0.266849547624588
2005-04-27 18:00:00,1.3440464735031128
2005-04-27 19:00:00,2.3703932762145996
2005-04-27 20:00:00,2.8677926063537598
2005-04-27 21:00:00,2.7896323204040527
2005-04-27 22:00:00,2.264420986175537
2005-04-27 23:00:00,1.2355940341949463
2005-04-28 00:00:00,0.13347356021404266
2005-04-28 01:00:00,1.4614559412002563
2005-04-28 02:00:00,2.4438114166259766
2005-04-28 03:00:00,2.468200206756592
2005-04-28 04:00:00,1.8694969415664673
2005-04-28 05:00:00,1.0162986516952515
2005-04-28 06:00:00,0.1486981213092804
2005-04-28 07:00:00,0.9981334805488586
2005-04-28 08:00:00,1.7492046356201172
2005-04-28 09:00:00,2.2730658054351807
2005-04-28 10:00:00,1.9092966318130493
2005-04-28 11:00:00,1.1000666618347168
2005-04-28 12:00:00,0.14660625159740448
2005-04-28 13:00:00,1.1564209461212158
2005-04-28 14:00:00,1.9706535339355469
2005-04-28 15:00:00,2.1834311485290527
2005-04-28 16:00:00,1.579567313194275
2005-04-28 17:00:00,0.6503699421882629
2005-04-28 18:00:00,0.5379908680915833
2005-04-28 19:00:00,1.529197096824646
2005-04-28 20:00:00,2.567702054977417
2005-04-28 21:00:00,2.742799997329712
2005-04-28 22:00:00,2.5489401817321777
2005-04-28 23:00:00,1.9347617626190186
2005-04-29 00:00:00,0.8797348737716675
2005-04-29 01:00:00,0.2449893057346344
2005-04-29 02:00:00,1.5707435607910156
2005-04-29 03:00:00,2.3926258087158203
2005-04-29 04:00:00,2.2590181827545166
2005-04-29 05:00:00,1.6532787084579468
2005-04-29 06:00:00,0.8326243162155151
2005-04-29 07:00:00,0.19698752462863922
2005-04-29 08:00:00,0.9779842495918274
2005-04-29 09:00:00,1.6038305759429932
2005-04-29 10:00:00,2.051302194595337
2005-04-29 11:00:00,1.6007095575332642
2005-04-29 12:00:00,0.843244731426239
2005-04-29 13:00:00,0.19141453504562378
2005-04-29 14:00:00,1.1483664512634277
2005-04-29 15:00:00,1.8271163702011108
2005-04-29 16:00:00,1.9162960052490234
2005-04-29 17:00:00,1.3395901918411255
2005-04-29 18:00:00,0.4583337903022766
2005-04-29 19:00:00,0.6285551190376282
2005-04-29 20:00:00,1.51229989528656
2005-04-29 21:00:00,2.3512215614318848
2005-04-29 22:00:00,2.5181875228881836
2005-04-29 23:00:00,2.2838053703308105
2005-04-30 00:00:00,1.659517526626587
2005-04-30 01:00:00,0.6919907927513123
2005-04-30 02:00:00,0.3269219994544983
2005-04-30 03:00:00,1.5085768699645996
2005-04-30 04:00:00,2.203179359436035
2005-04-30 05:00:00,2.1011314392089844
2005-04-30 06:00:00,1.5483789443969727
2005-04-30 07:00:00,0.8153960108757019
2005-04-30 08:00:00,0.1340501457452774
2005-04-30 09:00:00,0.813983142375946
2005-04-30 10:00:00,1.3501328229904175
2005-04-30 11:00:00,1.8024787902832031
2005-04-30 12:00:00,1.418958306312561
2005-04-30 13:00:00,0.8152947425842285
2005-04-30 14:00:00,0.13950157165527344
2005-04-30 15:00:00,0.8211642503738403
2005-04-30 16:00:00,1.470936894416809
2005-04-30 17:00:00,1.686397910118103
2005-04-30 18:00:00,1.2602860927581787
2005-04-30 19:00:00,0.5076442956924438
2005-04-30 20:00:00,0.469181627035141
2005-04-30 21:00:00,1.2693818807601929
2005-04-30 22:00:00,1.913431167602539
2005-04-30 23:00:00,2.2496285438537598
2005-05-01 00:00:00,2.0813369750976562
2005-05-01 01:00:00,1.5447819232940674
2005-05-01 02:00:00,0.707537055015564
2005-05-01 03:00:00,0.24656124413013458
2005-05-01 04:00:00,1.3112127780914307
2005-05-01 05:00:00,1.9580665826797485
2005-05-01 06:00:00,2.0489063262939453
2005-05-01 07:00:00,1.5911802053451538
2005-05-01 08:00:00,0.9612328410148621
2005-05-01 09:00:00,0.21168991923332214
2005-05-01 10:00:00,0.5615119338035583
2005-05-01 11:00:00,1.1040282249450684
2005-05-01 12:00:00,1.492372751235962
2005-05-01 13:00:00,1.4602848291397095
2005-05-01 14:00:00,1.0304731130599976
2005-05-01 15:00:00,0.37766215205192566
2005-05-01 16:00:00,0.3764644265174866
2005-05-01 17:00:00,1.108099102973938
2005-05-01 18:00:00,1.5228614807128906
2005-05-01 19:00:00,1.3441845178604126
2005-05-01 20:00:00,0.8117420077323914
2005-05-01 21:00:00,0.11405835300683975
2005-05-01 22:00:00,0.8518685102462769
2005-05-01 23:00:00,1.5010195970535278
2005-05-02 00:00:00,1.9069690704345703
2005-05-02 01:00:00,1.9924285411834717
2005-05-02 02:00:00,1.6221981048583984
2005-05-02 03:00:00,0.9371904134750366
2005-05-02 04:00:00,0.15212395787239075
2005-05-02 05:00:00,0.937687873840332
2005-05-02 06:00:00,1.759836196899414
2005-05-02 07:00:00,2.0671401023864746
2005-05-02 08:00:00,1.7652788162231445
2005-05-02 09:00:00,1.2061519622802734
2005-05-02 10:00:00,0.4835081100463867
2005-05-02 11:00:00,0.34005826711654663
2005-05-02 12:00:00,0.9933868646621704
2005-05-02 13:00:00,1.4694722890853882
2005-05-02 14:00:00,1.7936111688613892
2005-05-02 15:00:00,1.4181710481643677
2005-05-02 16:00:00,0.8420602083206177
2005-05-02 17:00:00,0.15727274119853973
2005-05-02 18:00:00,0.652593731880188
2005-05-02 19:00:00,1.3251826763153076
2005-05-02 20:00:00,1.5495202541351318
2005-05-02 21:00:00,1.219626784324646
2005-05-02 22:00:00,0.5400329232215881
2005-05-02 23:00:00,0.37517669796943665
2005-05-03 00:00:00,1.137225866317749
2005-05-03 01:00:00,1.7058464288711548
2005-05-03 02:00:00,2.0142273902893066
2005-05-03 03:00:00,1.843889594078064
2005-05-03 04:00:00,1.2484657764434814
2005-05-03 05:00:00,0.38370341062545776
2005-05-03 06:00:00,0.5863213539123535
2005-05-03 07:00:00,1.5900847911834717
2005-05-03 08:00:00,2.1485848426818848
2005-05-03 09:00:00,1.972630500793457
2005-05-03 10:00:00,1.4210846424102783
2005-05-03 11:00:00,0.6632617712020874
2005-05-03 12:00:00,0.28148189187049866
2005-05-03 13:00:00,1.0539343357086182
2005-05-03 14:00:00,1.6675220727920532
2005-05-03 15:00:00,2.0190341472625732
2005-05-03 16:00:00,1.8134416341781616
2005-05-03 17:00:00,1.2038118839263916
2005-05-03 18:00:00,0.35279151797294617
2005-05-03 19:00:00,0.5326918959617615
2005-05-03 20:00:00,1.4158700704574585
2005-05-03 21:00:00,1.8354438543319702
2005-05-03 22:00:00,1.5857094526290894
2005-05-03 23:00:00,0.8856413960456848
2005-05-04 00:00:00,0.13852593302726746
2005-05-04 01:00:00,0.978201687335968
2005-05-04 02:00:00,1.6820895671844482
2005-05-04 03:00:00,2.0571413040161133
2005-05-04 04:00:00,2.0374937057495117
2005-05-04 05:00:00,1.4764468669891357
2005-05-04 06:00:00,0.5337997674942017
2005-05-04 07:00:00,0.5021926164627075
2005-05-04 08:00:00,1.6303914785385132
2005-05-04 09:00:00,2.278735637664795
2005-05-04 10:00:00,2.1028990745544434
2005-05-04 11:00:00,1.4862399101257324
2005-05-04 12:00:00,0.6193507313728333
2005-05-04 13:00:00,0.439042866230011
2005-05-04 14:00:00,1.302514910697937
2005-05-04 15:00:00,2.1259407997131348
2005-05-04 16:00:00,2.3383727073669434
2005-05-04 17:00:00,2.0799100399017334
2005-05-04 18:00:00,1.3511639833450317
2005-05-04 19:00:00,0.3614831566810608
2005-05-04 20:00:00,0.6912322640419006
2005-05-04 21:00:00,1.6718056201934814
2005-05-04 22:00:00,2.129390001296997
2005-05-04 23:00:00,1.772106409072876
2005-05-05 00:00:00,1.0081219673156738
2005-05-05 01:00:00,0.13817612826824188
2005-05-05 02:00:00,1.0204284191131592
2005-05-05 03:00:00,1.8084032535552979
2005-05-05 04:00:00,2.244532585144043
2005-05-05 05:00:00,2.1700727939605713
2005-05-05 06:00:00,1.526055097579956
2005-05-05 07:00:00,0.4710230827331543
2005-05-05 08:00:00,0.6757249236106873
2005-05-05 09:00:00,1.8061645030975342
2005-05-05 10:00:00,2.408936023712158
2005-05-05 11:00:00,2.1058521270751953
2005-05-05 12:00:00,1.3725323677062988
2005-05-05 13:00:00,0.3400804102420807
2005-05-05 14:00:00,0.7833616733551025
2005-05-05 15:00:00,1.7186815738677979
2005-05-05 16:00:00,2.6057257652282715
2005-05-05 17:00:00,2.582826614379883
2005-05-05 18:00:00,2.174814224243164
2005-05-05 19:00:00,1.2792739868164062
2005-05-05 20:00:00,0.2116205245256424
2005-05-05 21:00:00,1.152999997138977
2005-05-05 22:00:00,2.0515410900115967
2005-05-05 23:00:00,2.3641834259033203
2005-05-06 00:00:00,1.8026231527328491
2005-05-06 01:00:00,0.9323244094848633
2005-05-06 02:00:00,0.2512207627296448
2005-05-06 03:00:00,1.1996344327926636
2005-05-06 04:00:00,2.0190253257751465
2005-05-06 05:00:00,2.426459312438965
2005-05-06 06:00:00,2.1891348361968994
2005-05-06 07:00:00,1.3812730312347412
2005-05-06 08:00:00,0.2618404030799866
2005-05-06 09:00:00,1.0736677646636963
2005-05-06 10:00:00,2.0807456970214844
2005-05-06 11:00:00,2.496109962463379
2005-05-06 12:00:00,1.9613821506500244
2005-05-06 13:00:00,1.0894091129302979
2005-05-06 14:00:00,0.18516144156455994
2005-05-06 15:00:00,1.2310993671417236
2005-05-06 16:00:00,2.1987013816833496
2005-05-06 17:00:00,2.785250186920166
2005-05-06 18:00:00,2.682965040206909
2005-05-06 19:00:00,2.097775936126709
2005-05-06 20:00:00,1.0167821645736694
2005-05-06 21:00:00,0.19610284268856049
2005-05-06 22:00:00,1.605035424232483
2005-05-06 23:00:00,2.5186266899108887
2005-05-07 00:00:00,2.3706536293029785
2005-05-07 01:00:00,1.6801801919937134
2005-05-07 02:00:00,0.684296190738678
2005-05-07 03:00:00,0.5033149719238281
2005-05-07 04:00:00,1.4399610757827759
2005-05-07 05:00:00,2.440678834915161
2005-05-07 06:00:00,2.4667842388153076
2005-05-07 07:00:00,2.0619547367095947
2005-05-07 08:00:00,1.0529506206512451
2005-05-07 09:00:00,0.19656749069690704
2005-05-07 10:00:00,1.5028150081634521
2005-05-07 11:00:00,2.4161553382873535
2005-05-07 12:00:00,2.366323947906494
2005-05-07 13:00:00,1.6777359247207642
2005-05-07 14:00:00,0.6375505924224854
2005-05-07 15:00:00,0.6382623910903931
2005-05-07 16:00:00,1.7041457891464233
2005-05-07 17:00:00,2.8112704753875732
2005-05-07 18:00:00,2.904874324798584
2005-05-07 19:00:00,2.62190580368042
2005-05-07 20:00:00,1.8494892120361328
2005-05-07 21:00:00,0.6036733388900757
2005-05-07 22:00:00,0.7842274308204651
2005-05-07 23:00:00,2.135741710662842
2005-05-08 00:00:00,2.6649296283721924
2005-05-08 01:00:00,2.2402353286743164
2005-05-08 02:00:00,1.434725284576416
2005-05-08 03:00:00,0.31060701608657837
2005-05-08 04:00:00,0.8044707179069519
2005-05-08 05:00:00,1.728232741355896
2005-05-08 06:00:00,2.5889804363250732
2005-05-08 07:00:00,2.3952114582061768
2005-05-08 08:00:00,1.7691752910614014
2005-05-08 09:00:00,0.6130432486534119
2005-05-08 10:00:00,0.597649872303009
2005-05-08 11:00:00,1.8205581903457642
2005-05-08 12:00:00,2.456040382385254
2005-05-08 13:00:00,2.122525691986084
2005-05-08 14:00:00,1.2813869714736938
2005-05-08 15:00:00,0.14835955202579498
2005-05-08 16:00:00,1.127021312713623
2005-05-08 17:00:00,2.169931650161743
2005-05-08 18:00:00,2.9004180431365967
2005-05-08 19:00:00,2.882251501083374
2005-05-08 20:00:00,2.4076435565948486
2005-05-08 21:00:00,1.4131606817245483
2005-05-08 22:00:00,0.2002260386943817
2005-05-08 23:00:00,1.4027577638626099
2005-05-09 00:00:00,2.4698305130004883
2005-05-09 01:00:00,2.5917611122131348
2005-05-09 02:00:00,1.991490364074707
2005-05-09 03:00:00,1.0956346988677979
2005-05-09 04:00:00,0.16602282226085663
2005-05-09 05:00:00,1.109871745109558
2005-05-09 06:00:00,1.9600404500961304
2005-05-09 07:00:00,2.4715495109558105
2005-05-09 08:00:00,2.1943864822387695
2005-05-09 09:00:00,1.3306987285614014
2005-05-09 10:00:00,0.20949628949165344
2005-05-09 11:00:00,1.1461576223373413
2005-05-09 12:00:00,2.078500747680664
2005-05-09 13:00:00,2.3910770416259766
2005-05-09 14:00:00,1.7711055278778076
2005-05-09 15:00:00,0.7980114221572876
2005-05-09 16:00:00,0.4856983721256256
2005-05-09 17:00:00,1.5580743551254272
2005-05-09 18:00:00,2.7147512435913086
2005-05-09 19:00:00,2.9099326133728027
2005-05-09 20:00:00,2.7115297317504883
2005-05-09 21:00:00,2.0521950721740723
2005-05-09 22:00:00,0.8619572520256042
2005-05-09 23:00:00,0.4224022924900055
2005-05-10 00:00:00,1.8056097030639648
2005-05-10 01:00:00,2.623823642730713
2005-05-10 02:00:00,2.3696107864379883
2005-05-10 03:00:00,1.656921148300171
2005-05-10 04:00:00,0.6725131869316101
2005-05-10 05:00:00,0.47088974714279175
2005-05-10 06:00:00,1.3534643650054932
2005-05-10 07:00:00,2.261352062225342
2005-05-10 08:00:00,2.313622236251831
2005-05-10 09:00:00,1.8494853973388672
2005-05-10 10:00:00,0.8228985071182251
2005-05-10 11:00:00,0.3102932572364807
2005-05-10 12:00:00,1.509582281112671
2005-05-10 13:00:00,2.2480931282043457
2005-05-10 14:00:00,2.0902175903320312
2005-05-10 15:00:00,1.353553056716919
2005-05-10 16:00:00,0.2697146534919739
2005-05-10 17:00:00,0.9276406168937683
2005-05-10 18:00:00,1.9354884624481201
2005-05-10 19:00:00,2.696845054626465
2005-05-10 20:00:00,2.791473627090454
2005-05-10 21:00:00,2.40515398979187
2005-05-10 22:00:00,1.5520601272583008
2005-05-10 23:00:00,0.35787734389305115
2005-05-11 00:00:00,1.0593007802963257
2005-05-11 01:00:00,2.102186918258667
2005-05-11 02:00:00,2.554335355758667
2005-05-11 03:00:00,2.0641062259674072
2005-05-11 04:00:00,1.2873694896697998
2005-05-11 05:00:00,0.2553795874118805
2005-05-11 06:00:00,0.7383995056152344
2005-05-11 07:00:00,1.529817819595337
2005-05-11 08:00:00,2.2876832485198975
2005-05-11 09:00:00,2.033210277557373
2005-05-11 10:00:00,1.404581904411316
2005-05-11 11:00:00,0.37333035469055176
2005-05-11 12:00:00,0.6861106753349304
2005-05-11 13:00:00,1.6813510656356812
2005-05-11 14:00:00,2.1246509552001953
2005-05-11 15:00:00,1.7312053442001343
2005-05-11 16:00:00,0.9162866473197937
2005-05-11 17:00:00,0.26660463213920593
2005-05-11 18:00:00,1.2706291675567627
2005-05-11 19:00:00,2.1481220722198486
2005-05-11 20:00:00,2.6464760303497314
2005-05-11 21:00:00,2.545844078063965
2005-05-11 22:00:00,1.99859619140625
2005-05-11 23:00:00,1.0073002576828003
2005-05-12 00:00:00,0.16313952207565308
2005-05-12 01:00:00,1.455834984779358
2005-05-12 02:00:00,2.3056321144104004
2005-05-12 03:00:00,2.301041841506958
2005-05-12 04:00:00,1.722562551498413
2005-05-12 05:00:00,0.9224292635917664
2005-05-12 06:00:00,0.1458434909582138
2005-05-12 07:00:00,0.9262054562568665
2005-05-12 08:00:00,1.5807632207870483
2005-05-12 09:00:00,2.102163314819336
2005-05-12 10:00:00,1.6792821884155273
2005-05-12 11:00:00,0.9579971432685852
2005-05-12 12:00:00,0.14436054229736328
2005-05-12 13:00:00,0.9966179132461548
2005-05-12 14:00:00,1.7396526336669922
2005-05-12 15:00:00,1.9081745147705078
2005-05-12 16:00:00,1.3622002601623535
2005-05-12 17:00:00,0.49371179938316345
2005-05-12 18:00:00,0.5907622575759888
2005-05-12 19:00:00,1.4702527523040771
2005-05-12 20:00:00,2.3001294136047363
2005-05-12 21:00:00,2.4620659351348877
2005-05-12 22:00:00,2.2054879665374756
2005-05-12 23:00:00,1.538947343826294
2005-05-13 00:00:00,0.5447610020637512
2005-05-13 01:00:00,0.5142662525177002
2005-05-13 02:00:00,1.617522954940796
2005-05-13 03:00:00,2.228555679321289
2005-05-13 04:00:00,2.00876522064209
2005-05-13 05:00:00,1.4070549011230469
2005-05-13 06:00:00,0.6140278577804565
2005-05-13 07:00:00,0.29083895683288574
2005-05-13 08:00:00,0.9924119710922241
2005-05-13 09:00:00,1.4920445680618286
2005-05-13 10:00:00,1.8185930252075195
2005-05-13 11:00:00,1.3191194534301758
2005-05-13 12:00:00,0.6140615940093994
2005-05-13 13:00:00,0.26629453897476196
2005-05-13 14:00:00,1.100669264793396
2005-05-13 15:00:00,1.641226053237915
2005-05-13 16:00:00,1.5834672451019287
2005-05-13 17:00:00,1.0316054821014404
2005-05-13 18:00:00,0.18853306770324707
2005-05-13 19:00:00,0.7858215570449829
2005-05-13 20:00:00,1.5237953662872314
2005-05-13 21:00:00,2.045755386352539
2005-05-13 22:00:00,2.176337957382202
2005-05-13 23:00:00,1.8290488719940186
2005-05-14 00:00:00,1.1267904043197632
2005-05-14 01:00:00,0.24524962902069092
2005-05-14 02:00:00,0.7767373919487
2005-05-14 03:00:00,1.6602280139923096
2005-05-14 04:00:00,2.0335710048675537
2005-05-14 05:00:00,1.7440401315689087
2005-05-14 06:00:00,1.1670132875442505
2005-05-14 07:00:00,0.4313583970069885
2005-05-14 08:00:00,0.3535323441028595
2005-05-14 09:00:00,0.9429106712341309
2005-05-14 10:00:00,1.3168015480041504
2005-05-14 11:00:00,1.593410611152649
2005-05-14 12:00:00,1.0445765256881714
2005-05-14 13:00:00,0.4348430037498474
2005-05-14 14:00:00,0.3078244924545288
2005-05-14 15:00:00,0.9792826771736145
2005-05-14 16:00:00,1.44350266456604
2005-05-14 17:00:00,1.2967737913131714
2005-05-14 18:00:00,0.7946674227714539
2005-05-14 19:00:00,0.10991135984659195
2005-05-14 20:00:00,0.8046231269836426
2005-05-14 21:00:00,1.414141058921814
2005-05-14 22:00:00,1.7937877178192139
2005-05-14 23:00:00,1.8750791549682617
2005-05-15 00:00:00,1.498856782913208
2005-05-15 01:00:00,0.8461806178092957
2005-05-15 02:00:00,0.14513322710990906
2005-05-15 03:00:00,0.8487066030502319
2005-05-15 04:00:00,1.6035449504852295
2005-05-15 05:00:00,1.8546159267425537
2005-05-15 06:00:00,1.5670416355133057
2005-05-15 07:00:00,1.0402204990386963
2005-05-15 08:00:00,0.3895200490951538
2005-05-15 09:00:00,0.32105278968811035
2005-05-15 10:00:00,0.835743248462677
2005-05-15 11:00:00,1.1448755264282227
2005-05-15 12:00:00,1.3589739799499512
2005-05-15 13:00:00,0.9020503163337708
2005-05-15 14:00:00,0.43620795011520386
2005-05-15 15:00:00,0.21191909909248352
2005-05-15 16:00:00,0.7133351564407349
2005-05-15 17:00:00,1.1280690431594849
2005-05-15 18:00:00,1.1038036346435547
2005-05-15 19:00:00,0.7151638865470886
2005-05-15 20:00:00,0.11143505573272705
2005-05-15 21:00:00,0.6524391174316406
2005-05-15 22:00:00,1.1745884418487549
2005-05-15 23:00:00,1.5084627866744995
2005-05-16 00:00:00,1.6566307544708252
2005-05-16 01:00:00,1.297469973564148
2005-05-16 02:00:00,0.7362173199653625
2005-05-16 03:00:00,0.13499392569065094
2005-05-16 04:00:00,0.7569796442985535
2005-05-16 05:00:00,1.4332107305526733
2005-05-16 06:00:00,1.747431755065918
2005-05-16 07:00:00,1.505293607711792
2005-05-16 08:00:00,1.0330259799957275
2005-05-16 09:00:00,0.4426398277282715
2005-05-16 10:00:00,0.24101093411445618
2005-05-16 11:00:00,0.7520982623100281
2005-05-16 12:00:00,1.0765480995178223
2005-05-16 13:00:00,1.3351376056671143
2005-05-16 14:00:00,1.0009126663208008
2005-05-16 15:00:00,0.6132206916809082
2005-05-16 16:00:00,0.12757886946201324
2005-05-16 17:00:00,0.472087562084198
2005-05-16 18:00:00,0.936362087726593
2005-05-16 19:00:00,1.1296522617340088
2005-05-16 20:00:00,0.8039491772651672
2005-05-16 21:00:00,0.30455201864242554
2005-05-16 22:00:00,0.38300272822380066
2005-05-16 23:00:00,0.9138232469558716
2005-05-17 00:00:00,1.284106969833374
2005-05-17 01:00:00,1.4343985319137573
2005-05-17 02:00:00,1.2528115510940552
2005-05-17 03:00:00,0.7813628911972046
2005-05-17 04:00:00,0.1571442037820816
2005-05-17 05:00:00,0.6347420811653137
2005-05-17 06:00:00,1.369875192642212
2005-05-17 07:00:00,1.7038745880126953
2005-05-17 08:00:00,1.5389903783798218
2005-05-17 09:00:00,1.0992872714996338
2005-05-17 10:00:00,0.5156686902046204
2005-05-17 11:00:00,0.20698651671409607
2005-05-17 12:00:00,0.7727209329605103
2005-05-17 13:00:00,1.1684057712554932
2005-05-17 14:00:00,1.5316925048828125
2005-05-17 15:00:00,1.239181637763977
2005-05-17 16:00:00,0.8556933403015137
2005-05-17 17:00:00,0.2797851860523224
2005-05-17 18:00:00,0.3619648814201355
2005-05-17 19:00:00,0.9302318692207336
2005-05-17 20:00:00,1.1947276592254639
2005-05-17 21:00:00,1.048309087753296
2005-05-17 22:00:00,0.5687628388404846
2005-05-17 23:00:00,0.1510867178440094
2005-05-18 00:00:00,0.7603265643119812
2005-05-18 01:00:00,1.1933685541152954
2005-05-18 02:00:00,1.396004319190979
2005-05-18 03:00:00,1.394932746887207
2005-05-18 04:00:00,0.8852871060371399
2005-05-18 05:00:00,0.22069378197193146
2005-05-18 06:00:00,0.5846051573753357
2005-05-18 07:00:00,1.3940842151641846
2005-05-18 08:00:00,1.7599995136260986
2005-05-18 09:00:00,1.6110435724258423
2005-05-18 10:00:00,1.136547327041626
2005-05-18 11:00:00,0.48690515756607056
2005-05-18 12:00:00,0.31504422426223755
2005-05-18 13:00:00,0.9595826864242554
2005-05-18 14:00:00,1.432752013206482
2005-05-18 15:00:00,1.6523172855377197
2005-05-18 16:00:00,1.5063103437423706
2005-05-18 17:00:00,0.9842545390129089
2005-05-18 18:00:00,0.28678128123283386
2005-05-18 19:00:00,0.45375919342041016
2005-05-18 20:00:00,1.1674411296844482
2005-05-18 21:00:00,1.4612900018692017
2005-05-18 22:00:00,1.2726798057556152
2005-05-18 23:00:00,0.7291730642318726
2005-05-19 00:00:00,0.1175350695848465
2005-05-19 01:00:00,0.7846240401268005
2005-05-19 02:00:00,1.284902572631836
2005-05-19 03:00:00,1.5452368259429932
2005-05-19 04:00:00,1.486238718032837
2005-05-19 05:00:00,0.9684611558914185
2005-05-19 06:00:00,0.19850662350654602
2005-05-19 07:00:00,0.7038530111312866
2005-05-19 08:00:00,1.5193358659744263
2005-05-19 09:00:00,1.9005597829818726
2005-05-19 10:00:00,1.6399056911468506
2005-05-19 11:00:00,1.0557854175567627
2005-05-19 12:00:00,0.2726646959781647
2005-05-19 13:00:00,0.6260632276535034
2005-05-19 14:00:00,1.3098080158233643
2005-05-19 15:00:00,1.9871203899383545
2005-05-19 16:00:00,1.9633152484893799
2005-05-19 17:00:00,1.6399571895599365
2005-05-19 18:00:00,0.9282969236373901
2005-05-19 19:00:00,0.15807025134563446
2005-05-19 20:00:00,0.8180675506591797
2005-05-19 21:00:00,1.555551290512085
2005-05-19 22:00:00,1.7651424407958984
2005-05-19 23:00:00,1.388511300086975
2005-05-20 00:00:00,0.6895177960395813
2005-05-20 01:00:00,0.2254934310913086
2005-05-20 02:00:00,0.974706768989563
2005-05-20 03:00:00,1.517716646194458
2005-05-20 04:00:00,1.7309163808822632
2005-05-20 05:00:00,1.572261929512024
2005-05-20 06:00:00,0.8850458264350891
2005-05-20 07:00:00,0.14281851053237915
2005-05-20 08:00:00,1.0503723621368408
2005-05-20 09:00:00,1.8083536624908447
2005-05-20 10:00:00,2.026482582092285
2005-05-20 11:00:00,1.5586299896240234
2005-05-20 12:00:00,0.8248199224472046
2005-05-20 13:00:00,0.2079753577709198
2005-05-20 14:00:00,1.074932336807251
2005-05-20 15:00:00,1.8030335903167725
2005-05-20 16:00:00,2.220167636871338
2005-05-20 17:00:00,2.171393632888794
2005-05-20 18:00:00,1.6176929473876953
2005-05-20 19:00:00,0.6944103240966797
2005-05-20 20:00:00,0.29554441571235657
2005-05-20 21:00:00,1.384222388267517
2005-05-20 22:00:00,2.02805495262146
2005-05-20 23:00:00,1.9548918008804321
2005-05-21 00:00:00,1.3428447246551514
2005-05-21 01:00:00,0.496438592672348
2005-05-21 02:00:00,0.47602397203445435
2005-05-21 03:00:00,1.2429966926574707
2005-05-21 04:00:00,1.870711326599121
2005-05-21 05:00:00,1.96240234375
2005-05-21 06:00:00,1.5539288520812988
2005-05-21 07:00:00,0.6633651256561279
2005-05-21 08:00:00,0.3654729425907135
2005-05-21 09:00:00,1.4737462997436523
2005-05-21 10:00:00,2.125836133956909
2005-05-21 11:00:00,1.9990774393081665
2005-05-21 12:00:00,1.3624699115753174
2005-05-21 13:00:00,0.42368564009666443
2005-05-21 14:00:00,0.6767533421516418
2005-05-21 15:00:00,1.580647587776184
2005-05-21 16:00:00,2.4801032543182373
2005-05-21 17:00:00,2.5429413318634033
2005-05-21 18:00:00,2.228562831878662
2005-05-21 19:00:00,1.4516844749450684
2005-05-21 20:00:00,0.37296774983406067
2005-05-21 21:00:00,0.8543351292610168
2005-05-21 22:00:00,1.95230233669281
2005-05-21 23:00:00,2.3266875743865967
2005-05-22 00:00:00,1.9333274364471436
2005-05-22 01:00:00,1.1867430210113525
2005-05-22 02:00:00,0.20596475899219513
2005-05-22 03:00:00,0.788320779800415
2005-05-22 04:00:00,1.567918062210083
2005-05-22 05:00:00,2.2885401248931885
2005-05-22 06:00:00,2.0388073921203613
2005-05-22 07:00:00,1.3993784189224243
2005-05-22 08:00:00,0.3506647050380707
2005-05-22 09:00:00,0.7840155363082886
2005-05-22 10:00:00,1.8471643924713135
2005-05-22 11:00:00,2.2942724227905273
2005-05-22 12:00:00,1.8699976205825806
2005-05-22 13:00:00,1.0526124238967896
2005-05-22 14:00:00,0.1693531721830368
2005-05-22 15:00:00,1.186183214187622
2005-05-22 16:00:00,2.1138179302215576
2005-05-22 17:00:00,2.7269394397735596
2005-05-22 18:00:00,2.6768710613250732
2005-05-22 19:00:00,2.163947582244873
2005-05-22 20:00:00,1.1680837869644165
2005-05-22 21:00:00,0.13731904327869415
2005-05-22 22:00:00,1.4583241939544678
2005-05-22 23:00:00,2.4041059017181396
2005-05-23 00:00:00,2.4237074851989746
2005-05-23 01:00:00,1.8178434371948242
2005-05-23 02:00:00,0.9472194910049438
2005-05-23 03:00:00,0.21379773318767548
2005-05-23 04:00:00,1.1118638515472412
2005-05-23 05:00:00,1.8852097988128662
2005-05-23 06:00:00,2.301240921020508
2005-05-23 07:00:00,2.002894401550293
2005-05-23 08:00:00,1.1133954524993896
2005-05-23 09:00:00,0.15397436916828156
2005-05-23 10:00:00,1.3217566013336182
2005-05-23 11:00:00,2.200995683670044
2005-05-23 12:00:00,2.2876737117767334
2005-05-23 13:00:00,1.6462945938110352
2005-05-23 14:00:00,0.647911787033081
2005-05-23 15:00:00,0.6025695204734802
2005-05-23 16:00:00,1.6584370136260986
2005-05-23 17:00:00,2.7549643516540527
2005-05-23 18:00:00,2.9115371704101562
2005-05-23 19:00:00,2.686291217803955
2005-05-23 20:00:00,2.0127134323120117
2005-05-23 21:00:00,0.8074852824211121
2005-05-23 22:00:00,0.5136770009994507
2005-05-23 23:00:00,1.8628416061401367
2005-05-24 00:00:00,2.650405168533325
2005-05-24 01:00:00,2.3605129718780518
2005-05-24 02:00:00,1.6345278024673462
2005-05-24 03:00:00,0.637374222278595
2005-05-24 04:00:00,0.5027695894241333
2005-05-24 05:00:00,1.3881796598434448
2005-05-24 06:00:00,2.325117588043213
2005-05-24 07:00:00,2.331418037414551
2005-05-24 08:00:00,1.8405135869979858
2005-05-24 09:00:00,0.7575365900993347
2005-05-24 10:00:00,0.4103943407535553
2005-05-24 11:00:00,1.669276237487793
2005-05-24 12:00:00,2.3830018043518066
2005-05-24 13:00:00,2.145850896835327
2005-05-24 14:00:00,1.3573919534683228
2005-05-24 15:00:00,0.219389408826828
2005-05-24 16:00:00,1.0264445543289185
2005-05-24 17:00:00,2.096301317214966
2005-05-24 18:00:00,2.894378185272217
2005-05-24 19:00:00,2.970442533493042
2005-05-24 20:00:00,2.5996527671813965
2005-05-24 21:00:00,1.7554353475570679
2005-05-24 22:00:00,0.46352213621139526
2005-05-24 23:00:00,1.0540707111358643
2005-05-25 00:00:00,2.2025394439697266
2005-05-25 01:00:00,2.7339985370635986
2005-05-25 02:00:00,2.2269527912139893
2005-05-25 03:00:00,1.4156711101531982
2005-05-25 04:00:00,0.31886887550354004
2005-05-25 05:00:00,0.7545630931854248
2005-05-25 06:00:00,1.630640983581543
2005-05-25 07:00:00,2.4746482372283936
2005-05-25 08:00:00,2.2466864585876465
2005-05-25 09:00:00,1.581635594367981
2005-05-25 10:00:00,0.42458638548851013
2005-05-25 11:00:00,0.7858937978744507
2005-05-25 12:00:00,1.9603636264801025
2005-05-25 13:00:00,2.4293229579925537
2005-05-25 14:00:00,1.9549179077148438
2005-05-25 15:00:00,1.0561295747756958
2005-05-25 16:00:00,0.2449169158935547
2005-05-25 17:00:00,1.364841341972351
2005-05-25 18:00:00,2.453585147857666
2005-05-25 19:00:00,2.976978063583374
2005-05-25 20:00:00,2.923215389251709
2005-05-25 21:00:00,2.4449172019958496
2005-05-25 22:00:00,1.4364176988601685
2005-05-25 23:00:00,0.20448926091194153
2005-05-26 00:00:00,1.421971082687378
2005-05-26 01:00:00,2.512342929840088
2005-05-26 02:00:00,2.6302483081817627
2005-05-26 03:00:00,2.0503339767456055
2005-05-26 04:00:00,1.1933904886245728
2005-05-26 05:00:00,0.1338190734386444
2005-05-26 06:00:00,0.9444046020507812
2005-05-26 07:00:00,1.777385950088501
2005-05-26 08:00:00,2.437351942062378
2005-05-26 09:00:00,2.093726396560669
2005-05-26 10:00:00,1.2965943813323975
2005-05-26 11:00:00,0.20220044255256653
2005-05-26 12:00:00,1.0903245210647583
2005-05-26 13:00:00,2.017937183380127
2005-05-26 14:00:00,2.3422627449035645
2005-05-26 15:00:00,1.7385215759277344
2005-05-26 16:00:00,0.7755317687988281
2005-05-26 17:00:00,0.4991379380226135
2005-05-26 18:00:00,1.578420877456665
2005-05-26 19:00:00,2.730154514312744
2005-05-26 20:00:00,2.953739643096924
2005-05-26 21:00:00,2.7917113304138184
2005-05-26 22:00:00,2.217880964279175
2005-05-26 23:00:00,1.1144918203353882
2005-05-27 00:00:00,0.14474771916866302
2005-05-27 01:00:00,1.6212151050567627
2005-05-27 02:00:00,2.6136975288391113
2005-05-27 03:00:00,2.4925875663757324
2005-05-27 04:00:00,1.866481065750122
2005-05-27 05:00:00,0.9917952418327332
2005-05-27 06:00:00,0.1784317046403885
2005-05-27 07:00:00,1.0492085218429565
2005-05-27 08:00:00,1.803384780883789
2005-05-27 09:00:00,2.2962253093719482
2005-05-27 10:00:00,1.9106359481811523
2005-05-27 11:00:00,1.07056725025177
2005-05-27 12:00:00,0.15180668234825134
2005-05-27 13:00:00,1.213674783706665
2005-05-27 14:00:00,2.027550220489502
2005-05-27 15:00:00,2.1797749996185303
2005-05-27 16:00:00,1.5470952987670898
2005-05-27 17:00:00,0.571961522102356
2005-05-27 18:00:00,0.6449224948883057
2005-05-27 19:00:00,1.6641029119491577
2005-05-27 20:00:00,2.675358533859253
2005-05-27 21:00:00,2.826115608215332
2005-05-27 22:00:00,2.5993893146514893
2005-05-27 23:00:00,1.9595720767974854
2005-05-28 00:00:00,0.8491352796554565
2005-05-28 01:00:00,0.3488632142543793
2005-05-28 02:00:00,1.7089710235595703
2005-05-28 03:00:00,2.5409092903137207
2005-05-28 04:00:00,2.3491101264953613
2005-05-28 05:00:00,1.7135759592056274
2005-05-28 06:00:00,0.8480299115180969
2005-05-28 07:00:00,0.2350185364484787
2005-05-28 08:00:00,1.061708688735962
2005-05-28 09:00:00,1.742455244064331
2005-05-28 10:00:00,2.1618282794952393
2005-05-28 11:00:00,1.760676383972168
2005-05-28 12:00:00,0.9702486991882324
2005-05-28 13:00:00,0.15518581867218018
2005-05-28 14:00:00,1.1189031600952148
2005-05-28 15:00:00,1.843320608139038
2005-05-28 16:00:00,2.0235280990600586
2005-05-28 17:00:00,1.423122525215149
2005-05-28 18:00:00,0.5019777417182922
2005-05-28 19:00:00,0.6422291994094849
2005-05-28 20:00:00,1.5828564167022705
2005-05-28 21:00:00,2.4830427169799805
2005-05-28 22:00:00,2.629373788833618
2005-05-28 23:00:00,2.382751226425171
2005-05-29 00:00:00,1.7257585525512695
2005-05-29 01:00:00,0.6771367788314819
2005-05-29 02:00:00,0.4588576853275299
2005-05-29 03:00:00,1.6945844888687134
2005-05-29 04:00:00,2.4238433837890625
2005-05-29 05:00:00,2.2275326251983643
2005-05-29 06:00:00,1.6174538135528564
2005-05-29 07:00:00,0.7943696975708008
2005-05-29 08:00:00,0.22066767513751984
2005-05-29 09:00:00,1.0059934854507446
2005-05-29 10:00:00,1.6413034200668335
2005-05-29 11:00:00,2.093271255493164
2005-05-29 12:00:00,1.7052398920059204
2005-05-29 13:00:00,1.0232537984848022
2005-05-29 14:00:00,0.17563584446907043
2005-05-29 15:00:00,0.8169267773628235
2005-05-29 16:00:00,1.618735671043396
2005-05-29 17:00:00,1.8561618328094482
2005-05-29 18:00:00,1.4023076295852661
2005-05-29 19:00:00,0.5911437273025513
2005-05-29 20:00:00,0.4682510793209076
2005-05-29 21:00:00,1.3479794263839722
2005-05-29 22:00:00,2.1658260822296143
2005-05-29 23:00:00,2.389418840408325
2005-05-30 00:00:00,2.187347650527954
2005-05-30 01:00:00,1.5756199359893799
2005-05-30 02:00:00,0.6154874563217163
2005-05-30 03:00:00,0.42988914251327515
2005-05-30 04:00:00,1.6058166027069092
2005-05-30 05:00:00,2.3021252155303955
2005-05-30 06:00:00,2.1524364948272705
2005-05-30 07:00:00,1.5875803232192993
2005-05-30 08:00:00,0.8231383562088013
2005-05-30 09:00:00,0.16595123708248138
2005-05-30 10:00:00,0.9283431768417358
2005-05-30 11:00:00,1.5579224824905396
2005-05-30 12:00:00,2.10343074798584
2005-05-30 13:00:00,1.770301103591919
2005-05-30 14:00:00,1.2085076570510864
2005-05-30 15:00:00,0.37245112657546997
2005-05-30 16:00:00,0.5005701780319214
2005-05-30 17:00:00,1.3494038581848145
2005-05-30 18:00:00,1.7602910995483398
2005-05-30 19:00:00,1.5210554599761963
2005-05-30 20:00:00,0.8189620971679688
2005-05-30 21:00:00,0.17397038638591766
2005-05-30 22:00:00,1.0185626745224
2005-05-30 23:00:00,1.6982946395874023
2005-05-31 00:00:00,2.07788348197937
2005-05-31 01:00:00,2.0508666038513184
2005-05-31 02:00:00,1.5399634838104248
2005-05-31 03:00:00,0.6685301065444946
2005-05-31 04:00:00,0.3255426287651062
2005-05-31 05:00:00,1.4541258811950684
2005-05-31 06:00:00,2.173056125640869
2005-05-31 07:00:00,2.132931709289551
2005-05-31 08:00:00,1.6169229745864868
2005-05-31 09:00:00,0.8891533017158508
2005-05-31 10:00:00,0.12908603250980377
2005-05-31 11:00:00,0.884346604347229
2005-05-31 12:00:00,1.5495498180389404
2005-05-31 13:00:00,2.1711552143096924
2005-05-31 14:00:00,1.9323396682739258
2005-05-31 15:00:00,1.452728033065796
2005-05-31 16:00:00,0.640598475933075
2005-05-31 17:00:00,0.25651445984840393
2005-05-31 18:00:00,1.175939679145813
2005-05-31 19:00:00,1.6576573848724365
2005-05-31 20:00:00,1.66139817237854
2005-05-31 21:00:00,1.1101281642913818
2005-05-31 22:00:00,0.27949944138526917
2005-05-31 23:00:00,0.6579077839851379
2005-06-01 00:00:00,1.3689758777618408
2005-06-01 01:00:00,1.9534661769866943
2005-06-01 02:00:00,1.9805494546890259
2005-06-01 03:00:00,1.5907155275344849
2005-06-01 04:00:00,0.7889796495437622
2005-06-01 05:00:00,0.22669866681098938
2005-06-01 06:00:00,1.30642569065094
2005-06-01 07:00:00,2.0494964122772217
2005-06-01 08:00:00,2.1487650871276855
2005-06-01 09:00:00,1.660399079322815
2005-06-01 10:00:00,0.9352008700370789
2005-06-01 11:00:00,0.1273116171360016
2005-06-01 12:00:00,0.9217437505722046
2005-06-01 13:00:00,1.6487411260604858
2005-06-01 14:00:00,2.252251386642456
2005-06-01 15:00:00,2.1338696479797363
2005-06-01 16:00:00,1.6642429828643799
2005-06-01 17:00:00,0.8373708724975586
2005-06-01 18:00:00,0.17725035548210144
2005-06-01 19:00:00,1.116721272468567
2005-06-01 20:00:00,1.721360445022583
2005-06-01 21:00:00,1.8468258380889893
2005-06-01 22:00:00,1.3534364700317383
2005-06-01 23:00:00,0.5662232041358948
2005-06-02 00:00:00,0.3995264172554016
2005-06-02 01:00:00,1.1705228090286255
2005-06-02 02:00:00,1.7430484294891357
2005-06-02 03:00:00,1.921396255493164
2005-06-02 04:00:00,1.6514898538589478
2005-06-02 05:00:00,0.8832639455795288
2005-06-02 06:00:00,0.17323938012123108
2005-06-02 07:00:00,1.2081899642944336
2005-06-02 08:00:00,1.9783668518066406
2005-06-02 09:00:00,2.1572794914245605
2005-06-02 10:00:00,1.6611000299453735
2005-06-02 11:00:00,0.8999894261360168
2005-06-02 12:00:00,0.17953625321388245
2005-06-02 13:00:00,1.0712754726409912
2005-06-02 14:00:00,1.8493741750717163
2005-06-02 15:00:00,2.32795786857605
2005-06-02 16:00:00,2.29388165473938
2005-06-02 17:00:00,1.7779045104980469
2005-06-02 18:00:00,0.8853772282600403
2005-06-02 19:00:00,0.17995628714561462
2005-06-02 20:00:00,1.2437008619308472
2005-06-02 21:00:00,1.9201761484146118
2005-06-02 22:00:00,2.0405468940734863
2005-06-02 23:00:00,1.4917943477630615
2005-06-03 00:00:00,0.6848270297050476
2005-06-03 01:00:00,0.3197113275527954
2005-06-03 02:00:00,1.1227304935455322
2005-06-03 03:00:00,1.7270519733428955
2005-06-03 04:00:00,1.9341274499893188
2005-06-03 05:00:00,1.6762573719024658
2005-06-03 06:00:00,0.8751522302627563
2005-06-03 07:00:00,0.1930287927389145
2005-06-03 08:00:00,1.2577126026153564
2005-06-03 09:00:00,2.023904800415039
2005-06-03 10:00:00,2.135341167449951
2005-06-03 11:00:00,1.5845191478729248
2005-06-03 12:00:00,0.7435833811759949
2005-06-03 13:00:00,0.37651410698890686
2005-06-03 14:00:00,1.315661907196045
2005-06-03 15:00:00,2.1899116039276123
2005-06-03 16:00:00,2.5337982177734375
2005-06-03 17:00:00,2.3734164237976074
2005-06-03 18:00:00,1.7598826885223389
2005-06-03 19:00:00,0.7753614187240601
2005-06-03 20:00:00,0.2730001211166382
2005-06-03 21:00:00,1.4901378154754639
2005-06-03 22:00:00,2.223590850830078
2005-06-03 23:00:00,2.123220443725586
2005-06-04 00:00:00,1.4990016222000122
2005-06-04 01:00:00,0.6300228834152222
2005-06-04 02:00:00,0.39543893933296204
2005-06-04 03:00:00,1.2038185596466064
2005-06-04 04:00:00,1.8467127084732056
2005-06-04 05:00:00,1.9972575902938843
2005-06-04 06:00:00,1.6330773830413818
2005-06-04 07:00:00,0.744001567363739
2005-06-04 08:00:00,0.3021584153175354
2005-06-04 09:00:00,1.4199105501174927
2005-06-04 10:00:00,2.1223363876342773
2005-06-04 11:00:00,2.0479676723480225
2005-06-04 12:00:00,1.4145478010177612
2005-06-04 13:00:00,0.45481306314468384
2005-06-04 14:00:00,0.6931573748588562
2005-06-04 15:00:00,1.6415669918060303
2005-06-04 16:00:00,2.552398204803467
2005-06-04 17:00:00,2.647850275039673
2005-06-04 18:00:00,2.349071979522705
2005-06-04 19:00:00,1.6097100973129272
2005-06-04 20:00:00,0.5155665874481201
2005-06-04 21:00:00,0.674328088760376
2005-06-04 22:00:00,1.8037618398666382
2005-06-04 23:00:00,2.390054225921631
2005-06-05 00:00:00,2.0834803581237793
2005-06-05 01:00:00,1.3795756101608276
2005-06-05 02:00:00,0.420396625995636
2005-06-05 03:00:00,0.5876385569572449
2005-06-05 04:00:00,1.375880241394043
2005-06-05 05:00:00,2.1522490978240967
2005-06-05 06:00:00,2.023956298828125
2005-06-05 07:00:00,1.4887832403182983
2005-06-05 08:00:00,0.5044659972190857
2005-06-05 09:00:00,0.5321694612503052
2005-06-05 10:00:00,1.6070873737335205
2005-06-05 11:00:00,2.164584159851074
2005-06-05 12:00:00,1.8936980962753296
2005-06-05 13:00:00,1.1487572193145752
2005-06-05 14:00:00,0.1400405317544937
2005-06-05 15:00:00,1.0662156343460083
2005-06-05 16:00:00,2.0017600059509277
2005-06-05 17:00:00,2.657996416091919
2005-06-05 18:00:00,2.6663129329681396
2005-06-05 19:00:00,2.2111527919769287
2005-06-05 20:00:00,1.307908296585083
2005-06-05 21:00:00,0.21294045448303223
2005-06-05 22:00:00,1.217932939529419
2005-06-05 23:00:00,2.151794195175171
2005-06-06 00:00:00,2.4603734016418457
2005-06-06 01:00:00,1.9379934072494507
2005-06-06 02:00:00,1.1496150493621826
2005-06-06 03:00:00,0.14730975031852722
2005-06-06 04:00:00,0.8508620262145996
2005-06-06 05:00:00,1.612513542175293
2005-06-06 06:00:00,2.280393123626709
2005-06-06 07:00:00,1.9340732097625732
2005-06-06 08:00:00,1.229149580001831
2005-06-06 09:00:00,0.22636201977729797
2005-06-06 10:00:00,0.8944908976554871
2005-06-06 11:00:00,1.8605201244354248
2005-06-06 12:00:00,2.175672769546509
2005-06-06 13:00:00,1.6686859130859375
2005-06-06 14:00:00,0.7935776114463806
2005-06-06 15:00:00,0.4130781292915344
2005-06-06 16:00:00,1.4332524538040161
2005-06-06 17:00:00,2.459184169769287
2005-06-06 18:00:00,2.745522975921631
2005-06-06 19:00:00,2.578000545501709
2005-06-06 20:00:00,1.9660059213638306
2005-06-06 21:00:00,0.8909103274345398
2005-06-06 22:00:00,0.2701569199562073
2005-06-06 23:00:00,1.6348598003387451
2005-06-07 00:00:00,2.487842559814453
2005-06-07 01:00:00,2.333773612976074
2005-06-07 02:00:00,1.7013740539550781
2005-06-07 03:00:00,0.8201677203178406
2005-06-07 04:00:00,0.28118038177490234
2005-06-07 05:00:00,1.1310378313064575
2005-06-07 06:00:00,1.8244969844818115
2005-06-07 07:00:00,2.1461126804351807
2005-06-07 08:00:00,1.75680673122406
2005-06-07 09:00:00,0.871080756187439
2005-06-07 10:00:00,0.22546377778053284
2005-06-07 11:00:00,1.3272929191589355
2005-06-07 12:00:00,2.048290252685547
2005-06-07 13:00:00,2.0351223945617676
2005-06-07 14:00:00,1.368286371231079
2005-06-07 15:00:00,0.36091428995132446
2005-06-07 16:00:00,0.8201724886894226
2005-06-07 17:00:00,1.7973954677581787
2005-06-07 18:00:00,2.5741539001464844
2005-06-07 19:00:00,2.728973150253296
2005-06-07 20:00:00,2.3873116970062256
2005-06-07 21:00:00,1.6037194728851318
2005-06-07 22:00:00,0.44990596175193787
2005-06-07 23:00:00,0.8663557767868042
2005-06-08 00:00:00,2.0508663654327393
2005-06-08 01:00:00,2.51407790184021
2005-06-08 02:00:00,2.1258559226989746
2005-06-08 03:00:00,1.4003568887710571
2005-06-08 04:00:00,0.422339528799057
2005-06-08 05:00:00,0.5844647288322449
2005-06-08 06:00:00,1.370012640953064
2005-06-08 07:00:00,2.1526942253112793
2005-06-08 08:00:00,2.0289371013641357
2005-06-08 09:00:00,1.4707913398742676
2005-06-08 10:00:00,0.48355117440223694
2005-06-08 11:00:00,0.5393804907798767
2005-06-08 12:00:00,1.5754539966583252
2005-06-08 13:00:00,2.087860584259033
2005-06-08 14:00:00,1.7863000631332397
2005-06-08 15:00:00,1.0147616863250732
2005-06-08 16:00:00,0.1780412793159485
2005-06-08 17:00:00,1.189229965209961
2005-06-08 18:00:00,2.0821897983551025
2005-06-08 19:00:00,2.6729493141174316
2005-06-08 20:00:00,2.607300043106079
2005-06-08 21:00:00,2.10801362991333
2005-06-08 22:00:00,1.153789758682251
2005-06-08 23:00:00,0.14249147474765778
2005-06-09 00:00:00,1.3739597797393799
2005-06-09 01:00:00,2.2795660495758057
2005-06-09 02:00:00,2.4014556407928467
2005-06-09 03:00:00,1.851771354675293
2005-06-09 04:00:00,1.060555338859558
2005-06-09 05:00:00,0.12487826496362686
2005-06-09 06:00:00,0.8662627935409546
2005-06-09 07:00:00,1.5789109468460083
2005-06-09 08:00:00,2.1980624198913574
2005-06-09 09:00:00,1.8130279779434204
2005-06-09 10:00:00,1.108985424041748
2005-06-09 11:00:00,0.17803087830543518
2005-06-09 12:00:00,0.913007915019989
2005-06-09 13:00:00,1.7847583293914795
2005-06-09 14:00:00,2.021594762802124
2005-06-09 15:00:00,1.4992367029190063
2005-06-09 16:00:00,0.6229642629623413
2005-06-09 17:00:00,0.5259536504745483
2005-06-09 18:00:00,1.4782435894012451
2005-06-09 19:00:00,2.4268195629119873
2005-06-09 20:00:00,2.612771987915039
2005-06-09 21:00:00,2.391876697540283
2005-06-09 22:00:00,1.7397092580795288
2005-06-09 23:00:00,0.6882040500640869
2005-06-10 00:00:00,0.44140854477882385
2005-06-10 01:00:00,1.6721023321151733
2005-06-10 02:00:00,2.3858277797698975
2005-06-10 03:00:00,2.1791701316833496
2005-06-10 04:00:00,1.5489866733551025
2005-06-10 05:00:00,0.6988431811332703
2005-06-10 06:00:00,0.30417221784591675
2005-06-10 07:00:00,1.0851166248321533
2005-06-10 08:00:00,1.685964822769165
2005-06-10 09:00:00,1.9732593297958374
2005-06-10 10:00:00,1.5521080493927002
2005-06-10 11:00:00,0.7448750734329224
2005-06-10 12:00:00,0.24868109822273254
2005-06-10 13:00:00,1.2342946529388428
2005-06-10 14:00:00,1.846986174583435
2005-06-10 15:00:00,1.823042631149292
2005-06-10 16:00:00,1.1840640306472778
2005-06-10 17:00:00,0.2432362288236618
2005-06-10 18:00:00,0.8384577631950378
2005-06-10 19:00:00,1.6984529495239258
2005-06-10 20:00:00,2.3235044479370117
2005-06-10 21:00:00,2.4616646766662598
2005-06-10 22:00:00,2.094921112060547
2005-06-10 23:00:00,1.3156158924102783
2005-06-11 00:00:00,0.29118025302886963
2005-06-11 01:00:00,0.9307209253311157
2005-06-11 02:00:00,1.9306514263153076
2005-06-11 03:00:00,2.3016583919525146
2005-06-11 04:00:00,1.9227498769760132
2005-06-11 05:00:00,1.244556188583374
2005-06-11 06:00:00,0.3658304214477539
2005-06-11 07:00:00,0.5312402248382568
2005-06-11 08:00:00,1.2148351669311523
2005-06-11 09:00:00,1.7957344055175781
2005-06-11 10:00:00,1.713854432106018
2005-06-11 11:00:00,1.2749226093292236
2005-06-11 12:00:00,0.4519035220146179
2005-06-11 13:00:00,0.436067670583725
2005-06-11 14:00:00,1.3422539234161377
2005-06-11 15:00:00,1.7866884469985962
2005-06-11 16:00:00,1.5656331777572632
2005-06-11 17:00:00,0.8780508041381836
2005-06-11 18:00:00,0.16447380185127258
2005-06-11 19:00:00,1.051495909690857
2005-06-11 20:00:00,1.7984663248062134
2005-06-11 21:00:00,2.249772071838379
2005-06-11 22:00:00,2.224884510040283
2005-06-11 23:00:00,1.740349531173706
2005-06-12 00:00:00,0.8881357908248901
2005-06-12 01:00:00,0.18196627497673035
2005-06-12 02:00:00,1.2889721393585205
2005-06-12 03:00:00,2.012251615524292
2005-06-12 04:00:00,2.1567864418029785
2005-06-12 05:00:00,1.6592870950698853
2005-06-12 06:00:00,0.9567853808403015
2005-06-12 07:00:00,0.14117282629013062
2005-06-12 08:00:00,0.7125636339187622
2005-06-12 09:00:00,1.2937487363815308
2005-06-12 10:00:00,1.815212607383728
2005-06-12 11:00:00,1.5392237901687622
2005-06-12 12:00:00,1.0335884094238281
2005-06-12 13:00:00,0.26921504735946655
2005-06-12 14:00:00,0.5523297786712646
2005-06-12 15:00:00,1.3238414525985718
2005-06-12 16:00:00,1.6241180896759033
2005-06-12 17:00:00,1.3225805759429932
2005-06-12 18:00:00,0.6218754053115845
2005-06-12 19:00:00,0.34085336327552795
2005-06-12 20:00:00,1.1469720602035522
2005-06-12 21:00:00,1.7615410089492798
2005-06-12 22:00:00,2.100281000137329
2005-06-12 23:00:00,1.9464399814605713
2005-06-13 00:00:00,1.3768659830093384
2005-06-13 01:00:00,0.5203484296798706
2005-06-13 02:00:00,0.4144035875797272
2005-06-13 03:00:00,1.4506809711456299
2005-06-13 04:00:00,2.0552637577056885
2005-06-13 05:00:00,1.9417095184326172
2005-06-13 06:00:00,1.4135295152664185
2005-06-13 07:00:00,0.7030834555625916
2005-06-13 08:00:00,0.1764785349369049
2005-06-13 09:00:00,0.8437299728393555
2005-06-13 10:00:00,1.3362892866134644
2005-06-13 11:00:00,1.7687585353851318
2005-06-13 12:00:00,1.4075347185134888
2005-06-13 13:00:00,0.878874659538269
2005-06-13 14:00:00,0.19124169647693634
2005-06-13 15:00:00,0.5774657130241394
2005-06-13 16:00:00,1.2522666454315186
2005-06-13 17:00:00,1.468582034111023
2005-06-13 18:00:00,1.133776307106018
2005-06-13 19:00:00,0.4631858468055725
2005-06-13 20:00:00,0.4214235246181488
2005-06-13 21:00:00,1.1308214664459229
2005-06-13 22:00:00,1.628700852394104
2005-06-13 23:00:00,1.8675286769866943
2005-06-14 00:00:00,1.656309723854065
2005-06-14 01:00:00,1.0579417943954468
2005-06-14 02:00:00,0.25905641913414
2005-06-14 03:00:00,0.6504802703857422
2005-06-14 04:00:00,1.5281075239181519
2005-06-14 05:00:00,1.9711945056915283
2005-06-14 06:00:00,1.7495256662368774
2005-06-14 07:00:00,1.2041456699371338
2005-06-14 08:00:00,0.4966202676296234
2005-06-14 09:00:00,0.3169001340866089
2005-06-14 10:00:00,0.9451179504394531
2005-06-14 11:00:00,1.3841525316238403
2005-06-14 12:00:00,1.7111120223999023
2005-06-14 13:00:00,1.3459019660949707
2005-06-14 14:00:00,0.8221318125724792
2005-06-14 15:00:00,0.1765708029270172
2005-06-14 16:00:00,0.5491083860397339
2005-06-14 17:00:00,1.1829084157943726
2005-06-14 18:00:00,1.3763567209243774
2005-06-14 19:00:00,1.066950798034668
2005-06-14 20:00:00,0.42972198128700256
2005-06-14 21:00:00,0.38405686616897583
2005-06-14 22:00:00,1.0317103862762451
2005-06-14 23:00:00,1.4550570249557495
2005-06-15 00:00:00,1.604170560836792
2005-06-15 01:00:00,1.436257004737854
2005-06-15 02:00:00,0.8344375491142273
2005-06-15 03:00:00,0.13925635814666748
2005-06-15 04:00:00,0.7961395382881165
2005-06-15 05:00:00,1.5619065761566162
2005-06-15 06:00:00,1.8791072368621826
2005-06-15 07:00:00,1.5954662561416626
2005-06-15 08:00:00,1.0439376831054688
2005-06-15 09:00:00,0.3351608216762543
2005-06-15 10:00:00,0.45843082666397095
2005-06-15 11:00:00,1.0508577823638916
2005-06-15 12:00:00,1.4783413410186768
2005-06-15 13:00:00,1.5831687450408936
2005-06-15 14:00:00,1.3884848356246948
2005-06-15 15:00:00,0.8356878161430359
2005-06-15 16:00:00,0.18330025672912598
2005-06-15 17:00:00,0.5335453748703003
2005-06-15 18:00:00,1.1716207265853882
2005-06-15 19:00:00,1.3767616748809814
2005-06-15 20:00:00,1.1027071475982666
2005-06-15 21:00:00,0.517522394657135
2005-06-15 22:00:00,0.2688864767551422
2005-06-15 23:00:00,0.8858749270439148
2005-06-16 00:00:00,1.2875512838363647
2005-06-16 01:00:00,1.4229300022125244
2005-06-16 02:00:00,1.3005321025848389
2005-06-16 03:00:00,0.7444315552711487
2005-06-16 04:00:00,0.13478723168373108
2005-06-16 05:00:00,0.8618960380554199
2005-06-16 06:00:00,1.5552300214767456
2005-06-16 07:00:00,1.8085334300994873
2005-06-16 08:00:00,1.4962843656539917
2005-06-16 09:00:00,0.9291335344314575
2005-06-16 10:00:00,0.20223157107830048
2005-06-16 11:00:00,0.6134283542633057
2005-06-16 12:00:00,1.204559564590454
2005-06-16 13:00:00,1.7667051553726196
2005-06-16 14:00:00,1.7518106698989868
2005-06-16 15:00:00,1.4785298109054565
2005-06-16 16:00:00,0.8700436353683472
2005-06-16 17:00:00,0.17984697222709656
2005-06-16 18:00:00,0.5886333584785461
2005-06-16 19:00:00,1.2663609981536865
2005-06-16 20:00:00,1.5095125436782837
2005-06-16 21:00:00,1.2333602905273438
2005-06-16 22:00:00,0.6560357809066772
2005-06-16 23:00:00,0.1477140188217163
2005-06-17 00:00:00,0.7717072367668152
2005-06-17 01:00:00,1.1952887773513794
2005-06-17 02:00:00,1.4231380224227905
2005-06-17 03:00:00,1.258241057395935
2005-06-17 04:00:00,0.7296198010444641
2005-06-17 05:00:00,0.12465183436870575
2005-06-17 06:00:00,0.8953057527542114
2005-06-17 07:00:00,1.5668494701385498
2005-06-17 08:00:00,1.7859103679656982
2005-06-17 09:00:00,1.4451327323913574
2005-06-17 10:00:00,0.8370510935783386
2005-06-17 11:00:00,0.11631244421005249
2005-06-17 12:00:00,0.8069828152656555
2005-06-17 13:00:00,1.4368884563446045
2005-06-17 14:00:00,1.9296003580093384
2005-06-17 15:00:00,1.9560987949371338
2005-06-17 16:00:00,1.5818525552749634
2005-06-17 17:00:00,0.8847929239273071
2005-06-17 18:00:00,0.15356984734535217
2005-06-17 19:00:00,0.799938976764679
2005-06-17 20:00:00,1.4999748468399048
2005-06-17 21:00:00,1.7238969802856445
2005-06-17 22:00:00,1.3870398998260498
2005-06-17 23:00:00,0.761318564414978
2005-06-18 00:00:00,0.11709626764059067
2005-06-18 01:00:00,0.7483051419258118
2005-06-18 02:00:00,1.2291016578674316
2005-06-18 03:00:00,1.6268495321273804
2005-06-18 04:00:00,1.3257598876953125
2005-06-18 05:00:00,0.762402355670929
2005-06-18 06:00:00,0.14973296225070953
2005-06-18 07:00:00,0.9599445462226868
2005-06-18 08:00:00,1.647851586341858
2005-06-18 09:00:00,1.8204551935195923
2005-06-18 10:00:00,1.4200998544692993
2005-06-18 11:00:00,0.7317282557487488
2005-06-18 12:00:00,0.23043175041675568
2005-06-18 13:00:00,1.0576122999191284
2005-06-18 14:00:00,1.7439801692962646
2005-06-18 15:00:00,2.1468729972839355
2005-06-18 16:00:00,2.140346050262451
2005-06-18 17:00:00,1.6698509454727173
2005-06-18 18:00:00,0.8460116386413574
2005-06-18 19:00:00,0.17846067249774933
2005-06-18 20:00:00,1.1655710935592651
2005-06-18 21:00:00,1.7825580835342407
2005-06-18 22:00:00,1.95524001121521
2005-06-18 23:00:00,1.4886443614959717
2005-06-19 00:00:00,0.7992082238197327
2005-06-19 01:00:00,0.13912084698677063
2005-06-19 02:00:00,0.8341689109802246
2005-06-19 03:00:00,1.3729711771011353
2005-06-19 04:00:00,1.8490101099014282
2005-06-19 05:00:00,1.438362956047058
2005-06-19 06:00:00,0.769770622253418
2005-06-19 07:00:00,0.20249255001544952
2005-06-19 08:00:00,1.1184875965118408
2005-06-19 09:00:00,1.8248302936553955
2005-06-19 10:00:00,1.8939876556396484
2005-06-19 11:00:00,1.3855772018432617
2005-06-19 12:00:00,0.5805371999740601
2005-06-19 13:00:00,0.47166863083839417
2005-06-19 14:00:00,1.3552958965301514
2005-06-19 15:00:00,2.220154285430908
2005-06-19 16:00:00,2.476853132247925
2005-06-19 17:00:00,2.301997423171997
2005-06-19 18:00:00,1.716849684715271
2005-06-19 19:00:00,0.7506468892097473
2005-06-19 20:00:00,0.28920695185661316
2005-06-19 21:00:00,1.4843637943267822
2005-06-19 22:00:00,2.2014341354370117
2005-06-19 23:00:00,2.1144585609436035
2005-06-20 00:00:00,1.5364770889282227
2005-06-20 01:00:00,0.7459828853607178
2005-06-20 02:00:00,0.23458342254161835
2005-06-20 03:00:00,1.0072569847106934
2005-06-20 04:00:00,1.6013011932373047
2005-06-20 05:00:00,1.9479135274887085
2005-06-20 06:00:00,1.5329443216323853
2005-06-20 07:00:00,0.7145472168922424
2005-06-20 08:00:00,0.3086853325366974
2005-06-20 09:00:00,1.3752882480621338
2005-06-20 10:00:00,2.030117988586426
2005-06-20 11:00:00,1.9545730352401733
2005-06-20 12:00:00,1.319885492324829
2005-06-20 13:00:00,0.3718593716621399
2005-06-20 14:00:00,0.7638466954231262
2005-06-20 15:00:00,1.706146001815796
2005-06-20 16:00:00,2.4933791160583496
2005-06-20 17:00:00,2.695305347442627
2005-06-20 18:00:00,2.4156908988952637
2005-06-20 19:00:00,1.7162704467773438
2005-06-20 20:00:00,0.6022788286209106
2005-06-20 21:00:00,0.6172967553138733
2005-06-20 22:00:00,1.7968494892120361
2005-06-20 23:00:00,2.461122512817383
2005-06-21 00:00:00,2.1835238933563232
2005-06-21 01:00:00,1.5113333463668823
2005-06-21 02:00:00,0.6003106236457825
2005-06-21 03:00:00,0.4229201376438141
2005-06-21 04:00:00,1.2268844842910767
2005-06-21 05:00:00,1.913412094116211
2005-06-21 06:00:00,2.0254969596862793
2005-06-21 07:00:00,1.562996745109558
2005-06-21 08:00:00,0.5860409140586853
2005-06-21 09:00:00,0.48179736733436584
2005-06-21 10:00:00,1.5975329875946045
2005-06-21 11:00:00,2.207737445831299
2005-06-21 12:00:00,1.9584966897964478
2005-06-21 13:00:00,1.205885887145996
2005-06-21 14:00:00,0.15694183111190796
2005-06-21 15:00:00,1.0653594732284546
2005-06-21 16:00:00,2.060398578643799
2005-06-21 17:00:00,2.787736177444458
2005-06-21 18:00:00,2.8500137329101562
2005-06-21 19:00:00,2.4734325408935547
2005-06-21 20:00:00,1.648613691329956
2005-06-21 21:00:00,0.4268217086791992
2005-06-21 22:00:00,1.0157064199447632
2005-06-21 23:00:00,2.123440980911255
2005-06-22 00:00:00,2.64876389503479
2005-06-22 01:00:00,2.1841752529144287
2005-06-22 02:00:00,1.418602705001831
2005-06-22 03:00:00,0.3906862735748291
2005-06-22 04:00:00,0.6489427089691162
2005-06-22 05:00:00,1.475993275642395
2005-06-22 06:00:00,2.294316053390503
2005-06-22 07:00:00,2.1334328651428223
2005-06-22 08:00:00,1.5111987590789795
2005-06-22 09:00:00,0.41208261251449585
2005-06-22 10:00:00,0.7403107285499573
2005-06-22 11:00:00,1.8390642404556274
2005-06-22 12:00:00,2.3578805923461914
2005-06-22 13:00:00,1.9206777811050415
2005-06-22 14:00:00,1.0481064319610596
2005-06-22 15:00:00,0.23289649188518524
2005-06-22 16:00:00,1.3464348316192627
2005-06-22 17:00:00,2.4069743156433105
2005-06-22 18:00:00,2.9653353691101074
2005-06-22 19:00:00,2.92460298538208
2005-06-22 20:00:00,2.4714064598083496
2005-06-22 21:00:00,1.50362229347229
2005-06-22 22:00:00,0.2523386478424072
2005-06-22 23:00:00,1.3555500507354736
2005-06-23 00:00:00,2.4608139991760254
2005-06-23 01:00:00,2.6752474308013916
2005-06-23 02:00:00,2.1205058097839355
2005-06-23 03:00:00,1.2786507606506348
2005-06-23 04:00:00,0.17563462257385254
2005-06-23 05:00:00,0.8797981142997742
2005-06-23 06:00:00,1.7351019382476807
2005-06-23 07:00:00,2.474745988845825
2005-06-23 08:00:00,2.1516036987304688
2005-06-23 09:00:00,1.386178731918335
2005-06-23 10:00:00,0.24982769787311554
2005-06-23 11:00:00,1.0350040197372437
2005-06-23 12:00:00,2.0345728397369385
2005-06-23 13:00:00,2.4186620712280273
2005-06-23 14:00:00,1.8301985263824463
2005-06-23 15:00:00,0.8639172315597534
2005-06-23 16:00:00,0.4514744281768799
2005-06-23 17:00:00,1.5750223398208618
2005-06-23 18:00:00,2.788562059402466
2005-06-23 19:00:00,3.0530447959899902
2005-06-23 20:00:00,2.9199156761169434
2005-06-23 21:00:00,2.382969617843628
2005-06-23 22:00:00,1.2824064493179321
2005-06-23 23:00:00,0.10681408643722534
2005-06-24 00:00:00,1.620558500289917
2005-06-24 01:00:00,2.721787691116333
2005-06-24 02:00:00,2.6314854621887207
2005-06-24 03:00:00,1.997592568397522
2005-06-24 04:00:00,1.097419023513794
2005-06-24 05:00:00,0.1660011261701584
2005-06-24 06:00:00,1.096009373664856
2005-06-24 07:00:00,1.933386206626892
2005-06-24 08:00:00,2.4629063606262207
2005-06-24 09:00:00,2.117196559906006
2005-06-24 10:00:00,1.2275419235229492
2005-06-24 11:00:00,0.15560093522071838
2005-06-24 12:00:00,1.2776060104370117
2005-06-24 13:00:00,2.2120444774627686
2005-06-24 14:00:00,2.365673780441284
2005-06-24 15:00:00,1.7068113088607788
2005-06-24 16:00:00,0.6742135882377625
2005-06-24 17:00:00,0.6364644765853882
2005-06-24 18:00:00,1.7489254474639893
2005-06-24 19:00:00,2.872023344039917
2005-06-24 20:00:00,3.044102907180786
2005-06-24 21:00:00,2.8328654766082764
2005-06-24 22:00:00,2.204585552215576
2005-06-24 23:00:00,1.005691409111023
2005-06-25 00:00:00,0.33179134130477905
2005-06-25 01:00:00,1.8222882747650146
2005-06-25 02:00:00,2.75846004486084
2005-06-25 03:00:00,2.5318310260772705
2005-06-25 04:00:00,1.8334600925445557
2005-06-25 05:00:00,0.8799962997436523
2005-06-25 06:00:00,0.3436848223209381
2005-06-25 07:00:00,1.2708261013031006
2005-06-25 08:00:00,2.1188607215881348
2005-06-25 09:00:00,2.4407124519348145
2005-06-25 10:00:00,2.0485424995422363
2005-06-25 11:00:00,1.083266258239746
2005-06-25 12:00:00,0.17172685265541077
2005-06-25 13:00:00,1.381699562072754
2005-06-25 14:00:00,2.256403684616089
2005-06-25 15:00:00,2.274559497833252
2005-06-25 16:00:00,1.5785398483276367
2005-06-25 17:00:00,0.5157535672187805
2005-06-25 18:00:00,0.7502530813217163
2005-06-25 19:00:00,1.8241851329803467
2005-06-25 20:00:00,2.8104162216186523
2005-06-25 21:00:00,2.942150115966797
2005-06-25 22:00:00,2.664834976196289
2005-06-25 23:00:00,1.946697473526001
2005-06-26 00:00:00,0.7137386202812195
2005-06-26 01:00:00,0.6750181913375854
2005-06-26 02:00:00,2.0367813110351562
2005-06-26 03:00:00,2.744335174560547
2005-06-26 04:00:00,2.3868143558502197
2005-06-26 05:00:00,1.647117018699646
2005-06-26 06:00:00,0.6458262205123901
2005-06-26 07:00:00,0.5062339901924133
2005-06-26 08:00:00,1.3963243961334229
2005-06-26 09:00:00,2.3454301357269287
2005-06-26 10:00:00,2.3842697143554688
2005-06-26 11:00:00,1.9619725942611694
2005-06-26 12:00:00,0.9886627197265625
2005-06-26 13:00:00,0.1898183375597
2005-06-26 14:00:00,1.3681343793869019
2005-06-26 15:00:00,2.1706085205078125
2005-06-26 16:00:00,2.1692733764648438
2005-06-26 17:00:00,1.4709233045578003
2005-06-26 18:00:00,0.42987751960754395
2005-06-26 19:00:00,0.7690392136573792
2005-06-26 20:00:00,1.7749433517456055
2005-06-26 21:00:00,2.655081272125244
2005-06-26 22:00:00,2.7553107738494873
2005-06-26 23:00:00,2.427826404571533
2005-06-27 00:00:00,1.6418565511703491
2005-06-27 01:00:00,0.450078547000885
2005-06-27 02:00:00,0.9335355758666992
2005-06-27 03:00:00,2.1132655143737793
2005-06-27 04:00:00,2.6461246013641357
2005-06-27 05:00:00,2.212034225463867
2005-06-27 06:00:00,1.4599120616912842
2005-06-27 07:00:00,0.4385201036930084
2005-06-27 08:00:00,0.6279155015945435
2005-06-27 09:00:00,1.4836771488189697
2005-06-27 10:00:00,2.3685834407806396
2005-06-27 11:00:00,2.317707061767578
2005-06-27 12:00:00,1.8889738321304321
2005-06-27 13:00:00,0.9620974659919739
2005-06-27 14:00:00,0.17442041635513306
2005-06-27 15:00:00,1.2624765634536743
2005-06-27 16:00:00,1.9763219356536865
2005-06-27 17:00:00,2.064211845397949
2005-06-27 18:00:00,1.4062093496322632
2005-06-27 19:00:00,0.4424087405204773
2005-06-27 20:00:00,0.6792563199996948
2005-06-27 21:00:00,1.595123052597046
2005-06-27 22:00:00,2.460184097290039
2005-06-27 23:00:00,2.4973642826080322
2005-06-28 00:00:00,2.1563477516174316
2005-06-28 01:00:00,1.3457750082015991
2005-06-28 02:00:00,0.2636317014694214
2005-06-28 03:00:00,1.0737340450286865
2005-06-28 04:00:00,2.0570602416992188
2005-06-28 05:00:00,2.491878032684326
2005-06-28 06:00:00,2.0321431159973145
2005-06-28 07:00:00,1.2929880619049072
2005-06-28 08:00:00,0.29825830459594727
2005-06-28 09:00:00,0.7093125581741333
2005-06-28 10:00:00,1.5276515483856201
2005-06-28 11:00:00,2.365170955657959
2005-06-28 12:00:00,2.257359027862549
2005-06-28 13:00:00,1.8526642322540283
2005-06-28 14:00:00,1.0008842945098877
2005-06-28 15:00:00,0.16120398044586182
2005-06-28 16:00:00,1.0653460025787354
2005-06-28 17:00:00,1.783275842666626
2005-06-28 18:00:00,1.932222604751587
2005-06-28 19:00:00,1.4115240573883057
2005-06-28 20:00:00,0.559125542640686
2005-06-28 21:00:00,0.4800998270511627
2005-06-28 22:00:00,1.3117144107818604
2005-06-28 23:00:00,2.0834484100341797
2005-06-29 00:00:00,2.1806485652923584
2005-06-29 01:00:00,1.8979469537734985
2005-06-29 02:00:00,1.135704517364502
2005-06-29 03:00:00,0.17818816006183624
2005-06-29 04:00:00,1.0528658628463745
2005-06-29 05:00:00,1.9375569820404053
2005-06-29 06:00:00,2.3168833255767822
2005-06-29 07:00:00,1.8740007877349854
2005-06-29 08:00:00,1.161880612373352
2005-06-29 09:00:00,0.22754260897636414
2005-06-29 10:00:00,0.7561548352241516
2005-06-29 11:00:00,1.5363221168518066
2005-06-29 12:00:00,2.332750082015991
2005-06-29 13:00:00,2.229583978652954
2005-06-29 14:00:00,1.8581898212432861
2005-06-29 15:00:00,1.0841169357299805
2005-06-29 16:00:00,0.2138816863298416
2005-06-29 17:00:00,0.8180532455444336
2005-06-29 18:00:00,1.661481499671936
2005-06-29 19:00:00,1.8905763626098633
2005-06-29 20:00:00,1.4940226078033447
2005-06-29 21:00:00,0.7609503865242004
2005-06-29 22:00:00,0.21115079522132874
2005-06-29 23:00:00,0.9867408871650696
2005-06-30 00:00:00,1.5694321393966675
2005-06-30 01:00:00,1.829673171043396
2005-06-30 02:00:00,1.6997398138046265
2005-06-30 03:00:00,1.049607515335083
2005-06-30 04:00:00,0.17973284423351288
2005-06-30 05:00:00,0.8792452812194824
2005-06-30 06:00:00,1.7877626419067383
2005-06-30 07:00:00,2.1287665367126465
2005-06-30 08:00:00,1.754791259765625
2005-06-30 09:00:00,1.0890257358551025
2005-06-30 10:00:00,0.2049802541732788
2005-06-30 11:00:00,0.7706135511398315
2005-06-30 12:00:00,1.531004786491394
2005-06-30 13:00:00,2.288637638092041
2005-06-30 14:00:00,2.236351251602173
2005-06-30 15:00:00,1.8931705951690674
2005-06-30 16:00:00,1.1744489669799805
2005-06-30 17:00:00,0.2943226993083954
2005-06-30 18:00:00,0.6345087885856628
2005-06-30 19:00:00,1.5046192407608032
2005-06-30 20:00:00,1.9066035747528076
2005-06-30 21:00:00,1.6186635494232178
2005-06-30 22:00:00,0.9787975549697876
2005-06-30 23:00:00,0.18169653415679932
2005-07-01 00:00:00,0.6765576601028442
2005-07-01 01:00:00,1.2583682537078857
2005-07-01 02:00:00,1.774580955505371
2005-07-01 03:00:00,1.5611186027526855
2005-07-01 04:00:00,1.0542213916778564
2005-07-01 05:00:00,0.24858923256397247
2005-07-01 06:00:00,0.6733297109603882
2005-07-01 07:00:00,1.5354907512664795
2005-07-01 08:00:00,1.9685630798339844
2005-07-01 09:00:00,1.681239128112793
2005-07-01 10:00:00,1.053371787071228
2005-07-01 11:00:00,0.19898487627506256
2005-07-01 12:00:00,0.7809430360794067
2005-07-01 13:00:00,1.5439437627792358
2005-07-01 14:00:00,2.1916913986206055
2005-07-01 15:00:00,2.2650697231292725
2005-07-01 16:00:00,1.9313154220581055
2005-07-01 17:00:00,1.2369052171707153
2005-07-01 18:00:00,0.34414786100387573
2005-07-01 19:00:00,0.5911861658096313
2005-07-01 20:00:00,1.5158454179763794
2005-07-01 21:00:00,1.9793781042099
2005-07-01 22:00:00,1.739026427268982
2005-07-01 23:00:00,1.1439173221588135
2005-07-02 00:00:00,0.36523789167404175
2005-07-02 01:00:00,0.48022013902664185
2005-07-02 02:00:00,1.1024186611175537
2005-07-02 03:00:00,1.5059020519256592
2005-07-02 04:00:00,1.4938597679138184
2005-07-02 05:00:00,1.093385934829712
2005-07-02 06:00:00,0.3304007351398468
2005-07-02 07:00:00,0.5305853486061096
2005-07-02 08:00:00,1.4133888483047485
2005-07-02 09:00:00,1.8623063564300537
2005-07-02 10:00:00,1.6359622478485107
2005-07-02 11:00:00,1.0212914943695068
2005-07-02 12:00:00,0.16324007511138916
2005-07-02 13:00:00,0.8397334814071655
2005-07-02 14:00:00,1.6140491962432861
2005-07-02 15:00:00,2.158750534057617
2005-07-02 16:00:00,2.3033530712127686
2005-07-02 17:00:00,1.9504715204238892
2005-07-02 18:00:00,1.2270772457122803
2005-07-02 19:00:00,0.3087148070335388
2005-07-02 20:00:00,0.7085062861442566
2005-07-02 21:00:00,1.6244665384292603
2005-07-02 22:00:00,2.0875449180603027
2005-07-02 23:00:00,1.8121532201766968
2005-07-03 00:00:00,1.2073485851287842
2005-07-03 01:00:00,0.40532174706459045
2005-07-03 02:00:00,0.4555544853210449
2005-07-03 03:00:00,1.1050403118133545
2005-07-03 04:00:00,1.532050371170044
2005-07-03 05:00:00,1.5591051578521729
2005-07-03 06:00:00,1.1193926334381104
2005-07-03 07:00:00,0.3482717275619507
2005-07-03 08:00:00,0.5101244449615479
2005-07-03 09:00:00,1.3901270627975464
2005-07-03 10:00:00,1.833730697631836
2005-07-03 11:00:00,1.5985077619552612
2005-07-03 12:00:00,0.948887825012207
2005-07-03 13:00:00,0.12213514745235443
2005-07-03 14:00:00,0.9857149124145508
2005-07-03 15:00:00,1.7689263820648193
2005-07-03 16:00:00,2.298022985458374
2005-07-03 17:00:00,2.343109607696533
2005-07-03 18:00:00,1.9189260005950928
2005-07-03 19:00:00,1.1207515001296997
2005-07-03 20:00:00,0.195705845952034
2005-07-03 21:00:00,1.0093358755111694
2005-07-03 22:00:00,1.8594640493392944
2005-07-03 23:00:00,2.1962954998016357
2005-07-04 00:00:00,1.8116939067840576
2005-07-04 01:00:00,1.1456620693206787
2005-07-04 02:00:00,0.28535011410713196
2005-07-04 03:00:00,0.5908080339431763
2005-07-04 04:00:00,1.2355073690414429
2005-07-04 05:00:00,1.7805871963500977
2005-07-04 06:00:00,1.5819255113601685
2005-07-04 07:00:00,1.0804023742675781
2005-07-04 08:00:00,0.26223817467689514
2005-07-04 09:00:00,0.6366612911224365
2005-07-04 10:00:00,1.4742796421051025
2005-07-04 11:00:00,1.8758337497711182
2005-07-04 12:00:00,1.5304704904556274
2005-07-04 13:00:00,0.7912992835044861
2005-07-04 14:00:00,0.2840871512889862
2005-07-04 15:00:00,1.2179030179977417
2005-07-04 16:00:00,1.9867098331451416
2005-07-04 17:00:00,2.4669761657714844
2005-07-04 18:00:00,2.3507914543151855
2005-07-04 19:00:00,1.8168331384658813
2005-07-04 20:00:00,0.9032129049301147
2005-07-04 21:00:00,0.18107374012470245
2005-07-04 22:00:00,1.3718974590301514
2005-07-04 23:00:00,2.1543595790863037
2005-07-05 00:00:00,2.239187479019165
2005-07-05 01:00:00,1.7105547189712524
2005-07-05 02:00:00,0.9594122171401978
2005-07-05 03:00:00,0.12205339968204498
2005-07-05 04:00:00,0.8398368954658508
2005-07-05 05:00:00,1.470572590827942
2005-07-05 06:00:00,2.015873432159424
2005-07-05 07:00:00,1.6021347045898438
2005-07-05 08:00:00,0.9259598851203918
2005-07-05 09:00:00,0.1430511176586151
2005-07-05 10:00:00,0.9422948956489563
2005-07-05 11:00:00,1.7058929204940796
2005-07-05 12:00:00,1.8949731588363647
2005-07-05 13:00:00,1.3856172561645508
2005-07-05 14:00:00,0.5198894739151001
2005-07-05 15:00:00,0.5966871976852417
2005-07-05 16:00:00,1.5153049230575562
2005-07-05 17:00:00,2.3345556259155273
2005-07-05 18:00:00,2.5568294525146484
2005-07-05 19:00:00,2.2998464107513428
2005-07-05 20:00:00,1.6224740743637085
2005-07-05 21:00:00,0.5863539576530457
2005-07-05 22:00:00,0.5353602170944214
2005-07-05 23:00:00,1.7017205953598022
2005-07-06 00:00:00,2.3666086196899414
2005-07-06 01:00:00,2.1434240341186523
2005-07-06 02:00:00,1.5085713863372803
2005-07-06 03:00:00,0.6439836025238037
2005-07-06 04:00:00,0.35699930787086487
2005-07-06 05:00:00,1.1373074054718018
2005-07-06 06:00:00,1.7347524166107178
2005-07-06 07:00:00,1.928818702697754
2005-07-06 08:00:00,1.5019737482070923
2005-07-06 09:00:00,0.6490304470062256
2005-07-06 10:00:00,0.33173397183418274
2005-07-06 11:00:00,1.3562676906585693
2005-07-06 12:00:00,1.955127477645874
2005-07-06 13:00:00,1.8306646347045898
2005-07-06 14:00:00,1.1535338163375854
2005-07-06 15:00:00,0.1700444519519806
2005-07-06 16:00:00,0.9680938720703125
2005-07-06 17:00:00,1.8690913915634155
2005-07-06 18:00:00,2.5089681148529053
2005-07-06 19:00:00,2.575505018234253
2005-07-06 20:00:00,2.1597018241882324
2005-07-06 21:00:00,1.312807321548462
2005-07-06 22:00:00,0.24249163269996643
2005-07-06 23:00:00,1.1133463382720947
2005-07-07 00:00:00,2.0389599800109863
2005-07-07 01:00:00,2.43143892288208
2005-07-07 02:00:00,1.9619572162628174
2005-07-07 03:00:00,1.2202057838439941
2005-07-07 04:00:00,0.24307692050933838
2005-07-07 05:00:00,0.7087811231613159
2005-07-07 06:00:00,1.4465059041976929
2005-07-07 07:00:00,2.1396706104278564
2005-07-07 08:00:00,1.8838059902191162
2005-07-07 09:00:00,1.270442008972168
2005-07-07 10:00:00,0.3117138743400574
2005-07-07 11:00:00,0.6973438858985901
2005-07-07 12:00:00,1.6319586038589478
2005-07-07 13:00:00,2.046379566192627
2005-07-07 14:00:00,1.6443452835083008
2005-07-07 15:00:00,0.8267943263053894
2005-07-07 16:00:00,0.3414280414581299
2005-07-07 17:00:00,1.3365346193313599
2005-07-07 18:00:00,2.2406134605407715
2005-07-07 19:00:00,2.636415719985962
2005-07-07 20:00:00,2.4971232414245605
2005-07-07 21:00:00,1.9123026132583618
2005-07-07 22:00:00,0.8897355794906616
2005-07-07 23:00:00,0.2446862757205963
2005-07-08 00:00:00,1.5729095935821533
2005-07-08 01:00:00,2.416320323944092
2005-07-08 02:00:00,2.302304744720459
2005-07-08 03:00:00,1.6928046941757202
2005-07-08 04:00:00,0.8432159423828125
2005-07-08 05:00:00,0.23574841022491455
2005-07-08 06:00:00,1.0670561790466309
2005-07-08 07:00:00,1.7424585819244385
2005-07-08 08:00:00,2.118833065032959
2005-07-08 09:00:00,1.7417008876800537
2005-07-08 10:00:00,0.9227062463760376
2005-07-08 11:00:00,0.17819277942180634
2005-07-08 12:00:00,1.198917269706726
2005-07-08 13:00:00,1.9080947637557983
2005-07-08 14:00:00,2.0105154514312744
2005-07-08 15:00:00,1.37457275390625
2005-07-08 16:00:00,0.40958157181739807
2005-07-08 17:00:00,0.7440750598907471
2005-07-08 18:00:00,1.6882203817367554
2005-07-08 19:00:00,2.473869800567627
2005-07-08 20:00:00,2.6288421154022217
2005-07-08 21:00:00,2.3038902282714844
2005-07-08 22:00:00,1.5367978811264038
2005-07-08 23:00:00,0.422250896692276
2005-07-09 00:00:00,0.8569523096084595
2005-07-09 01:00:00,2.016822099685669
2005-07-09 02:00:00,2.460129976272583
2005-07-09 03:00:00,2.0772221088409424
2005-07-09 04:00:00,1.356188178062439
2005-07-09 05:00:00,0.38818129897117615
2005-07-09 06:00:00,0.5998193025588989
2005-07-09 07:00:00,1.3735792636871338
2005-07-09 08:00:00,2.1408379077911377
2005-07-09 09:00:00,2.0152173042297363
2005-07-09 10:00:00,1.4909371137619019
2005-07-09 11:00:00,0.5346441864967346
2005-07-09 12:00:00,0.4695131778717041
2005-07-09 13:00:00,1.5020592212677002
2005-07-09 14:00:00,2.041494846343994
2005-07-09 15:00:00,1.7831695079803467
2005-07-09 16:00:00,1.0352424383163452
2005-07-09 17:00:00,0.14660491049289703
2005-07-09 18:00:00,1.108941674232483
2005-07-09 19:00:00,1.974855661392212
2005-07-09 20:00:00,2.5391030311584473
2005-07-09 21:00:00,2.4931416511535645
2005-07-09 22:00:00,1.9872690439224243
2005-07-09 23:00:00,1.0389012098312378
2005-07-10 00:00:00,0.15569423139095306
2005-07-10 01:00:00,1.422762393951416
2005-07-10 02:00:00,2.293065309524536
2005-07-10 03:00:00,2.3363137245178223
2005-07-10 04:00:00,1.7656549215316772
2005-07-10 05:00:00,0.9575530886650085
2005-07-10 06:00:00,0.14533109962940216
2005-07-10 07:00:00,0.9580653309822083
2005-07-10 08:00:00,1.661067247390747
2005-07-10 09:00:00,2.1862294673919678
2005-07-10 10:00:00,1.8483835458755493
2005-07-10 11:00:00,1.1473467350006104
2005-07-10 12:00:00,0.21086283028125763
2005-07-10 13:00:00,0.8372863531112671
2005-07-10 14:00:00,1.7306801080703735
2005-07-10 15:00:00,1.9736826419830322
2005-07-10 16:00:00,1.4948718547821045
2005-07-10 17:00:00,0.645767092704773
2005-07-10 18:00:00,0.46893468499183655
2005-07-10 19:00:00,1.387604832649231
2005-07-10 20:00:00,2.2881765365600586
2005-07-10 21:00:00,2.464663028717041
2005-07-10 22:00:00,2.2294631004333496
2005-07-10 23:00:00,1.5443508625030518
2005-07-11 00:00:00,0.5002907514572144
2005-07-11 01:00:00,0.6488817930221558
2005-07-11 02:00:00,1.7600784301757812
2005-07-11 03:00:00,2.3510613441467285
2005-07-11 04:00:00,2.0687825679779053
2005-07-11 05:00:00,1.3957295417785645
2005-07-11 06:00:00,0.49634331464767456
2005-07-11 07:00:00,0.48464322090148926
2005-07-11 08:00:00,1.252199411392212
2005-07-11 09:00:00,1.9530528783798218
2005-07-11 10:00:00,1.9930534362792969
2005-07-11 11:00:00,1.6172857284545898
2005-07-11 12:00:00,0.7831319570541382
2005-07-11 13:00:00,0.2158997803926468
2005-07-11 14:00:00,1.192459225654602
2005-07-11 15:00:00,1.7743394374847412
2005-07-11 16:00:00,1.8189983367919922
2005-07-11 17:00:00,1.1792426109313965
2005-07-11 18:00:00,0.2647784948348999
2005-07-11 19:00:00,0.768869936466217
2005-07-11 20:00:00,1.5846083164215088
2005-07-11 21:00:00,2.166363477706909
2005-07-11 22:00:00,2.2617716789245605
2005-07-11 23:00:00,1.8539505004882812
2005-07-12 00:00:00,1.0156046152114868
2005-07-12 01:00:00,0.15402182936668396
2005-07-12 02:00:00,1.2322033643722534
2005-07-12 03:00:00,2.021660327911377
2005-07-12 04:00:00,2.245509147644043
2005-07-12 05:00:00,1.7379419803619385
2005-07-12 06:00:00,0.9923619031906128
2005-07-12 07:00:00,0.1269349455833435
2005-07-12 08:00:00,0.8354360461235046
2005-07-12 09:00:00,1.510414481163025
2005-07-12 10:00:00,2.1433680057525635
2005-07-12 11:00:00,1.8653532266616821
2005-07-12 12:00:00,1.3299263715744019
2005-07-12 13:00:00,0.4687148928642273
2005-07-12 14:00:00,0.42961326241493225
2005-07-12 15:00:00,1.331640362739563
2005-07-12 16:00:00,1.7893775701522827
2005-07-12 17:00:00,1.58451247215271
2005-07-12 18:00:00,0.8782771229743958
2005-07-12 19:00:00,0.1383092999458313
2005-07-12 20:00:00,0.9638915061950684
2005-07-12 21:00:00,1.6367437839508057
2005-07-12 22:00:00,1.9847002029418945
2005-07-12 23:00:00,1.9571466445922852
2005-07-13 00:00:00,1.4110493659973145
2005-07-13 01:00:00,0.5123273134231567
2005-07-13 02:00:00,0.4641706049442291
2005-07-13 03:00:00,1.52797532081604
2005-07-13 04:00:00,2.130741596221924
2005-07-13 05:00:00,1.9669601917266846
2005-07-13 06:00:00,1.3773460388183594
2005-07-13 07:00:00,0.574297308921814
2005-07-13 08:00:00,0.3674108684062958
2005-07-13 09:00:00,1.11556077003479
2005-07-13 10:00:00,1.6906177997589111
2005-07-13 11:00:00,1.9114151000976562
2005-07-13 12:00:00,1.7081702947616577
2005-07-13 13:00:00,1.0610707998275757
2005-07-13 14:00:00,0.250744104385376
2005-07-13 15:00:00,0.5991615056991577
2005-07-13 16:00:00,1.3858108520507812
2005-07-13 17:00:00,1.6890201568603516
2005-07-13 18:00:00,1.369464635848999
2005-07-13 19:00:00,0.6497395038604736
2005-07-13 20:00:00,0.2691294550895691
2005-07-13 21:00:00,1.0229777097702026
2005-07-13 22:00:00,1.5469210147857666
2005-07-13 23:00:00,1.7610193490982056
2005-07-14 00:00:00,1.6135730743408203
2005-07-14 01:00:00,0.9937037229537964
2005-07-14 02:00:00,0.1731625646352768
2005-07-14 03:00:00,0.8182706832885742
2005-07-14 04:00:00,1.6826908588409424
2005-07-14 05:00:00,2.0142743587493896
2005-07-14 06:00:00,1.6764017343521118
2005-07-14 07:00:00,1.043257236480713
2005-07-14 08:00:00,0.22759132087230682
2005-07-14 09:00:00,0.6620475053787231
2005-07-14 10:00:00,1.315367579460144
2005-07-14 11:00:00,1.9656178951263428
2005-07-14 12:00:00,1.8907407522201538
2005-07-14 13:00:00,1.5558078289031982
2005-07-14 14:00:00,0.8721704483032227
2005-07-14 15:00:00,0.1577077955007553
2005-07-14 16:00:00,0.7186646461486816
2005-07-14 17:00:00,1.3835504055023193
2005-07-14 18:00:00,1.5988322496414185
2005-07-14 19:00:00,1.2432821989059448
2005-07-14 20:00:00,0.5609813928604126
2005-07-14 21:00:00,0.2821074426174164
2005-07-14 22:00:00,0.9390091896057129
2005-07-14 23:00:00,1.36152184009552
2005-07-15 00:00:00,1.4982624053955078
2005-07-15 01:00:00,1.318063497543335
2005-07-15 02:00:00,0.6967602968215942
2005-07-15 03:00:00,0.17264163494110107
2005-07-15 04:00:00,1.0179722309112549
2005-07-15 05:00:00,1.682771921157837
2005-07-15 06:00:00,1.844257116317749
2005-07-15 07:00:00,1.4357399940490723
2005-07-15 08:00:00,0.7909684777259827
2005-07-15 09:00:00,0.13229814171791077
2005-07-15 10:00:00,0.8535956144332886
2005-07-15 11:00:00,1.4544363021850586
2005-07-15 12:00:00,1.9133875370025635
2005-07-15 13:00:00,1.8773409128189087
2005-07-15 14:00:00,1.4839746952056885
2005-07-15 15:00:00,0.8019840121269226
2005-07-15 16:00:00,0.1513805091381073
2005-07-15 17:00:00,0.7688937783241272
2005-07-15 18:00:00,1.3949509859085083
2005-07-15 19:00:00,1.5877864360809326
2005-07-15 20:00:00,1.2518956661224365
2005-07-15 21:00:00,0.6330466866493225
2005-07-15 22:00:00,0.15528906881809235
2005-07-15 23:00:00,0.7539269328117371
2005-07-16 00:00:00,1.1441001892089844
2005-07-16 01:00:00,1.4030429124832153
2005-07-16 02:00:00,1.1070191860198975
2005-07-16 03:00:00,0.5924918055534363
2005-07-16 04:00:00,0.2137504369020462
2005-07-16 05:00:00,0.9713409543037415
2005-07-16 06:00:00,1.5821815729141235
2005-07-16 07:00:00,1.6914689540863037
2005-07-16 08:00:00,1.3072082996368408
2005-07-16 09:00:00,0.6748360395431519
2005-07-16 10:00:00,0.20210400223731995
2005-07-16 11:00:00,0.9396554827690125
2005-07-16 12:00:00,1.5347559452056885
2005-07-16 13:00:00,1.8746049404144287
2005-07-16 14:00:00,1.9299119710922241
2005-07-16 15:00:00,1.5407178401947021
2005-07-16 16:00:00,0.8601399660110474
2005-07-16 17:00:00,0.1574462354183197
2005-07-16 18:00:00,0.7611481547355652
2005-07-16 19:00:00,1.4334067106246948
2005-07-16 20:00:00,1.692191481590271
2005-07-16 21:00:00,1.3986660242080688
2005-07-16 22:00:00,0.8329375982284546
2005-07-16 23:00:00,0.17189395427703857
2005-07-17 00:00:00,0.5388379096984863
2005-07-17 01:00:00,0.9871829152107239
2005-07-17 02:00:00,1.2271915674209595
2005-07-17 03:00:00,1.1324641704559326
2005-07-17 04:00:00,0.6654970049858093
2005-07-17 05:00:00,0.11243464797735214
2005-07-17 06:00:00,0.8002178072929382
2005-07-17 07:00:00,1.452569603919983
2005-07-17 08:00:00,1.6374260187149048
2005-07-17 09:00:00,1.319976568222046
2005-07-17 10:00:00,0.7105106711387634
2005-07-17 11:00:00,0.18661406636238098
2005-07-17 12:00:00,0.9589945673942566
2005-07-17 13:00:00,1.6045583486557007
2005-07-17 14:00:00,1.9995393753051758
2005-07-17 15:00:00,2.0821566581726074
2005-07-17 16:00:00,1.713448166847229
2005-07-17 17:00:00,1.0211398601531982
2005-07-17 18:00:00,0.20488810539245605
2005-07-17 19:00:00,0.7599995732307434
2005-07-17 20:00:00,1.546640157699585
2005-07-17 21:00:00,1.9009206295013428
2005-07-17 22:00:00,1.6250158548355103
2005-07-17 23:00:00,1.0716668367385864
2005-07-18 00:00:00,0.3716256320476532
2005-07-18 01:00:00,0.39380815625190735
2005-07-18 02:00:00,0.9593027234077454
2005-07-18 03:00:00,1.2993717193603516
2005-07-18 04:00:00,1.467333197593689
2005-07-18 05:00:00,0.8930738568305969
2005-07-18 06:00:00,0.197310671210289
2005-07-18 07:00:00,0.6384919285774231
2005-07-18 08:00:00,1.421162486076355
2005-07-18 09:00:00,1.706583023071289
2005-07-18 10:00:00,1.4560953378677368
2005-07-18 11:00:00,0.8321660161018372
2005-07-18 12:00:00,0.14582237601280212
2005-07-18 13:00:00,0.9915199279785156
2005-07-18 14:00:00,1.7320165634155273
2005-07-18 15:00:00,2.2250890731811523
2005-07-18 16:00:00,2.31477427482605
2005-07-18 17:00:00,1.9434559345245361
2005-07-18 18:00:00,1.2131922245025635
2005-07-18 19:00:00,0.26932254433631897
2005-07-18 20:00:00,0.8381800651550293
2005-07-18 21:00:00,1.7969062328338623
2005-07-18 22:00:00,2.155282497406006
2005-07-18 23:00:00,1.8517471551895142
2005-07-19 00:00:00,1.2500766515731812
2005-07-19 01:00:00,0.4613924026489258
2005-07-19 02:00:00,0.3956936299800873
2005-07-19 03:00:00,1.0653421878814697
2005-07-19 04:00:00,1.5166608095169067
2005-07-19 05:00:00,1.6592353582382202
2005-07-19 06:00:00,1.1347692012786865
2005-07-19 07:00:00,0.3306211531162262
2005-07-19 08:00:00,0.5861711502075195
2005-07-19 09:00:00,1.488781452178955
2005-07-19 10:00:00,1.923893690109253
2005-07-19 11:00:00,1.6406548023223877
2005-07-19 12:00:00,0.9383537173271179
2005-07-19 13:00:00,0.15071584284305573
2005-07-19 14:00:00,1.1009886264801025
2005-07-19 15:00:00,1.9463422298431396
2005-07-19 16:00:00,2.5534491539001465
2005-07-19 17:00:00,2.5671582221984863
2005-07-19 18:00:00,2.1657986640930176
2005-07-19 19:00:00,1.357933759689331
2005-07-19 20:00:00,0.284233957529068
2005-07-19 21:00:00,1.031227707862854
2005-07-19 22:00:00,1.992712378501892
2005-07-19 23:00:00,2.427205801010132
2005-07-20 00:00:00,2.0142340660095215
2005-07-20 01:00:00,1.3204306364059448
2005-07-20 02:00:00,0.3964661955833435
2005-07-20 03:00:00,0.5489687919616699
2005-07-20 04:00:00,1.2895584106445312
2005-07-20 05:00:00,1.9938557147979736
2005-07-20 06:00:00,1.8692400455474854
2005-07-20 07:00:00,1.3146765232086182
2005-07-20 08:00:00,0.35104742646217346
2005-07-20 09:00:00,0.6898806691169739
2005-07-20 10:00:00,1.6762202978134155
2005-07-20 11:00:00,2.1636481285095215
2005-07-20 12:00:00,1.7746343612670898
2005-07-20 13:00:00,0.9694815874099731
2005-07-20 14:00:00,0.23291926085948944
2005-07-20 15:00:00,1.2889231443405151
2005-07-20 16:00:00,2.2442843914031982
2005-07-20 17:00:00,2.817244291305542
2005-07-20 18:00:00,2.776257038116455
2005-07-20 19:00:00,2.3234305381774902
2005-07-20 20:00:00,1.3972212076187134
2005-07-20 21:00:00,0.2252359688282013
2005-07-20 22:00:00,1.3084852695465088
2005-07-20 23:00:00,2.339139699935913
2005-07-21 00:00:00,2.5966362953186035
2005-07-21 01:00:00,2.0731520652770996
2005-07-21 02:00:00,1.2695093154907227
2005-07-21 03:00:00,0.2074211835861206
2005-07-21 04:00:00,0.8061524629592896
2005-07-21 05:00:00,1.6260665655136108
2005-07-21 06:00:00,2.3838090896606445
2005-07-21 07:00:00,2.080732583999634
2005-07-21 08:00:00,1.3701246976852417
2005-07-21 09:00:00,0.2698360085487366
2005-07-21 10:00:00,0.946803867816925
2005-07-21 11:00:00,1.9832525253295898
2005-07-21 12:00:00,2.3798444271087646
2005-07-21 13:00:00,1.8312609195709229
2005-07-21 14:00:00,0.8969794511795044
2005-07-21 15:00:00,0.4004634916782379
2005-07-21 16:00:00,1.5164556503295898
2005-07-21 17:00:00,2.703547716140747
2005-07-21 18:00:00,3.0169036388397217
2005-07-21 19:00:00,2.9014596939086914
2005-07-21 20:00:00,2.3785974979400635
2005-07-21 21:00:00,1.298370361328125
2005-07-21 22:00:00,0.11128973960876465
2005-07-21 23:00:00,1.607092261314392
2005-07-22 00:00:00,2.7217514514923096
2005-07-22 01:00:00,2.6497294902801514
2005-07-22 02:00:00,2.020595073699951
2005-07-22 03:00:00,1.1141636371612549
2005-07-22 04:00:00,0.16877727210521698
2005-07-22 05:00:00,1.1207659244537354
2005-07-22 06:00:00,1.9842379093170166
2005-07-22 07:00:00,2.518477439880371
2005-07-22 08:00:00,2.199110507965088
2005-07-22 09:00:00,1.29835045337677
2005-07-22 10:00:00,0.1683938056230545
2005-07-22 11:00:00,1.2969789505004883
2005-07-22 12:00:00,2.28490948677063
2005-07-22 13:00:00,2.4508025646209717
2005-07-22 14:00:00,1.788428544998169
2005-07-22 15:00:00,0.7436882257461548
2005-07-22 16:00:00,0.6101723313331604
2005-07-22 17:00:00,1.7577826976776123
2005-07-22 18:00:00,2.942080497741699
2005-07-22 19:00:00,3.123713970184326
2005-07-22 20:00:00,2.922485828399658
2005-07-22 21:00:00,2.29866886138916
2005-07-22 22:00:00,1.0537703037261963
2005-07-22 23:00:00,0.3615911304950714
2005-07-23 00:00:00,1.9004443883895874
2005-07-23 01:00:00,2.8730013370513916
2005-07-23 02:00:00,2.604448080062866
2005-07-23 03:00:00,1.863762617111206
2005-07-23 04:00:00,0.8446406126022339
2005-07-23 05:00:00,0.4563555121421814
2005-07-23 06:00:00,1.439178705215454
2005-07-23 07:00:00,2.510972499847412
2005-07-23 08:00:00,2.618370771408081
2005-07-23 09:00:00,2.211327314376831
2005-07-23 10:00:00,1.1438438892364502
2005-07-23 11:00:00,0.18518592417240143
2005-07-23 12:00:00,1.5453168153762817
2005-07-23 13:00:00,2.513840913772583
2005-07-23 14:00:00,2.4285728931427
2005-07-23 15:00:00,1.6727476119995117
2005-07-23 16:00:00,0.5324443578720093
2005-07-23 17:00:00,0.8108342289924622
2005-07-23 18:00:00,1.967468500137329
2005-07-23 19:00:00,2.9998536109924316
2005-07-23 20:00:00,3.123302936553955
2005-07-23 21:00:00,2.8275625705718994
2005-07-23 22:00:00,2.065166711807251
2005-07-23 23:00:00,0.7036264538764954
2005-07-24 00:00:00,0.8652103543281555
2005-07-24 01:00:00,2.258779287338257
2005-07-24 02:00:00,2.9473326206207275
2005-07-24 03:00:00,2.46077299118042
2005-07-24 04:00:00,1.622926950454712
2005-07-24 05:00:00,0.46614083647727966
2005-07-24 06:00:00,0.7656023502349854
2005-07-24 07:00:00,1.7734960317611694
2005-07-24 08:00:00,2.762805938720703
2005-07-24 09:00:00,2.646134614944458
2005-07-24 10:00:00,2.1083786487579346
2005-07-24 11:00:00,0.9494733810424805
2005-07-24 12:00:00,0.30263853073120117
2005-07-24 13:00:00,1.7151788473129272
2005-07-24 14:00:00,2.563368797302246
2005-07-24 15:00:00,2.3298537731170654
2005-07-24 16:00:00,1.5124168395996094
2005-07-24 17:00:00,0.3144289255142212
2005-07-24 18:00:00,0.9666124582290649
2005-07-24 19:00:00,2.085662364959717
2005-07-24 20:00:00,2.951179027557373
2005-07-24 21:00:00,3.0053415298461914
2005-07-24 22:00:00,2.6049797534942627
2005-07-24 23:00:00,1.6788837909698486
2005-07-25 00:00:00,0.3404451012611389
2005-07-25 01:00:00,1.3055416345596313
2005-07-25 02:00:00,2.5100948810577393
2005-07-25 03:00:00,2.794804573059082
2005-07-25 04:00:00,2.223001003265381
2005-07-25 05:00:00,1.3204376697540283
2005-07-25 06:00:00,0.15041892230510712
2005-07-25 07:00:00,1.0549911260604858
2005-07-25 08:00:00,2.0393893718719482
2005-07-25 09:00:00,2.754265546798706
2005-07-25 10:00:00,2.5981500148773193
2005-07-25 11:00:00,1.9342399835586548
2005-07-25 12:00:00,0.7555814981460571
2005-07-25 13:00:00,0.4670494496822357
2005-07-25 14:00:00,1.7779359817504883
2005-07-25 15:00:00,2.4879026412963867
2005-07-25 16:00:00,2.1725385189056396
2005-07-25 17:00:00,1.3362380266189575
2005-07-25 18:00:00,0.17506258189678192
2005-07-25 19:00:00,1.0463603734970093
2005-07-25 20:00:00,2.0725858211517334
2005-07-25 21:00:00,2.782167911529541
2005-07-25 22:00:00,2.7682008743286133
2005-07-25 23:00:00,2.2575955390930176
2005-07-26 00:00:00,1.2032171487808228
2005-07-26 01:00:00,0.1366841197013855
2005-07-26 02:00:00,1.608469009399414
2005-07-26 03:00:00,2.654815196990967
2005-07-26 04:00:00,2.5691335201263428
2005-07-26 05:00:00,1.9201997518539429
2005-07-26 06:00:00,0.9778174161911011
2005-07-26 07:00:00,0.2920572757720947
2005-07-26 08:00:00,1.28908109664917
2005-07-26 09:00:00,2.2317299842834473
2005-07-26 10:00:00,2.6765663623809814
2005-07-26 11:00:00,2.464451313018799
2005-07-26 12:00:00,1.7253586053848267
2005-07-26 13:00:00,0.5939438939094543
2005-07-26 14:00:00,0.5770354270935059
2005-07-26 15:00:00,1.747865915298462
2005-07-26 16:00:00,2.343942165374756
2005-07-26 17:00:00,1.989588975906372
2005-07-26 18:00:00,1.1783969402313232
2005-07-26 19:00:00,0.13635995984077454
2005-07-26 20:00:00,1.0220966339111328
2005-07-26 21:00:00,1.91473388671875
2005-07-26 22:00:00,2.4773359298706055
2005-07-26 23:00:00,2.426957845687866
2005-07-27 00:00:00,1.8348712921142578
2005-07-27 01:00:00,0.7525526285171509
2005-07-27 02:00:00,0.4212622046470642
2005-07-27 03:00:00,1.7324092388153076
2005-07-27 04:00:00,2.491764545440674
2005-07-27 05:00:00,2.2885024547576904
2005-07-27 06:00:00,1.6032965183258057
2005-07-27 07:00:00,0.6427204012870789
2005-07-27 08:00:00,0.5001598596572876
2005-07-27 09:00:00,1.420097827911377
2005-07-27 10:00:00,2.4151930809020996
2005-07-27 11:00:00,2.524709701538086
2005-07-27 12:00:00,2.2661843299865723
2005-07-27 13:00:00,1.5247186422348022
2005-07-27 14:00:00,0.4857518672943115
2005-07-27 15:00:00,0.576971709728241
2005-07-27 16:00:00,1.6344497203826904
2005-07-27 17:00:00,2.161074638366699
2005-07-27 18:00:00,1.826084852218628
2005-07-27 19:00:00,1.081858515739441
2005-07-27 20:00:00,0.14419607818126678
2005-07-27 21:00:00,0.8731762170791626
2005-07-27 22:00:00,1.6106116771697998
2005-07-27 23:00:00,2.164000988006592
2005-07-28 00:00:00,2.022235870361328
2005-07-28 01:00:00,1.4376542568206787
2005-07-28 02:00:00,0.4638158679008484
2005-07-28 03:00:00,0.5913435220718384
2005-07-28 04:00:00,1.6695280075073242
2005-07-28 05:00:00,2.2372777462005615
2005-07-28 06:00:00,1.9883724451065063
2005-07-28 07:00:00,1.327132225036621
2005-07-28 08:00:00,0.4104130268096924
2005-07-28 09:00:00,0.6178591847419739
2005-07-28 10:00:00,1.4465792179107666
2005-07-28 11:00:00,2.3160908222198486
2005-07-28 12:00:00,2.3461766242980957
2005-07-28 13:00:00,2.0696940422058105
2005-07-28 14:00:00,1.379324197769165
2005-07-28 15:00:00,0.4491980969905853
2005-07-28 16:00:00,0.48425278067588806
2005-07-28 17:00:00,1.4654338359832764
2005-07-28 18:00:00,1.9455941915512085
2005-07-28 19:00:00,1.723995566368103
2005-07-28 20:00:00,1.0855896472930908
2005-07-28 21:00:00,0.2695237994194031
2005-07-28 22:00:00,0.5989552736282349
2005-07-28 23:00:00,1.211215853691101
2005-07-29 00:00:00,1.7342374324798584
2005-07-29 01:00:00,1.586841106414795
2005-07-29 02:00:00,1.1603078842163086
2005-07-29 03:00:00,0.3630334734916687
2005-07-29 04:00:00,0.5266250371932983
2005-07-29 05:00:00,1.4550617933273315
2005-07-29 06:00:00,1.9170364141464233
2005-07-29 07:00:00,1.7331660985946655
2005-07-29 08:00:00,1.1436980962753296
2005-07-29 09:00:00,0.3352353572845459
2005-07-29 10:00:00,0.6094492673873901
2005-07-29 11:00:00,1.350447416305542
2005-07-29 12:00:00,2.0987460613250732
2005-07-29 13:00:00,2.1665029525756836
2005-07-29 14:00:00,1.9245914220809937
2005-07-29 15:00:00,1.325977087020874
2005-07-29 16:00:00,0.5016518831253052
2005-07-29 17:00:00,0.3504400849342346
2005-07-29 18:00:00,1.2568323612213135
2005-07-29 19:00:00,1.7383391857147217
2005-07-29 20:00:00,1.6859636306762695
2005-07-29 21:00:00,1.1942341327667236
2005-07-29 22:00:00,0.5345929861068726
2005-07-29 23:00:00,0.24769487977027893
2005-07-30 00:00:00,0.8374068140983582
2005-07-30 01:00:00,1.2034056186676025
2005-07-30 02:00:00,1.5059384107589722
2005-07-30 03:00:00,1.0021238327026367
2005-07-30 04:00:00,0.4299532473087311
2005-07-30 05:00:00,0.3351244628429413
2005-07-30 06:00:00,1.0673333406448364
2005-07-30 07:00:00,1.594029188156128
2005-07-30 08:00:00,1.5336300134658813
2005-07-30 09:00:00,1.0939812660217285
2005-07-30 10:00:00,0.4048338830471039
2005-07-30 11:00:00,0.4713197648525238
2005-07-30 12:00:00,1.1779239177703857
2005-07-30 13:00:00,1.7385308742523193
2005-07-30 14:00:00,2.020575761795044
2005-07-30 15:00:00,1.874513864517212
2005-07-30 16:00:00,1.3700271844863892
2005-07-30 17:00:00,0.6252701282501221
2005-07-30 18:00:00,0.22573664784431458
2005-07-30 19:00:00,1.0960108041763306
2005-07-30 20:00:00,1.5927444696426392
2005-07-30 21:00:00,1.7407810688018799
2005-07-30 22:00:00,1.3749750852584839
2005-07-30 23:00:00,0.817496120929718
2005-07-31 00:00:00,0.16361765563488007
2005-07-31 01:00:00,0.5481406450271606
2005-07-31 02:00:00,0.9807356595993042
2005-07-31 03:00:00,1.2039626836776733
2005-07-31 04:00:00,1.1612555980682373
2005-07-31 05:00:00,0.6159881353378296
2005-07-31 06:00:00,0.10855694115161896
2005-07-31 07:00:00,0.6660767197608948
2005-07-31 08:00:00,1.2833812236785889
2005-07-31 09:00:00,1.4370976686477661
2005-07-31 10:00:00,1.1570478677749634
2005-07-31 11:00:00,0.5687468647956848
2005-07-31 12:00:00,0.2892758250236511
2005-07-31 13:00:00,1.0264742374420166
2005-07-31 14:00:00,1.6127363443374634
2005-07-31 15:00:00,1.9944756031036377
2005-07-31 16:00:00,1.9243409633636475
2005-07-31 17:00:00,1.4757001399993896
2005-07-31 18:00:00,0.7612383365631104
2005-07-31 19:00:00,0.1672782599925995
2005-07-31 20:00:00,0.998005211353302
2005-07-31 21:00:00,1.649977445602417
2005-07-31 22:00:00,1.8692607879638672
2005-07-31 23:00:00,1.5472452640533447
2005-08-01 00:00:00,0.9956035614013672
2005-08-01 01:00:00,0.29662376642227173
2005-08-01 02:00:00,0.45394641160964966
2005-08-01 03:00:00,0.9741554260253906
2005-08-01 04:00:00,1.2721412181854248
2005-08-01 05:00:00,1.391424536705017
2005-08-01 06:00:00,0.8220626711845398
2005-08-01 07:00:00,0.2069675475358963
2005-08-01 08:00:00,0.5048101544380188
2005-08-01 09:00:00,1.182502269744873
2005-08-01 10:00:00,1.4513075351715088
2005-08-01 11:00:00,1.2633416652679443
2005-08-01 12:00:00,0.6852405667304993
2005-08-01 13:00:00,0.2246614247560501
2005-08-01 14:00:00,1.0219109058380127
2005-08-01 15:00:00,1.6669279336929321
2005-08-01 16:00:00,2.106316328048706
2005-08-01 17:00:00,2.0291082859039307
2005-08-01 18:00:00,1.561765193939209
2005-08-01 19:00:00,0.7968670725822449
2005-08-01 20:00:00,0.17890502512454987
2005-08-01 21:00:00,1.136042833328247
2005-08-01 22:00:00,1.7740970849990845
2005-08-01 23:00:00,2.028851270675659
2005-08-02 00:00:00,1.6269954442977905
2005-08-02 01:00:00,1.0002000331878662
2005-08-02 02:00:00,0.21996159851551056
2005-08-02 03:00:00,0.5894492268562317
2005-08-02 04:00:00,1.1427559852600098
2005-08-02 05:00:00,1.524604082107544
2005-08-02 06:00:00,1.3755607604980469
2005-08-02 07:00:00,0.906341552734375
2005-08-02 08:00:00,0.2082938700914383
2005-08-02 09:00:00,0.5957372784614563
2005-08-02 10:00:00,1.3444645404815674
2005-08-02 11:00:00,1.6648752689361572
2005-08-02 12:00:00,1.3335973024368286
2005-08-02 13:00:00,0.6411821246147156
2005-08-02 14:00:00,0.3614589273929596
2005-08-02 15:00:00,1.21225106716156
2005-08-02 16:00:00,1.878576636314392
2005-08-02 17:00:00,2.2783946990966797
2005-08-02 18:00:00,2.1178717613220215
2005-08-02 19:00:00,1.5519943237304688
2005-08-02 20:00:00,0.6643530130386353
2005-08-02 21:00:00,0.30767181515693665
2005-08-02 22:00:00,1.431960940361023
2005-08-02 23:00:00,2.127335548400879
2005-08-03 00:00:00,2.092334270477295
2005-08-03 01:00:00,1.5601396560668945
2005-08-03 02:00:00,0.8112112283706665
2005-08-03 03:00:00,0.16185936331748962
2005-08-03 04:00:00,0.8951077461242676
2005-08-03 05:00:00,1.4594147205352783
2005-08-03 06:00:00,1.9214637279510498
2005-08-03 07:00:00,1.470594048500061
2005-08-03 08:00:00,0.8030953407287598
2005-08-03 09:00:00,0.16378246247768402
2005-08-03 10:00:00,0.9706912040710449
2005-08-03 11:00:00,1.6517229080200195
2005-08-03 12:00:00,1.7771317958831787
2005-08-03 13:00:00,1.2610983848571777
2005-08-03 14:00:00,0.3876577317714691
2005-08-03 15:00:00,0.6882609128952026
2005-08-03 16:00:00,1.5522409677505493
2005-08-03 17:00:00,2.233839511871338
2005-08-03 18:00:00,2.435234308242798
2005-08-03 19:00:00,2.119396686553955
2005-08-03 20:00:00,1.390565037727356
2005-08-03 21:00:00,0.37464290857315063
2005-08-03 22:00:00,0.7811480760574341
2005-08-03 23:00:00,1.8646475076675415
2005-08-04 00:00:00,2.325965166091919
2005-08-04 01:00:00,2.0105175971984863
2005-08-04 02:00:00,1.3360052108764648
2005-08-04 03:00:00,0.43028751015663147
2005-08-04 04:00:00,0.5308154821395874
2005-08-04 05:00:00,1.270992636680603
2005-08-04 06:00:00,1.9530837535858154
2005-08-04 07:00:00,1.87078857421875
2005-08-04 08:00:00,1.3959064483642578
2005-08-04 09:00:00,0.5013374090194702
2005-08-04 10:00:00,0.45846810936927795
2005-08-04 11:00:00,1.4518890380859375
2005-08-04 12:00:00,1.9755977392196655
2005-08-04 13:00:00,1.7479804754257202
2005-08-04 14:00:00,1.0206873416900635
2005-08-04 15:00:00,0.14446023106575012
2005-08-04 16:00:00,1.1121453046798706
2005-08-04 17:00:00,1.9726024866104126
2005-08-04 18:00:00,2.5478458404541016
2005-08-04 19:00:00,2.493204116821289
2005-08-04 20:00:00,1.9888966083526611
2005-08-04 21:00:00,1.0461124181747437
2005-08-04 22:00:00,0.15248486399650574
2005-08-04 23:00:00,1.412299394607544
2005-08-05 00:00:00,2.2927348613739014
2005-08-05 01:00:00,2.357614040374756
2005-08-05 02:00:00,1.7899482250213623
2005-08-05 03:00:00,0.9698936343193054
2005-08-05 04:00:00,0.15441299974918365
2005-08-05 05:00:00,0.9951850175857544
2005-08-05 06:00:00,1.7182449102401733
2005-08-05 07:00:00,2.2032485008239746
2005-08-05 08:00:00,1.8707075119018555
2005-08-05 09:00:00,1.1046322584152222
2005-08-05 10:00:00,0.1597190797328949
2005-08-05 11:00:00,1.0267915725708008
2005-08-05 12:00:00,1.856781244277954
2005-08-05 13:00:00,2.120712995529175
2005-08-05 14:00:00,1.5430659055709839
2005-08-05 15:00:00,0.6205743551254272
2005-08-05 16:00:00,0.5666340589523315
2005-08-05 17:00:00,1.5458179712295532
2005-08-05 18:00:00,2.537527561187744
2005-08-05 19:00:00,2.6670644283294678
2005-08-05 20:00:00,2.408022403717041
2005-08-05 21:00:00,1.6843827962875366
2005-08-05 22:00:00,0.5516636371612549
2005-08-05 23:00:00,0.709776759147644
2005-08-06 00:00:00,1.9237473011016846
2005-08-06 01:00:00,2.5084004402160645
2005-08-06 02:00:00,2.171436309814453
2005-08-06 03:00:00,1.4398561716079712
2005-08-06 04:00:00,0.4360368251800537
2005-08-06 05:00:00,0.6169630289077759
2005-08-06 06:00:00,1.4516230821609497
2005-08-06 07:00:00,2.2976021766662598
2005-08-06 08:00:00,2.1853785514831543
2005-08-06 09:00:00,1.6745615005493164
2005-08-06 10:00:00,0.6618074774742126
2005-08-06 11:00:00,0.4118920862674713
2005-08-06 12:00:00,1.5573883056640625
2005-08-06 13:00:00,2.195096731185913
2005-08-06 14:00:00,1.9642270803451538
2005-08-06 15:00:00,1.2058641910552979
2005-08-06 16:00:00,0.15260609984397888
2005-08-06 17:00:00,1.0390267372131348
2005-08-06 18:00:00,1.9869998693466187
2005-08-06 19:00:00,2.6283557415008545
2005-08-06 20:00:00,2.6370294094085693
2005-08-06 21:00:00,2.14888596534729
2005-08-06 22:00:00,1.177243947982788
2005-08-06 23:00:00,0.14074164628982544
2005-08-07 00:00:00,1.44635009765625
2005-08-07 01:00:00,2.404498815536499
2005-08-07 02:00:00,2.4448342323303223
2005-08-07 03:00:00,1.8423118591308594
2005-08-07 04:00:00,0.9681922197341919
2005-08-07 05:00:00,0.21019849181175232
2005-08-07 06:00:00,1.1195169687271118
2005-08-07 07:00:00,1.9089164733886719
2005-08-07 08:00:00,2.3455843925476074
2005-08-07 09:00:00,2.0905661582946777
2005-08-07 10:00:00,1.2807505130767822
2005-08-07 11:00:00,0.22571000456809998
2005-08-07 12:00:00,1.0102267265319824
2005-08-07 13:00:00,1.9364826679229736
2005-08-07 14:00:00,2.2445130348205566
2005-08-07 15:00:00,1.6747033596038818
2005-08-07 16:00:00,0.7548335194587708
2005-08-07 17:00:00,0.4541117250919342
2005-08-07 18:00:00,1.4484584331512451
2005-08-07 19:00:00,2.48150634765625
2005-08-07 20:00:00,2.6647465229034424
2005-08-07 21:00:00,2.431504726409912
2005-08-07 22:00:00,1.7005798816680908
2005-08-07 23:00:00,0.5474010705947876
2005-08-08 00:00:00,0.7446037530899048
2005-08-08 01:00:00,1.9974209070205688
2005-08-08 02:00:00,2.5349678993225098
2005-08-08 03:00:00,2.1610753536224365
2005-08-08 04:00:00,1.4010730981826782
2005-08-08 05:00:00,0.35548707842826843
2005-08-08 06:00:00,0.7119632959365845
2005-08-08 07:00:00,1.5805935859680176
2005-08-08 08:00:00,2.458404302597046
2005-08-08 09:00:00,2.3034090995788574
2005-08-08 10:00:00,1.796690583229065
2005-08-08 11:00:00,0.7811715006828308
2005-08-08 12:00:00,0.31382662057876587
2005-08-08 13:00:00,1.498866081237793
2005-08-08 14:00:00,2.2072975635528564
2005-08-08 15:00:00,2.0290846824645996
2005-08-08 16:00:00,1.2929894924163818
2005-08-08 17:00:00,0.24227003753185272
2005-08-08 18:00:00,0.8841384053230286
2005-08-08 19:00:00,1.8087657690048218
2005-08-08 20:00:00,2.479630708694458
2005-08-08 21:00:00,2.5192055702209473
2005-08-08 22:00:00,2.0433363914489746
2005-08-08 23:00:00,1.0689618587493896
2005-08-09 00:00:00,0.15903526544570923
2005-08-09 01:00:00,1.4644190073013306
2005-08-09 02:00:00,2.3689723014831543
2005-08-09 03:00:00,2.3631107807159424
2005-08-09 04:00:00,1.7445800304412842
2005-08-09 05:00:00,0.8606003522872925
2005-08-09 06:00:00,0.289622962474823
2005-08-09 07:00:00,1.2003824710845947
2005-08-09 08:00:00,1.9923263788223267
2005-08-09 09:00:00,2.3676414489746094
2005-08-09 10:00:00,2.130629539489746
2005-08-09 11:00:00,1.3578792810440063
2005-08-09 12:00:00,0.31211939454078674
2005-08-09 13:00:00,0.8317301869392395
2005-08-09 14:00:00,1.8721975088119507
2005-08-09 15:00:00,2.146646738052368
2005-08-09 16:00:00,1.6995598077774048
2005-08-09 17:00:00,0.8568133115768433
2005-08-09 18:00:00,0.28839102387428284
2005-08-09 19:00:00,1.224301815032959
2005-08-09 20:00:00,2.014570474624634
2005-08-09 21:00:00,2.41495418548584
2005-08-09 22:00:00,2.2047436237335205
2005-08-09 23:00:00,1.4853146076202393
2005-08-10 00:00:00,0.4070042073726654
2005-08-10 01:00:00,0.7871989011764526
2005-08-10 02:00:00,1.9254589080810547
2005-08-10 03:00:00,2.379204273223877
2005-08-10 04:00:00,2.00357723236084
2005-08-10 05:00:00,1.25444495677948
2005-08-10 06:00:00,0.2503690719604492
2005-08-10 07:00:00,0.7832130789756775
2005-08-10 08:00:00,1.612717628479004
2005-08-10 09:00:00,2.4154880046844482
2005-08-10 10:00:00,2.27447509765625
2005-08-10 11:00:00,1.7940099239349365
2005-08-10 12:00:00,0.868310272693634
2005-08-10 13:00:00,0.20230130851268768
2005-08-10 14:00:00,1.2982409000396729
2005-08-10 15:00:00,1.9690221548080444
2005-08-10 16:00:00,1.9861061573028564
2005-08-10 17:00:00,1.3349871635437012
2005-08-10 18:00:00,0.41913309693336487
2005-08-10 19:00:00,0.6156126856803894
2005-08-10 20:00:00,1.4293146133422852
2005-08-10 21:00:00,2.2230048179626465
2005-08-10 22:00:00,2.162917375564575
2005-08-10 23:00:00,1.7493622303009033
2005-08-11 00:00:00,0.8592235445976257
2005-08-11 01:00:00,0.23106929659843445
2005-08-11 02:00:00,1.383026123046875
2005-08-11 03:00:00,2.1458165645599365
2005-08-11 04:00:00,2.1538338661193848
2005-08-11 05:00:00,1.5677258968353271
2005-08-11 06:00:00,0.7266291379928589
2005-08-11 07:00:00,0.3331843912601471
2005-08-11 08:00:00,1.1933434009552002
2005-08-11 09:00:00,1.9090511798858643
2005-08-11 10:00:00,2.2540149688720703
2005-08-11 11:00:00,2.0629208087921143
2005-08-11 12:00:00,1.4025967121124268
2005-08-11 13:00:00,0.4577852189540863
2005-08-11 14:00:00,0.49390706419944763
2005-08-11 15:00:00,1.4846785068511963
2005-08-11 16:00:00,1.964948058128357
2005-08-11 17:00:00,1.7069905996322632
2005-08-11 18:00:00,1.0067106485366821
2005-08-11 19:00:00,0.14311090111732483
2005-08-11 20:00:00,0.8087803721427917
2005-08-11 21:00:00,1.4659090042114258
2005-08-11 22:00:00,1.974408745765686
2005-08-11 23:00:00,1.8105194568634033
2005-08-12 00:00:00,1.2420775890350342
2005-08-12 01:00:00,0.34580785036087036
2005-08-12 02:00:00,0.6338881254196167
2005-08-12 03:00:00,1.600049614906311
2005-08-12 04:00:00,2.0722460746765137
2005-08-12 05:00:00,1.7956924438476562
2005-08-12 06:00:00,1.1431370973587036
2005-08-12 07:00:00,0.2601655125617981
2005-08-12 08:00:00,0.7097765207290649
2005-08-12 09:00:00,1.4567854404449463
2005-08-12 10:00:00,2.210911989212036
2005-08-12 11:00:00,2.153414249420166
2005-08-12 12:00:00,1.8012306690216064
2005-08-12 13:00:00,1.0689456462860107
2005-08-12 14:00:00,0.22409474849700928
2005-08-12 15:00:00,0.7248488068580627
2005-08-12 16:00:00,1.5089534521102905
2005-08-12 17:00:00,1.8254859447479248
2005-08-12 18:00:00,1.4763981103897095
2005-08-12 19:00:00,0.796168327331543
2005-08-12 20:00:00,0.13103771209716797
2005-08-12 21:00:00,0.8087667226791382
2005-08-12 22:00:00,1.3127210140228271
2005-08-12 23:00:00,1.708931565284729
2005-08-13 00:00:00,1.4031505584716797
2005-08-13 01:00:00,0.8294674754142761
2005-08-13 02:00:00,0.13016662001609802
2005-08-13 03:00:00,0.8945406675338745
2005-08-13 04:00:00,1.6214059591293335
2005-08-13 05:00:00,1.8715091943740845
2005-08-13 06:00:00,1.4817873239517212
2005-08-13 07:00:00,0.8165232539176941
2005-08-13 08:00:00,0.14081580936908722
2005-08-13 09:00:00,0.9097453355789185
2005-08-13 10:00:00,1.5574074983596802
2005-08-13 11:00:00,1.971217155456543
2005-08-13 12:00:00,2.010632038116455
2005-08-13 13:00:00,1.6101300716400146
2005-08-13 14:00:00,0.9077547788619995
2005-08-13 15:00:00,0.17249245941638947
2005-08-13 16:00:00,0.7404264211654663
2005-08-13 17:00:00,1.4311453104019165
2005-08-13 18:00:00,1.6997438669204712
2005-08-13 19:00:00,1.3891537189483643
2005-08-13 20:00:00,0.7912825345993042
2005-08-13 21:00:00,0.12711629271507263
2005-08-13 22:00:00,0.6005524396896362
2005-08-13 23:00:00,1.0257424116134644
2005-08-14 00:00:00,1.2569990158081055
2005-08-14 01:00:00,1.0791500806808472
2005-08-14 02:00:00,0.6197372078895569
2005-08-14 03:00:00,0.1321428269147873
2005-08-14 04:00:00,0.8148651123046875
2005-08-14 05:00:00,1.4339635372161865
2005-08-14 06:00:00,1.6117198467254639
2005-08-14 07:00:00,1.291215181350708
2005-08-14 08:00:00,0.6965033411979675
2005-08-14 09:00:00,0.16883398592472076
2005-08-14 10:00:00,0.8918487429618835
2005-08-14 11:00:00,1.4836257696151733
2005-08-14 12:00:00,1.8389707803726196
2005-08-14 13:00:00,1.9361741542816162
2005-08-14 14:00:00,1.599915623664856
2005-08-14 15:00:00,0.9803770184516907
2005-08-14 16:00:00,0.24675199389457703
2005-08-14 17:00:00,0.5361233949661255
2005-08-14 18:00:00,1.310115933418274
2005-08-14 19:00:00,1.666528344154358
2005-08-14 20:00:00,1.4956780672073364
2005-08-14 21:00:00,1.01560378074646
2005-08-14 22:00:00,0.42458510398864746
2005-08-14 23:00:00,0.24232307076454163
2005-08-15 00:00:00,0.7265980839729309
2005-08-15 01:00:00,0.9938165545463562
2005-08-15 02:00:00,1.145155668258667
2005-08-15 03:00:00,0.7385414838790894
2005-08-15 04:00:00,0.17663609981536865
2005-08-15 05:00:00,0.4847906231880188
2005-08-15 06:00:00,1.1054247617721558
2005-08-15 07:00:00,1.4290316104888916
2005-08-15 08:00:00,1.3052855730056763
2005-08-15 09:00:00,0.8403178453445435
2005-08-15 10:00:00,0.16016912460327148
2005-08-15 11:00:00,0.6691194772720337
2005-08-15 12:00:00,1.3006341457366943
2005-08-15 13:00:00,1.764296531677246
2005-08-15 14:00:00,2.023526906967163
2005-08-15 15:00:00,1.7942399978637695
2005-08-15 16:00:00,1.2863057851791382
2005-08-15 17:00:00,0.5349796414375305
2005-08-15 18:00:00,0.2980535328388214
2005-08-15 19:00:00,1.2035460472106934
2005-08-15 20:00:00,1.6894813776016235
2005-08-15 21:00:00,1.776792287826538
2005-08-15 22:00:00,1.3798878192901611
2005-08-15 23:00:00,0.8348954916000366
2005-08-16 00:00:00,0.19210189580917358
2005-08-16 01:00:00,0.5063241720199585
2005-08-16 02:00:00,0.9528861045837402
2005-08-16 03:00:00,1.1901346445083618
2005-08-16 04:00:00,1.2791424989700317
2005-08-16 05:00:00,0.5965129733085632
2005-08-16 06:00:00,0.1249077171087265
2005-08-16 07:00:00,0.7519156336784363
2005-08-16 08:00:00,1.3362051248550415
2005-08-16 09:00:00,1.4958678483963013
2005-08-16 10:00:00,1.1758371591567993
2005-08-16 11:00:00,0.5297528505325317
2005-08-16 12:00:00,0.3830419182777405
2005-08-16 13:00:00,1.1660887002944946
2005-08-16 14:00:00,1.795829176902771
2005-08-16 15:00:00,2.2054247856140137
2005-08-16 16:00:00,2.136338710784912
2005-08-16 17:00:00,1.6826927661895752
2005-08-16 18:00:00,0.8959701657295227
2005-08-16 19:00:00,0.15774115920066833
2005-08-16 20:00:00,1.1548960208892822
2005-08-16 21:00:00,1.8456497192382812
2005-08-16 22:00:00,2.123661518096924
2005-08-16 23:00:00,1.7243502140045166
2005-08-17 00:00:00,1.1082931756973267
2005-08-17 01:00:00,0.32370495796203613
2005-08-17 02:00:00,0.5001341104507446
2005-08-17 03:00:00,1.1171188354492188
2005-08-17 04:00:00,1.5407130718231201
2005-08-17 05:00:00,1.5392628908157349
2005-08-17 06:00:00,1.0311604738235474
2005-08-17 07:00:00,0.25431060791015625
2005-08-17 08:00:00,0.6339038014411926
2005-08-17 09:00:00,1.4657838344573975
2005-08-17 10:00:00,1.8374614715576172
2005-08-17 11:00:00,1.5247037410736084
2005-08-17 12:00:00,0.8055157661437988
2005-08-17 13:00:00,0.2597504258155823
2005-08-17 14:00:00,1.2047213315963745
2005-08-17 15:00:00,1.9999630451202393
2005-08-17 16:00:00,2.5343403816223145
2005-08-17 17:00:00,2.472315549850464
2005-08-17 18:00:00,2.0067265033721924
2005-08-17 19:00:00,1.1288659572601318
2005-08-17 20:00:00,0.14680235087871552
2005-08-17 21:00:00,1.3012523651123047
2005-08-17 22:00:00,2.1837849617004395
2005-08-17 23:00:00,2.409459352493286
2005-08-18 00:00:00,1.9179859161376953
2005-08-18 01:00:00,1.1784160137176514
2005-08-18 02:00:00,0.2120957374572754
2005-08-18 03:00:00,0.7324821949005127
2005-08-18 04:00:00,1.473846435546875
2005-08-18 05:00:00,2.1748969554901123
2005-08-18 06:00:00,1.9092038869857788
2005-08-18 07:00:00,1.2782484292984009
2005-08-18 08:00:00,0.2849996089935303
2005-08-18 09:00:00,0.7936533093452454
2005-08-18 10:00:00,1.7777408361434937
2005-08-18 11:00:00,2.190138339996338
2005-08-18 12:00:00,1.7383579015731812
2005-08-18 13:00:00,0.8859283328056335
2005-08-18 14:00:00,0.33694249391555786
2005-08-18 15:00:00,1.3932079076766968
2005-08-18 16:00:00,2.415881633758545
2005-08-18 17:00:00,2.8339312076568604
2005-08-18 18:00:00,2.7268965244293213
2005-08-18 19:00:00,2.1953606605529785
2005-08-18 20:00:00,1.1529016494750977
2005-08-18 21:00:00,0.13386696577072144
2005-08-18 22:00:00,1.5912649631500244
2005-08-18 23:00:00,2.6207234859466553
2005-08-19 00:00:00,2.5515124797821045
2005-08-19 01:00:00,1.940108060836792
2005-08-19 02:00:00,1.0519206523895264
2005-08-19 03:00:00,0.18045972287654877
2005-08-19 04:00:00,1.115583062171936
2005-08-19 05:00:00,1.9520378112792969
2005-08-19 06:00:00,2.460186719894409
2005-08-19 07:00:00,2.166471481323242
2005-08-19 08:00:00,1.303605556488037
2005-08-19 09:00:00,0.18800534307956696
2005-08-19 10:00:00,1.2099987268447876
2005-08-19 11:00:00,2.1712703704833984
2005-08-19 12:00:00,2.4298813343048096
2005-08-19 13:00:00,1.796990156173706
2005-08-19 14:00:00,0.7871967554092407
2005-08-19 15:00:00,0.541098952293396
2005-08-19 16:00:00,1.66058349609375
2005-08-19 17:00:00,2.856994867324829
2005-08-19 18:00:00,3.0465667247772217
2005-08-19 19:00:00,2.8503143787384033
2005-08-19 20:00:00,2.209862470626831
2005-08-19 21:00:00,0.9616310000419617
2005-08-19 22:00:00,0.4521277844905853
2005-08-19 23:00:00,1.9419353008270264
2005-08-20 00:00:00,2.8672192096710205
2005-08-20 01:00:00,2.5603280067443848
2005-08-20 02:00:00,1.7996498346328735
2005-08-20 03:00:00,0.7421237826347351
2005-08-20 04:00:00,0.5544219613075256
2005-08-20 05:00:00,1.552921175956726
2005-08-20 06:00:00,2.64151668548584
2005-08-20 07:00:00,2.680534601211548
2005-08-20 08:00:00,2.2548155784606934
2005-08-20 09:00:00,1.1653521060943604
2005-08-20 10:00:00,0.18412083387374878
2005-08-20 11:00:00,1.598008632659912
2005-08-20 12:00:00,2.5952494144439697
2005-08-20 13:00:00,2.482006788253784
2005-08-20 14:00:00,1.7169910669326782
2005-08-20 15:00:00,0.5635837316513062
2005-08-20 16:00:00,0.7979620695114136
2005-08-20 17:00:00,1.9658658504486084
2005-08-20 18:00:00,3.0286383628845215
2005-08-20 19:00:00,3.1397881507873535
2005-08-20 20:00:00,2.829606294631958
2005-08-20 21:00:00,2.0191826820373535
2005-08-20 22:00:00,0.6107197403907776
2005-08-20 23:00:00,1.0294989347457886
2005-08-21 00:00:00,2.343682289123535
2005-08-21 01:00:00,2.959738254547119
2005-08-21 02:00:00,2.427795171737671
2005-08-21 03:00:00,1.5283386707305908
2005-08-21 04:00:00,0.26847583055496216
2005-08-21 05:00:00,0.9781631231307983
2005-08-21 06:00:00,2.0558218955993652
2005-08-21 07:00:00,2.909292697906494
2005-08-21 08:00:00,2.7968697547912598
2005-08-21 09:00:00,2.1744513511657715
2005-08-21 10:00:00,0.9224861264228821
2005-08-21 11:00:00,0.43594279885292053
2005-08-21 12:00:00,1.899497628211975
2005-08-21 13:00:00,2.7317023277282715
2005-08-21 14:00:00,2.416055917739868
2005-08-21 15:00:00,1.5409271717071533
2005-08-21 16:00:00,0.26515063643455505
2005-08-21 17:00:00,1.0491557121276855
2005-08-21 18:00:00,2.211291790008545
2005-08-21 19:00:00,3.0841472148895264
2005-08-21 20:00:00,3.096893548965454
2005-08-21 21:00:00,2.6504623889923096
2005-08-21 22:00:00,1.6078178882598877
2005-08-21 23:00:00,0.2247820347547531
2005-08-22 00:00:00,1.5550378561019897
2005-08-22 01:00:00,2.830321788787842
2005-08-22 02:00:00,2.8227486610412598
2005-08-22 03:00:00,2.1537060737609863
2005-08-22 04:00:00,1.146471381187439
2005-08-22 05:00:00,0.285272479057312
2005-08-22 06:00:00,1.403123140335083
2005-08-22 07:00:00,2.5633649826049805
2005-08-22 08:00:00,2.966458559036255
2005-08-22 09:00:00,2.758955955505371
2005-08-22 10:00:00,1.960902452468872
2005-08-22 11:00:00,0.6200931668281555
2005-08-22 12:00:00,0.8600362539291382
2005-08-22 13:00:00,2.2303569316864014
2005-08-22 14:00:00,2.785092830657959
2005-08-22 15:00:00,2.2422103881835938
2005-08-22 16:00:00,1.2977948188781738
2005-08-22 17:00:00,0.1519654244184494
2005-08-22 18:00:00,1.2553362846374512
2005-08-22 19:00:00,2.34708571434021
2005-08-22 20:00:00,3.0046708583831787
2005-08-22 21:00:00,2.904083728790283
2005-08-22 22:00:00,2.291482448577881
2005-08-22 23:00:00,1.042441725730896
2005-08-23 00:00:00,0.3690970540046692
2005-08-23 01:00:00,1.9153934717178345
2005-08-23 02:00:00,2.8537650108337402
2005-08-23 03:00:00,2.572100877761841
2005-08-23 04:00:00,1.7749569416046143
2005-08-23 05:00:00,0.6454464197158813
2005-08-23 06:00:00,0.6981552839279175
2005-08-23 07:00:00,1.785278558731079
2005-08-23 08:00:00,2.9184019565582275
2005-08-23 09:00:00,2.926560640335083
2005-08-23 10:00:00,2.5683727264404297
2005-08-23 11:00:00,1.6300712823867798
2005-08-23 12:00:00,0.3372562825679779
2005-08-23 13:00:00,1.2069189548492432
2005-08-23 14:00:00,2.3032727241516113
2005-08-23 15:00:00,2.6267731189727783
2005-08-23 16:00:00,1.9939101934432983
2005-08-23 17:00:00,1.0232261419296265
2005-08-23 18:00:00,0.31100994348526
2005-08-23 19:00:00,1.3657617568969727
2005-08-23 20:00:00,2.4503397941589355
2005-08-23 21:00:00,2.785921335220337
2005-08-23 22:00:00,2.567640781402588
2005-08-23 23:00:00,1.7695661783218384
2005-08-24 00:00:00,0.4972341060638428
2005-08-24 01:00:00,0.9461467862129211
2005-08-24 02:00:00,2.1805026531219482
2005-08-24 03:00:00,2.7284040451049805
2005-08-24 04:00:00,2.2164835929870605
2005-08-24 05:00:00,1.3501263856887817
2005-08-24 06:00:00,0.17320457100868225
2005-08-24 07:00:00,1.0324041843414307
2005-08-24 08:00:00,2.0557289123535156
2005-08-24 09:00:00,2.8195674419403076
2005-08-24 10:00:00,2.7783942222595215
2005-08-24 11:00:00,2.2631490230560303
2005-08-24 12:00:00,1.2392261028289795
2005-08-24 13:00:00,0.15167438983917236
2005-08-24 14:00:00,1.397881031036377
2005-08-24 15:00:00,2.3293845653533936
2005-08-24 16:00:00,2.3795180320739746
2005-08-24 17:00:00,1.7140848636627197
2005-08-24 18:00:00,0.7611371874809265
2005-08-24 19:00:00,0.42114368081092834
2005-08-24 20:00:00,1.353102445602417
2005-08-24 21:00:00,2.2959423065185547
2005-08-24 22:00:00,2.435251474380493
2005-08-24 23:00:00,2.107621192932129
2005-08-25 00:00:00,1.2052381038665771
2005-08-25 01:00:00,0.15990667045116425
2005-08-25 02:00:00,1.2937595844268799
2005-08-25 03:00:00,2.21657395362854
2005-08-25 04:00:00,2.3990559577941895
2005-08-25 05:00:00,1.8103147745132446
2005-08-25 06:00:00,0.928744912147522
2005-08-25 07:00:00,0.27121639251708984
2005-08-25 08:00:00,1.2565585374832153
2005-08-25 09:00:00,2.1502323150634766
2005-08-25 10:00:00,2.6277737617492676
2005-08-25 11:00:00,2.491090774536133
2005-08-25 12:00:00,1.8922284841537476
2005-08-25 13:00:00,0.8907430768013
2005-08-25 14:00:00,0.1997949779033661
2005-08-25 15:00:00,1.4137606620788574
2005-08-25 16:00:00,2.154970645904541
2005-08-25 17:00:00,2.102635622024536
2005-08-25 18:00:00,1.463132619857788
2005-08-25 19:00:00,0.5906978845596313
2005-08-25 20:00:00,0.41585659980773926
2005-08-25 21:00:00,1.1983569860458374
2005-08-25 22:00:00,1.8085743188858032
2005-08-25 23:00:00,1.9448531866073608
2005-08-26 00:00:00,1.6067253351211548
2005-08-26 01:00:00,0.7629967927932739
2005-08-26 02:00:00,0.26204821467399597
2005-08-26 03:00:00,1.3340861797332764
2005-08-26 04:00:00,2.0206973552703857
2005-08-26 05:00:00,2.0146756172180176
2005-08-26 06:00:00,1.431738018989563
2005-08-26 07:00:00,0.5917370915412903
2005-08-26 08:00:00,0.45232900977134705
2005-08-26 09:00:00,1.3005746603012085
2005-08-26 10:00:00,2.0800788402557373
2005-08-26 11:00:00,2.337951183319092
2005-08-26 12:00:00,2.148454189300537
2005-08-26 13:00:00,1.550673246383667
2005-08-26 14:00:00,0.6638730764389038
2005-08-26 15:00:00,0.2666022479534149
2005-08-26 16:00:00,1.2871617078781128
2005-08-26 17:00:00,1.854085922241211
2005-08-26 18:00:00,1.834832787513733
2005-08-26 19:00:00,1.3013607263565063
2005-08-26 20:00:00,0.5841516256332397
2005-08-26 21:00:00,0.2622597813606262
2005-08-26 22:00:00,0.903053879737854
2005-08-26 23:00:00,1.3199139833450317
2005-08-27 00:00:00,1.6472307443618774
2005-08-27 01:00:00,1.1676424741744995
2005-08-27 02:00:00,0.5350221991539001
2005-08-27 03:00:00,0.2886137068271637
2005-08-27 04:00:00,1.076195240020752
2005-08-27 05:00:00,1.6473591327667236
2005-08-27 06:00:00,1.6134815216064453
2005-08-27 07:00:00,1.1524839401245117
2005-08-27 08:00:00,0.44073405861854553
2005-08-27 09:00:00,0.4449087679386139
2005-08-27 10:00:00,1.1535656452178955
2005-08-27 11:00:00,1.7045018672943115
2005-08-27 12:00:00,2.0044212341308594
2005-08-27 13:00:00,1.844882607460022
2005-08-27 14:00:00,1.3510109186172485
2005-08-27 15:00:00,0.6185057759284973
2005-08-27 16:00:00,0.21655698120594025
2005-08-27 17:00:00,1.0354368686676025
2005-08-27 18:00:00,1.5358302593231201
2005-08-27 19:00:00,1.6420739889144897
2005-08-27 20:00:00,1.2956210374832153
2005-08-27 21:00:00,0.7568272352218628
2005-08-27 22:00:00,0.155766099691391
2005-08-27 23:00:00,0.49166837334632874
2005-08-28 00:00:00,0.8742852210998535
2005-08-28 01:00:00,1.0572023391723633
2005-08-28 02:00:00,1.1423908472061157
2005-08-28 03:00:00,0.5169440507888794
2005-08-28 04:00:00,0.0963391661643982
2005-08-28 05:00:00,0.5933834314346313
2005-08-28 06:00:00,1.0872399806976318
2005-08-28 07:00:00,1.2759901285171509
2005-08-28 08:00:00,1.031134009361267
2005-08-28 09:00:00,0.5379096865653992
2005-08-28 10:00:00,0.20171567797660828
2005-08-28 11:00:00,0.8277673721313477
2005-08-28 12:00:00,1.327209234237671
2005-08-28 13:00:00,1.6195735931396484
2005-08-28 14:00:00,1.6954209804534912
2005-08-28 15:00:00,1.351030945777893
2005-08-28 16:00:00,0.7880695462226868
2005-08-28 17:00:00,0.16307304799556732
2005-08-28 18:00:00,0.5703134536743164
2005-08-28 19:00:00,1.2646849155426025
2005-08-28 20:00:00,1.5927598476409912
2005-08-28 21:00:00,1.459899663925171
2005-08-28 22:00:00,1.0557630062103271
2005-08-28 23:00:00,0.5404205918312073
2005-08-29 00:00:00,0.12387464940547943
2005-08-29 01:00:00,0.580762505531311
2005-08-29 02:00:00,0.8794291615486145
2005-08-29 03:00:00,0.9900240898132324
2005-08-29 04:00:00,0.9896413683891296
2005-08-29 05:00:00,0.37996986508369446
2005-08-29 06:00:00,0.16378290951251984
2005-08-29 07:00:00,0.6028804779052734
2005-08-29 08:00:00,0.9630249738693237
2005-08-29 09:00:00,1.0950372219085693
2005-08-29 10:00:00,0.8152909278869629
2005-08-29 11:00:00,0.28671208024024963
2005-08-29 12:00:00,0.4318148195743561
2005-08-29 13:00:00,1.0144414901733398
2005-08-29 14:00:00,1.4587565660476685
2005-08-29 15:00:00,1.7233150005340576
2005-08-29 16:00:00,1.5307986736297607
2005-08-29 17:00:00,1.0802011489868164
2005-08-29 18:00:00,0.42119207978248596
2005-08-29 19:00:00,0.33211928606033325
2005-08-29 20:00:00,1.1487009525299072
2005-08-29 21:00:00,1.6218626499176025
2005-08-29 22:00:00,1.702056646347046
2005-08-29 23:00:00,1.3439407348632812
2005-08-30 00:00:00,0.8200970888137817
2005-08-30 01:00:00,0.18354691565036774
2005-08-30 02:00:00,0.5109959244728088
2005-08-30 03:00:00,0.9482476115226746
2005-08-30 04:00:00,1.1867836713790894
2005-08-30 05:00:00,1.2394523620605469
2005-08-30 06:00:00,0.720842719078064
2005-08-30 07:00:00,0.18519343435764313
2005-08-30 08:00:00,0.44735854864120483
2005-08-30 09:00:00,1.0154927968978882
2005-08-30 10:00:00,1.2561851739883423
2005-08-30 11:00:00,1.0858376026153564
2005-08-30 12:00:00,0.5586016774177551
2005-08-30 13:00:00,0.2776627242565155
2005-08-30 14:00:00,0.9922841787338257
2005-08-30 15:00:00,1.557267189025879
2005-08-30 16:00:00,1.8904716968536377
2005-08-30 17:00:00,1.7550909519195557
2005-08-30 18:00:00,1.2860509157180786
2005-08-30 19:00:00,0.5405892133712769
2005-08-30 20:00:00,0.3163658678531647
2005-08-30 21:00:00,1.272179126739502
2005-08-30 22:00:00,1.8546435832977295
2005-08-30 23:00:00,1.9049489498138428
2005-08-31 00:00:00,1.4580614566802979
2005-08-31 01:00:00,0.8172904849052429
2005-08-31 02:00:00,0.12143464386463165
2005-08-31 03:00:00,0.7295340299606323
2005-08-31 04:00:00,1.2261346578598022
2005-08-31 05:00:00,1.6427217721939087
2005-08-31 06:00:00,1.316931962966919
2005-08-31 07:00:00,0.8337098360061646
2005-08-31 08:00:00,0.16430726647377014
2005-08-31 09:00:00,0.6380571126937866
2005-08-31 10:00:00,1.3270703554153442
2005-08-31 11:00:00,1.5972445011138916
2005-08-31 12:00:00,1.2292779684066772
2005-08-31 13:00:00,0.5166009664535522
2005-08-31 14:00:00,0.4574427008628845
2005-08-31 15:00:00,1.2545262575149536
2005-08-31 16:00:00,1.8561875820159912
2005-08-31 17:00:00,2.1718831062316895
2005-08-31 18:00:00,1.9193134307861328
2005-08-31 19:00:00,1.2887405157089233
2005-08-31 20:00:00,0.3886517584323883
2005-08-31 21:00:00,0.6003044843673706
2005-08-31 22:00:00,1.6108556985855103
2005-08-31 23:00:00,2.154878616333008
2005-09-01 00:00:00,1.9357984066009521
2005-09-01 01:00:00,1.3381004333496094
2005-09-01 02:00:00,0.5191250443458557
2005-09-01 03:00:00,0.40970611572265625
2005-09-01 04:00:00,1.129860758781433
2005-09-01 05:00:00,1.6554582118988037
2005-09-01 06:00:00,1.7681396007537842
2005-09-01 07:00:00,1.4192101955413818
2005-09-01 08:00:00,0.6444345712661743
2005-09-01 09:00:00,0.2770906090736389
2005-09-01 10:00:00,1.2101234197616577
2005-09-01 11:00:00,1.776639699935913
2005-09-01 12:00:00,1.7416852712631226
2005-09-01 13:00:00,1.117254376411438
2005-09-01 14:00:00,0.19394615292549133
2005-09-01 15:00:00,0.8651871681213379
2005-09-01 16:00:00,1.6901003122329712
2005-09-01 17:00:00,2.2499186992645264
2005-09-01 18:00:00,2.337930679321289
2005-09-01 19:00:00,1.9041858911514282
2005-09-01 20:00:00,1.0454540252685547
2005-09-01 21:00:00,0.15197642147541046
2005-09-01 22:00:00,1.2633659839630127
2005-09-01 23:00:00,2.0868868827819824
2005-09-02 00:00:00,2.305539846420288
2005-09-02 01:00:00,1.7846744060516357
2005-09-02 02:00:00,1.0058177709579468
2005-09-02 03:00:00,0.12709210813045502
2005-09-02 04:00:00,0.9251788854598999
2005-09-02 05:00:00,1.6443471908569336
2005-09-02 06:00:00,2.200477123260498
2005-09-02 07:00:00,1.9033854007720947
2005-09-02 08:00:00,1.2204506397247314
2005-09-02 09:00:00,0.2573821544647217
2005-09-02 10:00:00,0.7932637929916382
2005-09-02 11:00:00,1.7346012592315674
2005-09-02 12:00:00,2.0661416053771973
2005-09-02 13:00:00,1.624607801437378
2005-09-02 14:00:00,0.7875241041183472
2005-09-02 15:00:00,0.3738005459308624
2005-09-02 16:00:00,1.343477725982666
2005-09-02 17:00:00,2.2510595321655273
2005-09-02 18:00:00,2.5503618717193604
2005-09-02 19:00:00,2.3546078205108643
2005-09-02 20:00:00,1.675321340560913
2005-09-02 21:00:00,0.585614800453186
2005-09-02 22:00:00,0.6122468113899231
2005-09-02 23:00:00,1.801285982131958
2005-09-03 00:00:00,2.450888156890869
2005-09-03 01:00:00,2.1634905338287354
2005-09-03 02:00:00,1.444594144821167
2005-09-03 03:00:00,0.44911617040634155
2005-09-03 04:00:00,0.6224774122238159
2005-09-03 05:00:00,1.4776816368103027
2005-09-03 06:00:00,2.356262683868408
2005-09-03 07:00:00,2.254892349243164
2005-09-03 08:00:00,1.7784957885742188
2005-09-03 09:00:00,0.7816922664642334
2005-09-03 10:00:00,0.31685149669647217
2005-09-03 11:00:00,1.501068115234375
2005-09-03 12:00:00,2.2229511737823486
2005-09-03 13:00:00,2.0611138343811035
2005-09-03 14:00:00,1.333430528640747
2005-09-03 15:00:00,0.267899751663208
2005-09-03 16:00:00,0.8919073343276978
2005-09-03 17:00:00,1.8530209064483643
2005-09-03 18:00:00,2.5674052238464355
2005-09-03 19:00:00,2.6236376762390137
2005-09-03 20:00:00,2.168107748031616
2005-09-03 21:00:00,1.205011010169983
2005-09-03 22:00:00,0.14137190580368042
2005-09-03 23:00:00,1.429011344909668
2005-09-04 00:00:00,2.396929979324341
2005-09-04 01:00:00,2.4557743072509766
2005-09-04 02:00:00,1.8417770862579346
2005-09-04 03:00:00,0.9394147992134094
2005-09-04 04:00:00,0.27082517743110657
2005-09-04 05:00:00,1.2231916189193726
2005-09-04 06:00:00,2.0739779472351074
2005-09-04 07:00:00,2.4865024089813232
2005-09-04 08:00:00,2.227674961090088
2005-09-04 09:00:00,1.3959529399871826
2005-09-04 10:00:00,0.2727392017841339
2005-09-04 11:00:00,1.0309979915618896
2005-09-04 12:00:00,2.017671823501587
2005-09-04 13:00:00,2.377283811569214
2005-09-04 14:00:00,1.8074499368667603
2005-09-04 15:00:00,0.8868678212165833
2005-09-04 16:00:00,0.35957416892051697
2005-09-04 17:00:00,1.3806346654891968
2005-09-04 18:00:00,2.40644907951355
2005-09-04 19:00:00,2.6996405124664307
2005-09-04 20:00:00,2.4941461086273193
2005-09-04 21:00:00,1.7496763467788696
2005-09-04 22:00:00,0.561857283115387
2005-09-04 23:00:00,0.7816815376281738
2005-09-05 00:00:00,2.0730340480804443
2005-09-05 01:00:00,2.598576068878174
2005-09-05 02:00:00,2.17864727973938
2005-09-05 03:00:00,1.3699928522109985
2005-09-05 04:00:00,0.24425534904003143
2005-09-05 05:00:00,0.8758509755134583
2005-09-05 06:00:00,1.8195993900299072
2005-09-05 07:00:00,2.619755744934082
2005-09-05 08:00:00,2.5105717182159424
2005-09-05 09:00:00,1.9381911754608154
2005-09-05 10:00:00,0.8356817364692688
2005-09-05 11:00:00,0.33819103240966797
2005-09-05 12:00:00,1.6587101221084595
2005-09-05 13:00:00,2.425133228302002
2005-09-05 14:00:00,2.186530113220215
2005-09-05 15:00:00,1.418493390083313
2005-09-05 16:00:00,0.31639114022254944
2005-09-05 17:00:00,0.8531587719917297
2005-09-05 18:00:00,1.8358087539672852
2005-09-05 19:00:00,2.6463983058929443
2005-09-05 20:00:00,2.637127637863159
2005-09-05 21:00:00,2.148284912109375
2005-09-05 22:00:00,1.105362892150879
2005-09-05 23:00:00,0.16909410059452057
2005-09-06 00:00:00,1.555793046951294
2005-09-06 01:00:00,2.5059897899627686
2005-09-06 02:00:00,2.4154000282287598
2005-09-06 03:00:00,1.73478102684021
2005-09-06 04:00:00,0.7467714548110962
2005-09-06 05:00:00,0.47785672545433044
2005-09-06 06:00:00,1.4549039602279663
2005-09-06 07:00:00,2.522423505783081
2005-09-06 08:00:00,2.623861789703369
2005-09-06 09:00:00,2.3208365440368652
2005-09-06 10:00:00,1.4462344646453857
2005-09-06 11:00:00,0.2825755476951599
2005-09-06 12:00:00,1.0947754383087158
2005-09-06 13:00:00,2.0781941413879395
2005-09-06 14:00:00,2.435425043106079
2005-09-06 15:00:00,1.8520441055297852
2005-09-06 16:00:00,0.9445797801017761
2005-09-06 17:00:00,0.2895508110523224
2005-09-06 18:00:00,1.282234787940979
2005-09-06 19:00:00,2.1993110179901123
2005-09-06 20:00:00,2.5856995582580566
2005-09-06 21:00:00,2.3663954734802246
2005-09-06 22:00:00,1.5806543827056885
2005-09-06 23:00:00,0.39390647411346436
2005-09-07 00:00:00,0.931383490562439
2005-09-07 01:00:00,2.0787086486816406
2005-09-07 02:00:00,2.5284838676452637
2005-09-07 03:00:00,2.0298280715942383
2005-09-07 04:00:00,1.1842366456985474
2005-09-07 05:00:00,0.13451078534126282
2005-09-07 06:00:00,1.0668079853057861
2005-09-07 07:00:00,1.9953720569610596
2005-09-07 08:00:00,2.616555690765381
2005-09-07 09:00:00,2.5368781089782715
2005-09-07 10:00:00,1.932865858078003
2005-09-07 11:00:00,0.8414928317070007
2005-09-07 12:00:00,0.3108471930027008
2005-09-07 13:00:00,1.6206032037734985
2005-09-07 14:00:00,2.386937141418457
2005-09-07 15:00:00,2.166891574859619
2005-09-07 16:00:00,1.4337412118911743
2005-09-07 17:00:00,0.40545719861984253
2005-09-07 18:00:00,0.7021697163581848
2005-09-07 19:00:00,1.6012916564941406
2005-09-07 20:00:00,2.4898924827575684
2005-09-07 21:00:00,2.3945600986480713
2005-09-07 22:00:00,1.9026530981063843
2005-09-07 23:00:00,0.8752256631851196
2005-09-08 00:00:00,0.28108397126197815
2005-09-08 01:00:00,1.5614159107208252
2005-09-08 02:00:00,2.365116834640503
2005-09-08 03:00:00,2.2210214138031006
2005-09-08 04:00:00,1.5301097631454468
2005-09-08 05:00:00,0.5364181995391846
2005-09-08 06:00:00,0.6151052713394165
2005-09-08 07:00:00,1.5562645196914673
2005-09-08 08:00:00,2.5529026985168457
2005-09-08 09:00:00,2.5783448219299316
2005-09-08 10:00:00,2.2482471466064453
2005-09-08 11:00:00,1.4113185405731201
2005-09-08 12:00:00,0.3153632879257202
2005-09-08 13:00:00,0.9435297250747681
2005-09-08 14:00:00,1.9649388790130615
2005-09-08 15:00:00,2.2865970134735107
2005-09-08 16:00:00,1.8155689239501953
2005-09-08 17:00:00,1.0035990476608276
2005-09-08 18:00:00,0.14532668888568878
2005-09-08 19:00:00,1.0075433254241943
2005-09-08 20:00:00,1.7674567699432373
2005-09-08 21:00:00,2.2117552757263184
2005-09-08 22:00:00,2.033891201019287
2005-09-08 23:00:00,1.3074544668197632
2005-09-09 00:00:00,0.2696817219257355
2005-09-09 01:00:00,0.8996179699897766
2005-09-09 02:00:00,1.9179048538208008
2005-09-09 03:00:00,2.2673251628875732
2005-09-09 04:00:00,1.8025223016738892
2005-09-09 05:00:00,1.003990888595581
2005-09-09 06:00:00,0.15803959965705872
2005-09-09 07:00:00,1.0861231088638306
2005-09-09 08:00:00,1.916123390197754
2005-09-09 09:00:00,2.43855881690979
2005-09-09 10:00:00,2.3925487995147705
2005-09-09 11:00:00,1.8521636724472046
2005-09-09 12:00:00,0.9007999300956726
2005-09-09 13:00:00,0.18603204190731049
2005-09-09 14:00:00,1.3327728509902954
2005-09-09 15:00:00,2.046112060546875
2005-09-09 16:00:00,2.0722298622131348
2005-09-09 17:00:00,1.4652973413467407
2005-09-09 18:00:00,0.6283621191978455
2005-09-09 19:00:00,0.3580048680305481
2005-09-09 20:00:00,1.132287621498108
2005-09-09 21:00:00,1.70624577999115
2005-09-09 22:00:00,1.8631006479263306
2005-09-09 23:00:00,1.564386010169983
2005-09-10 00:00:00,0.741209089756012
2005-09-10 01:00:00,0.26825276017189026
2005-09-10 02:00:00,1.3170315027236938
2005-09-10 03:00:00,1.9842941761016846
2005-09-10 04:00:00,1.964760184288025
2005-09-10 05:00:00,1.3755345344543457
2005-09-10 06:00:00,0.523743212223053
2005-09-10 07:00:00,0.5151930451393127
2005-09-10 08:00:00,1.3533388376235962
2005-09-10 09:00:00,2.181441068649292
2005-09-10 10:00:00,2.3387746810913086
2005-09-10 11:00:00,2.1101508140563965
2005-09-10 12:00:00,1.4676048755645752
2005-09-10 13:00:00,0.5472726821899414
2005-09-10 14:00:00,0.39186447858810425
2005-09-10 15:00:00,1.4133270978927612
2005-09-10 16:00:00,1.9583885669708252
2005-09-10 17:00:00,1.8108736276626587
2005-09-10 18:00:00,1.2119543552398682
2005-09-10 19:00:00,0.43672317266464233
2005-09-10 20:00:00,0.4127827286720276
2005-09-10 21:00:00,1.044155240058899
2005-09-10 22:00:00,1.4484126567840576
2005-09-10 23:00:00,1.5058424472808838
2005-09-11 00:00:00,1.1190861463546753
2005-09-11 01:00:00,0.38415664434432983
2005-09-11 02:00:00,0.4663088321685791
2005-09-11 03:00:00,1.3520615100860596
2005-09-11 04:00:00,1.811244010925293
2005-09-11 05:00:00,1.6271820068359375
2005-09-11 06:00:00,1.0466289520263672
2005-09-11 07:00:00,0.23687425255775452
2005-09-11 08:00:00,0.6904820203781128
2005-09-11 09:00:00,1.402866244316101
2005-09-11 10:00:00,2.0087356567382812
2005-09-11 11:00:00,2.1427905559539795
2005-09-11 12:00:00,1.8535726070404053
2005-09-11 13:00:00,1.2440135478973389
2005-09-11 14:00:00,0.4294523596763611
2005-09-11 15:00:00,0.4074901044368744
2005-09-11 16:00:00,1.2876629829406738
2005-09-11 17:00:00,1.7459417581558228
2005-09-11 18:00:00,1.648601770401001
2005-09-11 19:00:00,1.1488661766052246
2005-09-11 20:00:00,0.5119270086288452
2005-09-11 21:00:00,0.2228647917509079
2005-09-11 22:00:00,0.7604585886001587
2005-09-11 23:00:00,1.0751564502716064
2005-09-12 00:00:00,1.2748702764511108
2005-09-12 01:00:00,0.8368838429450989
2005-09-12 02:00:00,0.3026849627494812
2005-09-12 03:00:00,0.38991779088974
2005-09-12 04:00:00,1.0504857301712036
2005-09-12 05:00:00,1.4186036586761475
2005-09-12 06:00:00,1.3771263360977173
2005-09-12 07:00:00,0.9334608912467957
2005-09-12 08:00:00,0.25648248195648193
2005-09-12 09:00:00,0.5651330947875977
2005-09-12 10:00:00,1.198325753211975
2005-09-12 11:00:00,1.6760950088500977
2005-09-12 12:00:00,1.9221328496932983
2005-09-12 13:00:00,1.7634878158569336
2005-09-12 14:00:00,1.2847751379013062
2005-09-12 15:00:00,0.5975086688995361
2005-09-12 16:00:00,0.21802473068237305
2005-09-12 17:00:00,1.0126192569732666
2005-09-12 18:00:00,1.5249180793762207
2005-09-12 19:00:00,1.657824158668518
2005-09-12 20:00:00,1.3475842475891113
2005-09-12 21:00:00,0.8560612797737122
2005-09-12 22:00:00,0.2789148986339569
2005-09-12 23:00:00,0.34412533044815063
2005-09-13 00:00:00,0.7654170393943787
2005-09-13 01:00:00,0.976301372051239
2005-09-13 02:00:00,1.0609173774719238
2005-09-13 03:00:00,0.6498894691467285
2005-09-13 04:00:00,0.11387817561626434
2005-09-13 05:00:00,0.5011261701583862
2005-09-13 06:00:00,0.9642807841300964
2005-09-13 07:00:00,1.2747299671173096
2005-09-13 08:00:00,1.1036763191223145
2005-09-13 09:00:00,0.6356046795845032
2005-09-13 10:00:00,0.13603058457374573
2005-09-13 11:00:00,0.8002058863639832
2005-09-13 12:00:00,1.3684210777282715
2005-09-13 13:00:00,1.7419564723968506
2005-09-13 14:00:00,1.8989112377166748
2005-09-13 15:00:00,1.6046514511108398
2005-09-13 16:00:00,1.0470542907714844
2005-09-13 17:00:00,0.30108606815338135
2005-09-13 18:00:00,0.5155671834945679
2005-09-13 19:00:00,1.3670276403427124
2005-09-13 20:00:00,1.837533950805664
2005-09-13 21:00:00,1.743874192237854
2005-09-13 22:00:00,1.3080768585205078
2005-09-13 23:00:00,0.7393568158149719
2005-09-14 00:00:00,0.12351119518280029
2005-09-14 01:00:00,0.6139169931411743
2005-09-14 02:00:00,1.0451802015304565
2005-09-14 03:00:00,1.299804925918579
2005-09-14 04:00:00,1.1965982913970947
2005-09-14 05:00:00,0.6800779700279236
2005-09-14 06:00:00,0.11342482268810272
2005-09-14 07:00:00,0.664490282535553
2005-09-14 08:00:00,1.2985752820968628
2005-09-14 09:00:00,1.4599697589874268
2005-09-14 10:00:00,1.1537669897079468
2005-09-14 11:00:00,0.5079650282859802
2005-09-14 12:00:00,0.4052053987979889
2005-09-14 13:00:00,1.176071047782898
2005-09-14 14:00:00,1.7821245193481445
2005-09-14 15:00:00,2.1883368492126465
2005-09-14 16:00:00,2.0343637466430664
2005-09-14 17:00:00,1.535721778869629
2005-09-14 18:00:00,0.6991405487060547
2005-09-14 19:00:00,0.27252909541130066
2005-09-14 20:00:00,1.376336932182312
2005-09-14 21:00:00,2.072042226791382
2005-09-14 22:00:00,2.123190402984619
2005-09-14 23:00:00,1.6498804092407227
2005-09-15 00:00:00,0.9664095044136047
2005-09-15 01:00:00,0.1451953947544098
2005-09-15 02:00:00,0.7328686714172363
2005-09-15 03:00:00,1.35440993309021
2005-09-15 04:00:00,1.9295154809951782
2005-09-15 05:00:00,1.6684595346450806
2005-09-15 06:00:00,1.1112169027328491
2005-09-15 07:00:00,0.2667044997215271
2005-09-15 08:00:00,0.653130829334259
2005-09-15 09:00:00,1.5119092464447021
2005-09-15 10:00:00,1.8992538452148438
2005-09-15 11:00:00,1.549136996269226
2005-09-15 12:00:00,0.7916692495346069
2005-09-15 13:00:00,0.30113860964775085
2005-09-15 14:00:00,1.2478746175765991
2005-09-15 15:00:00,2.0425608158111572
2005-09-15 16:00:00,2.5052311420440674
2005-09-15 17:00:00,2.3956074714660645
2005-09-15 18:00:00,1.8418357372283936
2005-09-15 19:00:00,0.8574576377868652
2005-09-15 20:00:00,0.2690828740596771
2005-09-15 21:00:00,1.5872645378112793
2005-09-15 22:00:00,2.442641496658325
2005-09-15 23:00:00,2.3464386463165283
2005-09-16 00:00:00,1.7547889947891235
2005-09-16 01:00:00,0.9077879190444946
2005-09-16 02:00:00,0.21801741421222687
2005-09-16 03:00:00,1.1038081645965576
2005-09-16 04:00:00,1.8652019500732422
2005-09-16 05:00:00,2.303385019302368
2005-09-16 06:00:00,2.0384528636932373
2005-09-16 07:00:00,1.247260332107544
2005-09-16 08:00:00,0.21185529232025146
2005-09-16 09:00:00,1.0204766988754272
2005-09-16 10:00:00,1.9468886852264404
2005-09-16 11:00:00,2.2861433029174805
2005-09-16 12:00:00,1.7223949432373047
2005-09-16 13:00:00,0.8011152148246765
2005-09-16 14:00:00,0.4412861764431
2005-09-16 15:00:00,1.4802156686782837
2005-09-16 16:00:00,2.574247360229492
2005-09-16 17:00:00,2.8051514625549316
2005-09-16 18:00:00,2.612464189529419
2005-09-16 19:00:00,1.94040846824646
2005-09-16 20:00:00,0.7463762164115906
2005-09-16 21:00:00,0.5950897336006165
2005-09-16 22:00:00,1.9367940425872803
2005-09-16 23:00:00,2.7266547679901123
2005-09-17 00:00:00,2.405487060546875
2005-09-17 01:00:00,1.6506175994873047
2005-09-17 02:00:00,0.5867261290550232
2005-09-17 03:00:00,0.6275371313095093
2005-09-17 04:00:00,1.6025766134262085
2005-09-17 05:00:00,2.643508195877075
2005-09-17 06:00:00,2.6234776973724365
2005-09-17 07:00:00,2.196173667907715
2005-09-17 08:00:00,1.1532740592956543
2005-09-17 09:00:00,0.17046472430229187
2005-09-17 10:00:00,1.5197162628173828
2005-09-17 11:00:00,2.488111734390259
2005-09-17 12:00:00,2.4319729804992676
2005-09-17 13:00:00,1.708970308303833
2005-09-17 14:00:00,0.6150565147399902
2005-09-17 15:00:00,0.699716329574585
2005-09-17 16:00:00,1.8056360483169556
2005-09-17 17:00:00,2.8980014324188232
2005-09-17 18:00:00,2.982314348220825
2005-09-17 19:00:00,2.6607117652893066
2005-09-17 20:00:00,1.8017858266830444
2005-09-17 21:00:00,0.448831707239151
2005-09-17 22:00:00,1.1579114198684692
2005-09-17 23:00:00,2.389427900314331
2005-09-18 00:00:00,2.8463833332061768
2005-09-18 01:00:00,2.2920820713043213
2005-09-18 02:00:00,1.3715052604675293
2005-09-18 03:00:00,0.15510454773902893
2005-09-18 04:00:00,1.123331069946289
2005-09-18 05:00:00,2.181943416595459
2005-09-18 06:00:00,2.9235050678253174
2005-09-18 07:00:00,2.8117623329162598
2005-09-18 08:00:00,2.1575722694396973
2005-09-18 09:00:00,0.9009496569633484
2005-09-18 10:00:00,0.47146883606910706
2005-09-18 11:00:00,1.9234721660614014
2005-09-18 12:00:00,2.7515697479248047
2005-09-18 13:00:00,2.4193620681762695
2005-09-18 14:00:00,1.5556809902191162
2005-09-18 15:00:00,0.2964532971382141
2005-09-18 16:00:00,0.9970272183418274
2005-09-18 17:00:00,2.13623046875
2005-09-18 18:00:00,3.012890338897705
2005-09-18 19:00:00,3.0168895721435547
2005-09-18 20:00:00,2.530032157897949
2005-09-18 21:00:00,1.4167146682739258
2005-09-18 22:00:00,0.11886410415172577
2005-09-18 23:00:00,1.6807667016983032
2005-09-19 00:00:00,2.8541336059570312
2005-09-19 01:00:00,2.7399678230285645
2005-09-19 02:00:00,2.012129306793213
2005-09-19 03:00:00,0.9406364560127258
2005-09-19 04:00:00,0.502768337726593
2005-09-19 05:00:00,1.6323411464691162
2005-09-19 06:00:00,2.899568796157837
2005-09-19 07:00:00,3.054316997528076
2005-09-19 08:00:00,2.7925801277160645
2005-09-19 09:00:00,1.947103500366211
2005-09-19 10:00:00,0.5480970740318298
2005-09-19 11:00:00,1.0459356307983398
2005-09-19 12:00:00,2.311495065689087
2005-09-19 13:00:00,2.857555389404297
2005-09-19 14:00:00,2.270369052886963
2005-09-19 15:00:00,1.3004788160324097
2005-09-19 16:00:00,0.16193750500679016
2005-09-19 17:00:00,1.2819114923477173
2005-09-19 18:00:00,2.38446044921875
2005-09-19 19:00:00,3.0180349349975586
2005-09-19 20:00:00,2.8871402740478516
2005-09-19 21:00:00,2.2004306316375732
2005-09-19 22:00:00,0.8642438650131226
2005-09-19 23:00:00,0.6251603364944458
2005-09-20 00:00:00,2.1578369140625
2005-09-20 01:00:00,2.9305169582366943
2005-09-20 02:00:00,2.4896609783172607
2005-09-20 03:00:00,1.6041606664657593
2005-09-20 04:00:00,0.3371424078941345
2005-09-20 05:00:00,0.9880320429801941
2005-09-20 06:00:00,2.1470322608947754
2005-09-20 07:00:00,3.0705952644348145
2005-09-20 08:00:00,3.072482109069824
2005-09-20 09:00:00,2.6125378608703613
2005-09-20 10:00:00,1.5518604516983032
2005-09-20 11:00:00,0.21340426802635193
2005-09-20 12:00:00,1.511462688446045
2005-09-20 13:00:00,2.702876329421997
2005-09-20 14:00:00,2.700817346572876
2005-09-20 15:00:00,2.009672164916992
2005-09-20 16:00:00,0.9714654684066772
2005-09-20 17:00:00,0.41915401816368103
2005-09-20 18:00:00,1.4961931705474854
2005-09-20 19:00:00,2.7036361694335938
2005-09-20 20:00:00,2.8799235820770264
2005-09-20 21:00:00,2.5924057960510254
2005-09-20 22:00:00,1.6691274642944336
2005-09-20 23:00:00,0.3336879312992096
2005-09-21 00:00:00,1.2605112791061401
2005-09-21 01:00:00,2.434861421585083
2005-09-21 02:00:00,2.733126640319824
2005-09-21 03:00:00,2.1089911460876465
2005-09-21 04:00:00,1.1214289665222168
2005-09-21 05:00:00,0.2818583846092224
2005-09-21 06:00:00,1.4190698862075806
2005-09-21 07:00:00,2.6249136924743652
2005-09-21 08:00:00,3.0332529544830322
2005-09-21 09:00:00,2.9011130332946777
2005-09-21 10:00:00,2.275134801864624
2005-09-21 11:00:00,1.0494916439056396
2005-09-21 12:00:00,0.2821735739707947
2005-09-21 13:00:00,1.7934001684188843
2005-09-21 14:00:00,2.7018589973449707
2005-09-21 15:00:00,2.448111057281494
2005-09-21 16:00:00,1.678834319114685
2005-09-21 17:00:00,0.5845401287078857
2005-09-21 18:00:00,0.6449748277664185
2005-09-21 19:00:00,1.625575065612793
2005-09-21 20:00:00,2.6648552417755127
2005-09-21 21:00:00,2.603034019470215
2005-09-21 22:00:00,2.1370770931243896
2005-09-21 23:00:00,1.0430985689163208
2005-09-22 00:00:00,0.22787241637706757
2005-09-22 01:00:00,1.6139953136444092
2005-09-22 02:00:00,2.5294108390808105
2005-09-22 03:00:00,2.3840537071228027
2005-09-22 04:00:00,1.6512504816055298
2005-09-22 05:00:00,0.5794224143028259
2005-09-22 06:00:00,0.6833175420761108
2005-09-22 07:00:00,1.739811897277832
2005-09-22 08:00:00,2.8244595527648926
2005-09-22 09:00:00,2.8831467628479004
2005-09-22 10:00:00,2.582662343978882
2005-09-22 11:00:00,1.7955200672149658
2005-09-22 12:00:00,0.5773032903671265
2005-09-22 13:00:00,0.7626413106918335
2005-09-22 14:00:00,2.0567409992218018
2005-09-22 15:00:00,2.5255846977233887
2005-09-22 16:00:00,2.1224353313446045
2005-09-22 17:00:00,1.3371312618255615
2005-09-22 18:00:00,0.2714090347290039
2005-09-22 19:00:00,0.771041989326477
2005-09-22 20:00:00,1.6121629476547241
2005-09-22 21:00:00,2.4181723594665527
2005-09-22 22:00:00,2.191593647003174
2005-09-22 23:00:00,1.5880857706069946
2005-09-23 00:00:00,0.5194098353385925
2005-09-23 01:00:00,0.59596186876297
2005-09-23 02:00:00,1.7152864933013916
2005-09-23 03:00:00,2.271937847137451
2005-09-23 04:00:00,1.9615910053253174
2005-09-23 05:00:00,1.1969290971755981
2005-09-23 06:00:00,0.1613565981388092
2005-09-23 07:00:00,0.9755991101264954
2005-09-23 08:00:00,1.8883562088012695
2005-09-23 09:00:00,2.5483596324920654
2005-09-23 10:00:00,2.5827267169952393
2005-09-23 11:00:00,2.1495933532714844
2005-09-23 12:00:00,1.288914680480957
2005-09-23 13:00:00,0.24758906662464142
2005-09-23 14:00:00,1.0447133779525757
2005-09-23 15:00:00,1.9233201742172241
2005-09-23 16:00:00,2.238795757293701
2005-09-23 17:00:00,1.781097173690796
2005-09-23 18:00:00,1.04205322265625
2005-09-23 19:00:00,0.14823374152183533
2005-09-23 20:00:00,0.768829345703125
2005-09-23 21:00:00,1.4162468910217285
2005-09-23 22:00:00,1.9958511590957642
2005-09-23 23:00:00,1.6861013174057007
2005-09-24 00:00:00,1.0809804201126099
2005-09-24 01:00:00,0.21207325160503387
2005-09-24 02:00:00,0.7568477392196655
2005-09-24 03:00:00,1.5793097019195557
2005-09-24 04:00:00,1.9355443716049194
2005-09-24 05:00:00,1.5395724773406982
2005-09-24 06:00:00,0.8113278150558472
2005-09-24 07:00:00,0.21704654395580292
2005-09-24 08:00:00,1.0787339210510254
2005-09-24 09:00:00,1.7893695831298828
2005-09-24 10:00:00,2.2310750484466553
2005-09-24 11:00:00,2.1827456951141357
2005-09-24 12:00:00,1.7018264532089233
2005-09-24 13:00:00,0.8922905921936035
2005-09-24 14:00:00,0.1608104407787323
2005-09-24 15:00:00,1.0616960525512695
2005-09-24 16:00:00,1.7138044834136963
2005-09-24 17:00:00,1.9053056240081787
2005-09-24 18:00:00,1.5031663179397583
2005-09-24 19:00:00,0.8784505724906921
2005-09-24 20:00:00,0.1588658094406128
2005-09-24 21:00:00,0.6007396578788757
2005-09-24 22:00:00,1.0682533979415894
2005-09-24 23:00:00,1.3503320217132568
2005-09-25 00:00:00,1.2085869312286377
2005-09-25 01:00:00,0.7272182703018188
2005-09-25 02:00:00,0.12780649960041046
2005-09-25 03:00:00,0.6433056592941284
2005-09-25 04:00:00,1.288466453552246
2005-09-25 05:00:00,1.4540549516677856
2005-09-25 06:00:00,1.1840404272079468
2005-09-25 07:00:00,0.5921794176101685
2005-09-25 08:00:00,0.24591664969921112
2005-09-25 09:00:00,0.9413806200027466
2005-09-25 10:00:00,1.4804612398147583
2005-09-25 11:00:00,1.7951042652130127
2005-09-25 12:00:00,1.7752199172973633
2005-09-25 13:00:00,1.3746753931045532
2005-09-25 14:00:00,0.7332214117050171
2005-09-25 15:00:00,0.1489931046962738
2005-09-25 16:00:00,0.7709892988204956
2005-09-25 17:00:00,1.3867404460906982
2005-09-25 18:00:00,1.6277498006820679
2005-09-25 19:00:00,1.3883053064346313
2005-09-25 20:00:00,0.9159277677536011
2005-09-25 21:00:00,0.3548765182495117
2005-09-25 22:00:00,0.25726789236068726
2005-09-25 23:00:00,0.6848773956298828
2005-09-26 00:00:00,0.909434974193573
2005-09-26 01:00:00,0.9832767248153687
2005-09-26 02:00:00,0.7804606556892395
2005-09-26 03:00:00,0.22343173623085022
2005-09-26 04:00:00,0.2971703112125397
2005-09-26 05:00:00,0.7314969301223755
2005-09-26 06:00:00,1.010042667388916
2005-09-26 07:00:00,0.9798639416694641
2005-09-26 08:00:00,0.6272305846214294
2005-09-26 09:00:00,0.10803402960300446
2005-09-26 10:00:00,0.5437736511230469
2005-09-26 11:00:00,1.0134469270706177
2005-09-26 12:00:00,1.3586890697479248
2005-09-26 13:00:00,1.5195250511169434
2005-09-26 14:00:00,1.2906529903411865
2005-09-26 15:00:00,0.8594516515731812
2005-09-26 16:00:00,0.279901385307312
2005-09-26 17:00:00,0.37517815828323364
2005-09-26 18:00:00,1.0676497220993042
2005-09-26 19:00:00,1.446169137954712
2005-09-26 20:00:00,1.4592008590698242
2005-09-26 21:00:00,1.1644514799118042
2005-09-26 22:00:00,0.739145815372467
2005-09-26 23:00:00,0.22725388407707214
2005-09-27 00:00:00,0.3362545371055603
2005-09-27 01:00:00,0.7178270220756531
2005-09-27 02:00:00,0.9158256649971008
2005-09-27 03:00:00,0.9893488883972168
2005-09-27 04:00:00,0.6952780485153198
2005-09-27 05:00:00,0.24089661240577698
2005-09-27 06:00:00,0.24075135588645935
2005-09-27 07:00:00,0.6088374257087708
2005-09-27 08:00:00,0.87066650390625
2005-09-27 09:00:00,0.9032894372940063
2005-09-27 10:00:00,0.5733226537704468
2005-09-27 11:00:00,0.08557118475437164
2005-09-27 12:00:00,0.5774140357971191
2005-09-27 13:00:00,1.0430114269256592
2005-09-27 14:00:00,1.3925905227661133
2005-09-27 15:00:00,1.4422690868377686
2005-09-27 16:00:00,1.184691071510315
2005-09-27 17:00:00,0.6712687611579895
2005-09-27 18:00:00,0.12872734665870667
2005-09-27 19:00:00,0.6778808236122131
2005-09-27 20:00:00,1.3398478031158447
2005-09-27 21:00:00,1.6511833667755127
2005-09-27 22:00:00,1.4882025718688965
2005-09-27 23:00:00,1.0647658109664917
2005-09-28 00:00:00,0.4932765066623688
2005-09-28 01:00:00,0.2144221067428589
2005-09-28 02:00:00,0.7549681067466736
2005-09-28 03:00:00,1.1020430326461792
2005-09-28 04:00:00,1.3687708377838135
2005-09-28 05:00:00,1.0148013830184937
2005-09-28 06:00:00,0.5967444181442261
2005-09-28 07:00:00,0.1116933822631836
2005-09-28 08:00:00,0.5528489947319031
2005-09-28 09:00:00,1.076038122177124
2005-09-28 10:00:00,1.2544106245040894
2005-09-28 11:00:00,0.9212976694107056
2005-09-28 12:00:00,0.33732956647872925
2005-09-28 13:00:00,0.4610101580619812
2005-09-28 14:00:00,1.0859042406082153
2005-09-28 15:00:00,1.5346941947937012
2005-09-28 16:00:00,1.7400283813476562
2005-09-28 17:00:00,1.4593735933303833
2005-09-28 18:00:00,0.8851848840713501
2005-09-28 19:00:00,0.16675302386283875
2005-09-28 20:00:00,0.7256983518600464
2005-09-28 21:00:00,1.5100023746490479
2005-09-28 22:00:00,1.9003585577011108
2005-09-28 23:00:00,1.6621872186660767
2005-09-29 00:00:00,1.1197049617767334
2005-09-29 01:00:00,0.3951055407524109
2005-09-29 02:00:00,0.43401068449020386
2005-09-29 03:00:00,1.055405855178833
2005-09-29 04:00:00,1.475241780281067
2005-09-29 05:00:00,1.5521605014801025
2005-09-29 06:00:00,1.253637433052063
2005-09-29 07:00:00,0.6064680814743042
2005-09-29 08:00:00,0.21338441967964172
2005-09-29 09:00:00,0.9368833303451538
2005-09-29 10:00:00,1.4695217609405518
2005-09-29 11:00:00,1.5188567638397217
2005-09-29 12:00:00,1.017329216003418
2005-09-29 13:00:00,0.22719478607177734
2005-09-29 14:00:00,0.708877682685852
2005-09-29 15:00:00,1.4155025482177734
2005-09-29 16:00:00,1.8757288455963135
2005-09-29 17:00:00,1.98872971534729
2005-09-29 18:00:00,1.5730586051940918
2005-09-29 19:00:00,0.7943089604377747
2005-09-29 20:00:00,0.20063245296478271
2005-09-29 21:00:00,1.2282989025115967
2005-09-29 22:00:00,1.9209489822387695
2005-09-29 23:00:00,2.0847301483154297
2005-09-30 00:00:00,1.603704810142517
2005-09-30 01:00:00,0.8804453611373901
2005-09-30 02:00:00,0.13898628950119019
2005-09-30 03:00:00,0.9086513519287109
2005-09-30 04:00:00,1.547093391418457
2005-09-30 05:00:00,2.0505564212799072
2005-09-30 06:00:00,1.7831579446792603
2005-09-30 07:00:00,1.17559015750885
2005-09-30 08:00:00,0.30486759543418884
2005-09-30 09:00:00,0.6102798581123352
2005-09-30 10:00:00,1.4954622983932495
2005-09-30 11:00:00,1.8791754245758057
2005-09-30 12:00:00,1.5587217807769775
2005-09-30 13:00:00,0.8105462193489075
2005-09-30 14:00:00,0.24472780525684357
2005-09-30 15:00:00,1.1374529600143433
2005-09-30 16:00:00,1.8569355010986328
2005-09-30 17:00:00,2.2482223510742188
2005-09-30 18:00:00,2.0886645317077637
2005-09-30 19:00:00,1.4407719373703003
2005-09-30 20:00:00,0.44270840287208557
2005-09-30 21:00:00,0.6456243395805359
2005-09-30 22:00:00,1.7173343896865845
2005-09-30 23:00:00,2.2828855514526367
2005-10-01 00:00:00,2.005105495452881
2005-10-01 01:00:00,1.3161720037460327
2005-10-01 02:00:00,0.3682743310928345
2005-10-01 03:00:00,0.6575489044189453
2005-10-01 04:00:00,1.469813346862793
2005-10-01 05:00:00,2.290682315826416
2005-10-01 06:00:00,2.185920238494873
2005-10-01 07:00:00,1.7341406345367432
2005-10-01 08:00:00,0.8096017837524414
2005-10-01 09:00:00,0.2515108585357666
2005-10-01 10:00:00,1.3741322755813599
2005-10-01 11:00:00,2.0740063190460205
2005-10-01 12:00:00,2.02217173576355
2005-10-01 13:00:00,1.3485090732574463
2005-10-01 14:00:00,0.37542015314102173
2005-10-01 15:00:00,0.7272708415985107
2005-10-01 16:00:00,1.619072675704956
2005-10-01 17:00:00,2.423912763595581
2005-10-01 18:00:00,2.415463447570801
2005-10-01 19:00:00,1.9824106693267822
2005-10-01 20:00:00,1.0425376892089844
2005-10-01 21:00:00,0.16973033547401428
2005-10-01 22:00:00,1.4111363887786865
2005-10-01 23:00:00,2.2930777072906494
2005-10-02 00:00:00,2.3297066688537598
2005-10-02 01:00:00,1.7192156314849854
2005-10-02 02:00:00,0.824081540107727
2005-10-02 03:00:00,0.3435899615287781
2005-10-02 04:00:00,1.2848808765411377
2005-10-02 05:00:00,2.1515753269195557
2005-10-02 06:00:00,2.4747440814971924
2005-10-02 07:00:00,2.214096784591675
2005-10-02 08:00:00,1.4097036123275757
2005-10-02 09:00:00,0.3054335415363312
2005-10-02 10:00:00,0.9521216154098511
2005-10-02 11:00:00,1.991822600364685
2005-10-02 12:00:00,2.3414337635040283
2005-10-02 13:00:00,1.8363590240478516
2005-10-02 14:00:00,0.9687895774841309
2005-10-02 15:00:00,0.24274420738220215
2005-10-02 16:00:00,1.228139877319336
2005-10-02 17:00:00,2.0997226238250732
2005-10-02 18:00:00,2.559279203414917
2005-10-02 19:00:00,2.3691964149475098
2005-10-02 20:00:00,1.6308517456054688
2005-10-02 21:00:00,0.4652954936027527
2005-10-02 22:00:00,0.8149423599243164
2005-10-02 23:00:00,2.047229290008545
2005-10-03 00:00:00,2.51893949508667
2005-10-03 01:00:00,2.0842955112457275
2005-10-03 02:00:00,1.262708306312561
2005-10-03 03:00:00,0.15967701375484467
2005-10-03 04:00:00,0.9950931668281555
2005-10-03 05:00:00,1.9442882537841797
2005-10-03 06:00:00,2.6261096000671387
2005-10-03 07:00:00,2.5620198249816895
2005-10-03 08:00:00,1.9772605895996094
2005-10-03 09:00:00,0.870821475982666
2005-10-03 10:00:00,0.3197915256023407
2005-10-03 11:00:00,1.671459436416626
2005-10-03 12:00:00,2.4700098037719727
2005-10-03 13:00:00,2.2457027435302734
2005-10-03 14:00:00,1.4993263483047485
2005-10-03 15:00:00,0.4288029670715332
2005-10-03 16:00:00,0.7364175915718079
2005-10-03 17:00:00,1.701999306678772
2005-10-03 18:00:00,2.63287091255188
2005-10-03 19:00:00,2.5778820514678955
2005-10-03 20:00:00,2.0984597206115723
2005-10-03 21:00:00,1.0441280603408813
2005-10-03 22:00:00,0.21363374590873718
2005-10-03 23:00:00,1.5772414207458496
2005-10-04 00:00:00,2.4883904457092285
2005-10-04 01:00:00,2.367358684539795
2005-10-04 02:00:00,1.658782958984375
2005-10-04 03:00:00,0.6197899580001831
2005-10-04 04:00:00,0.6161969900131226
2005-10-04 05:00:00,1.6307624578475952
2005-10-04 06:00:00,2.717177391052246
2005-10-04 07:00:00,2.749915599822998
2005-10-04 08:00:00,2.412554979324341
2005-10-04 09:00:00,1.518921136856079
2005-10-04 10:00:00,0.3022725582122803
2005-10-04 11:00:00,1.1615335941314697
2005-10-04 12:00:00,2.194742202758789
2005-10-04 13:00:00,2.551614284515381
2005-10-04 14:00:00,1.9621684551239014
2005-10-04 15:00:00,1.0617709159851074
2005-10-04 16:00:00,0.20678755640983582
2005-10-04 17:00:00,1.2034550905227661
2005-10-04 18:00:00,2.1073408126831055
2005-10-04 19:00:00,2.608478546142578
2005-10-04 20:00:00,2.3970322608947754
2005-10-04 21:00:00,1.5976488590240479
2005-10-04 22:00:00,0.3862570822238922
2005-10-04 23:00:00,0.9672749638557434
2005-10-05 00:00:00,2.1012699604034424
2005-10-05 01:00:00,2.547945261001587
2005-10-05 02:00:00,2.006986379623413
2005-10-05 03:00:00,1.110321044921875
2005-10-05 04:00:00,0.19181860983371735
2005-10-05 05:00:00,1.2472649812698364
2005-10-05 06:00:00,2.2345404624938965
2005-10-05 07:00:00,2.8046841621398926
2005-10-05 08:00:00,2.688077688217163
2005-10-05 09:00:00,2.0627753734588623
2005-10-05 10:00:00,0.9093220829963684
2005-10-05 11:00:00,0.34716108441352844
2005-10-05 12:00:00,1.7509340047836304
2005-10-05 13:00:00,2.5699610710144043
2005-10-05 14:00:00,2.322643280029297
2005-10-05 15:00:00,1.575655221939087
2005-10-05 16:00:00,0.5191662311553955
2005-10-05 17:00:00,0.6397332549095154
2005-10-05 18:00:00,1.576271653175354
2005-10-05 19:00:00,2.5602762699127197
2005-10-05 20:00:00,2.47861909866333
2005-10-05 21:00:00,2.003208875656128
2005-10-05 22:00:00,0.9308587908744812
2005-10-05 23:00:00,0.27820104360580444
2005-10-06 00:00:00,1.6053380966186523
2005-10-06 01:00:00,2.437915563583374
2005-10-06 02:00:00,2.2636826038360596
2005-10-06 03:00:00,1.520068883895874
2005-10-06 04:00:00,0.4380815625190735
2005-10-06 05:00:00,0.77564936876297
2005-10-06 06:00:00,1.8016612529754639
2005-10-06 07:00:00,2.7534890174865723
2005-10-06 08:00:00,2.801121234893799
2005-10-06 09:00:00,2.4332187175750732
2005-10-06 10:00:00,1.5551527738571167
2005-10-06 11:00:00,0.3394649624824524
2005-10-06 12:00:00,1.1092544794082642
2005-10-06 13:00:00,2.140986919403076
2005-10-06 14:00:00,2.543973445892334
2005-10-06 15:00:00,1.9919859170913696
2005-10-06 16:00:00,1.1472429037094116
2005-10-06 17:00:00,0.12964056432247162
2005-10-06 18:00:00,1.0006906986236572
2005-10-06 19:00:00,1.846008062362671
2005-10-06 20:00:00,2.426335096359253
2005-10-06 21:00:00,2.209632396697998
2005-10-06 22:00:00,1.446303367614746
2005-10-06 23:00:00,0.31877201795578003
2005-10-07 00:00:00,0.9281100034713745
2005-10-07 01:00:00,2.002021312713623
2005-10-07 02:00:00,2.382091522216797
2005-10-07 03:00:00,1.8605358600616455
2005-10-07 04:00:00,0.9824821352958679
2005-10-07 05:00:00,0.2523288428783417
2005-10-07 06:00:00,1.2822154760360718
2005-10-07 07:00:00,2.225153684616089
2005-10-07 08:00:00,2.731755495071411
2005-10-07 09:00:00,2.625807762145996
2005-10-07 10:00:00,2.0365560054779053
2005-10-07 11:00:00,0.9782663583755493
2005-10-07 12:00:00,0.1997983753681183
2005-10-07 13:00:00,1.5598535537719727
2005-10-07 14:00:00,2.413161039352417
2005-10-07 15:00:00,2.2818684577941895
2005-10-07 16:00:00,1.6244497299194336
2005-10-07 17:00:00,0.7184744477272034
2005-10-07 18:00:00,0.3665466904640198
2005-10-07 19:00:00,1.2160290479660034
2005-10-07 20:00:00,1.9375337362289429
2005-10-07 21:00:00,2.1491808891296387
2005-10-07 22:00:00,1.7836471796035767
2005-10-07 23:00:00,0.8577143549919128
2005-10-08 00:00:00,0.2529470920562744
2005-10-08 01:00:00,1.4037656784057617
2005-10-08 02:00:00,2.1417715549468994
2005-10-08 03:00:00,2.07881760597229
2005-10-08 04:00:00,1.4216786623001099
2005-10-08 05:00:00,0.4494924545288086
2005-10-08 06:00:00,0.6873424649238586
2005-10-08 07:00:00,1.6217050552368164
2005-10-08 08:00:00,2.550536870956421
2005-10-08 09:00:00,2.6209442615509033
2005-10-08 10:00:00,2.3269872665405273
2005-10-08 11:00:00,1.5922489166259766
2005-10-08 12:00:00,0.5141834616661072
2005-10-08 13:00:00,0.6392537951469421
2005-10-08 14:00:00,1.7252880334854126
2005-10-08 15:00:00,2.292531967163086
2005-10-08 16:00:00,1.9865480661392212
2005-10-08 17:00:00,1.3033666610717773
2005-10-08 18:00:00,0.4063262939453125
2005-10-08 19:00:00,0.528439998626709
2005-10-08 20:00:00,1.2457733154296875
2005-10-08 21:00:00,1.8705472946166992
2005-10-08 22:00:00,1.7900559902191162
2005-10-08 23:00:00,1.323014259338379
2005-10-09 00:00:00,0.42346876859664917
2005-10-09 01:00:00,0.5334809422492981
2005-10-09 02:00:00,1.5026137828826904
2005-10-09 03:00:00,1.988305687904358
2005-10-09 04:00:00,1.7288179397583008
2005-10-09 05:00:00,1.0347163677215576
2005-10-09 06:00:00,0.13351915776729584
2005-10-09 07:00:00,0.94720858335495
2005-10-09 08:00:00,1.7525430917739868
2005-10-09 09:00:00,2.30294132232666
2005-10-09 10:00:00,2.3924002647399902
2005-10-09 11:00:00,1.9921404123306274
2005-10-09 12:00:00,1.215721607208252
2005-10-09 13:00:00,0.26591530442237854
2005-10-09 14:00:00,0.84495609998703
2005-10-09 15:00:00,1.7895523309707642
2005-10-09 16:00:00,2.0874552726745605
2005-10-09 17:00:00,1.7445627450942993
2005-10-09 18:00:00,1.1126947402954102
2005-10-09 19:00:00,0.31602713465690613
2005-10-09 20:00:00,0.498495876789093
2005-10-09 21:00:00,1.0887128114700317
2005-10-09 22:00:00,1.4650232791900635
2005-10-09 23:00:00,1.456128478050232
2005-10-10 00:00:00,0.9756066203117371
2005-10-10 01:00:00,0.24645304679870605
2005-10-10 02:00:00,0.5853003263473511
2005-10-10 03:00:00,1.3795502185821533
2005-10-10 04:00:00,1.7209205627441406
2005-10-10 05:00:00,1.4411354064941406
2005-10-10 06:00:00,0.8097506761550903
2005-10-10 07:00:00,0.14719289541244507
2005-10-10 08:00:00,0.9498186111450195
2005-10-10 09:00:00,1.624153733253479
2005-10-10 10:00:00,2.054047107696533
2005-10-10 11:00:00,2.121957302093506
2005-10-10 12:00:00,1.7438428401947021
2005-10-10 13:00:00,1.052726149559021
2005-10-10 14:00:00,0.23309776186943054
2005-10-10 15:00:00,0.6998357772827148
2005-10-10 16:00:00,1.5052485466003418
2005-10-10 17:00:00,1.9039008617401123
2005-10-10 18:00:00,1.656850814819336
2005-10-10 19:00:00,1.1278159618377686
2005-10-10 20:00:00,0.4734326899051666
2005-10-10 21:00:00,0.25739848613739014
2005-10-10 22:00:00,0.7998109459877014
2005-10-10 23:00:00,1.1185486316680908
2005-10-11 00:00:00,1.315535068511963
2005-10-11 01:00:00,0.870408833026886
2005-10-11 02:00:00,0.3475702106952667
2005-10-11 03:00:00,0.32998234033584595
2005-10-11 04:00:00,0.9442992210388184
2005-10-11 05:00:00,1.293066382408142
2005-10-11 06:00:00,1.2832905054092407
2005-10-11 07:00:00,0.8563027381896973
2005-10-11 08:00:00,0.17646774649620056
2005-10-11 09:00:00,0.6488806009292603
2005-10-11 10:00:00,1.264404535293579
2005-10-11 11:00:00,1.702190637588501
2005-10-11 12:00:00,1.9520933628082275
2005-10-11 13:00:00,1.689581274986267
2005-10-11 14:00:00,1.1778008937835693
2005-10-11 15:00:00,0.4451570510864258
2005-10-11 16:00:00,0.35870566964149475
2005-10-11 17:00:00,1.2421019077301025
2005-10-11 18:00:00,1.7335208654403687
2005-10-11 19:00:00,1.769216537475586
2005-10-11 20:00:00,1.3695513010025024
2005-10-11 21:00:00,0.8403304219245911
2005-10-11 22:00:00,0.21496689319610596
2005-10-11 23:00:00,0.46322330832481384
2005-10-12 00:00:00,0.9139910936355591
2005-10-12 01:00:00,1.178970456123352
2005-10-12 02:00:00,1.3625167608261108
2005-10-12 03:00:00,0.7836042046546936
2005-10-12 04:00:00,0.25939545035362244
2005-10-12 05:00:00,0.3833426535129547
2005-10-12 06:00:00,0.9592913389205933
2005-10-12 07:00:00,1.2721071243286133
2005-10-12 08:00:00,1.160551905632019
2005-10-12 09:00:00,0.7022916078567505
2005-10-12 10:00:00,0.11510474979877472
2005-10-12 11:00:00,0.7969359159469604
2005-10-12 12:00:00,1.3843615055084229
2005-10-12 13:00:00,1.7783801555633545
2005-10-12 14:00:00,1.8978554010391235
2005-10-12 15:00:00,1.5392718315124512
2005-10-12 16:00:00,0.9095174670219421
2005-10-12 17:00:00,0.15733683109283447
2005-10-12 18:00:00,0.8193670511245728
2005-10-12 19:00:00,1.6375312805175781
2005-10-12 20:00:00,1.9937536716461182
2005-10-12 21:00:00,1.7416346073150635
2005-10-12 22:00:00,1.2232987880706787
2005-10-12 23:00:00,0.5409631133079529
2005-10-13 00:00:00,0.2739332616329193
2005-10-13 01:00:00,0.9236403703689575
2005-10-13 02:00:00,1.3892805576324463
2005-10-13 03:00:00,1.78131902217865
2005-10-13 04:00:00,1.3644964694976807
2005-10-13 05:00:00,0.7998211979866028
2005-10-13 06:00:00,0.13873505592346191
2005-10-13 07:00:00,0.720354437828064
2005-10-13 08:00:00,1.367010235786438
2005-10-13 09:00:00,1.5966249704360962
2005-10-13 10:00:00,1.2200452089309692
2005-10-13 11:00:00,0.505786657333374
2005-10-13 12:00:00,0.44461530447006226
2005-10-13 13:00:00,1.230438470840454
2005-10-13 14:00:00,1.8363010883331299
2005-10-13 15:00:00,2.1446359157562256
2005-10-13 16:00:00,1.9420934915542603
2005-10-13 17:00:00,1.3151938915252686
2005-10-13 18:00:00,0.3946148157119751
2005-10-13 19:00:00,0.640788197517395
2005-10-13 20:00:00,1.6745611429214478
2005-10-13 21:00:00,2.239204168319702
2005-10-13 22:00:00,2.0234768390655518
2005-10-13 23:00:00,1.4268333911895752
2005-10-14 00:00:00,0.6086726188659668
2005-10-14 01:00:00,0.3731510043144226
2005-10-14 02:00:00,1.1703604459762573
2005-10-14 03:00:00,1.8180137872695923
2005-10-14 04:00:00,2.0623250007629395
2005-10-14 05:00:00,1.8081191778182983
2005-10-14 06:00:00,1.0648337602615356
2005-10-14 07:00:00,0.1763194352388382
2005-10-14 08:00:00,0.9000757932662964
2005-10-14 09:00:00,1.772599220275879
2005-10-14 10:00:00,1.9843313694000244
2005-10-14 11:00:00,1.5211305618286133
2005-10-14 12:00:00,0.6967101693153381
2005-10-14 13:00:00,0.4050672650337219
2005-10-14 14:00:00,1.3247448205947876
2005-10-14 15:00:00,2.1900744438171387
2005-10-14 16:00:00,2.4261021614074707
2005-10-14 17:00:00,2.2086057662963867
2005-10-14 18:00:00,1.4953786134719849
2005-10-14 19:00:00,0.41213783621788025
2005-10-14 20:00:00,0.8239820599555969
2005-10-14 21:00:00,2.0068535804748535
2005-10-14 22:00:00,2.506791591644287
2005-10-14 23:00:00,2.1339774131774902
2005-10-15 00:00:00,1.3981539011001587
2005-10-15 01:00:00,0.3707231879234314
2005-10-15 02:00:00,0.7220688462257385
2005-10-15 03:00:00,1.6276363134384155
2005-10-15 04:00:00,2.55104398727417
2005-10-15 05:00:00,2.4603750705718994
2005-10-15 06:00:00,2.022871494293213
2005-10-15 07:00:00,1.0602928400039673
2005-10-15 08:00:00,0.16955073177814484
2005-10-15 09:00:00,1.3753949403762817
2005-10-15 10:00:00,2.2309298515319824
2005-10-15 11:00:00,2.2792983055114746
2005-10-15 12:00:00,1.6150153875350952
2005-10-15 13:00:00,0.6294443607330322
2005-10-15 14:00:00,0.5723512768745422
2005-10-15 15:00:00,1.5583198070526123
2005-10-15 16:00:00,2.5974080562591553
2005-10-15 17:00:00,2.6557419300079346
2005-10-15 18:00:00,2.3220832347869873
2005-10-15 19:00:00,1.4287645816802979
2005-10-15 20:00:00,0.2380228489637375
2005-10-15 21:00:00,1.2654578685760498
2005-10-15 22:00:00,2.338888645172119
2005-10-15 23:00:00,2.621765375137329
2005-10-16 00:00:00,2.0556912422180176
2005-10-16 01:00:00,1.1591154336929321
2005-10-16 02:00:00,0.16605284810066223
2005-10-16 03:00:00,1.2074058055877686
2005-10-16 04:00:00,2.1926944255828857
2005-10-16 05:00:00,2.8160271644592285
2005-10-16 06:00:00,2.686673164367676
2005-10-16 07:00:00,2.036893606185913
2005-10-16 08:00:00,0.8582476377487183
2005-10-16 09:00:00,0.4106720983982086
2005-10-16 10:00:00,1.8060239553451538
2005-10-16 11:00:00,2.6064553260803223
2005-10-16 12:00:00,2.331256866455078
2005-10-16 13:00:00,1.5354723930358887
2005-10-16 14:00:00,0.3783200681209564
2005-10-16 15:00:00,0.8383151888847351
2005-10-16 16:00:00,1.8763154745101929
2005-10-16 17:00:00,2.7813801765441895
2005-10-16 18:00:00,2.7551698684692383
2005-10-16 19:00:00,2.2501914501190186
2005-10-16 20:00:00,1.1368741989135742
2005-10-16 21:00:00,0.19643497467041016
2005-10-16 22:00:00,1.7039735317230225
2005-10-16 23:00:00,2.7019288539886475
2005-10-17 00:00:00,2.551378011703491
2005-10-17 01:00:00,1.8134620189666748
2005-10-17 02:00:00,0.7216314077377319
2005-10-17 03:00:00,0.6317923069000244
2005-10-17 04:00:00,1.7361125946044922
2005-10-17 05:00:00,2.930328845977783
2005-10-17 06:00:00,2.9987902641296387
2005-10-17 07:00:00,2.7068824768066406
2005-10-17 08:00:00,1.8655459880828857
2005-10-17 09:00:00,0.51939457654953
2005-10-17 10:00:00,1.0218230485916138
2005-10-17 11:00:00,2.249189853668213
2005-10-17 12:00:00,2.7973456382751465
2005-10-17 13:00:00,2.2388548851013184
2005-10-17 14:00:00,1.3205572366714478
2005-10-17 15:00:00,0.14336669445037842
2005-10-17 16:00:00,1.1380393505096436
2005-10-17 17:00:00,2.164018154144287
2005-10-17 18:00:00,2.848562002182007
2005-10-17 19:00:00,2.706843852996826
2005-10-17 20:00:00,1.9822276830673218
2005-10-17 21:00:00,0.6852118968963623
2005-10-17 22:00:00,0.7457751035690308
2005-10-17 23:00:00,2.1879162788391113
2005-10-18 00:00:00,2.8019943237304688
2005-10-18 01:00:00,2.331970691680908
2005-10-18 02:00:00,1.4300596714019775
2005-10-18 03:00:00,0.1776074469089508
2005-10-18 04:00:00,1.1376556158065796
2005-10-18 05:00:00,2.2676773071289062
2005-10-18 06:00:00,3.0788769721984863
2005-10-18 07:00:00,3.052891731262207
2005-10-18 08:00:00,2.568793773651123
2005-10-18 09:00:00,1.4894527196884155
2005-10-18 10:00:00,0.17377397418022156
2005-10-18 11:00:00,1.558022379875183
2005-10-18 12:00:00,2.746443271636963
2005-10-18 13:00:00,2.6983695030212402
2005-10-18 14:00:00,2.017601251602173
2005-10-18 15:00:00,1.0084738731384277
2005-10-18 16:00:00,0.3604176640510559
2005-10-18 17:00:00,1.4133175611495972
2005-10-18 18:00:00,2.5430843830108643
2005-10-18 19:00:00,2.7915992736816406
2005-10-18 20:00:00,2.487563133239746
2005-10-18 21:00:00,1.52089524269104
2005-10-18 22:00:00,0.23754730820655823
2005-10-18 23:00:00,1.3463475704193115
2005-10-19 00:00:00,2.461571216583252
2005-10-19 01:00:00,2.6413683891296387
2005-10-19 02:00:00,1.9773954153060913
2005-10-19 03:00:00,0.9450628161430359
2005-10-19 04:00:00,0.4576431214809418
2005-10-19 05:00:00,1.6030696630477905
2005-10-19 06:00:00,2.895824909210205
2005-10-19 07:00:00,3.096740245819092
2005-10-19 08:00:00,2.9188711643218994
2005-10-19 09:00:00,2.2554633617401123
2005-10-19 10:00:00,0.9717878103256226
2005-10-19 11:00:00,0.44702091813087463
2005-10-19 12:00:00,1.925588607788086
2005-10-19 13:00:00,2.8097171783447266
2005-10-19 14:00:00,2.488152265548706
2005-10-19 15:00:00,1.6983245611190796
2005-10-19 16:00:00,0.5957860350608826
2005-10-19 17:00:00,0.6534727811813354
2005-10-19 18:00:00,1.6402851343154907
2005-10-19 19:00:00,2.6749191284179688
2005-10-19 20:00:00,2.608508586883545
2005-10-19 21:00:00,2.103147029876709
2005-10-19 22:00:00,0.9510480761528015
2005-10-19 23:00:00,0.30526649951934814
2005-10-20 00:00:00,1.705045461654663
2005-10-20 01:00:00,2.54917573928833
2005-10-20 02:00:00,2.3329226970672607
2005-10-20 03:00:00,1.535295009613037
2005-10-20 04:00:00,0.3711338937282562
2005-10-20 05:00:00,0.9063839912414551
2005-10-20 06:00:00,2.0159952640533447
2005-10-20 07:00:00,2.931103229522705
2005-10-20 08:00:00,3.0054407119750977
2005-10-20 09:00:00,2.6371984481811523
2005-10-20 10:00:00,1.7720836400985718
2005-10-20 11:00:00,0.4602416157722473
2005-10-20 12:00:00,1.0625121593475342
2005-10-20 13:00:00,2.20884370803833
2005-10-20 14:00:00,2.7141308784484863
2005-10-20 15:00:00,2.1790101528167725
2005-10-20 16:00:00,1.3356196880340576
2005-10-20 17:00:00,0.20374877750873566
2005-10-20 18:00:00,0.8803542256355286
2005-10-20 19:00:00,1.774034857749939
2005-10-20 20:00:00,2.544203281402588
2005-10-20 21:00:00,2.2935633659362793
2005-10-20 22:00:00,1.594255805015564
2005-10-20 23:00:00,0.4382254481315613
2005-10-21 00:00:00,0.7700458765029907
2005-10-21 01:00:00,1.9393138885498047
2005-10-21 02:00:00,2.37992525100708
2005-10-21 03:00:00,1.937063455581665
2005-10-21 04:00:00,1.0669080018997192
2005-10-21 05:00:00,0.20293645560741425
2005-10-21 06:00:00,1.2652047872543335
2005-10-21 07:00:00,2.2414169311523438
2005-10-21 08:00:00,2.8139662742614746
2005-10-21 09:00:00,2.744666576385498
2005-10-21 10:00:00,2.2129037380218506
2005-10-21 11:00:00,1.1945011615753174
2005-10-21 12:00:00,0.13498082756996155
2005-10-21 13:00:00,1.4449907541275024
2005-10-21 14:00:00,2.3898534774780273
2005-10-21 15:00:00,2.4177069664001465
2005-10-21 16:00:00,1.8168796300888062
2005-10-21 17:00:00,0.9680776596069336
2005-10-21 18:00:00,0.1683269590139389
2005-10-21 19:00:00,1.015156626701355
2005-10-21 20:00:00,1.741137146949768
2005-10-21 21:00:00,2.221602439880371
2005-10-21 22:00:00,1.8677421808242798
2005-10-21 23:00:00,1.0732908248901367
2005-10-22 00:00:00,0.14757101237773895
2005-10-22 01:00:00,1.0855072736740112
2005-10-22 02:00:00,1.8629605770111084
2005-10-22 03:00:00,2.0977611541748047
2005-10-22 04:00:00,1.5135191679000854
2005-10-22 05:00:00,0.620267927646637
2005-10-22 06:00:00,0.5205877423286438
2005-10-22 07:00:00,1.4583990573883057
2005-10-22 08:00:00,2.4240646362304688
2005-10-22 09:00:00,2.5805160999298096
2005-10-22 10:00:00,2.362523078918457
2005-10-22 11:00:00,1.7139676809310913
2005-10-22 12:00:00,0.6901798844337463
2005-10-22 13:00:00,0.3786393105983734
2005-10-22 14:00:00,1.5783188343048096
2005-10-22 15:00:00,2.2663650512695312
2005-10-22 16:00:00,2.085533618927002
2005-10-22 17:00:00,1.4757497310638428
2005-10-22 18:00:00,0.6677972674369812
2005-10-22 19:00:00,0.2770792543888092
2005-10-22 20:00:00,1.0095373392105103
2005-10-22 21:00:00,1.5450339317321777
2005-10-22 22:00:00,1.8743985891342163
2005-10-22 23:00:00,1.4061110019683838
2005-10-23 00:00:00,0.6696213483810425
2005-10-23 01:00:00,0.252143919467926
2005-10-23 02:00:00,1.1362624168395996
2005-10-23 03:00:00,1.7079534530639648
2005-10-23 04:00:00,1.6874406337738037
2005-10-23 05:00:00,1.1309512853622437
2005-10-23 06:00:00,0.2848058044910431
2005-10-23 07:00:00,0.7021295428276062
2005-10-23 08:00:00,1.468336820602417
2005-10-23 09:00:00,2.0828213691711426
2005-10-23 10:00:00,2.2356820106506348
2005-10-23 11:00:00,1.9293127059936523
2005-10-23 12:00:00,1.2558023929595947
2005-10-23 13:00:00,0.36389684677124023
2005-10-23 14:00:00,0.5769246816635132
2005-10-23 15:00:00,1.5160443782806396
2005-10-23 16:00:00,1.9977210760116577
2005-10-23 17:00:00,1.780341386795044
2005-10-23 18:00:00,1.228891372680664
2005-10-23 19:00:00,0.5239159464836121
2005-10-23 20:00:00,0.2625773549079895
2005-10-23 21:00:00,0.8577143549919128
2005-10-23 22:00:00,1.2306472063064575
2005-10-23 23:00:00,1.493462085723877
2005-10-24 00:00:00,1.0084199905395508
2005-10-24 01:00:00,0.4595692753791809
2005-10-24 02:00:00,0.2651534974575043
2005-10-24 03:00:00,0.8995547294616699
2005-10-24 04:00:00,1.382991075515747
2005-10-24 05:00:00,1.3049815893173218
2005-10-24 06:00:00,0.8653644323348999
2005-10-24 07:00:00,0.17118483781814575
2005-10-24 08:00:00,0.659928023815155
2005-10-24 09:00:00,1.2632114887237549
2005-10-24 10:00:00,1.681229591369629
2005-10-24 11:00:00,1.8545215129852295
2005-10-24 12:00:00,1.5453039407730103
2005-10-24 13:00:00,0.9805251955986023
2005-10-24 14:00:00,0.259225070476532
2005-10-24 15:00:00,0.5237871408462524
2005-10-24 16:00:00,1.3160984516143799
2005-10-24 17:00:00,1.7173932790756226
2005-10-24 18:00:00,1.5880638360977173
2005-10-24 19:00:00,1.1377010345458984
2005-10-24 20:00:00,0.5804685354232788
2005-10-24 21:00:00,0.12516789138317108
2005-10-24 22:00:00,0.5981517434120178
2005-10-24 23:00:00,0.9165670275688171
2005-10-25 00:00:00,1.0639457702636719
2005-10-25 01:00:00,1.0644233226776123
2005-10-25 02:00:00,0.4825188219547272
2005-10-25 03:00:00,0.09855984151363373
2005-10-25 04:00:00,0.48897433280944824
2005-10-25 05:00:00,0.924507737159729
2005-10-25 06:00:00,1.0400514602661133
2005-10-25 07:00:00,0.7866383790969849
2005-10-25 08:00:00,0.29640376567840576
2005-10-25 09:00:00,0.36000651121139526
2005-10-25 10:00:00,0.8824213147163391
2005-10-25 11:00:00,1.2819240093231201
2005-10-25 12:00:00,1.4833625555038452
2005-10-25 13:00:00,1.3451852798461914
2005-10-25 14:00:00,0.9548009037971497
2005-10-25 15:00:00,0.37198442220687866
2005-10-25 16:00:00,0.3193812072277069
2005-10-25 17:00:00,1.0331997871398926
2005-10-25 18:00:00,1.4800727367401123
2005-10-25 19:00:00,1.5371955633163452
2005-10-25 20:00:00,1.2429977655410767
2005-10-25 21:00:00,0.8018018007278442
2005-10-25 22:00:00,0.2649304270744324
2005-10-25 23:00:00,0.3285236954689026
2005-10-26 00:00:00,0.7471003532409668
2005-10-26 01:00:00,0.9874294996261597
2005-10-26 02:00:00,1.144453763961792
2005-10-26 03:00:00,0.7953652143478394
2005-10-26 04:00:00,0.40446239709854126
2005-10-26 05:00:00,0.13656549155712128
2005-10-26 06:00:00,0.5027199983596802
2005-10-26 07:00:00,0.8675991296768188
2005-10-26 08:00:00,0.9128695726394653
2005-10-26 09:00:00,0.6619194746017456
2005-10-26 10:00:00,0.17198793590068817
2005-10-26 11:00:00,0.44726625084877014
2005-10-26 12:00:00,0.9121084213256836
2005-10-26 13:00:00,1.2510687112808228
2005-10-26 14:00:00,1.3683574199676514
2005-10-26 15:00:00,1.1414964199066162
2005-10-26 16:00:00,0.6667857766151428
2005-10-26 17:00:00,0.11926480382680893
2005-10-26 18:00:00,0.6708494424819946
2005-10-26 19:00:00,1.3236427307128906
2005-10-26 20:00:00,1.6283468008041382
2005-10-26 21:00:00,1.4615272283554077
2005-10-26 22:00:00,1.0519154071807861
2005-10-26 23:00:00,0.4942031502723694
2005-10-27 00:00:00,0.2067706137895584
2005-10-27 01:00:00,0.7553444504737854
2005-10-27 02:00:00,1.1296875476837158
2005-10-27 03:00:00,1.447006344795227
2005-10-27 04:00:00,1.1378803253173828
2005-10-27 05:00:00,0.7603665590286255
2005-10-27 06:00:00,0.21292538940906525
2005-10-27 07:00:00,0.40510401129722595
2005-10-27 08:00:00,0.9435523748397827
2005-10-27 09:00:00,1.196176290512085
2005-10-27 10:00:00,1.0200419425964355
2005-10-27 11:00:00,0.5225912928581238
2005-10-27 12:00:00,0.2176227867603302
2005-10-27 13:00:00,0.83814537525177
2005-10-27 14:00:00,1.2870914936065674
2005-10-27 15:00:00,1.4767284393310547
2005-10-27 16:00:00,1.4401271343231201
2005-10-27 17:00:00,0.8864738345146179
2005-10-27 18:00:00,0.20505020022392273
2005-10-27 19:00:00,0.610446572303772
2005-10-27 20:00:00,1.4078913927078247
2005-10-27 21:00:00,1.7812830209732056
2005-10-27 22:00:00,1.6246216297149658
2005-10-27 23:00:00,1.1325175762176514
2005-10-28 00:00:00,0.4561106264591217
2005-10-28 01:00:00,0.36455070972442627
2005-10-28 02:00:00,1.0101673603057861
2005-10-28 03:00:00,1.4697834253311157
2005-10-28 04:00:00,1.6214878559112549
2005-10-28 05:00:00,1.4266953468322754
2005-10-28 06:00:00,0.8433922529220581
2005-10-28 07:00:00,0.16494616866111755
2005-10-28 08:00:00,0.6089528799057007
2005-10-28 09:00:00,1.2817357778549194
2005-10-28 10:00:00,1.513350009918213
2005-10-28 11:00:00,1.2161858081817627
2005-10-28 12:00:00,0.5582107305526733
2005-10-28 13:00:00,0.31417545676231384
2005-10-28 14:00:00,1.0349133014678955
2005-10-28 15:00:00,1.5380810499191284
2005-10-28 16:00:00,1.7344783544540405
2005-10-28 17:00:00,1.5419458150863647
2005-10-28 18:00:00,0.8926412463188171
2005-10-28 19:00:00,0.1363825500011444
2005-10-28 20:00:00,0.9096904993057251
2005-10-28 21:00:00,1.7256593704223633
2005-10-28 22:00:00,1.986994981765747
2005-10-28 23:00:00,1.619950294494629
2005-10-29 00:00:00,0.9716993570327759
2005-10-29 01:00:00,0.146836057305336
2005-10-29 02:00:00,0.7916065454483032
2005-10-29 03:00:00,1.4623081684112549
2005-10-29 04:00:00,2.085833787918091
2005-10-29 05:00:00,1.9249498844146729
2005-10-29 06:00:00,1.4536044597625732
2005-10-29 07:00:00,0.6312044262886047
2005-10-29 08:00:00,0.27899765968322754
2005-10-29 09:00:00,1.232215166091919
2005-10-29 10:00:00,1.7603040933609009
2005-10-29 11:00:00,1.7456754446029663
2005-10-29 12:00:00,1.15478515625
2005-10-29 13:00:00,0.3156664967536926
2005-10-29 14:00:00,0.640752911567688
2005-10-29 15:00:00,1.3769352436065674
2005-10-29 16:00:00,2.015228271484375
2005-10-29 17:00:00,1.968062162399292
2005-10-29 18:00:00,1.5231993198394775
2005-10-29 19:00:00,0.6529639363288879
2005-10-29 20:00:00,0.3442313075065613
2005-10-29 21:00:00,1.437822699546814
2005-10-29 22:00:00,2.0985357761383057
2005-10-29 23:00:00,2.0161972045898438
2005-10-30 00:00:00,1.4194185733795166
2005-10-30 01:00:00,0.5595150589942932
2005-10-30 02:00:00,0.4837304651737213
2005-10-30 03:00:00,1.3278052806854248
2005-10-30 04:00:00,2.129641532897949
2005-10-30 05:00:00,2.2787041664123535
2005-10-30 06:00:00,1.9908816814422607
2005-10-30 07:00:00,1.2250010967254639
2005-10-30 08:00:00,0.24866442382335663
2005-10-30 09:00:00,0.8700951337814331
2005-10-30 10:00:00,1.8423290252685547
2005-10-30 11:00:00,2.101928949356079
2005-10-30 12:00:00,1.6830227375030518
2005-10-30 13:00:00,0.9065225720405579
2005-10-30 14:00:00,0.18161919713020325
2005-10-30 15:00:00,1.0522688627243042
2005-10-30 16:00:00,1.7821975946426392
2005-10-30 17:00:00,2.1389222145080566
2005-10-30 18:00:00,2.0005886554718018
2005-10-30 19:00:00,1.2821601629257202
2005-10-30 20:00:00,0.25959089398384094
2005-10-30 21:00:00,0.9148877263069153
2005-10-30 22:00:00,1.9198932647705078
2005-10-30 23:00:00,2.2861857414245605
2005-10-31 00:00:00,1.8258270025253296
2005-10-31 01:00:00,1.0290123224258423
2005-10-31 02:00:00,0.1521204113960266
2005-10-31 03:00:00,1.094997763633728
2005-10-31 04:00:00,1.9458644390106201
2005-10-31 05:00:00,2.4802212715148926
2005-10-31 06:00:00,2.4131312370300293
2005-10-31 07:00:00,1.8258575201034546
2005-10-31 08:00:00,0.7868518829345703
2005-10-31 09:00:00,0.3245815634727478
2005-10-31 10:00:00,1.5790433883666992
2005-10-31 11:00:00,2.3245818614959717
2005-10-31 12:00:00,2.1429271697998047
2005-10-31 13:00:00,1.454291582107544
2005-10-31 14:00:00,0.48712825775146484
2005-10-31 15:00:00,0.5965101718902588
2005-10-31 16:00:00,1.4625465869903564
2005-10-31 17:00:00,2.3467745780944824
2005-10-31 18:00:00,2.2888898849487305
2005-10-31 19:00:00,1.8333873748779297
2005-10-31 20:00:00,0.8332737684249878
2005-10-31 21:00:00,0.30624693632125854
2005-10-31 22:00:00,1.5474255084991455
2005-10-31 23:00:00,2.3189871311187744
2005-11-01 00:00:00,2.1749255657196045
2005-11-01 01:00:00,1.4748486280441284
2005-11-01 02:00:00,0.4434874653816223
2005-11-01 03:00:00,0.7301992177963257
2005-11-01 04:00:00,1.7096818685531616
2005-11-01 05:00:00,2.6552317142486572
2005-11-01 06:00:00,2.694939374923706
2005-11-01 07:00:00,2.3338191509246826
2005-11-01 08:00:00,1.4633100032806396
2005-11-01 09:00:00,0.2959020137786865
2005-11-01 10:00:00,1.1263766288757324
2005-11-01 11:00:00,2.1202456951141357
2005-11-01 12:00:00,2.503289222717285
2005-11-01 13:00:00,1.9563133716583252
2005-11-01 14:00:00,1.1143208742141724
2005-11-01 15:00:00,0.13385272026062012
2005-11-01 16:00:00,1.0350767374038696
2005-11-01 17:00:00,1.8829193115234375
2005-11-01 18:00:00,2.426135540008545
2005-11-01 19:00:00,2.2295992374420166
2005-11-01 20:00:00,1.458090901374817
2005-11-01 21:00:00,0.31597721576690674
2005-11-01 22:00:00,0.9629106521606445
2005-11-01 23:00:00,2.027906894683838
2005-11-02 00:00:00,2.4305379390716553
2005-11-02 01:00:00,1.8893511295318604
2005-11-02 02:00:00,0.9884686470031738
2005-11-02 03:00:00,0.27867043018341064
2005-11-02 04:00:00,1.3379145860671997
2005-11-02 05:00:00,2.3567848205566406
2005-11-02 06:00:00,2.8105340003967285
2005-11-02 07:00:00,2.692915678024292
2005-11-02 08:00:00,2.0780370235443115
2005-11-02 09:00:00,0.9419395327568054
2005-11-02 10:00:00,0.3095247447490692
2005-11-02 11:00:00,1.7380412817001343
2005-11-02 12:00:00,2.592773914337158
2005-11-02 13:00:00,2.3721415996551514
2005-11-02 14:00:00,1.6605722904205322
2005-11-02 15:00:00,0.6615198850631714
2005-11-02 16:00:00,0.5025945901870728
2005-11-02 17:00:00,1.4140613079071045
2005-11-02 18:00:00,2.389256477355957
2005-11-02 19:00:00,2.411353588104248
2005-11-02 20:00:00,1.9723856449127197
2005-11-02 21:00:00,0.9254294633865356
2005-11-02 22:00:00,0.2750771641731262
2005-11-02 23:00:00,1.5605251789093018
2005-11-03 00:00:00,2.37866473197937
2005-11-03 01:00:00,2.2273831367492676
2005-11-03 02:00:00,1.4817695617675781
2005-11-03 03:00:00,0.3810203969478607
2005-11-03 04:00:00,0.849643349647522
2005-11-03 05:00:00,1.9019088745117188
2005-11-03 06:00:00,2.7921643257141113
2005-11-03 07:00:00,2.8851847648620605
2005-11-03 08:00:00,2.5292067527770996
2005-11-03 09:00:00,1.679164171218872
2005-11-03 10:00:00,0.4134272038936615
2005-11-03 11:00:00,1.0699689388275146
2005-11-03 12:00:00,2.180389642715454
2005-11-03 13:00:00,2.6598622798919678
2005-11-03 14:00:00,2.1338775157928467
2005-11-03 15:00:00,1.305039644241333
2005-11-03 16:00:00,0.19664981961250305
2005-11-03 17:00:00,0.8699854016304016
2005-11-03 18:00:00,1.7468516826629639
2005-11-03 19:00:00,2.509597063064575
2005-11-03 20:00:00,2.2540462017059326
2005-11-03 21:00:00,1.5486054420471191
2005-11-03 22:00:00,0.3930899500846863
2005-11-03 23:00:00,0.8357927203178406
2005-11-04 00:00:00,2.0034728050231934
2005-11-04 01:00:00,2.409536838531494
2005-11-04 02:00:00,1.9126182794570923
2005-11-04 03:00:00,1.0140330791473389
2005-11-04 04:00:00,0.26596084237098694
2005-11-04 05:00:00,1.3508578538894653
2005-11-04 06:00:00,2.3925046920776367
2005-11-04 07:00:00,2.881359577178955
2005-11-04 08:00:00,2.7939395904541016
2005-11-04 09:00:00,2.2459652423858643
2005-11-04 10:00:00,1.166175365447998
2005-11-04 11:00:00,0.1297634094953537
2005-11-04 12:00:00,1.5776426792144775
2005-11-04 13:00:00,2.5788047313690186
2005-11-04 14:00:00,2.4752187728881836
2005-11-04 15:00:00,1.8337528705596924
2005-11-04 16:00:00,0.9277226328849792
2005-11-04 17:00:00,0.2511482834815979
2005-11-04 18:00:00,1.1522096395492554
2005-11-04 19:00:00,1.9271354675292969
2005-11-04 20:00:00,2.3195719718933105
2005-11-04 21:00:00,1.9748367071151733
2005-11-04 22:00:00,1.052074670791626
2005-11-04 23:00:00,0.17477767169475555
2005-11-05 00:00:00,1.35398268699646
2005-11-05 01:00:00,2.1885221004486084
2005-11-05 02:00:00,2.213347911834717
2005-11-05 03:00:00,1.5433783531188965
2005-11-05 04:00:00,0.5246518850326538
2005-11-05 05:00:00,0.6980699300765991
2005-11-05 06:00:00,1.7275460958480835
2005-11-05 07:00:00,2.7243380546569824
2005-11-05 08:00:00,2.8490657806396484
2005-11-05 09:00:00,2.5825273990631104
2005-11-05 10:00:00,1.872859001159668
2005-11-05 11:00:00,0.6896963715553284
2005-11-05 12:00:00,0.5967305898666382
2005-11-05 13:00:00,1.8430240154266357
2005-11-05 14:00:00,2.545483112335205
2005-11-05 15:00:00,2.2412447929382324
2005-11-05 16:00:00,1.5321424007415771
2005-11-05 17:00:00,0.5751579999923706
2005-11-05 18:00:00,0.47467881441116333
2005-11-05 19:00:00,1.2893145084381104
2005-11-05 20:00:00,2.0712311267852783
2005-11-05 21:00:00,2.1034836769104004
2005-11-05 22:00:00,1.614495038986206
2005-11-05 23:00:00,0.6259012222290039
2005-11-06 00:00:00,0.4320606589317322
2005-11-06 01:00:00,1.5391868352890015
2005-11-06 02:00:00,2.1521449089050293
2005-11-06 03:00:00,1.9232356548309326
2005-11-06 04:00:00,1.1911038160324097
2005-11-06 05:00:00,0.16502618789672852
2005-11-06 06:00:00,1.004210114479065
2005-11-06 07:00:00,1.9448057413101196
2005-11-06 08:00:00,2.618568181991577
2005-11-06 09:00:00,2.693861484527588
2005-11-06 10:00:00,2.2981839179992676
2005-11-06 11:00:00,1.477677583694458
2005-11-06 12:00:00,0.35571813583374023
2005-11-06 13:00:00,0.9621374011039734
2005-11-06 14:00:00,2.0065152645111084
2005-11-06 15:00:00,2.420203685760498
2005-11-06 16:00:00,2.005333185195923
2005-11-06 17:00:00,1.2934279441833496
2005-11-06 18:00:00,0.3605836033821106
2005-11-06 19:00:00,0.5680398344993591
2005-11-06 20:00:00,1.2869985103607178
2005-11-06 21:00:00,1.970960259437561
2005-11-06 22:00:00,1.8186616897583008
2005-11-06 23:00:00,1.291867971420288
2005-11-07 00:00:00,0.3809204697608948
2005-11-07 01:00:00,0.5805748701095581
2005-11-07 02:00:00,1.5225871801376343
2005-11-07 03:00:00,1.9763520956039429
2005-11-07 04:00:00,1.6665599346160889
2005-11-07 05:00:00,0.9303869009017944
2005-11-07 06:00:00,0.17595678567886353
2005-11-07 07:00:00,1.1187127828598022
2005-11-07 08:00:00,1.9340442419052124
2005-11-07 09:00:00,2.4992527961730957
2005-11-07 10:00:00,2.460529327392578
2005-11-07 11:00:00,2.0121703147888184
2005-11-07 12:00:00,1.1768085956573486
2005-11-07 13:00:00,0.199959397315979
2005-11-07 14:00:00,1.082154631614685
2005-11-07 15:00:00,1.9121589660644531
2005-11-07 16:00:00,2.2519562244415283
2005-11-07 17:00:00,1.8348662853240967
2005-11-07 18:00:00,1.1700241565704346
2005-11-07 19:00:00,0.32598334550857544
2005-11-07 20:00:00,0.5206648707389832
2005-11-07 21:00:00,1.157606840133667
2005-11-07 22:00:00,1.6360927820205688
2005-11-07 23:00:00,1.5965615510940552
2005-11-08 00:00:00,1.123772382736206
2005-11-08 01:00:00,0.3568470776081085
2005-11-08 02:00:00,0.48616474866867065
2005-11-08 03:00:00,1.3343830108642578
2005-11-08 04:00:00,1.7237536907196045
2005-11-08 05:00:00,1.4982073307037354
2005-11-08 06:00:00,0.8461171984672546
2005-11-08 07:00:00,0.15409934520721436
2005-11-08 08:00:00,1.005886435508728
2005-11-08 09:00:00,1.7273714542388916
2005-11-08 10:00:00,2.208526134490967
2005-11-08 11:00:00,2.2178099155426025
2005-11-08 12:00:00,1.8038129806518555
2005-11-08 13:00:00,1.0531271696090698
2005-11-08 14:00:00,0.18307535350322723
2005-11-08 15:00:00,0.9564590454101562
2005-11-08 16:00:00,1.8058538436889648
2005-11-08 17:00:00,2.112090587615967
2005-11-08 18:00:00,1.7814533710479736
2005-11-08 19:00:00,1.195438265800476
2005-11-08 20:00:00,0.45028504729270935
2005-11-08 21:00:00,0.35307905077934265
2005-11-08 22:00:00,0.9760675430297852
2005-11-08 23:00:00,1.3985453844070435
2005-11-09 00:00:00,1.6989307403564453
2005-11-09 01:00:00,1.189549207687378
2005-11-09 02:00:00,0.5809004306793213
2005-11-09 03:00:00,0.21995694935321808
2005-11-09 04:00:00,0.9041122198104858
2005-11-09 05:00:00,1.4153621196746826
2005-11-09 06:00:00,1.4489712715148926
2005-11-09 07:00:00,0.9916961789131165
2005-11-09 08:00:00,0.24544987082481384
2005-11-09 09:00:00,0.6571095585823059
2005-11-09 10:00:00,1.3478190898895264
2005-11-09 11:00:00,1.8556064367294312
2005-11-09 12:00:00,2.0499701499938965
2005-11-09 13:00:00,1.7545783519744873
2005-11-09 14:00:00,1.1473215818405151
2005-11-09 15:00:00,0.3115476667881012
2005-11-09 16:00:00,0.6216659545898438
2005-11-09 17:00:00,1.5527983903884888
2005-11-09 18:00:00,2.05643367767334
2005-11-09 19:00:00,1.8694980144500732
2005-11-09 20:00:00,1.3603605031967163
2005-11-09 21:00:00,0.6837608218193054
2005-11-09 22:00:00,0.16742518544197083
2005-11-09 23:00:00,0.8272330164909363
2005-11-10 00:00:00,1.3300703763961792
2005-11-10 01:00:00,1.7873274087905884
2005-11-10 02:00:00,1.4816009998321533
2005-11-10 03:00:00,1.0001580715179443
2005-11-10 04:00:00,0.3008520007133484
2005-11-10 05:00:00,0.46282249689102173
2005-11-10 06:00:00,1.1987402439117432
2005-11-10 07:00:00,1.5235240459442139
2005-11-10 08:00:00,1.312253475189209
2005-11-10 09:00:00,0.7194886207580566
2005-11-10 10:00:00,0.17477862536907196
2005-11-10 11:00:00,0.9413583874702454
2005-11-10 12:00:00,1.5488176345825195
2005-11-10 13:00:00,1.8764841556549072
2005-11-10 14:00:00,1.868262529373169
2005-11-10 15:00:00,1.3910212516784668
2005-11-10 16:00:00,0.6003959774971008
2005-11-10 17:00:00,0.3316352963447571
2005-11-10 18:00:00,1.3803573846817017
2005-11-10 19:00:00,2.0401697158813477
2005-11-10 20:00:00,2.043992042541504
2005-11-10 21:00:00,1.5734968185424805
2005-11-10 22:00:00,0.8955509066581726
2005-11-10 23:00:00,0.12249928712844849
2005-11-11 00:00:00,0.8034263849258423
2005-11-11 01:00:00,1.440648078918457
2005-11-11 02:00:00,2.0723469257354736
2005-11-11 03:00:00,1.8567123413085938
2005-11-11 04:00:00,1.415323257446289
2005-11-11 05:00:00,0.6343575119972229
2005-11-11 06:00:00,0.2527849078178406
2005-11-11 07:00:00,1.1469142436981201
2005-11-11 08:00:00,1.634954810142517
2005-11-11 09:00:00,1.6624011993408203
2005-11-11 10:00:00,1.1220828294754028
2005-11-11 11:00:00,0.3008919060230255
2005-11-11 12:00:00,0.6467427015304565
2005-11-11 13:00:00,1.3841278553009033
2005-11-11 14:00:00,1.97894287109375
2005-11-11 15:00:00,2.0403358936309814
2005-11-11 16:00:00,1.6545629501342773
2005-11-11 17:00:00,0.8440898656845093
2005-11-11 18:00:00,0.2048824578523636
2005-11-11 19:00:00,1.3056483268737793
2005-11-11 20:00:00,2.0832343101501465
2005-11-11 21:00:00,2.203521490097046
2005-11-11 22:00:00,1.7083982229232788
2005-11-11 23:00:00,0.9592050313949585
2005-11-12 00:00:00,0.13244715332984924
2005-11-12 01:00:00,0.9721971750259399
2005-11-12 02:00:00,1.737046241760254
2005-11-12 03:00:00,2.3050599098205566
2005-11-12 04:00:00,2.2067322731018066
2005-11-12 05:00:00,1.6819127798080444
2005-11-12 06:00:00,0.7740362286567688
2005-11-12 07:00:00,0.24214068055152893
2005-11-12 08:00:00,1.3266093730926514
2005-11-12 09:00:00,1.9854583740234375
2005-11-12 10:00:00,1.981022834777832
2005-11-12 11:00:00,1.354292392730713
2005-11-12 12:00:00,0.4612541198730469
2005-11-12 13:00:00,0.5756610035896301
2005-11-12 14:00:00,1.4021340608596802
2005-11-12 15:00:00,2.2113707065582275
2005-11-12 16:00:00,2.1969516277313232
2005-11-12 17:00:00,1.8066940307617188
2005-11-12 18:00:00,0.9107626676559448
2005-11-12 19:00:00,0.22231927514076233
2005-11-12 20:00:00,1.4262259006500244
2005-11-12 21:00:00,2.2626707553863525
2005-11-12 22:00:00,2.279766082763672
2005-11-12 23:00:00,1.7003122568130493
2005-11-13 00:00:00,0.8284400105476379
2005-11-13 01:00:00,0.33366790413856506
2005-11-13 02:00:00,1.300187349319458
2005-11-13 03:00:00,2.2094383239746094
2005-11-13 04:00:00,2.5888078212738037
2005-11-13 05:00:00,2.422422170639038
2005-11-13 06:00:00,1.7677488327026367
2005-11-13 07:00:00,0.7064806222915649
2005-11-13 08:00:00,0.40812644362449646
2005-11-13 09:00:00,1.6485134363174438
2005-11-13 10:00:00,2.353520631790161
2005-11-13 11:00:00,2.117838144302368
2005-11-13 12:00:00,1.4040082693099976
2005-11-13 13:00:00,0.40200987458229065
2005-11-13 14:00:00,0.682284951210022
2005-11-13 15:00:00,1.5572324991226196
2005-11-13 16:00:00,2.4299511909484863
2005-11-13 17:00:00,2.320364475250244
2005-11-13 18:00:00,1.8173145055770874
2005-11-13 19:00:00,0.7810559868812561
2005-11-13 20:00:00,0.3666227161884308
2005-11-13 21:00:00,1.652793288230896
2005-11-13 22:00:00,2.4268813133239746
2005-11-13 23:00:00,2.254145622253418
2005-11-14 00:00:00,1.543144941329956
2005-11-14 01:00:00,0.5015408396720886
2005-11-14 02:00:00,0.7112622261047363
2005-11-14 03:00:00,1.7326524257659912
2005-11-14 04:00:00,2.746311902999878
2005-11-14 05:00:00,2.8079941272735596
2005-11-14 06:00:00,2.488172769546509
2005-11-14 07:00:00,1.6808538436889648
2005-11-14 08:00:00,0.4778720736503601
2005-11-14 09:00:00,0.8901764154434204
2005-11-14 10:00:00,2.099090814590454
2005-11-14 11:00:00,2.5757126808166504
2005-11-14 12:00:00,2.1182007789611816
2005-11-14 13:00:00,1.3045310974121094
2005-11-14 14:00:00,0.19367675483226776
2005-11-14 15:00:00,0.8980152010917664
2005-11-14 16:00:00,1.7981102466583252
2005-11-14 17:00:00,2.525272846221924
2005-11-14 18:00:00,2.3460841178894043
2005-11-14 19:00:00,1.6653140783309937
2005-11-14 20:00:00,0.5050020813941956
2005-11-14 21:00:00,0.7375307083129883
2005-11-14 22:00:00,1.968083143234253
2005-11-14 23:00:00,2.516690492630005
2005-11-15 00:00:00,2.1057558059692383
2005-11-15 01:00:00,1.252816915512085
2005-11-15 02:00:00,0.14063812792301178
2005-11-15 03:00:00,1.1553993225097656
2005-11-15 04:00:00,2.1936633586883545
2005-11-15 05:00:00,2.913165330886841
2005-11-15 06:00:00,2.885659694671631
2005-11-15 07:00:00,2.40498685836792
2005-11-15 08:00:00,1.4033377170562744
2005-11-15 09:00:00,0.19202226400375366
2005-11-15 10:00:00,1.4226313829421997
2005-11-15 11:00:00,2.4974112510681152
2005-11-15 12:00:00,2.5971152782440186
2005-11-15 13:00:00,1.9871200323104858
2005-11-15 14:00:00,1.0743058919906616
2005-11-15 15:00:00,0.19613046944141388
2005-11-15 16:00:00,1.164095401763916
2005-11-15 17:00:00,2.0319912433624268
2005-11-15 18:00:00,2.5218663215637207
2005-11-15 19:00:00,2.245490550994873
2005-11-15 20:00:00,1.3524994850158691
2005-11-15 21:00:00,0.20265798270702362
2005-11-15 22:00:00,1.2240092754364014
2005-11-15 23:00:00,2.204712390899658
2005-11-16 00:00:00,2.467630624771118
2005-11-16 01:00:00,1.8384153842926025
2005-11-16 02:00:00,0.8465471267700195
2005-11-16 03:00:00,0.4775830805301666
2005-11-16 04:00:00,1.5849132537841797
2005-11-16 05:00:00,2.8008787631988525
2005-11-16 06:00:00,3.002173662185669
2005-11-16 07:00:00,2.8190035820007324
2005-11-16 08:00:00,2.178647518157959
2005-11-16 09:00:00,0.966352641582489
2005-11-16 10:00:00,0.3581533432006836
2005-11-16 11:00:00,1.8224294185638428
2005-11-16 12:00:00,2.713527202606201
2005-11-16 13:00:00,2.4673523902893066
2005-11-16 14:00:00,1.7406952381134033
2005-11-16 15:00:00,0.7303416132926941
2005-11-16 16:00:00,0.48398202657699585
2005-11-16 17:00:00,1.4140946865081787
2005-11-16 18:00:00,2.4119725227355957
2005-11-16 19:00:00,2.453950881958008
2005-11-16 20:00:00,1.9980310201644897
2005-11-16 21:00:00,0.9215840101242065
2005-11-16 22:00:00,0.2829752266407013
2005-11-16 23:00:00,1.5761604309082031
2005-11-17 00:00:00,2.3995609283447266
2005-11-17 01:00:00,2.2417256832122803
2005-11-17 02:00:00,1.4780547618865967
2005-11-17 03:00:00,0.34498026967048645
2005-11-17 04:00:00,0.9167596697807312
2005-11-17 05:00:00,2.005828380584717
2005-11-17 06:00:00,2.875338315963745
2005-11-17 07:00:00,2.972719669342041
2005-11-17 08:00:00,2.61665940284729
2005-11-17 09:00:00,1.7813091278076172
2005-11-17 10:00:00,0.49039140343666077
2005-11-17 11:00:00,1.0060992240905762
2005-11-17 12:00:00,2.181924343109131
2005-11-17 13:00:00,2.7327167987823486
2005-11-17 14:00:00,2.2335219383239746
2005-11-17 15:00:00,1.4220116138458252
2005-11-17 16:00:00,0.3167589604854584
2005-11-17 17:00:00,0.7658464312553406
2005-11-17 18:00:00,1.649084448814392
2005-11-17 19:00:00,2.497114658355713
2005-11-17 20:00:00,2.266099214553833
2005-11-17 21:00:00,1.6158936023712158
2005-11-17 22:00:00,0.4780047535896301
2005-11-17 23:00:00,0.6881541609764099
2005-11-18 00:00:00,1.807456374168396
2005-11-18 01:00:00,2.3349673748016357
2005-11-18 02:00:00,1.9341646432876587
2005-11-18 03:00:00,1.0669915676116943
2005-11-18 04:00:00,0.21489937603473663
2005-11-18 05:00:00,1.3033084869384766
2005-11-18 06:00:00,2.3084964752197266
2005-11-18 07:00:00,2.877673387527466
2005-11-18 08:00:00,2.8105099201202393
2005-11-18 09:00:00,2.2939157485961914
2005-11-18 10:00:00,1.2615575790405273
2005-11-18 11:00:00,0.13343408703804016
2005-11-18 12:00:00,1.4805316925048828
2005-11-18 13:00:00,2.496195077896118
2005-11-18 14:00:00,2.5165796279907227
2005-11-18 15:00:00,1.9208877086639404
2005-11-18 16:00:00,1.060900092124939
2005-11-18 17:00:00,0.14181894063949585
2005-11-18 18:00:00,1.008933663368225
2005-11-18 19:00:00,1.7872250080108643
2005-11-18 20:00:00,2.3318982124328613
2005-11-18 21:00:00,1.9756698608398438
2005-11-18 22:00:00,1.1640233993530273
2005-11-18 23:00:00,0.16233870387077332
2005-11-19 00:00:00,1.0966968536376953
2005-11-19 01:00:00,1.9236459732055664
2005-11-19 02:00:00,2.1848857402801514
2005-11-19 03:00:00,1.5754477977752686
2005-11-19 04:00:00,0.6283332705497742
2005-11-19 05:00:00,0.5803544521331787
2005-11-19 06:00:00,1.5854744911193848
2005-11-19 07:00:00,2.621455669403076
2005-11-19 08:00:00,2.759899616241455
2005-11-19 09:00:00,2.5295326709747314
2005-11-19 10:00:00,1.8578420877456665
2005-11-19 11:00:00,0.7357428073883057
2005-11-19 12:00:00,0.4659639298915863
2005-11-19 13:00:00,1.7402839660644531
2005-11-19 14:00:00,2.480536699295044
2005-11-19 15:00:00,2.2430074214935303
2005-11-19 16:00:00,1.580604910850525
2005-11-19 17:00:00,0.6857151985168457
2005-11-19 18:00:00,0.3534802496433258
2005-11-19 19:00:00,1.1579673290252686
2005-11-19 20:00:00,1.803279161453247
2005-11-19 21:00:00,2.0315184593200684
2005-11-19 22:00:00,1.614625334739685
2005-11-19 23:00:00,0.7418181896209717
2005-11-20 00:00:00,0.2808305323123932
2005-11-20 01:00:00,1.3292138576507568
2005-11-20 02:00:00,1.9572021961212158
2005-11-20 03:00:00,1.8766534328460693
2005-11-20 04:00:00,1.2053879499435425
2005-11-20 05:00:00,0.2349439561367035
2005-11-20 06:00:00,0.8725940585136414
2005-11-20 07:00:00,1.7594807147979736
2005-11-20 08:00:00,2.406447649002075
2005-11-20 09:00:00,2.533355712890625
2005-11-20 10:00:00,2.1600911617279053
2005-11-20 11:00:00,1.3717899322509766
2005-11-20 12:00:00,0.3223819136619568
2005-11-20 13:00:00,0.9097436666488647
2005-11-20 14:00:00,1.9424428939819336
2005-11-20 15:00:00,2.3110899925231934
2005-11-20 16:00:00,1.9400675296783447
2005-11-20 17:00:00,1.2643611431121826
2005-11-20 18:00:00,0.3881974220275879
2005-11-20 19:00:00,0.5079537630081177
2005-11-20 20:00:00,1.1931366920471191
2005-11-20 21:00:00,1.7437454462051392
2005-11-20 22:00:00,1.7048799991607666
2005-11-20 23:00:00,1.255159854888916
2005-11-21 00:00:00,0.43803486227989197
2005-11-21 01:00:00,0.4431436061859131
2005-11-21 02:00:00,1.3377842903137207
2005-11-21 03:00:00,1.7696945667266846
2005-11-21 04:00:00,1.5521557331085205
2005-11-21 05:00:00,0.877433180809021
2005-11-21 06:00:00,0.15353968739509583
2005-11-21 07:00:00,1.0262302160263062
2005-11-21 08:00:00,1.7655742168426514
2005-11-21 09:00:00,2.2204904556274414
2005-11-21 10:00:00,2.21742844581604
2005-11-21 11:00:00,1.7566330432891846
2005-11-21 12:00:00,0.9403823018074036
2005-11-21 13:00:00,0.15639890730381012
2005-11-21 14:00:00,1.16322922706604
2005-11-21 15:00:00,1.855748176574707
2005-11-21 16:00:00,2.1055073738098145
2005-11-21 17:00:00,1.6649487018585205
2005-11-21 18:00:00,1.0139894485473633
2005-11-21 19:00:00,0.22444090247154236
2005-11-21 20:00:00,0.5736364126205444
2005-11-21 21:00:00,1.133239507675171
2005-11-21 22:00:00,1.535022497177124
2005-11-21 23:00:00,1.4313385486602783
2005-11-22 00:00:00,0.9858648180961609
2005-11-22 01:00:00,0.29511165618896484
2005-11-22 02:00:00,0.4680948853492737
2005-11-22 03:00:00,1.2082674503326416
2005-11-22 04:00:00,1.5328108072280884
2005-11-22 05:00:00,1.2712265253067017
2005-11-22 06:00:00,0.6543400883674622
2005-11-22 07:00:00,0.2484726458787918
2005-11-22 08:00:00,1.0163848400115967
2005-11-22 09:00:00,1.6208841800689697
2005-11-22 10:00:00,1.9483282566070557
2005-11-22 11:00:00,1.889539361000061
2005-11-22 12:00:00,1.403000831604004
2005-11-22 13:00:00,0.6443783640861511
2005-11-22 14:00:00,0.25361913442611694
2005-11-22 15:00:00,1.2142446041107178
2005-11-22 16:00:00,1.7786343097686768
2005-11-22 17:00:00,1.8956060409545898
2005-11-22 18:00:00,1.467451572418213
2005-11-22 19:00:00,0.8719303011894226
2005-11-22 20:00:00,0.18008948862552643
2005-11-22 21:00:00,0.5526725053787231
2005-11-22 22:00:00,1.024485468864441
2005-11-22 23:00:00,1.3197563886642456
2005-11-23 00:00:00,1.3226268291473389
2005-11-23 01:00:00,0.8802193403244019
2005-11-23 02:00:00,0.31040722131729126
2005-11-23 03:00:00,0.3564735949039459
2005-11-23 04:00:00,0.9420668482780457
2005-11-23 05:00:00,1.2930389642715454
2005-11-23 06:00:00,1.0694292783737183
2005-11-23 07:00:00,0.5902462601661682
2005-11-23 08:00:00,0.1917952597141266
2005-11-23 09:00:00,0.8504764437675476
2005-11-23 10:00:00,1.359630823135376
2005-11-23 11:00:00,1.6046619415283203
2005-11-23 12:00:00,1.618717908859253
2005-11-23 13:00:00,1.1733729839324951
2005-11-23 14:00:00,0.5144290328025818
2005-11-23 15:00:00,0.28787803649902344
2005-11-23 16:00:00,1.1346256732940674
2005-11-23 17:00:00,1.6728414297103882
2005-11-23 18:00:00,1.7441374063491821
2005-11-23 19:00:00,1.3750418424606323
2005-11-23 20:00:00,0.8401678204536438
2005-11-23 21:00:00,0.20253875851631165
2005-11-23 22:00:00,0.4875669479370117
2005-11-23 23:00:00,0.9475170373916626
2005-11-24 00:00:00,1.2410104274749756
2005-11-24 01:00:00,1.3500299453735352
2005-11-24 02:00:00,0.9632750749588013
2005-11-24 03:00:00,0.4700027108192444
2005-11-24 04:00:00,0.18651513755321503
2005-11-24 05:00:00,0.6524977087974548
2005-11-24 06:00:00,1.0575956106185913
2005-11-24 07:00:00,1.1011650562286377
2005-11-24 08:00:00,0.6884701251983643
2005-11-24 09:00:00,0.13367187976837158
2005-11-24 10:00:00,0.571298360824585
2005-11-24 11:00:00,1.0601577758789062
2005-11-24 12:00:00,1.3423445224761963
2005-11-24 13:00:00,1.4483988285064697
2005-11-24 14:00:00,1.0980687141418457
2005-11-24 15:00:00,0.5364383459091187
2005-11-24 16:00:00,0.22379198670387268
2005-11-24 17:00:00,0.9703232645988464
2005-11-24 18:00:00,1.559523344039917
2005-11-24 19:00:00,1.6843366622924805
2005-11-24 20:00:00,1.3806475400924683
2005-11-24 21:00:00,0.8804180026054382
2005-11-24 22:00:00,0.2481106072664261
2005-11-24 23:00:00,0.456777423620224
2005-11-25 00:00:00,0.9647337198257446
2005-11-25 01:00:00,1.3130801916122437
2005-11-25 02:00:00,1.4032704830169678
2005-11-25 03:00:00,1.1699146032333374
2005-11-25 04:00:00,0.6813951730728149
2005-11-25 05:00:00,0.14024652540683746
2005-11-25 06:00:00,0.5109346508979797
2005-11-25 07:00:00,1.052419900894165
2005-11-25 08:00:00,1.2060954570770264
2005-11-25 09:00:00,0.9427074193954468
2005-11-25 10:00:00,0.40252456068992615
2005-11-25 11:00:00,0.30404895544052124
2005-11-25 12:00:00,0.8587002754211426
2005-11-25 13:00:00,1.2144501209259033
2005-11-25 14:00:00,1.3221515417099
2005-11-25 15:00:00,1.22093665599823
2005-11-25 16:00:00,0.6273587942123413
2005-11-25 17:00:00,0.15010115504264832
2005-11-25 18:00:00,0.8673844337463379
2005-11-25 19:00:00,1.4654380083084106
2005-11-25 20:00:00,1.7009868621826172
2005-11-25 21:00:00,1.4228100776672363
2005-11-25 22:00:00,0.9046451449394226
2005-11-25 23:00:00,0.22364592552185059
2005-11-26 00:00:00,0.553095817565918
2005-11-26 01:00:00,1.1190906763076782
2005-11-26 02:00:00,1.5599467754364014
2005-11-26 03:00:00,1.5969535112380981
2005-11-26 04:00:00,1.3742426633834839
2005-11-26 05:00:00,0.7906135320663452
2005-11-26 06:00:00,0.15331658720970154
2005-11-26 07:00:00,0.5832750797271729
2005-11-26 08:00:00,1.2147949934005737
2005-11-26 09:00:00,1.4263741970062256
2005-11-26 10:00:00,1.155019998550415
2005-11-26 11:00:00,0.5862126350402832
2005-11-26 12:00:00,0.20096516609191895
2005-11-26 13:00:00,0.8314750790596008
2005-11-26 14:00:00,1.2487138509750366
2005-11-26 15:00:00,1.4173331260681152
2005-11-26 16:00:00,1.2603474855422974
2005-11-26 17:00:00,0.7094019651412964
2005-11-26 18:00:00,0.14346374571323395
2005-11-26 19:00:00,0.930207371711731
2005-11-26 20:00:00,1.5855491161346436
2005-11-26 21:00:00,1.7735099792480469
2005-11-26 22:00:00,1.4249006509780884
2005-11-26 23:00:00,0.8169828653335571
2005-11-27 00:00:00,0.11704778671264648
2005-11-27 01:00:00,0.8226369619369507
2005-11-27 02:00:00,1.438701868057251
2005-11-27 03:00:00,1.8957853317260742
2005-11-27 04:00:00,1.883192777633667
2005-11-27 05:00:00,1.4589869976043701
2005-11-27 06:00:00,0.7222672700881958
2005-11-27 07:00:00,0.185278058052063
2005-11-27 08:00:00,0.9974397420883179
2005-11-27 09:00:00,1.5873783826828003
2005-11-27 10:00:00,1.6705200672149658
2005-11-27 11:00:00,1.2522125244140625
2005-11-27 12:00:00,0.5601546168327332
2005-11-27 13:00:00,0.29441794753074646
2005-11-27 14:00:00,0.9775568842887878
2005-11-27 15:00:00,1.433263897895813
2005-11-27 16:00:00,1.5649058818817139
2005-11-27 17:00:00,1.3360861539840698
2005-11-27 18:00:00,0.6343111991882324
2005-11-27 19:00:00,0.26980602741241455
2005-11-27 20:00:00,1.191103458404541
2005-11-27 21:00:00,1.8058933019638062
2005-11-27 22:00:00,1.8244600296020508
2005-11-27 23:00:00,1.325031042098999
2005-11-28 00:00:00,0.5679134130477905
2005-11-28 01:00:00,0.4089429974555969
2005-11-28 02:00:00,1.2187316417694092
2005-11-28 03:00:00,1.8941781520843506
2005-11-28 04:00:00,2.2050089836120605
2005-11-28 05:00:00,2.0092477798461914
2005-11-28 06:00:00,1.3917514085769653
2005-11-28 07:00:00,0.4813441336154938
2005-11-28 08:00:00,0.4629404544830322
2005-11-28 09:00:00,1.46481192111969
2005-11-28 10:00:00,1.9952682256698608
2005-11-28 11:00:00,1.8103153705596924
2005-11-28 12:00:00,1.1956835985183716
2005-11-28 13:00:00,0.37078380584716797
2005-11-28 14:00:00,0.5352659821510315
2005-11-28 15:00:00,1.2220265865325928
2005-11-28 16:00:00,1.7750383615493774
2005-11-28 17:00:00,1.7376874685287476
2005-11-28 18:00:00,1.2908084392547607
2005-11-28 19:00:00,0.4263847768306732
2005-11-28 20:00:00,0.5242050886154175
2005-11-28 21:00:00,1.5102041959762573
2005-11-28 22:00:00,2.0099902153015137
2005-11-28 23:00:00,1.7789844274520874
2005-11-29 00:00:00,1.108452320098877
2005-11-29 01:00:00,0.1801058053970337
2005-11-29 02:00:00,0.8781015276908875
2005-11-29 03:00:00,1.7087628841400146
2005-11-29 04:00:00,2.306464433670044
2005-11-29 05:00:00,2.411816358566284
2005-11-29 06:00:00,2.006155490875244
2005-11-29 07:00:00,1.1711201667785645
2005-11-29 08:00:00,0.18673652410507202
2005-11-29 09:00:00,1.0954232215881348
2005-11-29 10:00:00,1.9231245517730713
2005-11-29 11:00:00,2.2365458011627197
2005-11-29 12:00:00,1.760384202003479
2005-11-29 13:00:00,1.011468768119812
2005-11-29 14:00:00,0.12803864479064941
2005-11-29 15:00:00,0.8526732325553894
2005-11-29 16:00:00,1.5439956188201904
2005-11-29 17:00:00,2.138158082962036
2005-11-29 18:00:00,1.8027845621109009
2005-11-29 19:00:00,1.1064242124557495
2005-11-29 20:00:00,0.16493050754070282
2005-11-29 21:00:00,0.9765551686286926
2005-11-29 22:00:00,1.8516361713409424
2005-11-29 23:00:00,2.1345202922821045
2005-11-30 00:00:00,1.6151764392852783
2005-11-30 01:00:00,0.7654074430465698
2005-11-30 02:00:00,0.39067164063453674
2005-11-30 03:00:00,1.3683936595916748
2005-11-30 04:00:00,2.3099870681762695
2005-11-30 05:00:00,2.646921157836914
2005-11-30 06:00:00,2.4896745681762695
2005-11-30 07:00:00,1.8833024501800537
2005-11-30 08:00:00,0.8298314809799194
2005-11-30 09:00:00,0.3124848008155823
2005-11-30 10:00:00,1.6290607452392578
2005-11-30 11:00:00,2.4250807762145996
2005-11-30 12:00:00,2.2517311573028564
2005-11-30 13:00:00,1.6087076663970947
2005-11-30 14:00:00,0.7203181982040405
2005-11-30 15:00:00,0.3482596278190613
2005-11-30 16:00:00,1.1877496242523193
2005-11-30 17:00:00,1.8825194835662842
2005-11-30 18:00:00,2.107717990875244
2005-11-30 19:00:00,1.7283499240875244
2005-11-30 20:00:00,0.7893064618110657
2005-11-30 21:00:00,0.3135175108909607
2005-11-30 22:00:00,1.473069667816162
2005-11-30 23:00:00,2.181932210922241
2005-12-01 00:00:00,2.0521020889282227
2005-12-01 01:00:00,1.3558841943740845
2005-12-01 02:00:00,0.31119465827941895
2005-12-01 03:00:00,0.8764387965202332
2005-12-01 04:00:00,1.8725931644439697
2005-12-01 05:00:00,2.653205633163452
2005-12-01 06:00:00,2.795443058013916
2005-12-01 07:00:00,2.451076030731201
2005-12-01 08:00:00,1.6508910655975342
2005-12-01 09:00:00,0.4463205933570862
2005-12-01 10:00:00,0.9485703706741333
2005-12-01 11:00:00,2.098191738128662
2005-12-01 12:00:00,2.6012039184570312
2005-12-01 13:00:00,2.1497180461883545
2005-12-01 14:00:00,1.3830772638320923
2005-12-01 15:00:00,0.3488646447658539
2005-12-01 16:00:00,0.6820605993270874
2005-12-01 17:00:00,1.5093244314193726
2005-12-01 18:00:00,2.3242294788360596
2005-12-01 19:00:00,2.1316874027252197
2005-12-01 20:00:00,1.5127954483032227
2005-12-01 21:00:00,0.4194663465023041
2005-12-01 22:00:00,0.7216325998306274
2005-12-01 23:00:00,1.8038978576660156
2005-12-02 00:00:00,2.310727596282959
2005-12-02 01:00:00,1.8868879079818726
2005-12-02 02:00:00,1.0240129232406616
2005-12-02 03:00:00,0.23920682072639465
2005-12-02 04:00:00,1.325170636177063
2005-12-02 05:00:00,2.334446907043457
2005-12-02 06:00:00,2.887467384338379
2005-12-02 07:00:00,2.8255727291107178
2005-12-02 08:00:00,2.330435276031494
2005-12-02 09:00:00,1.3158690929412842
2005-12-02 10:00:00,0.14560292661190033
2005-12-02 11:00:00,1.4714419841766357
2005-12-02 12:00:00,2.517045497894287
2005-12-02 13:00:00,2.563189744949341
2005-12-02 14:00:00,1.9741735458374023
2005-12-02 15:00:00,1.1140867471694946
2005-12-02 16:00:00,0.1305687576532364
2005-12-02 17:00:00,0.9912954568862915
2005-12-02 18:00:00,1.7991011142730713
2005-12-02 19:00:00,2.385488748550415
2005-12-02 20:00:00,2.031386137008667
2005-12-02 21:00:00,1.1944265365600586
2005-12-02 22:00:00,0.15218178927898407
2005-12-02 23:00:00,1.2132703065872192
2005-12-03 00:00:00,2.106550693511963
2005-12-03 01:00:00,2.291741371154785
2005-12-03 02:00:00,1.6526422500610352
2005-12-03 03:00:00,0.6495329141616821
2005-12-03 04:00:00,0.6221629977226257
2005-12-03 05:00:00,1.7009992599487305
2005-12-03 06:00:00,2.7919068336486816
2005-12-03 07:00:00,2.9667599201202393
2005-12-03 08:00:00,2.755229949951172
2005-12-03 09:00:00,2.1185927391052246
2005-12-03 10:00:00,0.9364641904830933
2005-12-03 11:00:00,0.36510613560676575
2005-12-03 12:00:00,1.7949011325836182
2005-12-03 13:00:00,2.6742806434631348
2005-12-03 14:00:00,2.4429492950439453
2005-12-03 15:00:00,1.7536653280258179
2005-12-03 16:00:00,0.814497172832489
2005-12-03 17:00:00,0.3474198877811432
2005-12-03 18:00:00,1.2330358028411865
2005-12-03 19:00:00,2.0104451179504395
2005-12-03 20:00:00,2.2862443923950195
2005-12-03 21:00:00,1.8525495529174805
2005-12-03 22:00:00,0.8568738698959351
2005-12-03 23:00:00,0.2994483411312103
2005-12-04 00:00:00,1.5117594003677368
2005-12-04 01:00:00,2.273668050765991
2005-12-04 02:00:00,2.1288323402404785
2005-12-04 03:00:00,1.3921408653259277
2005-12-04 04:00:00,0.292449414730072
2005-12-04 05:00:00,0.9428801536560059
2005-12-04 06:00:00,1.9971606731414795
2005-12-04 07:00:00,2.808114528656006
2005-12-04 08:00:00,2.935847282409668
2005-12-04 09:00:00,2.60276460647583
2005-12-04 10:00:00,1.83125901222229
2005-12-04 11:00:00,0.5872965455055237
2005-12-04 12:00:00,0.832622230052948
2005-12-04 13:00:00,2.127401828765869
2005-12-04 14:00:00,2.6939101219177246
2005-12-04 15:00:00,2.2781291007995605
2005-12-04 16:00:00,1.5281099081039429
2005-12-04 17:00:00,0.5234522223472595
2005-12-04 18:00:00,0.5525009632110596
2005-12-04 19:00:00,1.386340856552124
2005-12-04 20:00:00,2.2505297660827637
2005-12-04 21:00:00,2.1832435131073
2005-12-04 22:00:00,1.6370174884796143
2005-12-04 23:00:00,0.5905333757400513
2005-12-05 00:00:00,0.5031017065048218
2005-12-05 01:00:00,1.6426845788955688
2005-12-05 02:00:00,2.237060546875
2005-12-05 03:00:00,1.9474775791168213
2005-12-05 04:00:00,1.1576979160308838
2005-12-05 05:00:00,0.13928599655628204
2005-12-05 06:00:00,1.1506038904190063
2005-12-05 07:00:00,2.1301639080047607
2005-12-05 08:00:00,2.8177268505096436
2005-12-05 09:00:00,2.8147759437561035
2005-12-05 10:00:00,2.390583038330078
2005-12-05 11:00:00,1.5102241039276123
2005-12-05 12:00:00,0.31782421469688416
2005-12-05 13:00:00,1.1509981155395508
2005-12-05 14:00:00,2.1802330017089844
2005-12-05 15:00:00,2.5968258380889893
2005-12-05 16:00:00,2.1000442504882812
2005-12-05 17:00:00,1.3287012577056885
2005-12-05 18:00:00,0.3091067671775818
2005-12-05 19:00:00,0.6806403398513794
2005-12-05 20:00:00,1.4689624309539795
2005-12-05 21:00:00,2.231614351272583
2005-12-05 22:00:00,2.0469603538513184
2005-12-05 23:00:00,1.4572951793670654
2005-12-06 00:00:00,0.44979292154312134
2005-12-06 01:00:00,0.5848783254623413
2005-12-06 02:00:00,1.6220998764038086
2005-12-06 03:00:00,2.1147401332855225
2005-12-06 04:00:00,1.7802938222885132
2005-12-06 05:00:00,0.993758499622345
2005-12-06 06:00:00,0.19846954941749573
2005-12-06 07:00:00,1.210663914680481
2005-12-06 08:00:00,2.103053569793701
2005-12-06 09:00:00,2.6803669929504395
2005-12-06 10:00:00,2.621488332748413
2005-12-06 11:00:00,2.139777660369873
2005-12-06 12:00:00,1.2144834995269775
2005-12-06 13:00:00,0.15881310403347015
2005-12-06 14:00:00,1.3270857334136963
2005-12-06 15:00:00,2.257032871246338
2005-12-06 16:00:00,2.4574191570281982
2005-12-06 17:00:00,1.9397432804107666
2005-12-06 18:00:00,1.1785985231399536
2005-12-06 19:00:00,0.20082636177539825
2005-12-06 20:00:00,0.7375022172927856
2005-12-06 21:00:00,1.475017786026001
2005-12-06 22:00:00,2.1750807762145996
2005-12-06 23:00:00,1.9444541931152344
2005-12-07 00:00:00,1.382897138595581
2005-12-07 01:00:00,0.45305004715919495
2005-12-07 02:00:00,0.5075820684432983
2005-12-07 03:00:00,1.4721344709396362
2005-12-07 04:00:00,1.9543259143829346
2005-12-07 05:00:00,1.6828334331512451
2005-12-07 06:00:00,0.9417245984077454
2005-12-07 07:00:00,0.17150446772575378
2005-12-07 08:00:00,1.1107479333877563
2005-12-07 09:00:00,1.9254833459854126
2005-12-07 10:00:00,2.4359359741210938
2005-12-07 11:00:00,2.392819404602051
2005-12-07 12:00:00,1.9028898477554321
2005-12-07 13:00:00,1.0032398700714111
2005-12-07 14:00:00,0.15613947808742523
2005-12-07 15:00:00,1.3603183031082153
2005-12-07 16:00:00,2.2049002647399902
2005-12-07 17:00:00,2.335742712020874
2005-12-07 18:00:00,1.8278366327285767
2005-12-07 19:00:00,1.0973951816558838
2005-12-07 20:00:00,0.17774933576583862
2005-12-07 21:00:00,0.7365806698799133
2005-12-07 22:00:00,1.4389036893844604
2005-12-07 23:00:00,2.122659206390381
2005-12-08 00:00:00,1.9205764532089233
2005-12-08 01:00:00,1.4400708675384521
2005-12-08 02:00:00,0.595897376537323
2005-12-08 03:00:00,0.3124643862247467
2005-12-08 04:00:00,1.254500150680542
2005-12-08 05:00:00,1.7562987804412842
2005-12-08 06:00:00,1.678999900817871
2005-12-08 07:00:00,1.02646005153656
2005-12-08 08:00:00,0.14949961006641388
2005-12-08 09:00:00,0.8538135290145874
2005-12-08 10:00:00,1.6074178218841553
2005-12-08 11:00:00,2.080003261566162
2005-12-08 12:00:00,2.1698076725006104
2005-12-08 13:00:00,1.7470639944076538
2005-12-08 14:00:00,0.9207531213760376
2005-12-08 15:00:00,0.17170104384422302
2005-12-08 16:00:00,1.2734827995300293
2005-12-08 17:00:00,2.0530683994293213
2005-12-08 18:00:00,2.2501718997955322
2005-12-08 19:00:00,1.7806743383407593
2005-12-08 20:00:00,1.08462393283844
2005-12-08 21:00:00,0.20369228720664978
2005-12-08 22:00:00,0.7104448676109314
2005-12-08 23:00:00,1.412995457649231
2005-12-09 00:00:00,2.1231393814086914
2005-12-09 01:00:00,1.9935648441314697
2005-12-09 02:00:00,1.6049915552139282
2005-12-09 03:00:00,0.836983859539032
2005-12-09 04:00:00,0.1584114134311676
2005-12-09 05:00:00,0.9503423571586609
2005-12-09 06:00:00,1.6330478191375732
2005-12-09 07:00:00,1.7056421041488647
2005-12-09 08:00:00,1.2495803833007812
2005-12-09 09:00:00,0.4590928554534912
2005-12-09 10:00:00,0.4835897386074066
2005-12-09 11:00:00,1.2326138019561768
2005-12-09 12:00:00,1.8104356527328491
2005-12-09 13:00:00,1.9770479202270508
2005-12-09 14:00:00,1.6956698894500732
2005-12-09 15:00:00,0.9776089787483215
2005-12-09 16:00:00,0.14047694206237793
2005-12-09 17:00:00,1.045325756072998
2005-12-09 18:00:00,1.862295150756836
2005-12-09 19:00:00,2.1967310905456543
2005-12-09 20:00:00,1.7875406742095947
2005-12-09 21:00:00,1.120530128479004
2005-12-09 22:00:00,0.24715976417064667
2005-12-09 23:00:00,0.6976304650306702
2005-12-10 00:00:00,1.440069317817688
2005-12-10 01:00:00,2.2119994163513184
2005-12-10 02:00:00,2.145395040512085
2005-12-10 03:00:00,1.8140350580215454
2005-12-10 04:00:00,1.089383840560913
2005-12-10 05:00:00,0.23819884657859802
2005-12-10 06:00:00,0.7066277265548706
2005-12-10 07:00:00,1.5129896402359009
2005-12-10 08:00:00,1.852215051651001
2005-12-10 09:00:00,1.5128607749938965
2005-12-10 10:00:00,0.814703106880188
2005-12-10 11:00:00,0.15330219268798828
2005-12-10 12:00:00,0.9185196161270142
2005-12-10 13:00:00,1.5097825527191162
2005-12-10 14:00:00,1.8248039484024048
2005-12-10 15:00:00,1.7198444604873657
2005-12-10 16:00:00,1.103706955909729
2005-12-10 17:00:00,0.22303250432014465
2005-12-10 18:00:00,0.8091447949409485
2005-12-10 19:00:00,1.738160490989685
2005-12-10 20:00:00,2.149212598800659
2005-12-10 21:00:00,1.814166784286499
2005-12-10 22:00:00,1.156470775604248
2005-12-10 23:00:00,0.2577187716960907
2005-12-11 00:00:00,0.7457771301269531
2005-12-11 01:00:00,1.547027349472046
2005-12-11 02:00:00,2.352024555206299
2005-12-11 03:00:00,2.3288841247558594
2005-12-11 04:00:00,1.9959299564361572
2005-12-11 05:00:00,1.2624775171279907
2005-12-11 06:00:00,0.32730063796043396
2005-12-11 07:00:00,0.6729447245597839
2005-12-11 08:00:00,1.5948755741119385
2005-12-11 09:00:00,2.041832447052002
2005-12-11 10:00:00,1.7273776531219482
2005-12-11 11:00:00,1.0562984943389893
2005-12-11 12:00:00,0.19064472615718842
2005-12-11 13:00:00,0.7284530401229858
2005-12-11 14:00:00,1.3884578943252563
2005-12-11 15:00:00,2.002390146255493
2005-12-11 16:00:00,1.7633788585662842
2005-12-11 17:00:00,1.2081447839736938
2005-12-11 18:00:00,0.30307531356811523
2005-12-11 19:00:00,0.6995885968208313
2005-12-11 20:00:00,1.6552670001983643
2005-12-11 21:00:00,2.1385254859924316
2005-12-11 22:00:00,1.8210519552230835
2005-12-11 23:00:00,1.132543921470642
2005-12-12 00:00:00,0.18348269164562225
2005-12-12 01:00:00,0.8895787000656128
2005-12-12 02:00:00,1.7449852228164673
2005-12-12 03:00:00,2.4003589153289795
2005-12-12 04:00:00,2.4837992191314697
2005-12-12 05:00:00,2.1008176803588867
2005-12-12 06:00:00,1.3134901523590088
2005-12-12 07:00:00,0.3067752718925476
2005-12-12 08:00:00,0.8668850660324097
2005-12-12 09:00:00,1.88570237159729
2005-12-12 10:00:00,2.2217469215393066
2005-12-12 11:00:00,1.852277398109436
2005-12-12 12:00:00,1.1463775634765625
2005-12-12 13:00:00,0.22535717487335205
2005-12-12 14:00:00,0.7130874991416931
2005-12-12 15:00:00,1.4184831380844116
2005-12-12 16:00:00,2.0678958892822266
2005-12-12 17:00:00,1.8235700130462646
2005-12-12 18:00:00,1.2326593399047852
2005-12-12 19:00:00,0.28879690170288086
2005-12-12 20:00:00,0.7434641122817993
2005-12-12 21:00:00,1.6981542110443115
2005-12-12 22:00:00,2.156829357147217
2005-12-12 23:00:00,1.7770980596542358
2005-12-13 00:00:00,1.0172038078308105
2005-12-13 01:00:00,0.15336425602436066
2005-12-13 02:00:00,1.1255847215652466
2005-12-13 03:00:00,2.005042314529419
2005-12-13 04:00:00,2.603715181350708
2005-12-13 05:00:00,2.5769882202148438
2005-12-13 06:00:00,2.1049585342407227
2005-12-13 07:00:00,1.2127621173858643
2005-12-13 08:00:00,0.1840853989124298
2005-12-13 09:00:00,1.2123777866363525
2005-12-13 10:00:00,2.083691120147705
2005-12-13 11:00:00,2.374990463256836
2005-12-13 12:00:00,1.861788034439087
2005-12-13 13:00:00,1.0904085636138916
2005-12-13 14:00:00,0.1361333280801773
2005-12-13 15:00:00,0.8464179039001465
2005-12-13 16:00:00,1.5693053007125854
2005-12-13 17:00:00,2.20168137550354
2005-12-13 18:00:00,1.8436708450317383
2005-12-13 19:00:00,1.1458587646484375
2005-12-13 20:00:00,0.18584378063678741
2005-12-13 21:00:00,0.9460140466690063
2005-12-13 22:00:00,1.859865427017212
2005-12-13 23:00:00,2.1732094287872314
2005-12-14 00:00:00,1.6600837707519531
2005-12-14 01:00:00,0.7950901389122009
2005-12-14 02:00:00,0.40038901567459106
2005-12-14 03:00:00,1.4150482416152954
2005-12-14 04:00:00,2.4220356941223145
2005-12-14 05:00:00,2.7395124435424805
2005-12-14 06:00:00,2.586027145385742
2005-12-14 07:00:00,2.001694679260254
2005-12-14 08:00:00,0.9617832899093628
2005-12-14 09:00:00,0.19518253207206726
2005-12-14 10:00:00,1.5595924854278564
2005-12-14 11:00:00,2.451533555984497
2005-12-14 12:00:00,2.360027313232422
2005-12-14 13:00:00,1.7517826557159424
2005-12-14 14:00:00,0.892297625541687
2005-12-14 15:00:00,0.22069962322711945
2005-12-14 16:00:00,1.071913719177246
2005-12-14 17:00:00,1.7747482061386108
2005-12-14 18:00:00,2.16990327835083
2005-12-14 19:00:00,1.7852281332015991
2005-12-14 20:00:00,0.932573676109314
2005-12-14 21:00:00,0.19271644949913025
2005-12-14 22:00:00,1.2854341268539429
2005-12-14 23:00:00,2.049100399017334
2005-12-15 00:00:00,2.10075044631958
2005-12-15 01:00:00,1.4570835828781128
2005-12-15 02:00:00,0.46213841438293457
2005-12-15 03:00:00,0.74531090259552
2005-12-15 04:00:00,1.7525415420532227
2005-12-15 05:00:00,2.6282527446746826
2005-12-15 06:00:00,2.793274402618408
2005-12-15 07:00:00,2.498924732208252
2005-12-15 08:00:00,1.7696418762207031
2005-12-15 09:00:00,0.6079267263412476
2005-12-15 10:00:00,0.6776214838027954
2005-12-15 11:00:00,1.910478949546814
2005-12-15 12:00:00,2.5616698265075684
2005-12-15 13:00:00,2.246199607849121
2005-12-15 14:00:00,1.536912202835083
2005-12-15 15:00:00,0.5696343779563904
2005-12-15 16:00:00,0.49612313508987427
2005-12-15 17:00:00,1.3190654516220093
2005-12-15 18:00:00,2.130722999572754
2005-12-15 19:00:00,2.1260507106781006
2005-12-15 20:00:00,1.6114513874053955
2005-12-15 21:00:00,0.617128849029541
2005-12-15 22:00:00,0.4390598237514496
2005-12-15 23:00:00,1.5470147132873535
2005-12-16 00:00:00,2.163677930831909
2005-12-16 01:00:00,1.9281017780303955
2005-12-16 02:00:00,1.1704593896865845
2005-12-16 03:00:00,0.14006473124027252
2005-12-16 04:00:00,1.1123058795928955
2005-12-16 05:00:00,2.0826079845428467
2005-12-16 06:00:00,2.7685582637786865
2005-12-16 07:00:00,2.759263515472412
2005-12-16 08:00:00,2.315755844116211
2005-12-16 09:00:00,1.4067879915237427
2005-12-16 10:00:00,0.24887630343437195
2005-12-16 11:00:00,1.2324671745300293
2005-12-16 12:00:00,2.2315125465393066
2005-12-16 13:00:00,2.555236339569092
2005-12-16 14:00:00,2.034363031387329
2005-12-16 15:00:00,1.2397875785827637
2005-12-16 16:00:00,0.19644811749458313
2005-12-16 17:00:00,0.7997203469276428
2005-12-16 18:00:00,1.5880546569824219
2005-12-16 19:00:00,2.3148722648620605
2005-12-16 20:00:00,1.998546838760376
2005-12-16 21:00:00,1.3132603168487549
2005-12-16 22:00:00,0.28050360083580017
2005-12-16 23:00:00,0.8225530385971069
2005-12-17 00:00:00,1.8262217044830322
2005-12-17 01:00:00,2.173180341720581
2005-12-17 02:00:00,1.6916528940200806
2005-12-17 03:00:00,0.8112808465957642
2005-12-17 04:00:00,0.4124540686607361
2005-12-17 05:00:00,1.4486520290374756
2005-12-17 06:00:00,2.500810384750366
2005-12-17 07:00:00,2.782768726348877
2005-12-17 08:00:00,2.623547315597534
2005-12-17 09:00:00,2.0250468254089355
2005-12-17 10:00:00,0.9472551345825195
2005-12-17 11:00:00,0.23696067929267883
2005-12-17 12:00:00,1.6318414211273193
2005-12-17 13:00:00,2.5215377807617188
2005-12-17 14:00:00,2.3770484924316406
2005-12-17 15:00:00,1.748607873916626
2005-12-17 16:00:00,0.8737257719039917
2005-12-17 17:00:00,0.2420850545167923
2005-12-17 18:00:00,1.094261884689331
2005-12-17 19:00:00,1.7978729009628296
2005-12-17 20:00:00,2.1819701194763184
2005-12-17 21:00:00,1.7886695861816406
2005-12-17 22:00:00,0.9321028590202332
2005-12-17 23:00:00,0.18936769664287567
2005-12-18 00:00:00,1.2625370025634766
2005-12-18 01:00:00,1.9934200048446655
2005-12-18 02:00:00,2.045358896255493
2005-12-18 03:00:00,1.387042760848999
2005-12-18 04:00:00,0.39213770627975464
2005-12-18 05:00:00,0.7868086695671082
2005-12-18 06:00:00,1.7599138021469116
2005-12-18 07:00:00,2.550292730331421
2005-12-18 08:00:00,2.711855411529541
2005-12-18 09:00:00,2.3854165077209473
2005-12-18 10:00:00,1.6223161220550537
2005-12-18 11:00:00,0.47836288809776306
2005-12-18 12:00:00,0.8152288198471069
2005-12-18 13:00:00,2.025474786758423
2005-12-18 14:00:00,2.4980740547180176
2005-12-18 15:00:00,2.1320443153381348
2005-12-18 16:00:00,1.4186090230941772
2005-12-18 17:00:00,0.46015363931655884
2005-12-18 18:00:00,0.540701150894165
2005-12-18 19:00:00,1.3187185525894165
2005-12-18 20:00:00,2.088146924972534
2005-12-18 21:00:00,2.013082504272461
2005-12-18 22:00:00,1.4995629787445068
2005-12-18 23:00:00,0.5509093403816223
2005-12-19 00:00:00,0.45132026076316833
2005-12-19 01:00:00,1.4796745777130127
2005-12-19 02:00:00,2.0277509689331055
2005-12-19 03:00:00,1.7832772731781006
2005-12-19 04:00:00,1.043034553527832
2005-12-19 05:00:00,0.14231860637664795
2005-12-19 06:00:00,1.105417013168335
2005-12-19 07:00:00,1.9798237085342407
2005-12-19 08:00:00,2.5647730827331543
2005-12-19 09:00:00,2.5327978134155273
2005-12-19 10:00:00,2.0541775226593018
2005-12-19 11:00:00,1.138749361038208
2005-12-19 12:00:00,0.14719755947589874
2005-12-19 13:00:00,1.3189895153045654
2005-12-19 14:00:00,2.1904330253601074
2005-12-19 15:00:00,2.3655447959899902
2005-12-19 16:00:00,1.8324673175811768
2005-12-19 17:00:00,1.0668938159942627
2005-12-19 18:00:00,0.13662737607955933
2005-12-19 19:00:00,0.8080649375915527
2005-12-19 20:00:00,1.5006464719772339
2005-12-19 21:00:00,2.1345090866088867
2005-12-19 22:00:00,1.7953075170516968
2005-12-19 23:00:00,1.167364239692688
2005-12-20 00:00:00,0.2544056475162506
2005-12-20 01:00:00,0.7187200784683228
2005-12-20 02:00:00,1.5719443559646606
2005-12-20 03:00:00,1.9125932455062866
2005-12-20 04:00:00,1.4939680099487305
2005-12-20 05:00:00,0.6865814924240112
2005-12-20 06:00:00,0.4072949290275574
2005-12-20 07:00:00,1.3208845853805542
2005-12-20 08:00:00,2.1497409343719482
2005-12-20 09:00:00,2.4388957023620605
2005-12-20 10:00:00,2.255232095718384
2005-12-20 11:00:00,1.6372302770614624
2005-12-20 12:00:00,0.6486873626708984
2005-12-20 13:00:00,0.416818231344223
2005-12-20 14:00:00,1.6031248569488525
2005-12-20 15:00:00,2.290842056274414
2005-12-20 16:00:00,2.113466262817383
2005-12-20 17:00:00,1.5137996673583984
2005-12-20 18:00:00,0.7077828049659729
2005-12-20 19:00:00,0.2603975832462311
2005-12-20 20:00:00,1.0160108804702759
2005-12-20 21:00:00,1.5960228443145752
2005-12-20 22:00:00,1.9591104984283447
2005-12-20 23:00:00,1.5660275220870972
2005-12-21 00:00:00,0.8661125898361206
2005-12-21 01:00:00,0.1472504436969757
2005-12-21 02:00:00,0.9171668887138367
2005-12-21 03:00:00,1.6134974956512451
2005-12-21 04:00:00,1.7279529571533203
2005-12-21 05:00:00,1.2116795778274536
2005-12-21 06:00:00,0.37015411257743835
2005-12-21 07:00:00,0.6327911615371704
2005-12-21 08:00:00,1.431839108467102
2005-12-21 09:00:00,2.0668277740478516
2005-12-21 10:00:00,2.2246601581573486
2005-12-21 11:00:00,1.9065042734146118
2005-12-21 12:00:00,1.186318039894104
2005-12-21 13:00:00,0.2510656714439392
2005-12-21 14:00:00,0.8567155003547668
2005-12-21 15:00:00,1.830322504043579
2005-12-21 16:00:00,2.1763148307800293
2005-12-21 17:00:00,1.839250922203064
2005-12-21 18:00:00,1.202247977256775
2005-12-21 19:00:00,0.38133490085601807
2005-12-21 20:00:00,0.4852747321128845
2005-12-21 21:00:00,1.143288016319275
2005-12-21 22:00:00,1.6448192596435547
2005-12-21 23:00:00,1.691598892211914
2005-12-22 00:00:00,1.3619844913482666
2005-12-22 01:00:00,0.6512362957000732
2005-12-22 02:00:00,0.21576695144176483
2005-12-22 03:00:00,0.9883521199226379
2005-12-22 04:00:00,1.5135101079940796
2005-12-22 05:00:00,1.5145764350891113
2005-12-22 06:00:00,0.978752613067627
2005-12-22 07:00:00,0.17862389981746674
2005-12-22 08:00:00,0.7386203408241272
2005-12-22 09:00:00,1.4131064414978027
2005-12-22 10:00:00,1.834495186805725
2005-12-22 11:00:00,1.9306503534317017
2005-12-22 12:00:00,1.5258550643920898
2005-12-22 13:00:00,0.7770415544509888
2005-12-22 14:00:00,0.19386151432991028
2005-12-22 15:00:00,1.1668837070465088
2005-12-22 16:00:00,1.8204424381256104
2005-12-22 17:00:00,2.013911247253418
2005-12-22 18:00:00,1.5726889371871948
2005-12-22 19:00:00,0.9254366159439087
2005-12-22 20:00:00,0.1565934121608734
2005-12-22 21:00:00,0.671235203742981
2005-12-22 22:00:00,1.232140064239502
2005-12-22 23:00:00,1.7591053247451782
2005-12-23 00:00:00,1.5835697650909424
2005-12-23 01:00:00,1.2153470516204834
2005-12-23 02:00:00,0.5379980802536011
2005-12-23 03:00:00,0.24584880471229553
2005-12-23 04:00:00,0.9527310132980347
2005-12-23 05:00:00,1.398322343826294
2005-12-23 06:00:00,1.3343775272369385
2005-12-23 07:00:00,0.8469327092170715
2005-12-23 08:00:00,0.12944355607032776
2005-12-23 09:00:00,0.7079840302467346
2005-12-23 10:00:00,1.258270263671875
2005-12-23 11:00:00,1.576926350593567
2005-12-23 12:00:00,1.6142715215682983
2005-12-23 13:00:00,1.2004446983337402
2005-12-23 14:00:00,0.4844094216823578
2005-12-23 15:00:00,0.3510185182094574
2005-12-23 16:00:00,1.2758506536483765
2005-12-23 17:00:00,1.8220674991607666
2005-12-23 18:00:00,1.805575966835022
2005-12-23 19:00:00,1.3407580852508545
2005-12-23 20:00:00,0.7031022310256958
2005-12-23 21:00:00,0.14966776967048645
2005-12-23 22:00:00,0.8023232221603394
2005-12-23 23:00:00,1.3044493198394775
2005-12-24 00:00:00,1.801232933998108
2005-12-24 01:00:00,1.5555288791656494
2005-12-24 02:00:00,1.1570380926132202
2005-12-24 03:00:00,0.5096039772033691
2005-12-24 04:00:00,0.23579120635986328
2005-12-24 05:00:00,0.8856989741325378
2005-12-24 06:00:00,1.308270812034607
2005-12-24 07:00:00,1.2640308141708374
2005-12-24 08:00:00,0.8513660430908203
2005-12-24 09:00:00,0.19709186255931854
2005-12-24 10:00:00,0.5554124712944031
2005-12-24 11:00:00,1.0359433889389038
2005-12-24 12:00:00,1.311812162399292
2005-12-24 13:00:00,1.3086602687835693
2005-12-24 14:00:00,1.001021146774292
2005-12-24 15:00:00,0.3519948124885559
2005-12-24 16:00:00,0.42841285467147827
2005-12-24 17:00:00,1.2432324886322021
2005-12-24 18:00:00,1.7107661962509155
2005-12-24 19:00:00,1.6286017894744873
2005-12-24 20:00:00,1.1824350357055664
2005-12-24 21:00:00,0.551663875579834
2005-12-24 22:00:00,0.252487450838089
2005-12-24 23:00:00,0.9021337628364563
2005-12-25 00:00:00,1.388280987739563
2005-12-25 01:00:00,1.6744762659072876
2005-12-25 02:00:00,1.6044206619262695
2005-12-25 03:00:00,1.1793581247329712
2005-12-25 04:00:00,0.5345710515975952
2005-12-25 05:00:00,0.21828389167785645
2005-12-25 06:00:00,0.8728311657905579
2005-12-25 07:00:00,1.330679178237915
2005-12-25 08:00:00,1.3358625173568726
2005-12-25 09:00:00,0.9698611497879028
2005-12-25 10:00:00,0.3729490637779236
2005-12-25 11:00:00,0.332916259765625
2005-12-25 12:00:00,0.8427607417106628
2005-12-25 13:00:00,1.1334903240203857
2005-12-25 14:00:00,1.1825014352798462
2005-12-25 15:00:00,0.9090515971183777
2005-12-25 16:00:00,0.34227117896080017
2005-12-25 17:00:00,0.41175729036331177
2005-12-25 18:00:00,1.1284620761871338
2005-12-25 19:00:00,1.5919164419174194
2005-12-25 20:00:00,1.534687876701355
2005-12-25 21:00:00,1.106078863143921
2005-12-25 22:00:00,0.47133564949035645
2005-12-25 23:00:00,0.342398464679718
2005-12-26 00:00:00,1.0050349235534668
2005-12-26 01:00:00,1.515103816986084
2005-12-26 02:00:00,1.7494045495986938
2005-12-26 03:00:00,1.7085977792739868
2005-12-26 04:00:00,1.2599350214004517
2005-12-26 05:00:00,0.5660066604614258
2005-12-26 06:00:00,0.2331872284412384
2005-12-26 07:00:00,0.9892797470092773
2005-12-26 08:00:00,1.4794377088546753
2005-12-26 09:00:00,1.5173273086547852
2005-12-26 10:00:00,1.1414238214492798
2005-12-26 11:00:00,0.5488892793655396
2005-12-26 12:00:00,0.18449851870536804
2005-12-26 13:00:00,0.7429708242416382
2005-12-26 14:00:00,1.088146448135376
2005-12-26 15:00:00,1.3018747568130493
2005-12-26 16:00:00,0.941092312335968
2005-12-26 17:00:00,0.400748074054718
2005-12-26 18:00:00,0.3479507267475128
2005-12-26 19:00:00,1.067260980606079
2005-12-26 20:00:00,1.5371607542037964
2005-12-26 21:00:00,1.527205467224121
2005-12-26 22:00:00,1.0916416645050049
2005-12-26 23:00:00,0.41298213601112366
2005-12-27 00:00:00,0.45645904541015625
2005-12-27 01:00:00,1.1618106365203857
2005-12-27 02:00:00,1.724112868309021
2005-12-27 03:00:00,2.007598876953125
2005-12-27 04:00:00,1.8636958599090576
2005-12-27 05:00:00,1.3417489528656006
2005-12-27 06:00:00,0.5583170652389526
2005-12-27 07:00:00,0.2980654835700989
2005-12-27 08:00:00,1.2171154022216797
2005-12-27 09:00:00,1.7076362371444702
2005-12-27 10:00:00,1.7405319213867188
2005-12-27 11:00:00,1.278810739517212
2005-12-27 12:00:00,0.6416861414909363
2005-12-27 13:00:00,0.16998019814491272
2005-12-27 14:00:00,0.7852723002433777
2005-12-27 15:00:00,1.1976497173309326
2005-12-27 16:00:00,1.5185706615447998
2005-12-27 17:00:00,1.0658037662506104
2005-12-27 18:00:00,0.4738403856754303
2005-12-27 19:00:00,0.34237655997276306
2005-12-27 20:00:00,1.1319457292556763
2005-12-27 21:00:00,1.6663315296173096
2005-12-27 22:00:00,1.5970227718353271
2005-12-27 23:00:00,1.0943262577056885
2005-12-28 00:00:00,0.3111373484134674
2005-12-28 01:00:00,0.6479269862174988
2005-12-28 02:00:00,1.4130027294158936
2005-12-28 03:00:00,2.022447347640991
2005-12-28 04:00:00,2.280285120010376
2005-12-28 05:00:00,2.019850969314575
2005-12-28 06:00:00,1.3921949863433838
2005-12-28 07:00:00,0.4803396761417389
2005-12-28 08:00:00,0.48283785581588745
2005-12-28 09:00:00,1.5099139213562012
2005-12-28 10:00:00,2.0738120079040527
2005-12-28 11:00:00,1.9058406352996826
2005-12-28 12:00:00,1.3489367961883545
2005-12-28 13:00:00,0.5999361276626587
2005-12-28 14:00:00,0.27435141801834106
2005-12-28 15:00:00,0.9618999361991882
2005-12-28 16:00:00,1.4346619844436646
2005-12-28 17:00:00,1.7490870952606201
2005-12-28 18:00:00,1.216565728187561
2005-12-28 19:00:00,0.46744710206985474
2005-12-28 20:00:00,0.43109020590782166
2005-12-28 21:00:00,1.3586653470993042
2005-12-28 22:00:00,1.8806308507919312
2005-12-28 23:00:00,1.685430884361267
2005-12-29 00:00:00,1.0506116151809692
2005-12-29 01:00:00,0.14908622205257416
2005-12-29 02:00:00,0.9212309122085571
2005-12-29 03:00:00,1.7583376169204712
2005-12-29 04:00:00,2.3484463691711426
2005-12-29 05:00:00,2.4931068420410156
2005-12-29 06:00:00,2.1366734504699707
2005-12-29 07:00:00,1.3786793947219849
2005-12-29 08:00:00,0.33927085995674133
2005-12-29 09:00:00,0.8737309575080872
2005-12-29 10:00:00,1.931862473487854
2005-12-29 11:00:00,2.3289897441864014
2005-12-29 12:00:00,1.9816986322402954
2005-12-29 13:00:00,1.3147307634353638
2005-12-29 14:00:00,0.43124714493751526
2005-12-29 15:00:00,0.49650853872299194
2005-12-29 16:00:00,1.2176263332366943
2005-12-29 17:00:00,1.81448495388031
2005-12-29 18:00:00,1.7691287994384766
2005-12-29 19:00:00,1.268111228942871
2005-12-29 20:00:00,0.3507663607597351
2005-12-29 21:00:00,0.6466280817985535
2005-12-29 22:00:00,1.6034530401229858
2005-12-29 23:00:00,2.0780773162841797
2005-12-30 00:00:00,1.7127478122711182
2005-12-30 01:00:00,0.9335115551948547
2005-12-30 02:00:00,0.2277859002351761
2005-12-30 03:00:00,1.2473779916763306
2005-12-30 04:00:00,2.1441493034362793
2005-12-30 05:00:00,2.712446451187134
2005-12-30 06:00:00,2.6642673015594482
2005-12-30 07:00:00,2.197998046875
2005-12-30 08:00:00,1.2781845331192017
2005-12-30 09:00:00,0.17783725261688232
2005-12-30 10:00:00,1.3163087368011475
2005-12-30 11:00:00,2.272320508956909
2005-12-30 12:00:00,2.4926669597625732
2005-12-30 13:00:00,1.9692409038543701
2005-12-30 14:00:00,1.1863373517990112
2005-12-30 15:00:00,0.17790032923221588
2005-12-30 16:00:00,0.7913982272148132
2005-12-30 17:00:00,1.5501518249511719
2005-12-30 18:00:00,2.2478442192077637
2005-12-30 19:00:00,1.9123907089233398
2005-12-30 20:00:00,1.196266770362854
2005-12-30 21:00:00,0.1844431459903717
2005-12-30 22:00:00,1.0151749849319458
2005-12-30 23:00:00,1.925177812576294
2005-12-31 00:00:00,2.2314963340759277
2005-12-31 01:00:00,1.6647030115127563
2005-12-31 02:00:00,0.7307628989219666
2005-12-31 03:00:00,0.5186525583267212
2005-12-31 04:00:00,1.583796501159668
2005-12-31 05:00:00,2.689201831817627
2005-12-31 06:00:00,2.9215033054351807
2005-12-31 07:00:00,2.757742404937744
2005-12-31 08:00:00,2.1835484504699707
2005-12-31 09:00:00,1.0803272724151611
2005-12-31 10:00:00,0.18060152232646942
2005-12-31 11:00:00,1.6690094470977783
2005-12-31 12:00:00,2.6483092308044434
2005-12-31 13:00:00,2.509716749191284
2005-12-31 14:00:00,1.8717081546783447
2005-12-31 15:00:00,0.9774932861328125
2005-12-31 16:00:00,0.21280089020729065
2005-12-31 17:00:00,1.111534833908081
2005-12-31 18:00:00,1.8862673044204712
2005-12-31 19:00:00,2.329226016998291
2005-12-31 20:00:00,1.9405542612075806
2005-12-31 21:00:00,1.013298749923706
2005-12-31 22:00:00,0.20469260215759277
2005-12-31 23:00:00,1.4265559911727905
